codi;municipi;comarca;any;Lloguer_Mitja;Població;Poblacio_Estrangera_Total;Percentatge_Poblacio_Estrangera;Preu / m2 Habitatge total;Compres totals;Rati_VPO;Rati_Obra_Nova;RFDB_Nominal;IPC_Index;Lloguer_Real;RFDB_Real;Tasa_Esforç_Lloguer;Preu_Vivenda_Mig;Anys_Salari_Compra;Tasa_Esforç_Compra
08001;Abrera;Baix Llobregat;2025;790,4648387;132078;10870;8,23;2106,55;129;2,3255813953488373;44,96124031007752;19389;100;790,4648387;19389;48,92247183660839;189589,50000000003;9,778198978802415;44,51455281503728
08003;Alella;Maresme;2025;1432,934872;102506;13910;13,57;4057,15;79;0;7,594936709;26404;100;1432,934872;26404;65,12353607029239;365143,5;13,829097863960007;62,95598080833512
08005;Ametlla del Vallès, l';Vallès Oriental;2025;1047,763571;94745;6310;6,66;2181,27;108;0,9259259259259258;32,407407407407405;24932;100;1047,763571;24932;50,429820519813894;196314,3;7,873989250762072;35,84577396388926
08006;Arenys de Mar;Maresme;2025;856,6663905;169792;22820;13,44;2702,89;194;1,0309278350515463;24,742268041237114;19760;100;856,6663905;19760;52,024274726720655;243260,09999999998;12,310733805668015;56,04373682436466
08007;Arenys de Munt;Maresme;2025;805,8302222;95232;7590;7,97;2414,06;96;0;21,875;19320;100;805,8302222;19320;50,05156659627329;217265,4;11,245621118012423;51,19488734897608
08009;Argentona;Maresme;2025;914,9388542;128947;8330;6,46;3035,81;110;0;20;19805;100;914,9388542;19805;55,43684044635193;273222,9;13,795652612976522;62,803723690787805
08010;Artés;Bages;2025;511,1222222;62115;8460;13,62;1268,15;59;1,694915254237288;32,20338983050847;18387;100;511,1222222;18387;33,35762585739925;114133,50000000001;6,2072931962799816;28,258259156234562
08015;Badalona;Barcelonès;2025;949,2385285;2306294;425050;18,43;3063,76;2.537;1931,415057154119;40875,049270792275;17971;100;949,2385285;17971;63,38468834232931;275738,4;15,343520115742031;69,85027999956259
08019;Barcelona;Barcelonès;2025;1125,494903;17129667;4376630;25,55;4748,34;12.023;465,7739332945188;474,50719454379106;23003;100;1125,494903;23003;58,713814876320484;427350,60000000003;18,57803765;84,57519015941968
08020;Begues;Baix Llobregat;2025;1248,54069;75465;6090;8,07;2966,92;59;0;11,864406779661017;23630;100;1248,54069;23630;63,40452086330936;267022,8;11,30016081252645;51,44317541482785
08022;Berga;Berguedà;2025;457,38972;175385;31850;18,16;1203,79;148;0;7,4324324324324325;17940;100;457,38972;17940;30,594630100334445;108341,09999999999;6,039080267558528;27,492481806440814
08023;Bigues i Riells del Fai;Vallès Oriental;2025;802,7843478;101306;5430;5,36;1692,89;97;0;9,278350515463918;20739;100;802,7843478;20739;46,45070723564299;152360,1;7,346549978;33,44464432830319
08029;Cabrera de Mar;Maresme;2025;1270,052653;50543;4190;8,29;3794,16;37;0;35,13513513513514;24788;100;1270,052653;24788;61,483910908504114;341474,39999999997;13,775794739390026;62,71332213887864
08030;Cabrils;Maresme;2025;1401,748723;77528;11040;14,24;2805,82;55;0;1,8181818181818181;24516;100;1401,748723;24516;68,61227229564366;252523,80000000002;10,300367107195301;46,89168594354733
08033;Caldes de Montbui;Vallès Oriental;2025;786,4640741;185492;19050;10,27;2313,94;157;0;31,84713375796178;19644;100;786,4640741;19644;48,04301002443494;208254,6;10,601435552840563;48,26227854998441
08035;Calella;Maresme;2025;688,3219087;207750;47180;22,71;2275,52;280;0;27,500000000000004;16319;100;688,3219087;16319;50,61500646118022;204796,8;12,549592499540413;57,13112397682122
08040;Canet de Mar;Maresme;2025;751,5169412;151974;16170;10,64;2331,33;162;1,2345679012345678;28,39506172839506;17957;100;751,5169412;17957;50,22110204599878;209819,69999999998;11,684563123016092;53,19313949201718
08041;Canovelles;Vallès Oriental;2025;667,4867442;174471;36290;20,8;1713,71;157;0;14,64968152866242;15931;100;667,4867442;15931;50,27833111794614;154233,9;9,681369656644279;44,07374423826391
08043;Canyelles;Garraf;2025;813,016;54917;5920;10,78;1470,11;60;0;25;18350;100;813,016;18350;53,16725885558583;132309,9;7,210348773841962;32,82459807
08044;Capellades;Anoia;2025;548,8617647;55991;5140;9,18;1153,22;48;0;4,166666666666666;18346;100;548,8617647;18346;35,90069321;103789,8;5,657353101493514;25,754696133274162
08046;Cardedeu;Vallès Oriental;2025;858,4231132;190608;13800;7,24;2737,92;145;0;4,137931034482759;19642;100;858,4231132;19642;52,444136841462175;246412,80000000002;12,54519906323185;57,11112317166057
08051;Castellar del Vallès;Vallès Occidental;2025;835,1225385;253861;13150;5,18;2308,37;244;0;15,983606557377051;20422;100;835,1225385;20422;49,07193449221429;207753,3;10,173014396239349;46,31192181824403
08054;Castellbisbal;Vallès Occidental;2025;796,1567059;130574;9780;7,49;2246,65;96;0;2,083333333333333;19231;100;796,1567059;19231;49,67958229317249;202198,5;10,514195829650044;47,86512593793874
08056;Castelldefels;Baix Llobregat;2025;1113,281204;697019;168330;24,15;4702,85;610;0;11,475409836065573;21142;100;1113,281204;21142;63,18879220508939;423256,50000000006;20,019700122977962;91,13825566419968
08067;Centelles;Osona;2025;619,0693827;78552;5750;7,32;1827,63;66;0;34,84848484848485;18807;100;619,0693827;18807;39,500359400223324;164486,7;8,746036050406763;39,81570476649623
08068;Cervelló;Baix Llobregat;2025;991,292381;97236;8090;8,32;2119,23;128;0;14,0625;20781;100;991,292381;20781;57,242233636494866;190730,7;9,178129060199222;41,78277734776728
08072;Corbera de Llobregat;Baix Llobregat;2025;835,3420192;160400;17660;11,01;2015,68;156;0;17,307692307692307;21132;100;835,3420192;21132;47,43566264622373;181411,2;8,584667802;39,08108733696687
08073;Cornellà de Llobregat;Baix Llobregat;2025;790,6573988;922348;170450;18,48;3023,96;677;0;6,3515509601181686;18101;100;790,6573988;18101;52,41637912601513;272156,4;15,035434506380865;68,44774225624288
08074;Cubelles;Garraf;2025;639,6956475;176505;24340;13,79;2684,99;298;0;19,798657718120804;18171;100;639,6956475;18171;42,24504853888063;241649,09999999998;13,298613174839028;60,54098713080447
08075;Dosrius;Maresme;2025;1017,73125;63102;4190;6,64;2152,25;80;0;20;19560;100;1017,73125;19560;62,437500000000014;193702,5;9,902990797546012;45,08265866135814
08076;Esparreguera;Baix Llobregat;2025;709,9407407;226421;20310;8,97;2240,34;311;0;0,6430868167202572;18887;100;709,9407407;18887;45,10662830730132;201630,6;10,675628739344523;48,600037735117176
08077;Esplugues de Llobregat;Baix Llobregat;2025;1420,385328;484379;77210;15,94;4470,81;408;0;32,84313725490196;22009;100;1420,385328;22009;77,44388175746285;402372,9;18,28219819164887;83,22840215681579
08086;Franqueses del Vallès, les;Vallès Oriental;2025;697,6628718;208516;25710;12,33;2681,03;185;3,2432432432432434;25,405405405405407;18472;100;697,6628718;18472;45,32240397141619;241292,7;13,062619099177134;59,46664094825482
08088;Garriga, la;Vallès Oriental;2025;877,8872845;173927;16610;9,55;2707,2;152;0;41,44736842105263;20947;100;877,8872845;20947;50,291914899508285;243647,99999999997;11,63164176254356;52,95221877636136
08089;Gavà;Baix Llobregat;2025;1078,754593;481927;64530;13,39;3688,26;407;1,2285012285012284;29,484029484029485;20261;100;1078,754593;20261;63,89149161443167;331943,4;16,383367059868714;74,58410898118056
08091;Gelida;Alt Penedès;2025;665,7875;81897;9500;11,6;1744,42;109;0;44,95412844036697;18453;100;665,7875;18453;43,296212;156997,80000000002;8,507982442;38,731982707600196
08092;Gironella;Berguedà;2025;437,4118391;50824;6170;12,14;942,46;53;0;9,433962264150944;17765;100;437,4118391;17765;29,546535711792853;84821,40000000001;4,7746355192794825;21,736187354775062
08096;Granollers;Vallès Oriental;2025;782,5999429;651359;110210;16,92;2558,37;663;0,4524886877828055;26,244343891402718;19180;100;782,5999429;19180;48,963500077163715;230253,3;12,004864442127214;54,651288381931096
08101;Hospitalet de Llobregat, l';Barcelonès;2025;831,930879;2921470;798730;27,34;3068,06;2.844;3691,983122362869;28023,90999;16747;100;831,930879;16747;59,611694918492866;276125,4;16,488051591329793;75,06067783754601
08102;Igualada;Anoia;2025;565,4519184;424453;64050;15,09;1581,57;339;0;6,489675516224189;18102;100;565,4519184;18102;37,48438306;142341,3;7,863291349022207;35,797072529909265
08105;Llagosta, la;Vallès Oriental;2025;714,0463636;132570;18520;13,97;2247,98;113;0,8849557522123894;16,81415929;17212;100;714,0463636;17212;49,78245621194515;202318,2;11,754485242853823;53,51145495105044
08106;Llinars del Vallès;Vallès Oriental;2025;765,24592;109261;9910;9,07;2598,75;165;0;46,06060606060606;19866;100;765,24592;19866;46,224459075807914;233887,5;11,773255813953488;53,596906636007525
08107;Lliçà d'Amunt;Vallès Oriental;2025;789,8018367;165183;6310;3,82;1780,6;154;0;20,77922077922078;20186;100;789,8018367;20186;46,95146160903597;160254;7,938868522738532;36,141132218027685
08108;Lliçà de Vall;Vallès Oriental;2025;935,7095455;68928;3150;4,57;2138,16;65;0;44,61538461538462;21543;100;935,7095455;21543;52,12140623868542;192434,4;8,932572065171982;40,664896657474685
08110;Malgrat de Mar;Maresme;2025;660,135906;196315;27700;14,11;2317,51;285;0;34,73684210526316;16442;100;660,135906;16442;48,179241406154965;208575,90000000002;12,685555285245105;57,75008485277103
08112;Manlleu;Osona;2025;508,7996053;213172;53570;25,13;1071,04;191;0;1,5706806282722512;16479;100;508,7996053;16479;37,050763174949935;96393,59999999999;5,849481157837247;26,629345394339932
08113;Manresa;Bages;2025;590,7036323;806831;177180;21,96;1500,54;917;0,5452562704471101;9,051254089422029;17645;100;590,7036323;17645;40,17253379200907;135048,6;7,653646925474639;34,84268125758835
08114;Martorell;Baix Llobregat;2025;778,2015745;289970;48570;16,75;2335,88;239;0;23,430962343096233;17287;100;778,2015745;17287;54,019892948458384;210229,2;12,161115288945451;55,362609207797185
08118;Masnou, el;Maresme;2025;1022,659247;247356;31810;12,86;3756,32;190;1,5789473684210527;11,578947368421053;22480;100;1022,659247;22480;54,59035126334519;338068,8;15,03864768683274;68,46237003087082
08119;Masquefa;Anoia;2025;668,625873;101048;7710;7,63;1868;102;0;14,705882352941178;17127;100;668,625873;17127;46,847144718864946;168120;9,816079873883343;44,687002885691015
08120;Matadepera;Vallès Occidental;2025;1264,235345;98174;4300;4,38;2779,34;42;0;2,380952380952381;29265;100;1264,235345;29265;51,83948108662225;250140,6;8,547432086109687;38,911574396768295
08121;Mataró;Maresme;2025;770,7701433;1313610;227780;17,34;2456,94;1.280;156,25;19531,25;17469;100;770,7701433;17469;52,94660094796496;221124,6;12,658114374034003;57,62516206
08123;Molins de Rei;Baix Llobregat;2025;880,4383333;272872;24040;8,81;3358,17;210;0,4761904761904762;37,142857142857146;21698;100;880,4383333;21698;48,692321871140194;302235,3;13,929177804405935;63,41158759281187
08124;Mollet del Vallès;Vallès Oriental;2025;741,6453218;527488;75800;14,37;2414,03;601;5,324459234608985;29,11813643926789;18103;100;741,6453218;18103;49,161707239684034;217262,7;12,001474893664033;54,63585770452205
08125;Montcada i Reixac;Vallès Occidental;2025;725,9420325;374409;53840;14,38;2255,4;318;1,257861635220126;27,358490566037734;17556;100;725,9420325;17556;49,62009791524265;202986;11,562200956937799;52,63609446600957
08126;Montgat;Maresme;2025;1156,9782;128339;16530;12,88;3849,74;113;1,7699115044247788;8,849557522123893;21077;100;1156,9782;21077;65,87151113;346476,6;16,43861080798975;74,8356022
08135;Montmeló;Vallès Oriental;2025;715,1820968;88672;7280;8,21;2646,44;58;0;25,862068965517242;18643;100;715,1820968;18643;46,034356925387534;238179,6;12,775819342380519;58,16100552920279
08136;Montornès del Vallès;Vallès Oriental;2025;711,5854255;170625;21550;12,63;2289,92;150;3,3333333333333335;13,333333333333334;17821;100;711,5854255;17821;47,915521609337304;206092,80000000002;11,564603557600584;52,64703213401253
08138;Moià;Moianès;2025;524,5766667;68090;9730;14,29;1638,37;71;0;18,30985915492958;17819;100;524,5766667;17819;35,32701049666087;147453,3;8,275060329;37,67162141569369
08140;Navarcles;Bages;2025;532,87625;62788;5180;8,25;1486,16;58;0;34,48275862068966;19157;100;532,87625;19157;33,37952184580049;133754,4;6,982011797254267;31,78511028235936
08141;Navàs;Bages;2025;454,9028571;62437;7380;11,82;1037,79;53;1,8867924528301887;13,20754716981132;18716;100;454,9028571;18716;29,166671752511224;93401,09999999999;4,9904413336182945;22,718627918830105
08147;Olesa de Montserrat;Baix Llobregat;2025;680,1369872;250000;25100;10,04;2113,41;253;0;1,185770750988142;18211;100;680,1369872;18211;44,81710969;190206,9;10,444615891494152;47,548368236584736
08155;Palafolls;Maresme;2025;622,7111111;100268;7470;7,45;2225,39;136;0;23,52941176470588;17053;100;622,7111111;17053;43,81946480501965;200285,09999999998;11,744860141910513;53,46763736611276
08156;Palau-solità i Plegamans;Vallès Occidental;2025;846,4560674;155848;11860;7,61;2521,66;174;0;36,7816092;20270;100;846,4560674;20270;50,110867334977804;226949,4;11,196319684262457;50,97044609130915
08157;Pallejà;Baix Llobregat;2025;947,2307595;119722;8620;7,2;2877,82;95;0;18,947368421052634;20764;100;947,2307595;20764;54,74267537083413;259003,80000000002;12,473694856482375;56,785605374901984
08159;Parets del Vallès;Vallès Oriental;2025;846,2792437;188999;15290;8,09;2652,06;161;1,2422360248447204;12,422360248447205;19700;100;846,2792437;19700;51,55000469;238685,4;12,116010152284264;55,15727129
08161;Piera;Anoia;2025;660,098875;178921;17570;9,82;1584,39;228;0,43859649122807015;20,175438596491226;16673;100;660,098875;16673;47,509065555089066;142595,1;8,552456066694656;38,93444570973463
08163;Pineda de Mar;Maresme;2025;660,8641259;300648;51020;16,97;2369,45;382;0,5235602094240838;9,685863874;15624;100;660,8641259;15624;50,75761336;213250,49999999997;13,648905529953915;62,135668071156466
08167;Polinyà;Vallès Occidental;2025;785,3487755;85714;6480;7,56;2545,98;63;0;9,523809523809524;18506;100;785,3487755;18506;50,92502596995568;229138,2;12,38183291905328;56,367410462501056
08169;Prat de Llobregat, el;Baix Llobregat;2025;849,8471619;662658;73290;11,06;3221,37;548;2,5547445255474455;14,78102189781022;18987;100;849,8471619;18987;53,71130743561383;289923,3;15,269568652235739;69,51362124112082
08172;Premià de Mar;Maresme;2025;886,2580465;293496;43320;14,76;2998,85;187;0;9,625668449;19107;100;886,2580465;19107;55,66073458941748;269896,5;14,125529910504003;64,30546653884215
08180;Ripollet;Vallès Occidental;2025;714,567032;397622;56860;14,3;2735,7;387;0,2583979328165375;6,459948320413436;17365;100;714,567032;17365;49,37981217391305;246212,99999999997;14,178692772818886;64,54748667439522
08181;Roca del Vallès, la;Vallès Oriental;2025;825,5801299;110307;6100;5,53;2386,97;122;0;9,836065573770492;21049;100;825,5801299;21049;47,06618632144045;214827,3;10,206057294883367;46,46234725548864
08183;Roda de Ter;Osona;2025;539,6274359;69465;12330;17,75;1314,25;60;0;1,6666666666666667;18015;100;539,6274359;18015;35,94520805328893;118282,5;6,565778517901749;29,890237991738093
08184;Rubí;Vallès Occidental;2025;772,190241;828218;127380;15,38;2301,42;854;0,234192037;18,384074941451992;17572;100;772,190241;17572;52,733228386068745;207127,80000000002;11,787377646255408;53,66119526944725
08187;Sabadell;Vallès Occidental;2025;808,2540374;2245353;340620;15,17;2405,61;2.524;2773,375594;38827,258320126784;19107;100;808,2540374;19107;50,761754586277284;216504,90000000002;11,331182289213379;51,58439847291598
08191;Sallent;Bages;2025;504,6603636;70446;7580;10,76;1116,68;71;0;22,535211267605636;18605;100;504,6603636;18605;32,549983140016124;100501,20000000001;5,401838215533459;24,591482855373574
08192;Santpedor;Bages;2025;614,7123333;77362;4340;5,61;2144,57;55;0;29,09090909090909;19733;100;614,7123333;19733;37,381786852480616;193011,30000000002;9,781143262555112;44,52795645663794
08194;Sant Adrià de Besòs;Barcelonès;2025;901,5139912;389889;74040;18,99;2991,04;290;1,0344827586206897;8,275862068965518;16636;100;901,5139912;16636;65,02866010098582;269193,6;16,18138975715316;73,66462172911491
08196;Sant Andreu de la Barca;Baix Llobregat;2025;737,4468342;270648;29230;10,8;2585,08;183;0;0;18230;100;737,4468342;18230;48,542852498080094;232657,19999999998;12,762325836533186;58,09957730709326
08197;Sant Andreu de Llavaneres;Maresme;2025;1158,378136;119104;16210;13,61;3054,39;164;0;20,121951219512198;22108;100;1158,378136;22108;62,87559993;274895,1;12,434191242988963;56,60576799451634
08198;Sant Antoni de Vilamajor;Vallès Oriental;2025;838,6123404;67173;4420;6,58;2056,94;67;0;7,462686567164178;20921;100;838,6123404;20921;48,101659025859185;185124,6;8,848745279862339;40,28328120149244
08200;Sant Boi de Llobregat;Baix Llobregat;2025;809,8093284;852998;105260;12,34;3010,36;752;0,6648936170212766;16,888297872340424;18638;100;809,8093284;18638;52,139242090353044;270932,4;14,536559716707803;66,17665038941405
08202;Sant Celoni;Vallès Oriental;2025;673,6048634;189101;23770;12,57;1848,08;170;0,5882352941176471;38,23529411764706;18073;100;673,6048634;18073;44,72560372268025;166327,19999999998;9,203076412;41,89634838741675
08205;Sant Cugat del Vallès;Vallès Occidental;2025;1391,050979;979607;149390;15,25;5251,95;663;0,4524886877828055;31,825037707390646;26038;100;1391,050979;26038;64,10865561103004;472675,5;18,15329518;82,64158042
08208;Sant Esteve Sesrovires;Baix Llobregat;2025;887,8369643;81070;6210;7,66;2101,79;86;0;22,093023255813954;21392;100;887,8369643;21392;49,80386860321615;189161,1;8,842609386686613;40,25534798583274
08209;Sant Fost de Campsentelles;Vallès Oriental;2025;958,0617143;94017;5500;5,85;2624,89;83;0;14,457831325301203;20327;100;958,0617143;20327;56,55896379987209;236240,09999999998;11,621985536478574;52,90825949652918
08210;Sant Feliu de Codines;Vallès Oriental;2025;670,6315385;68231;8140;11,93;1617,45;68;0;36,76470588235294;18436;100;670,6315385;18436;43,651434486873505;145570,5;7,895991538294641;35,94593780720471
08211;Sant Feliu de Llobregat;Baix Llobregat;2025;956,4237534;466859;48600;10,41;3479,14;453;13,686534216335541;26,269315673289185;21081;100;956,4237534;21081;54,44279228120108;313122,6;14,853308666571793;67,61862737192324
08213;Sant Fruitós de Bages;Bages;2025;537,502807;93191;6570;7,05;1542,66;120;4,166666666666666;50;20894;100;537,502807;20894;30,870267464343833;138839,4;6,6449411314252895;30,25062013862519
08214;Vilassar de Dalt;Maresme;2025;1103,226667;94340;8000;8,48;2683,39;67;0;5,970149253731343;22733;100;1103,226667;22733;58,23569262305899;241505,09999999998;10,623547266088945;48,36294054605953
08217;Sant Joan Despí;Baix Llobregat;2025;1102,634302;358175;39650;11,07;3826,43;257;14,007782101167315;29,961089494163424;21658;100;1102,634302;21658;61,09341409179056;344378,7;15,900761843198818;72,38708318401319
08218;Sant Joan de Vilatorrada;Bages;2025;591,9604819;111143;11670;10,5;1559,23;95;0;21,052631578947366;18226;100;591,9604819;18226;38,97468332492044;140330,7;7,699478767;35,051327442502576
08219;Vilassar de Mar;Maresme;2025;1052,684523;212387;18860;8,88;3910,57;118;0;1,694915254237288;22807;100;1052,684523;22807;55,38744366203359;351951,3;15,431722716709782;70,25181604395215
08221;Sant Just Desvern;Baix Llobregat;2025;1455,663836;210503;28060;13,33;4586,41;129;10,077519379844961;18,60465116;30352;100;1455,663836;30352;57,55128502899315;412776,89999999997;13,599660648392197;61,91148426328944
08230;Premià de Dalt;Maresme;2025;1194,715556;106046;11050;10,42;2885,78;70;0;11,428571428571429;23552;100;1194,715556;23552;60,87205618206523;259720,2;11,027522078804349;50,20200704241008
08231;Sant Pere de Ribes;Garraf;2025;906,236627;326190;58910;18,06;2696,86;408;0,7352941176470588;30,14705882352941;17972;100;906,236627;17972;60,509901647006444;242717,40000000002;13,505308257289117;61,48195173832362
08234;Sant Pere de Vilamajor;Vallès Oriental;2025;857,432963;50693;3660;7,22;1940,62;66;0;7,575757575757576;19448;100;857,432963;19448;52,90618858494446;174655,8;8,980656108597284;40,88379583259439
08235;Sant Pol de Mar;Maresme;2025;859,0941791;57775;7840;13,57;3141,17;78;0;24,358974358974358;20677;100;859,0941791;20677;49,857958839290035;282705,3;13,67245248;62,242863895936715
08238;Sant Quirze del Vallès;Vallès Occidental;2025;966,2826271;201616;12480;6,19;2973,41;180;0;16,666666666666664;24946;100;966,2826271;24946;46,48196714984367;267606,89999999997;10,727447286138057;48,83593797022589
08240;Sant Sadurní d'Anoia;Alt Penedès;2025;659,28625;129234;11980;9,27;2021,08;91;1,098901098901099;17,582417582417584;19542;100;659,28625;19542;40,48426466073073;181897,19999999998;9,308013509364445;42,374067030535166
08244;Santa Coloma de Cervelló;Baix Llobregat;2025;937,0265789;82751;3790;4,58;2884,32;87;1,1494252873563218;11,494252873563218;21199;100;937,0265789;21199;53,041742284070004;259588,80000000002;12,245332326996557;55,74600126152599
08245;Santa Coloma de Gramenet;Barcelonès;2025;674,9214254;1232662;293620;23,82;2553,46;963;0;2,907580477673936;15925;100;674,9214254;15925;50,85750144301413;229811,4;14,430857142857143;65,69544696774497
08248;Santa Eulàlia de Ronçana;Vallès Oriental;2025;869,0971875;79605;3630;4,56;1969,31;74;0;16,216216216216218;19397;100;869,0971875;19397;53,76690338712172;177237,9;9,137387224828581;41,59730305067848
08250;Santa Margarida de Montbui;Anoia;2025;510,7373585;106031;14240;13,43;1288,61;94;0;10,638297872340425;13469;100;510,7373585;13469;45,503365520825604;115974,9;8,610505605464398;39,19871209100342
08251;Santa Margarida i els Monjos;Alt Penedès;2025;665,4374468;77761;10140;13,04;1629,79;73;0;31,506849315068493;18332;100;665,4374468;18332;43,55907354134846;146681,1;8,001369190486582;36,42566204621762
08252;Barberà del Vallès;Vallès Occidental;2025;806,0687379;340459;32650;9,59;2623,82;328;0,9146341463414633;9,146341463414634;19180;100;806,0687379;19180;50,43182927;236143,80000000002;12,311981230448385;56,04941563662741
08259;Santa Maria de Palautordera;Vallès Oriental;2025;754,7982609;100630;9580;9,52;1936,96;88;0;34,090909090909086;19072;100;754,7982609;19072;47,49150131501677;174326,4;9,140436241610738;41,61118348191917
08260;Santa Perpètua de Mogoda;Vallès Occidental;2025;739,5907273;260971;26880;10,3;2325,68;226;0,8849557522123894;29,20353982300885;18415;100;739,5907273;18415;48,19488855606842;209311,19999999998;11,36634265544393;51,74446353018869
08262;Sant Vicenç de Castellet;Bages;2025;561,4437778;101646;15440;15,19;1573,05;136;0;36,029411764705884;16436;100;561,4437778;16436;40,99127119493794;141574,5;8,613683378;39,213178673396406
08263;Sant Vicenç dels Horts;Baix Llobregat;2025;805,1751639;287536;29760;10,35;2435,38;235;0;20;17829;100;805,1751639;17829;54,19317946491672;219184,2;12,293690055527511;55,96614636855162
08264;Sant Vicenç de Montalt;Maresme;2025;1582,766296;68304;9180;13,44;3448,77;82;0;23,170731707317074;23591;100;1582,766296;23591;80,51034526726293;310389,3;13,157106523674281;59,8967882
08266;Cerdanyola del Vallès;Vallès Occidental;2025;902,1361488;582572;68860;11,82;3298,6;478;0,41841004184100417;9,832635983263598;20898;100;902,1361488;20898;51,80224799310938;296874;14,205857019810509;64,67114996965138
08267;Sentmenat;Vallès Occidental;2025;736,8048333;95259;6430;6,75;1992,09;104;0;17,307692307692307;18756;100;736,8048333;18756;47,140424395393474;179288,1;9,558973128598849;43,51654278185392
08270;Sitges;Garraf;2025;1290,850369;326866;89790;27,47;5233,07;389;1,5424164524421593;19,794344473007712;23059;100;1290,850369;23059;67,17639285311593;470976,3;20,424836289518193;92,98260914093221
08274;Súria;Bages;2025;486,0212963;61935;6720;10,85;1156,24;59;1,694915254237288;25,423728813559322;19001;100;486,0212963;19001;30,69446637334877;104061,6;5,476638071680438;24,93200386074788
08278;Taradell;Osona;2025;601,6247619;68410;6280;9,18;2595,8;49;0;30,612244897959183;22274;100;601,6247619;22274;32,41221667774086;233622,00000000003;10,488551674598188;47,74838275272359
08279;Terrassa;Vallès Occidental;2025;752,8635608;2327163;346980;14,91;2182,97;3.355;894,1877794336812;11505,21609538003;18684;100;752,8635608;18684;48,353472113037895;196467,3;10,515269749518303;47,870014881475115
08281;Teià;Maresme;2025;1360,546786;68952;7040;10,21;3656,28;93;0;40,86021505376344;26046;100;1360,546786;26046;62,68356535360516;329065,2;12,634001382170007;57,51538938929839
08282;Tiana;Maresme;2025;1331,023881;93664;5470;5,84;3831,57;88;1,1363636363636365;43,18181818181818;26539;100;1331,023881;26539;60,18420653378048;344841,3;12,993756358566637;59,153148237527674
08283;Tona;Osona;2025;639,4789583;85116;9150;10,75;2544,22;125;0;46,400000000000006;20036;100;639,4789583;20036;38,299797861848674;228979,8;11,428418846077061;52,02706095661509
08284;Tordera;Maresme;2025;629,6977692;190497;22250;11,68;1746,76;271;2,952029520295203;19,18819188191882;15538;100;629,6977692;15538;48,63156925215601;157208,4;10,11767280216244;46,05998316187741
08285;Torelló;Osona;2025;551,3607801;153341;27080;17,66;1462,87;156;0;3,8461538461538463;18869;100;551,3607801;18869;35,06454694;131658,3;6,977492182945571;31,76453506086057
08289;Torrelles de Llobregat;Baix Llobregat;2025;790,5848936;61614;3740;6,07;2126,37;55;0;38,18181818181819;20515;100;790,5848936;20515;46,24430281842554;191373,3;9,328457226419692;42,46713559301424
08291;Vacarisses;Vallès Occidental;2025;993,3084211;77165;3920;5,08;2004,8;90;0;1,1111111111111112;18570;100;993,3084211;18570;64,18794320516963;180432;9,71631664;44,23283788405499
08295;Vallirana;Baix Llobregat;2025;885,61225;162466;12120;7,46;2062,61;170;0;39,411764705882355;19166;100;885,61225;19166;55,44895648544297;185634,90000000002;9,685636022;44,09316656254066
08298;Vic;Osona;2025;679,8521642;503974;152200;30,2;1942,87;487;0,6160164271047228;30,800821355236142;17726;100;679,8521642;17726;46,024066176238286;174858,3;9,864509759675054;44,90747648349516
08300;Viladecavalls;Vallès Occidental;2025;944,3816667;78125;2250;2,88;2218,28;63;0;4,761904761904762;20806;100;944,3816667;20806;54,46784582;199645,2;9,595558973373066;43,68309722843608
08301;Viladecans;Baix Llobregat;2025;890,4987793;675453;67140;9,94;3317,91;927;0;40,88457389428263;18933;100;890,4987793;18933;56,44105715734432;298611,89999999997;15,77203295832673;71,80105412519758
08302;Vilanova del Camí;Anoia;2025;513,3454667;128902;11150;8,65;1348,66;84;0;9,523809523809524;15730;100;513,3454667;15730;39,16176478321678;121379,40000000001;7,7164272091544825;35,12848401734685
08305;Vilafranca del Penedès;Alt Penedès;2025;721,014664;425479;68800;16,17;2070,07;428;2,102803738317757;33,177570093457945;17997;100;721,014664;17997;48,07565687614602;186306,30000000002;10,352075345890983;47,12708400891511
08307;Vilanova i la Geltrú;Garraf;2025;844,1918561;713025;100180;14,05;3030,94;1.006;298,2107355864811;36878,72763419483;18972;100;844,1918561;18972;53,396069329538264;272784,6;14,378273244781782;65,45606252556188
08902;Vilanova del Vallès;Vallès Oriental;2025;1030,247692;56944;2870;5,04;2764,89;38;0;18,421052631578945;20847;100;1030,247692;20847;59,30336405238164;248840,09999999998;11,93649445963448;54,34003891735855
08904;Badia del Vallès;Vallès Occidental;2025;377,246875;130597;8750;6,7;1644,42;70;5,714285714285714;7,142857142857142;15259;100;377,246875;15259;29,667491316600035;147997,80000000002;9,699049741;44,15423156078661
17008;Anglès;Selva;2025;538,2091525;59046;13120;22,22;1248,92;64;0;43,75;16378;100;538,2091525;16378;39,43405684454756;112402,8;6,863035779704481;31,243480455800913
17009;Arbúcies;Selva;2025;500,899434;66349;15340;23,12;1278,67;75;1,3333333333333335;26,666666666666668;15778;100;500,899434;15778;38,096040106477375;115080,3;7,293719102547851;33,20413553786951
17015;Banyoles;Pla de l'Estany;2025;680,2817083;208830;39970;19,14;1785,1;153;9,150326797;26,143790849673206;18991;100;680,2817083;18991;42,98552208730451;160659;8,459744089;38,51238105109713
17020;Bescanó;Gironès;2025;844,53125;50877;2900;5,7;1546,52;23;0;47,82608695652174;18675;100;844,53125;18675;54,26706827309237;139186,8;7,453108433734939;33,92974408977792
17022;Bisbal d'Empordà, la;Baix Empordà;2025;526,5757143;117284;25650;21,87;1286,79;69;4,3478260869565215;21,73913043478261;15454;100;526,5757143;15454;40,88849858677365;115811,09999999999;7,493923903196583;34,11555360080951
17023;Blanes;Selva;2025;615,6839456;424453;83490;19,67;2470,44;448;0;3,571428571428571;15669;100;615,6839456;15669;47,151747700555234;222339,6;14,18977599080988;64,59794223310189
17033;Caldes de Malavella;Selva;2025;704,0623529;86439;9370;10,84;2713,23;92;1,0869565217391304;28,26086956521739;17653;100;704,0623529;17653;47,860127087747124;244190,7;13,83281595196284;62,97290714
17034;Calonge i Sant Antoni;Baix Empordà;2025;738,3669903;122695;27680;22,56;3031,23;366;0;30,87431693989071;16501;100;738,3669903;16501;53,696163163444645;272810,7;16,532979819404886;75,26521038856797
17044;Cassà de la Selva;Gironès;2025;661,4644872;111662;19820;17,75;1505,8;83;1,2048192771084338;36,144578313253014;17921;100;661,4644872;17921;44,292025257519114;135522;7,562189609954801;34,42632835754459
17047;Castelló d'Empúries;Alt Empordà;2025;617,7258416;122762;55820;45,47;2913,23;524;0;3,6259541984732824;13339;100;617,7258416;13339;55,57170776819851;262190,7;19,655948721793237;89,48230337741523
17048;Castell d'Aro, Platja d'Aro i s'Agaró;Baix Empordà;2025;860,1434921;128900;45360;35,19;3472,16;369;0;31,70731707317073;13690;100;860,1434921;13690;75,39606943170197;312494,39999999997;22,826471877282685;103,91588370875138
17049;Celrà;Gironès;2025;688,8204348;56138;11250;20,04;1966,17;25;0;24;17221;100;688,8204348;17221;47,998636650601014;176955,30000000002;10,275553103768656;46,77872196434394
17062;Escala, l';Alt Empordà;2025;680,4919802;106427;30140;28,32;2797,64;293;0;6,143344709897611;14478;100;680,4919802;14478;56,40215335267301;251787,59999999998;17,39104848736013;79,17150674451517
17066;Figueres;Alt Empordà;2025;581,4535489;495593;145060;29,27;1343,19;464;0,21551724137931033;4,956896551724138;14496;100;581,4535489;14496;48,133571928807946;120887,1;8,339341887;37,964258622148826
17079;Girona;Gironès;2025;823,516295;1083622;237530;21,92;2544,97;1.003;6879,361914;28315,05483549352;18853;100;823,516295;18853;52,417098286744825;229047,3;12,149116851429481;55,307987177537775
17089;Llagostera;Gironès;2025;637,9889773;95797;16640;17,37;1500,14;88;0;31,818181818181817;16539;100;637,9889773;16539;46,28978612733539;135012,6;8,163286776709596;37,162780298692624
17092;Llançà;Alt Empordà;2025;607,2864;50323;7800;15,5;2612,95;144;0;16,666666666666664;16282;100;607,2864;16282;44,75762683;235165,49999999997;14,443280923719444;65,75200534322458
17095;Lloret de Mar;Selva;2025;617,5645455;419387;161380;38,48;2289;647;0;21,020092735703248;12941;100;617,5645455;12941;57,26585693532185;206010;15,919171625067614;72,47089240175241
17103;Maçanet de la Selva;Selva;2025;573,321875;80627;11320;14,04;1434,8;136;0,7352941176470588;27,941176470588236;15356;100;573,321875;15356;44,80243878614222;129132;8,409221151341495;38,282378982695434
17114;Olot;Garrotxa;2025;549,5378696;395212;109790;27,78;1835,5;300;1,6666666666666667;38,666666666666664;17350;100;549,5378696;17350;38,008382911815566;165195;9,521325648414985;43,34515531585627
17117;Palafrugell;Baix Empordà;2025;661,6099015;245532;60720;24,73;2704,99;336;0;12,797619047619047;15146;100;661,6099015;15146;52,41858456358114;243449,09999999998;16,073491350851707;73,17342193696744
17118;Palamós;Baix Empordà;2025;729,92115;189228;32850;17,36;3158,32;277;0;21,299638989169676;16775;100;729,92115;16775;52,21492578;284248,8;16,94478689;77,13993265815209
17141;Puigcerdà;Cerdanya;2025;618,5840268;100527;24780;24,65;3008,67;83;0;16,867469879518072;14724;100;618,5840268;14724;50,41434611246943;270780,3;18,390403422982885;83,72099874802068
17147;Ripoll;Ripollès;2025;450,0910606;108125;17300;16;1004,28;78;0;12,82051282051282;17770;100;450,0910606;17770;30,394444159819923;90385,2;5,086392796848621;23,155440105502308
17152;Roses;Alt Empordà;2025;633,8995781;201782;61140;30,3;3002,94;675;0;0;13396;100;633,8995781;13396;56,78407686772171;270264,6;20,175022394744698;91,84534921843196
17155;Salt;Gironès;2025;522,597562;346021;128270;37,07;1357,31;386;3,8860103626943006;29,274611398963728;13079;100;522,597562;13079;47,94839623824452;122157,9;9,340003058337793;42,519697168599485
17160;Sant Feliu de Guíxols;Baix Empordà;2025;671,3306731;230601;47550;20,62;2709,72;354;0;32,20338983050847;15523;100;671,3306731;15523;51,89697917412871;243874,8;15,710545641950652;71,52113750678846
17164;Sant Hilari Sacalm;Selva;2025;534,6825397;60716;12550;20,67;1120,68;63;0;38,095238095238095;16242;100;534,6825397;16242;39,503697059475435;100861,20000000001;6,209900258588845;28,270127621285397
17180;Santa Coloma de Farners;Selva;2025;600,0222069;142211;29850;20,99;1504,1;151;1,3245033112582782;22,516556291390728;16754;100;600,0222069;16754;42,97640254745135;135369;8,079801838366958;36,78272107662425
17181;Santa Cristina d'Aro;Baix Empordà;2025;832,200625;59707;11410;19,11;2211,89;125;0;20,8;17678;100;832,200625;17678;56,49059565561715;199070,09999999998;11,26089489761285;51,26442014025824
17186;Sarrià de Ter;Gironès;2025;719,7442857;54020;4770;8,83;2469,91;48;0;43,75;18474;100;719,7442857;18474;46,751821091263395;222291,9;12,03268918480026;54,77795853662617
17193;Sils;Selva;2025;638,2106667;69237;9160;13,23;1691,86;88;0;42,04545454545455;17036;100;638,2106667;17036;44,95496595679737;152267,4;8,937978398685138;40,68950860485158
17199;Torroella de Montgrí;Baix Empordà;2025;626,9342202;125079;35560;28,43;2299,53;279;0;17,921146953405017;15327;100;626,9342202;15327;49,08469134468585;206957,7;13,502818555490313;61,470617548616836
17202;Tossa de Mar;Selva;2025;703,7470175;62929;16330;25,95;3147,28;139;0;6,474820143884892;15254;100;703,7470175;15254;55,36229323456142;283255,2;18,569240854857743;84,53514338996926
17213;Vidreres;Selva;2025;734,8654054;88536;15910;17,97;1596,07;97;0;34,02061855670103;16605;100;734,8654054;16605;53,10680436495032;143646,3;8,650785907859078;39,382085292166614
17221;Vilafant;Alt Empordà;2025;749,972;56607;3770;6,66;1738,23;20;0;20;17109;100;749,972;17109;52,601928809398565;156440,7;9,143766438716465;41,62634396651034
25003;Agramunt;Urgell;2025;425,3633333;56391;11250;19,95;922,77;56;0;10,714285714285714;16508;100;425,3633333;16508;30,92052338017931;83049,3;5,030851708262661;22,90259326462453
25011;Alcarràs;Segrià;2025;466,6318367;105567;36980;35,03;987,31;108;0;42,592592592592595;14767;100;466,6318367;14767;37,919564166045916;88857,9;6,017329179928218;27,39346153274798
25019;Almacelles;Segrià;2025;450,9479592;71976;17850;24,8;893,21;66;0;31,818181818181817;14696;100;450,9479592;14696;36,82209792052259;80388,90000000001;5,470121121393577;24,902335909792257
25023;Alpicat;Segrià;2025;682,6875;65544;5060;7,72;1446,48;63;0;26,984126984126984;21135;100;682,6875;21135;38,76153300212917;130183,2;6,1596025550035485;28,04115092
25040;Balaguer;Noguera;2025;438,3238308;176704;44600;25,24;870,44;360;0;40,55555555555556;14841;100;438,3238308;14841;35,441587289266224;78339,6;5,278593086719225;24,03041820454261
25050;Bellpuig;Urgell;2025;450,6622449;55310;15260;27,59;956,69;55;0;38,18181818181819;15481;100;450,6622449;15481;34,9328011;86102,1;5,5617918739099546;25,319660466526145
25058;Borges Blanques, les;Garrigues;2025;436,8620779;64570;11700;18,12;1228,18;120;0;7,5;16200;100;436,8620779;16200;32,36015391851851;110536,20000000001;6,823222222222223;31,06223207753202
25072;Cervera;Segarra;2025;418,1622772;96304;23190;24,08;943,54;60;1,6666666666666667;30;15930;100;418,1622772;15930;31,499983216572502;84918,59999999999;5,330734463276835;24,26778809910645
25110;Guissona;Segarra;2025;461,8304938;77146;40000;51,85;1389,76;35;14,285714285714285;37,142857142857146;15676;100;461,8304938;15676;35,353189114570036;125078,4;7,978974228119418;36,32371057874953
25120;Lleida;Segrià;2025;575,6406262;1473517;342740;23,26;1393,42;1.762;5845,629965947786;33087,400681044266;17672;100;575,6406262;17672;39,08831775916705;125407,8;7,096412403802626;32,30591087695852
25137;Mollerussa;Pla d'Urgell;2025;457,2528079;160157;50930;31,8;895,33;198;5,555555555555555;37,878787878787875;16470;100;457,2528079;16470;33,315322979963575;80579,7;4,892513661202186;22,27281918091522
25203;Seu d'Urgell, la;Alt Urgell;2025;565,5194444;130032;24680;18,98;1832,22;109;0;15,59633027522936;15080;100;565,5194444;15080;45,00154729973475;164899,8;10,934999999999999;49,780806883523795
25207;Solsona;Solsonès;2025;413,2976119;97415;19220;19,73;1365,24;62;0;20,967741935483872;16996;100;413,2976119;16996;29,180815149446925;122871,6;7,229442221699224;32,91151962633766
25217;Tàrrega;Urgell;2025;462,2728968;189886;48440;25,51;1014,74;210;0;17,142857142857142;16155;100;462,2728968;16155;34,33781963231198;91326,6;5,6531476323119785;25,735551035040917
25234;Tremp;Pallars Jussà;2025;418,5507955;61559;11770;19,12;1160,95;69;0;0;17462;100;418,5507955;17462;28,763082957278662;104485,5;5,983592944679876;27,239879730107404
25243;Vielha e Mijaran;Val d'Aran;2025;692,4865;58566;14700;25,1;3020,28;113;0;14,15929203539823;17777;100;692,4865;17777;46,74488383866794;271825,2;15,290836474095743;69,61044148189319
43004;Alcanar;Montsià;2025;446,8019737;100496;22280;22,17;1131,54;239;0;15,481171548117153;14611;100;446,8019737;14611;36,69580237081651;101838,59999999999;6,969995209089042;31,730405622564952
43005;Alcover;Alt Camp;2025;478,8926087;53591;5970;11,14;1384,24;43;0;4,651162790697675;16801;100;478,8926087;16801;34,20457892030237;124581,6;7,415130051782632;33,756850217101515
43012;Altafulla;Tarragonès;2025;839,591194;58578;7170;12,24;2995;128;0;43,75;19491;100;839,591194;19491;51,691007788209944;269550;13,829459750654149;62,95762827
43013;Ametlla de Mar, l';Baix Ebre;2025;509,3272093;74358;18240;24,53;2243,44;158;0;3,1645569620253164;14187;100;509,3272093;14187;43,08117651089025;201909,6;14,232015225206174;64,79023333236023
43014;Amposta;Montsià;2025;413,3184946;230431;52400;22,74;864,72;352;0;0,5681818181818182;14186;100;413,3184946;14186;34,96279384745524;77824,8;5,486028478781898;24,974753018724595
43016;Arboç, l';Baix Penedès;2025;519,5510606;57004;14040;24,63;1087,18;77;6,493506493506493;37,66233766233766;15012;100;519,5510606;15012;41,530860159872105;97846,20000000001;6,517865707434053;29,672118342434096
43037;Calafell;Baix Penedès;2025;704,0363402;324279;71990;22,2;2382,3;807;0,49566294919454773;33,581164807930605;15546;100;704,0363402;15546;54,34475802392898;214407,00000000003;13,79177923581629;62,786090417774496
43038;Cambrils;Baix Camp;2025;688,189902;370669;75950;20,49;2655,31;647;0,3091190108191654;12,51931994;17061;100;688,189902;17061;48,40442426586952;238977,9;14,007262176894672;63,76706112436039
43043;Catllar, el;Tarragonès;2025;712,1481818;53894;4290;7,96;1630,57;66;0;25,757575757575758;19813;100;712,1481818;19813;43,13217676071266;146751,3;7,406818755;33,719013633467725
43044;Sénia, la;Montsià;2025;343,9323333;56053;11760;20,98;667,15;51;0;0;14034;100;343,9323333;14034;29,40849365540829;60043,5;4,278430953398888;19,477251491142265
43047;Constantí;Tarragonès;2025;521,0630556;71549;14460;20,21;939,73;106;1,8867924528301887;24,528301886792452;14122;100;521,0630556;14122;44,27670774111315;84575,7;5,988932162583203;27,26418613846172
43051;Cunit;Baix Penedès;2025;727,0539726;163027;32100;19,69;2200,46;379;0;12,401055408970976;15137;100;727,0539726;15137;57,63789173019753;198041,4;13,083266168989892;59,560635259645736
43086;Montblanc;Conca de Barberà;2025;487,6;75672;11260;14,88;1392,94;40;0;5;18131;100;487,6;18131;32,27179968;125364,6;6,914378688434174;31,47721538257834
43092;Mont-roig del Camp;Baix Camp;2025;643,4943284;146533;41630;28,41;2071,31;368;0;0;14540;100;643,4943284;14540;53,10819766712517;186417,9;12,821038514442916;58,36686258195735
43093;Móra d'Ebre;Ribera d'Ebre;2025;408,2455385;58410;12640;21,64;851,86;86;0;39,53488372093023;16088;100;408,2455385;16088;30,45093524365987;76667,4;4,765502238;21,694608742348453
43100;Pallaresos, els;Tarragonès;2025;0;50430;1760;3,49;1727,43;43;0;18,60465116;19595;100;0;19595;0;155468,7;7,934100535850983;36,11942629809424
43123;Reus;Baix Camp;2025;581,6900662;1118957;216630;19,36;1508,42;1.262;2218,700475435816;12361,331220285261;16995;100;581,6900662;16995;41,07255542453663;135757,80000000002;7,988102383053841;36,36526585245719
43129;Riudoms;Baix Camp;2025;568,212069;69254;9010;13,01;1316,21;50;0;18;15713;100;568,212069;15713;43,39429025647553;118458,90000000001;7,538910456310062;34,320351672405074
43131;Roda de Berà;Tarragonès;2025;662,8310345;82423;13130;15,93;2052,43;244;0;25;16275;100;662,8310345;16275;48,872334341013826;184718,69999999998;11,349843317972349;51,66935147418697
43133;Roquetes;Baix Ebre;2025;452,0923188;86079;15520;18,03;888,23;60;0;1,6666666666666667;15445;100;452,0923188;15445;35,12533393072192;79940,7;5,175830365814179;23,562598253541285
43136;Ràpita, la;Montsià;2025;423,259372;162290;33740;20,79;1281,73;305;0;1,3114754098360655;15151;100;423,259372;15151;33,52328205398983;115355,7;7,613735066992278;34,660985371033895
43145;Selva del Camp, la;Baix Camp;2025;607,2451613;57508;5170;8,99;1681,11;48;0;0;17110;100;607,2451613;17110;42,58878980479252;151299,9;8,842776154295732;40,25610718346824
43148;Tarragona;Tarragonès;2025;676,02288;1432580;310440;21,67;1667,54;1.643;304,32136335970785;9860,012172854535;17409;100;676,02288;17409;46,59816508702395;150078,6;8,620747889022919;39,24533935573803
43153;Torredembarra;Tarragonès;2025;638,6979899;181944;35370;19,44;2226,8;356;0;22,752808988764045;15832;100;638,6979899;15832;48,410661184941894;200412,00000000003;12,658665992925721;57,62767326903203
43155;Tortosa;Baix Ebre;2025;471,5766616;362633;85400;23,55;878,98;339;0,2949852507374631;6,784660766961652;15834;100;471,5766616;15834;35,739042182644944;79108,2;4,9960970064418335;22,744374965617943
43156;Ulldecona;Montsià;2025;379,047381;68144;19680;28,88;613,49;115;0;0,8695652173913043;13670;100;379,047381;13670;33,27409343087052;55214,1;4,039070958302853;18,38758220065146
43161;Valls;Alt Camp;2025;543,7124681;255447;46900;18,36;1192,25;228;0;1,3157894736842104;17056;100;543,7124681;17056;38,253691470450285;107302,5;6,291187851782364;28,640183586424218
43162;Vandellòs i l'Hospitalet de l'Infant;Baix Camp;2025;603,277013;71514;13080;18,29;2065,51;143;0,6993006993006993;14,685314685314685;16245;100;603,277013;16245;44,56339892890121;185895,90000000002;11,443268698060944;52,09466384768584
43163;Vendrell, el;Baix Penedès;2025;615,148149;411925;72540;17,61;1695,98;767;0,9126466753585397;12,907431551499348;16662;100;615,148149;16662;44,30307158804465;152638,2;9,160857039971193;41,70414771
43171;Vila-seca;Tarragonès;2025;614,1250952;241647;40790;16,88;2615,03;454;0,22026431718061676;26,21145374449339;15523;100;614,1250952;15523;47,474722298524775;235352,7;15,16154738130516;69,02186212
43901;Deltebre;Baix Ebre;2025;464,7777273;120768;15410;12,76;988,21;184;0,5434782608695652;15,760869565217392;14602;100;464,7777273;14602;38,19567680865635;88938,90000000001;6,090871114;27,728255935607816
43905;Salou;Tarragonès;2025;661,1780737;310179;102390;33,01;2535,99;772;0;12,305699481865284;15336;100;661,1780737;15336;51,73537352895149;228239,09999999998;14,88257042253521;67,75183942703873
43907;Canonja, la;Tarragonès;2025;555,2153659;59923;4680;7,81;;-;;;15868;100;555,2153659;15868;41,98754972775397;;;
08001;Abrera;Baix Llobregat;2024;756,2166443;129774;10330;7,96;2146,56;177;2,2598870056497176;26,55367231638418;19389;97,6;774,8121355532787;19865,77868852459;46,80282496054463;193190,4;9,963917685285471;45,36002396840635
08003;Alella;Maresme;2024;1257,472154;101998;13270;13,01;3399,81;83;0;7,228915662650602;26404;97,6;1288,3936004098362;27053,27868852459;57,14916621723981;305982,9;11,588505529465234;52,755844154637074
08005;Ametlla del Vallès, l';Vallès Oriental;2024;1183,169492;94444;6460;6,84;1794,74;89;0;17,97752808988764;24932;97,6;1212,2638237704919;25545,081967213115;56,94703154179368;161526,6;6,478686025990695;29,493755639581803
08006;Arenys de Mar;Maresme;2024;768,2838947;165067;20980;12,71;2724,58;340;0;51,76470588235295;19760;97,6;787,1761216188524;20245,90163934426;46,656916682186235;245212,19999999998;12,409524291497975;56,49347345875246
08007;Arenys de Munt;Maresme;2024;780,1291045;94494;7380;7,81;2088,72;90;0;21,11111111111111;19320;97,6;799,3126070696721;19795,081967213115;48,455223881987585;187984,8;9,730062111801242;44,29541316435934
08009;Argentona;Maresme;2024;901,9092208;128549;8150;6,34;2712,5;128;0;30,46875;19805;97,6;924,0873163934426;20292,008196721312;54,64736505730875;244125;12,32643271901035;56,11520500665783
08010;Artés;Bages;2024;503,813125;60514;7770;12,84;996,99;92;0;46,73913043478261;18387;97,6;516,2019723360656;18839,139344262294;32,88060858215044;89729,1;4,880029368575625;22,21598532994858
08015;Badalona;Barcelonès;2024;883,348102;2261601;389900;17,24;2672,41;2.486;3781,1745776347543;28238,133547868056;17971;97,6;905,0697766393444;18412,909836065573;58,984904702019925;240516,9;13,383612486784264;60,92794043059215
08019;Barcelona;Barcelonès;2024;1147,22212;16859243;4140630;24,56;4481,77;15.800;993,6708860759493;1004,2658227848101;23003;97,6;1175,4325;23568,647540983606;59,847260965960956;403359,30000000005;17,535073686040953;79,82717118
08020;Begues;Baix Llobregat;2024;1014,057326;74365;5860;7,88;2673,24;89;0;16,853932584269664;23630;97,6;1038,9931618852459;24211,06557377049;51,49677491324587;240591,59999999998;10,181616589081674;46,35108268707426
08022;Berga;Berguedà;2024;470,4999693;171969;28650;16,66;1191,58;152;0;6,578947368421052;17940;97,6;482,0696406762295;18381,147540983606;31,471569852842805;107242,2;5,977826086956521;27,21362652200031
08023;Bigues i Riells del Fai;Vallès Oriental;2024;798,4815517;100398;5040;5,02;1559,67;139;0;15,827338129496402;20739;97,6;818,116344;21248,975409836065;46,201738851439316;140370,30000000002;6,768421813973673;30,81275713101539
08029;Cabrera de Mar;Maresme;2024;1203,035616;50123;4080;8,14;;;;;24788;97,6;1232,6184590163934;25397,54098360656;58,23958121671776;;;
08030;Cabrils;Maresme;2024;1403,484068;77634;11420;14,71;2802,53;97;0;0;24516;97,6;1437,9959713114754;25118,852459016394;68,69721331375429;252227,7;10,288289280469897;46,83670249957933
08033;Caldes de Montbui;Vallès Oriental;2024;771,5697097;183298;17340;9,46;2208,06;207;0;21,73913043478261;19644;97,6;790,5427353483607;20127,04918032787;47,13315270006108;198725,4;10,116340867440439;46,053919624138295
08035;Calella;Maresme;2024;666,012375;202102;43270;21,41;2187,42;253;0;17,786561264822133;16319;97,6;682,3897284836066;16720,286885245903;48,97449905;196867,80000000002;12,06371713953061;54,91921108554452
08040;Canet de Mar;Maresme;2024;736,0275877;151284;15900;10,51;2207,87;201;0,9950248756218906;24,378109452736318;17957;97,6;754,1266267418033;18398,56557377049;49,186005749289976;198708,3;11,065784930667705;50,37619594404909
08041;Canovelles;Vallès Oriental;2024;658,5864789;172678;34950;20,24;1664,8;219;0,913242009;16,894977168949772;15931;97,6;674,7812283811476;16322,745901639344;49,60792007281401;149832;9,405059318310213;42,815861147954884
08043;Canyelles;Garraf;2024;777,6322727;53602;5580;10,41;1816,98;88;0;22,727272727272727;18350;97,6;796,7543777663935;18801,22950819672;50,85333663433242;163528,2;8,911618528610354;40,56950718
08044;Capellades;Anoia;2024;550,8391837;55569;4640;8,35;1100,97;61;0;11,475409836065573;18346;97,6;564,3844095286886;18797,131147540986;36,030034908971984;99087,3;5,401030197318216;24,587804410130644
08046;Cardedeu;Vallès Oriental;2024;786,9048601;190844;13340;6,99;2397,02;204;0;12,745098039215685;19642;97,6;806,2549796106557;20125;48,07483108;215731,8;10,983189084614601;50,00018425115922
08051;Castellar del Vallès;Vallès Occidental;2024;757,1621;253036;12500;4,94;2179,01;292;0;16,43835616438356;20422;97,6;775,7808401639345;20924,180327868853;44,490966604642054;196110,90000000002;9,602923317990404;43,716622881588286
08054;Castellbisbal;Vallès Occidental;2024;772,0704959;129662;8830;6,81;2099,17;123;0;2,4390243902439024;19231;97,6;791,0558359631148;19703,89344262295;48,176620824710106;188925,30000000002;9,823997712027456;44,72304827861166
08056;Castelldefels;Baix Llobregat;2024;1162,781681;691839;163620;23,65;4324,44;696;0;4,885057471264368;21142;97,6;1191,3746731557376;21661,88524590164;65,99839264024216;389199,6;18,40883549333081;83,80490943246998
08067;Centelles;Osona;2024;676,7833858;77762;5560;7,15;1949,17;71;0;35,21126761;18807;97,6;693,4256002;19269,467213114756;43,18286079438508;175425,30000000002;9,327659913861861;42,463505884512436
08068;Cervelló;Baix Llobregat;2024;941,1260563;96301;7550;7,84;2006,03;145;0;17,24137931034483;20781;97,6;964,2685003;21292,008196721312;54,345376428468306;180542,7;8,687873538328281;39,55092408230422
08072;Corbera de Llobregat;Baix Llobregat;2024;773,8877381;157796;16900;10,71;1950,08;190;0;20;21132;97,6;792,9177644467213;21651,639344262294;43,94592493469619;175507,19999999998;8,305281090289608;37,809199274722346
08073;Cornellà de Llobregat;Baix Llobregat;2024;771,8369357;911808;161390;17,7;2895,46;779;0,12836970474967907;2,6957637997432604;18101;97,6;790,8165324795083;18546,10655737705;51,168682550135344;260591,4;14,396519529307772;65,53912743331955
08074;Cubelles;Garraf;2024;813,9156452;173033;22650;13,09;2406,48;284;0;15,845070422535212;18171;97,6;833,9299643442623;18617,82786885246;53,75041407957735;216583,2;11,919167904903418;54,26116101383557
08075;Dosrius;Maresme;2024;856,4785185;61478;3910;6,36;1821,78;101;0;27,722772277227726;19560;97,6;877,5394656762295;20040,983606557376;52,54469438650307;163960,2;8,382423312883436;38,160383736131514
08076;Esparreguera;Baix Llobregat;2024;703,3091489;225058;19310;8,58;2048,31;286;0;0;18887;97,6;720,6036361680327;19351,43442622951;44,68528504685763;184347,9;9,760570762958649;44,43430162083338
08077;Esplugues de Llobregat;Baix Llobregat;2024;1145,531034;477038;73750;15,46;4189,77;544;0;42,463235294117645;22009;97,6;1173,699829918033;22550,20491803279;62,45795996;377079,30000000005;17,13295924394566;77,99657388807891
08086;Franqueses del Vallès, les;Vallès Oriental;2024;738,1638141;206736;23940;11,58;2582,79;184;0;20,108695652173914;18472;97,6;756,3153832991803;18926,22950819672;47,95347428107406;232451,1;12,583970333477696;57,28762661169141
08088;Garriga, la;Vallès Oriental;2024;844,2915;172737;16410;9,5;2477,97;192;0;31,25;20947;97,6;865,0527663934427;21462,090163934427;48,36729841982145;223017,3;10,646741776865422;48,468531900583685
08089;Gavà;Baix Llobregat;2024;1045,13835;479614;62110;12,95;3422,08;502;0,9960159362549801;34,462151394422314;20261;97,6;1070,8384733606556;20759,22131147541;61,900499481762985;307987,2;15,200987118108682;69,20140870283504
08091;Gelida;Alt Penedès;2024;688,2105263;80780;8910;11,03;1728,1;135;0;29,629629629629626;18453;97,6;705,1337359631148;18906,762295081968;44,75438311168916;155529;8,428385628353114;38,369623896196956
08092;Gironella;Berguedà;2024;445,2873563;50738;6530;12,87;;;;;17765;97,6;456,23704538934425;18201,844262295082;30,078515483253586;;;
08096;Granollers;Vallès Oriental;2024;773,9324951;639094;100210;15,68;2310,86;649;0,46224961479198773;22,033898305084744;19180;97,6;792,9636220286885;19651,639344262294;48,42121971428572;207977,40000000002;10,84345151199166;49,36403892723465
08101;Hospitalet de Llobregat, l';Barcelonès;2024;837,3208083;2822846;733940;26;2703,13;3.006;864,9367930805058;18463,073852295413;16747;97,6;857,9106642418033;17158,811475409835;59,99790827969188;243281,7;14,52688242670329;66,13259521750088
08102;Igualada;Anoia;2024;555,9996448;417535;59290;14,2;1634,76;447;0,22371364653243847;15,883668903803134;18102;97,6;569,6717672131148;18547,131147540986;36,857782220749094;147128,4;8,127742790851839;37,00096884
08105;Llagosta, la;Vallès Oriental;2024;688,4281935;130710;17110;13,09;2062,87;146;0,684931507;19,863013698630137;17212;97,6;705,3567556352459;17635,245901639344;47,99638811294446;185658,3;10,786561701138739;49,105052124517734
08106;Llinars del Vallès;Vallès Oriental;2024;780,4194152;106936;9250;8,65;2225,7;187;0;50,26737967914438;19866;97,6;799,6100565573771;20354,508196721312;47,14100967683479;200312,99999999997;10,083207490184233;45,903082289470696
08107;Lliçà d'Amunt;Vallès Oriental;2024;938,45;162254;5760;3,55;1707,44;197;0;18,781725888324875;20186;97,6;961,5266393442623;20682,37704918033;55,788170018824935;153669,6;7,612682056871099;34,65619161762843
08108;Lliçà de Vall;Vallès Oriental;2024;922,6931034;68558;2900;4,23;1702,3;73;0;13,698630136986301;21543;97,6;945,3822780737705;22072,745901639344;51,39635724272386;153207;7,1116836095251355;32,375431950845204
08110;Malgrat de Mar;Maresme;2024;657,3530317;192658;26240;13,62;1962,31;275;0,36363636363636365;27,636363636363637;16442;97,6;673,5174505122951;16846,311475409835;47,976136603819484;176607,9;10,741266269310303;48,898847904622244
08112;Manlleu;Osona;2024;527,293451;212885;53200;24,99;1054,69;212;0;6,603773585;16479;97,6;540,2596834016393;16884,22131147541;38,39748414345531;94922,1;5,760185690879301;26,22283415554637
08113;Manresa;Bages;2024;552,768;797523;164210;20,59;1264,34;1.035;579,7101449275364;22512,07729468599;17645;97,6;566,3606557;18078,89344262295;37,59260980447719;113790,59999999999;6,448886370076508;29,35809483
08114;Martorell;Baix Llobregat;2024;686,4617742;284909;47010;16,5;2214,27;470;7,446808510638298;35,95744680851064;17287;97,6;703,3419817622952;17712,090163934427;47,651653209926536;199284,3;11,527986348122866;52,48033490185671
08118;Masnou, el;Maresme;2024;971,0265092;244498;30660;12,54;3708,65;327;11,009174311926607;33,63914373088685;22480;97,6;994,9042102459016;23032,786885245903;51,83415529537366;333778,5;14,847798042704627;67,59354065015471
08119;Masquefa;Anoia;2024;741,2723684;100142;7060;7,05;1804,16;119;0;18,487394957983195;17127;97,6;759,5003774590164;17548,155737704918;51,93710761;162374,4;9,480609563846558;43,15979824745626
08120;Matadepera;Vallès Occidental;2024;1181,939783;98571;4140;4,2;2980,21;76;0;5,263157894736842;29265;97,6;1211,0038760245902;29984,631147540986;48,46498341363404;268218,9;9,165176832393644;41,72381325530264
08121;Mataró;Maresme;2024;740,7497053;1308737;221700;16,94;2350,28;1.483;1281,1867835468643;17936,614969656104;17469;97,6;758,9648619877049;17898,56557377049;50,88440359264984;211525,2;12,10860381;55,12355445976769
08123;Molins de Rei;Baix Llobregat;2024;834,155599;269194;22370;8,31;3073,01;305;0,32786885245901637;52,459016393442624;21698;97,6;854,6676219262296;22231,55737704918;46,132672080376075;276570,9;12,746377546317634;58,02697385438701
08124;Mollet del Vallès;Vallès Oriental;2024;728,9559937;520612;69710;13,39;2187,13;575;2,2608695652173916;24,52173913043478;18103;97,6;746,8811410860657;18548,155737704918;48,320565234491525;196841,7;10,873429818262167;49,500513026470806
08125;Montcada i Reixac;Vallès Occidental;2024;729,2002755;370931;52190;14,07;2114,12;401;1,7456359102244388;16,957605985037407;17556;97,6;747,1314298155737;17987,70491803279;49,84280762132604;190270,8;10,837935748462064;49,33892880751979
08126;Montgat;Maresme;2024;1043,097748;126483;15140;11,97;3231,41;133;0;36,84210526315789;21077;97,6;1068,7476926229508;21595,286885245903;59,38783022251742;290826,89999999997;13,798306210561273;62,81580400436011
08135;Montmeló;Vallès Oriental;2024;735,9246429;88836;7480;8,42;2272,3;93;3,225806451612903;18,27956989247312;18643;97,6;754,0211505122951;19101,43442622951;47,36949909;204507,00000000003;10,969640079386366;49,93850337208005
08136;Montornès del Vallès;Vallès Oriental;2024;658,7331169;170373;20990;12,32;2413,62;182;2,197802197802198;9,89010989;17821;97,6;674,9314722336067;18259,22131147541;44,35664330172269;217225,8;12,18931597553448;55,49099082033228
08138;Moià;Moianès;2024;603,7223762;67171;9330;13,89;1522,15;70;0;22,857142857142858;17819;97,6;618,5680084016393;18257,17213114754;40,656987004882424;136993,5;7,688057691228464;34,99933381220247
08140;Navarcles;Bages;2024;522,4216418;61580;4600;7,47;1426,93;58;0;34,48275862068966;19157;97,6;535,2680756147541;19628,073770491803;32,72464218;128423,70000000001;6,703747977240696;30,518334106157507
08141;Navàs;Bages;2024;529,1320588;61835;6740;10,9;1217,16;62;1,6129032258064515;25,806451612903224;18716;97,6;542,1435028688525;19176,22950819672;33,92597085702073;109544,40000000001;5,852981406283394;26,645280025518908
08147;Olesa de Montserrat;Baix Llobregat;2024;695,1725526;247077;24090;9,75;2025,09;413;0;7,021791767554479;18211;97,6;712,2669596311475;18658,811475409835;45,80786684531327;182258,1;10,008132447421888;45,56130851667466
08155;Palafolls;Maresme;2024;652,9652564;99311;7210;7,26;1881,7;124;0;30,64516129032258;17053;97,6;669,0217790983608;17472,33606557377;45,948414219198966;169353;9,930979886237026;45,21007698956785
08156;Palau-solità i Plegamans;Vallès Occidental;2024;909,8191406;154521;11620;7,52;2338,69;193;0;39,89637305699482;20270;97,6;932,1917424180327;20768,44262295082;53,86201128367044;210482,1;10,38392205229403;47,27206386637524
08157;Pallejà;Baix Llobregat;2024;963,4561321;118064;8170;6,92;2873,91;207;1,4492753623188406;50,72463768115942;20764;97,6;987,1476763319672;21274,590163934427;55,68037750529763;258651,9;12,456747254864188;56,70845262837305
08159;Parets del Vallès;Vallès Oriental;2024;789,5770352;188758;14440;7,65;2557,72;183;1,092896174863388;18,03278689;19700;97,6;808,9928639344262;20184,426229508197;48,096063057868015;230194,8;11,685015228426396;53,19519766962314
08161;Piera;Anoia;2024;669,2300671;175670;17040;9,7;1508,98;252;0;14,682539682539684;16673;97,6;685,6865441598361;17082,991803278688;48,16626165177233;135808,2;8,145396749;37,081337225730636
08163;Pineda de Mar;Maresme;2024;671,596;294212;47780;16,24;2212,08;376;0,26595744680851063;9,042553191489363;15624;97,6;688,1106557;16008,196721311475;51,581874039938555;199087,19999999998;12,742396313364054;58,00884958
08167;Polinyà;Vallès Occidental;2024;739,1386567;85576;6170;7,21;2541,87;57;0;19,298245614035086;18506;97,6;757,3141974385246;18961,06557377049;47,92858467740192;228768,3;12,361844807089591;56,27641600967704
08169;Prat de Llobregat, el;Baix Llobregat;2024;836,6388078;659378;69960;10,61;3059,61;575;0;2,086956521739131;18987;97,6;857,2118932377049;19453,89344262295;52,876524430399755;275364,9;14,502812450624113;66,02301836968299
08172;Premià de Mar;Maresme;2024;882,0916755;289225;41070;14,2;2938,55;228;0;9,649122807017543;19107;97,6;903,7824544057377;19576,844262295082;55,39906895902026;264469,5;13,841497880357984;63,01243099778737
08180;Ripollet;Vallès Occidental;2024;724,9444886;394440;54630;13,85;2760,79;396;0,25252525252525254;7,3232323232323235;17365;97,6;742,7709924180328;17792,008196721312;50,096941337172474;248471,1;14,308730204434207;65,13947279884621
08181;Roca del Vallès, la;Vallès Oriental;2024;797,3483516;109541;5970;5,45;2267,41;117;0;8,547008547008547;21049;97,6;816,9552782786885;21566,59836065574;45,45669732148795;204066,9;9,694850111644259;44,13511304732254
08183;Roda de Ter;Osona;2024;571,3077381;68825;11480;16,68;1190,07;77;0;2,5974025974025974;18015;97,6;585,3562890368853;18457,991803278688;38,05546964862615;107106,29999999999;5,945395503746877;27,06598860705935
08184;Rubí;Vallès Occidental;2024;753,6527848;815106;119250;14,63;2108,91;1.028;680,9338521400778;20136,186770428016;17572;97,6;772,1852303278688;18004,09836065574;51,46729693603459;189801,9;10,801382881857501;49,17252449170077
08187;Sabadell;Vallès Occidental;2024;794,7790137;2216162;322230;14,54;2190,52;2.575;2796,116504854369;31611,650485436887;19107;97,6;814,3227599385245;19576,844262295082;49,915466396608565;197146,8;10,318040508714084;46,97214284231106
08191;Sallent;Bages;2024;451,4641;69322;6440;9,29;988,06;108;1,8518518518518516;32,407407407407405;18605;97,6;462,5656762295082;19062,5;29,11888847084117;88925,4;4,779650631550658;21,759018295375938
08192;Santpedor;Bages;2024;545,7669307;77108;3840;4,98;1968,96;72;0;30,555555555555557;19733;97,6;559,1874289959017;20218,237704918032;33,18909019611817;177206,4;8,980205746718694;40,88174559229208
08194;Sant Adrià de Besòs;Barcelonès;2024;875,9702254;386631;72880;18,85;2821,17;443;6,5462753950338595;22,34762979683973;16636;97,6;897,5104768442624;17045,081967213115;63,186118687184425;253905,30000000002;15,26240081750421;69,48099019
08196;Sant Andreu de la Barca;Baix Llobregat;2024;752,9311828;270441;28180;10,42;2370,87;251;0;1,1952191235059761;18230;97,6;771,4458840163934;18678,27868852459;49,56211845;213378,3;11,704788809654415;53,28521548658773
08197;Sant Andreu de Llavaneres;Maresme;2024;1114,639873;119441;17080;14,3;3064,93;153;0;14,37908496732026;22108;97,6;1142,049050204918;22651,639344262294;60,50153101139859;275843,7;12,477098787769133;56,801101529088626
08198;Sant Antoni de Vilamajor;Vallès Oriental;2024;780,486;66557;4040;6,07;1999,79;91;0;2,197802197802198;20921;97,6;799,6782786885246;21435,450819672133;44,76761149084652;179981,1;8,602891831174418;39,16405092707252
08200;Sant Boi de Llobregat;Baix Llobregat;2024;790,101224;846075;99160;11,72;2715,06;871;4,707233065442021;19,402985074626866;18638;97,6;809,5299426229508;19096,311475409835;50,87034385663698;244355,4;13,110601995922309;59,68507966
08202;Sant Celoni;Vallès Oriental;2024;705,3773333;187014;22610;12,09;1817,01;174;1,7241379310344827;25,287356321839084;18073;97,6;722,7226775614755;18517,418032786885;46,835212746085325;163530,9;9,048353898;41,19198518647468
08205;Sant Cugat del Vallès;Vallès Occidental;2024;1430,523121;986403;149440;15,15;4856,44;847;0,3541912632821724;38,84297520661157;26038;97,6;1465,699919057377;26678,27868852459;65,92778804823719;437079,6;16,78622013979568;76,41806886908886
08208;Sant Esteve Sesrovires;Baix Llobregat;2024;876,1721127;80352;5480;6,82;1782,39;70;0;18,571428571428573;21392;97,6;897,7173285860656;21918,032786885247;49,14952015893792;160415,1;7,498836013462977;34,13791563213662
08209;Sant Fost de Campsentelles;Vallès Oriental;2024;983,6541463;91992;4710;5,12;2289,73;96;0;36,45833333333333;20327;97,6;1007,8423630122951;20826,844262295082;58,069807426575494;206075,7;10,138028238303734;46,152649831797824
08210;Sant Feliu de Codines;Vallès Oriental;2024;718,3478733;66254;6950;10,49;1611,06;83;0;28,915662650602407;18436;97,6;736,0121652663934;18889,344262295082;46,75729268604903;144995,4;7,864797136038185;35,80392751780594
08211;Sant Feliu de Llobregat;Baix Llobregat;2024;899,4201241;463878;45460;9,8;3131,27;516;2,7131782945736433;14,534883720930234;21081;97,6;921,5370123975409;21599,38524590164;51,197957825530096;281814,3;13,368165646790949;60,85761979422561
08213;Sant Fruitós de Bages;Bages;2024;558,602875;92276;6690;7,25;1472,01;104;8,653846153846153;41,34615384615385;20894;97,6;572,3390112704918;21407,786885245903;32,08210251746913;132480,9;6,340619316550206;28,865216801017496
08214;Vilassar de Dalt;Maresme;2024;952,0524138;93011;7320;7,87;2689,04;101;0;15,841584158415841;22733;97,6;975,4635387295082;23292,008196721312;50,25570301;242013,6;10,645915629261426;48,464770922592656
08217;Sant Joan Despí;Baix Llobregat;2024;1098,715186;350146;36030;10,29;3286,17;350;0,5714285714285714;34,285714285714285;21658;97,6;1125,7327725409834;22190,573770491803;60,87626850124664;295755,3;13,655706898143873;62,166630814312185
08218;Sant Joan de Vilatorrada;Bages;2024;572,83136;109736;10820;9,86;1729,77;131;0;41,221374045801525;18226;97,6;586,9173770491803;18674,180327868853;37,71522177109624;155679,3;8,541605399;38,88504881910795
08219;Vilassar de Mar;Maresme;2024;1056,145748;211589;17710;8,37;3914,37;201;0;6,467661691542288;22807;97,6;1082,1165450819672;23367,82786885246;55,56955748673652;352293,3;15,446718112860086;70,32008151445059
08221;Sant Just Desvern;Baix Llobregat;2024;1315,259224;208138;26600;12,78;4756,9;139;3,597122302158273;17,26618705035971;30352;97,6;1347,6016639344261;31098,360655737706;52,00023289404322;428120,99999999994;14,105198998418553;64,21291151293528
08230;Premià de Dalt;Maresme;2024;1222,972584;105766;11190;10,58;2680,96;108;0;10,185185185185185;23552;97,6;1253,045680327869;24131,147540983606;62,311782472826096;241286,4;10,24483695652174;46,63888889673491
08231;Sant Pere de Ribes;Garraf;2024;840,9072554;320142;54200;16,93;2720,84;484;0,4132231404958678;31,611570247933884;17972;97,6;861,5853026639345;18413,93442622951;56,14782475406188;244875,6;13,625395058980637;62,02863833039181
08234;Sant Pere de Vilamajor;Vallès Oriental;2024;949,879375;49256;2980;6,05;;;;;19448;97,6;973,2370645491803;19926,22950819672;58,610409810777455;;;
08235;Sant Pol de Mar;Maresme;2024;858,813609;58088;7900;13,6;3520,46;110;0;45,45454545454545;20677;97,6;879,9319764344262;21185,450819672133;49,841675813706054;316841,4;15,323373796972483;69,75856532154877
08238;Sant Quirze del Vallès;Vallès Occidental;2024;955,3948026;201173;12010;5,97;2946,68;173;0;9,826589595375722;24946;97,6;978,8881174180328;25559,426229508197;45,95822028060611;265201,2;10,631010983724845;48,39691858778481
08240;Sant Sadurní d'Anoia;Alt Penedès;2024;640,083105;129089;11760;9,11;1976,47;107;0;11,214953271028037;19542;97,6;655,8228534836067;20022,54098360656;39,30507245931839;177882,3;9,102563708934602;41,43877148051627
08244;Santa Coloma de Cervelló;Baix Llobregat;2024;1013,92;83260;3780;4,54;2588,11;93;0;8,602150538;21199;97,6;1038,8524590163934;21720,286885245903;57,39440539648096;232929,90000000002;10,987777725364404;50,021073710603545
08245;Santa Coloma de Gramenet;Barcelonès;2024;702,1755434;1209178;277990;22,99;2310,23;1.333;0;2700,675168792198;15925;97,6;719,4421551229509;16316,598360655738;52,91118694379906;207920,7;13,056244897959184;59,43762285
08248;Santa Eulàlia de Ronçana;Vallès Oriental;2024;967,377234;79157;3570;4,51;1932,49;79;0;20,253164556962027;19397;97,6;991,1651987704919;19873,975409836065;59,84702174563077;173924,1;8,966546373150488;40,819562269224065
08250;Santa Margarida de Montbui;Anoia;2024;489,9422689;105163;13240;12,59;1160,35;123;0;12,195121951219512;13469;97,6;501,9900296106557;13800,204918032787;43,65065874823669;104431,49999999999;7,753470933254138;35,29712292687145
08251;Santa Margarida i els Monjos;Alt Penedès;2024;552,5334118;77171;10040;13,01;1506,63;78;0;12,82051282051282;18332;97,6;566,1202989754098;18782,786885245903;36,16845375081824;135596,7;7,396721579751255;33,67304696230365
08252;Barberà del Vallès;Vallès Occidental;2024;802,9039939;336515;30320;9,01;2524,82;476;6,092436974789916;27,521008403361346;19180;97,6;822,6475347336067;19651,639344262294;50,233826521376436;227233,80000000002;11,847434827945778;53,934601301792675
08259;Santa Maria de Palautordera;Vallès Oriental;2024;740,7992157;99898;9840;9,85;1875,8;122;0;34,42622950819672;19072;97,6;759,0155898565574;19540,983606557376;46,61068890729866;168822;8,851824664;40,29729987990665
08260;Santa Perpètua de Mogoda;Vallès Occidental;2024;735,7261029;259320;26710;10,3;2137,51;278;0,7194244604316548;28,41726618705036;18415;97,6;753,8177283811475;18867,82786885246;47,943053134944336;192375,90000000002;10,446695628563672;47,55783609112761
08262;Sant Vicenç de Castellet;Bages;2024;565,7364706;101305;14750;14,56;1411,96;165;0;24,242424242424242;16436;97,6;579,6480231557376;16840,16393442623;41,304682691652474;127076,40000000001;7,731589194451205;35,19750787304205
08263;Sant Vicenç dels Horts;Baix Llobregat;2024;824,4149351;286097;27780;9,71;2132,82;273;2,197802197802198;19,413919413919416;17829;97,6;844,6874335040984;18267,418032786885;55,48813293622749;191953,80000000002;10,766380615850581;49,013179174409856
08264;Sant Vicenç de Montalt;Maresme;2024;1667,741875;67244;8540;12,7;3342,63;75;0;24;23591;97,6;1708,7519211065573;24171,10655737705;84,83278580814716;300836,7;12,75218091645119;58,053393282635035
08266;Cerdanyola del Vallès;Vallès Occidental;2024;848,1314937;578350;65180;11,27;2993,45;548;0;5,291970802919708;20898;97,6;868,9871861680327;21411,88524590164;48,701205495262705;269410,5;12,891688199827735;58,68849023120502
08267;Sentmenat;Vallès Occidental;2024;733,1060504;95181;6320;6,64;2038,65;100;0;9;18756;97,6;751,1332483606557;19217,21311;46,903778016634675;183478,5;9,782389635316699;44,53363048
08270;Sitges;Garraf;2024;1306,343258;324935;87570;26,95;5202,57;557;0;28,007181328545784;23059;97,6;1338,4664528688527;23626,024590163935;67,98264927;468231,3;20,30579383321046;92,44067685667109
08274;Súria;Bages;2024;478,8915957;60693;6130;10,1;1212,78;51;3,9215686274509802;27,450980392156865;19001;97,6;490,66761854508195;19468,237704918032;30,244193191937267;109150,2;5,744445029208989;26,151175916970367
08278;Taradell;Osona;2024;676,7257407;68301;6270;9,18;2264,64;35;0;34,285714285714285;22274;97,6;693,3665376;22821,72131147541;36,45824229325671;203817,59999999998;9,150471401634192;41,65686783154632
08279;Terrassa;Vallès Occidental;2024;719,9044335;2282678;330760;14,49;2179,98;3.063;97,94319294809011;11981,71727064969;18684;97,6;737,6070015368853;19143,44262295082;46,23663670520231;196198,2;10,500867052023121;47,80444762929318
08281;Teià;Maresme;2024;991,3531731;68149;6590;9,67;3601,79;108;0;34,25925925925926;26046;97,6;1015,7307101434427;26686,475409836065;45,673954070490666;324161,1;12,445715272978575;56,65823031837852
08282;Tiana;Maresme;2024;1134,180882;93182;5330;5,72;3483,82;67;2,9850746268656714;17,91044776119403;26539;97,6;1162,0705758196723;27191,59836065574;51,28366021327104;313543,8;11,81445419948001;53,784459345089275
08283;Tona;Osona;2024;617,7286861;84981;8770;10,32;1621,52;90;0;20;20036;97,6;632,9187357581967;20528,688524590165;36,99712633859053;145936,8;7,283729287;33,158657617018385
08284;Tordera;Maresme;2024;637,8672864;188029;20890;11,11;1486,25;247;1,214574898785425;15,789473684210526;15538;97,6;653,5525475409836;15920,081967213115;49,262501202213926;133762,5;8,608733427725577;39,19064437835782
08285;Torelló;Osona;2024;529,9791244;151111;25160;16,65;1183,21;164;0;12,195121951219512;18869;97,6;543,0113979508197;19332,991803278688;33,704751141024964;106488,90000000001;5,643590015369124;25,69204066619785
08289;Torrelles de Llobregat;Baix Llobregat;2024;854,9922222;61407;3580;5,83;1868,96;43;0;51,162790697674424;20515;97,6;876,0166211065574;21019,467213114756;50,01173125225446;168206,4;8,199190835973678;37,32623096541049
08291;Vacarisses;Vallès Occidental;2024;855,6505405;75541;3490;4,62;1796,29;110;0;3,6363636363636362;18570;97,6;876,6911275614755;19026,639344262294;55,29244204;161666,1;8,705767366720517;39,632384458673755
08295;Vallirana;Baix Llobregat;2024;863,8575373;159538;11040;6,92;1896,2;201;0;44,27860696517413;19166;97,6;885,0999357581967;19637,295081967215;54,08687492225817;170658;8,904205363664824;40,53575927387611
08298;Vic;Osona;2024;646,9182097;493298;147200;29,84;2278,69;558;0,7168458781362007;44,086021505376344;17726;97,6;662,8260345286885;18161,885245901638;43,79453072548799;205082,1;11,569564481552522;52,66961638615841
08300;Viladecavalls;Vallès Occidental;2024;984,79125;77778;1890;2,43;2345,92;71;0;1,4084507042253522;20806;97,6;1009,0074282786885;21317,622950819674;56,79849562626165;211132,80000000002;10,147688166874941;46,19662596702524
08301;Viladecans;Baix Llobregat;2024;864,7304874;671855;63020;9,38;2707,6;735;0;5,3061224489795915;18933;97,6;885,9943518442624;19398,56557377049;54,80782680399303;243684;12,870860402471875;58,593673170575755
08302;Vilanova del Camí;Anoia;2024;493,0411565;128522;11130;8,66;1339,04;149;0,6711409395973155;12,080536912751679;15730;97,6;505,1651193647541;16116,803278688525;37,61280278448824;120513,59999999999;7,661385886840431;34,87791232674516
08305;Vilafranca del Penedès;Alt Penedès;2024;666,7397967;415307;61590;14,83;1843,15;475;1,263157894736842;36,63157894736842;17997;97,6;683,1350376024591;18439,54918032787;44,456729234872476;165883,5;9,217286214;41,96103749681504
08307;Vilanova i la Geltrú;Garraf;2024;795,1235893;702829;94390;13,43;2994,08;1.146;87,26003490401398;26788,830715532287;18972;97,6;814,6758087090165;19438,524590163935;50,29244714104997;269467,2;14,203415559772296;64,66003539711583
08902;Vilanova del Vallès;Vallès Oriental;2024;1063,285106;56448;2670;4,73;2443,23;51;0;27,450980392156865;20847;97,6;1089,4314610655738;21359,631147540986;61,20507157864441;219890,7;10,547834220751188;48,018262312084005
08904;Badia del Vallès;Vallès Occidental;2024;455,5645238;131013;8280;6,32;1763,44;74;8,108108108108109;10,81081081081081;15259;97,6;466,76693012295084;15634,22131147541;35,82655669178846;158709,6;10,401048561504686;47,35003107694721
17008;Anglès;Selva;2024;564,0562651;59150;13220;22,35;1080,32;53;5,660377358490567;37,735849056603776;16378;97,6;577,9265011270492;16780,737704918032;41,327849439492006;97228,79999999999;5,936549029185492;27,025715663141625
17009;Arbúcies;Selva;2024;501,3024528;65556;14750;22,5;1117,59;86;1,1627906976744187;26,744186046511626;15778;97,6;513,6295623;16165,983606557378;38,12669180884776;100583,09999999999;6,374895424008112;29,021256333352298
17015;Banyoles;Pla de l'Estany;2024;659,8244192;207036;40020;19,33;1728,27;170;3,5294117647058822;31,176470588235293;18991;97,6;676,0496098360655;19457,991803278688;41,692870467063344;155544,3;8,190421778737296;37,28631045833825
17020;Bescanó;Gironès;2024;881,5348837;51264;2840;5,54;1640,82;33;6,0606060606060606;21,21212121212121;18675;97,6;903,2119710040984;19134,22131147541;56,64481180401606;147673,8;7,9075662650602405;35,99863092452047
17022;Bisbal d'Empordà, la;Baix Empordà;2024;514,9563054;116369;24740;21,26;1175,63;87;0;26,436781609195403;15454;97,6;527,6191653688525;15834,016393442624;39,98625381648765;105806,70000000001;6,846557525559726;31,168464380139486
17023;Blanes;Selva;2024;618,7877974;419421;81200;19,36;2373,74;627;0;2,073365231259968;15669;97,6;634,0038907786886;16054,303278688525;47,38945413746889;213636,59999999998;13,634348075818494;62,069396300417445
17033;Caldes de Malavella;Selva;2024;875,5691667;84412;8610;10,2;2269,67;105;0;20;17653;97,6;897,099556;18087,090163934427;59,51866538492041;204270,30000000002;11,571421288166318;52,67806936571592
17034;Calonge i Sant Antoni;Baix Empordà;2024;753,7729936;122020;27540;22,57;2490,52;534;0;34,26966292134831;16501;97,6;772,3083950819672;16906,762295081968;54,81653186594752;224146,8;13,583831282952548;61,83942220713581
17044;Cassà de la Selva;Gironès;2024;667,5797175;109433;18910;17,28;1551,89;112;0;44,642857142857146;17921;97,6;683,9956122;18361,680327868853;44,70150443613638;139670,1;7,793655487975002;35,480060243584724
17047;Castelló d'Empúries;Alt Empordà;2024;592,3749342;121332;54830;45,19;2635,77;682;0;9,384164223;13339;97,6;606,9415309;13667,008196721312;53,29109536247094;237219,3;17,78388934702751;80,95988671443372
17048;Castell d'Aro, Platja d'Aro i s'Agaró;Baix Empordà;2024;798,9553012;127734;45320;35,48;3315,71;453;0;15,23178808;13690;97,6;818,6017430327869;14026,639344262296;70,03260492622351;298413,9;21,797947406866328;99,23359948042258
17049;Celrà;Gironès;2024;751,8728205;55522;11160;20,1;1701,41;62;0;16,129032258064516;17221;97,6;770,3614964139344;17644,467213114753;52,39227597700482;153126,9;8,891870390801927;40,479605190474075
17062;Escala, l';Alt Empordà;2024;664,4496875;106288;31100;29,26;2544,87;391;0;3,580562659846547;14478;97,6;680,7886142418033;14834,016393442624;55,072497927890595;229038,3;15,8197472;72,01826981631459
17066;Figueres;Alt Empordà;2024;568,6979707;486664;140500;28,87;1315,08;588;0;9,523809523809524;14496;97,6;582,6823470286886;14852,459016393443;47,07764658112583;118357,2;8,164817880794702;37,16975054
17079;Girona;Gironès;2024;766,8403489;1064850;226600;21,28;2520,15;1.271;3225,8064516129034;38316,28638867034;18853;97,6;785,6970787909836;19316,59836065574;48,80965462684983;226813,5;12,030631729698191;54,768592119149474
17089;Llagostera;Gironès;2024;643,3640441;94873;16470;17,36;1278,05;128;0;32,03125;16539;97,6;659,1844714139345;16945,696721311477;46,679778276800285;115024,5;6,954743333937965;31,660972549724757
17092;Llançà;Alt Empordà;2024;568,8339535;50473;8010;15,87;;;;;16282;97,6;582,8216736680328;16682,37704918033;41,92364231666871;;;
17095;Lloret de Mar;Selva;2024;623,1005861;421360;167280;39,7;2208,06;785;0,12738853503184713;15,414012738853502;12941;97,6;638,4227317;13259,22131147541;57,779205882080205;198725,4;15,356263039950544;69,90829125234315
17103;Maçanet de la Selva;Selva;2024;639,9841071;79701;11190;14,04;1357,83;173;0;17,91907514450867;15356;97,6;655,7214212090164;15733,60655737705;50,011782268820006;122204,7;7,958107580098984;36,228716653243204
17114;Olot;Garrotxa;2024;542,4713112;388301;103560;26,67;1483,46;420;1,4285714285714286;27,142857142857142;17350;97,6;555,8107696721311;17776,639344262294;37,51962959308357;133511,4;7,695181556195965;35,031764698915914
17117;Palafrugell;Baix Empordà;2024;648,2944318;242411;58930;24,31;2578,66;458;0,21834061135371177;17,903930131004365;15146;97,6;664,2360981557377;15518,44262295082;51,363615354549054;232079,4;15,322817905717681;69,75603467
17118;Palamós;Baix Empordà;2024;730,1760727;186200;30090;16,16;2749,27;362;0,8287292817679558;30,386740331491712;16775;97,6;748,1312220286885;17187,5;52,23316168345752;247434,3;14,750181818181817;67,14914975654074
17141;Puigcerdà;Cerdanya;2024;641,3380822;100414;24270;24,17;2550;133;0;37,59398496240601;14724;97,6;657,1086907786886;15086,065573770493;52,268792355338235;229500;15,58679706601467;70,95778094887531
17147;Ripoll;Ripollès;2024;447,4217453;107718;16190;15,03;1040,6;108;0;12,962962962962962;17770;97,6;458,4239193647541;18206,967213114756;30,21418651435003;93653,99999999999;5,270343275182892;23,992861526452483
17152;Roses;Alt Empordà;2024;625,6587273;202557;62570;30,89;3000,14;832;0;1,201923076923077;13396;97,6;641,0437779713116;13725,409836065573;56,04586987;270012,6;20,156210809196775;91,75971081812706
17155;Salt;Gironès;2024;558,9021662;339502;126770;37,34;1324,97;430;6,744186046511628;29,53488372093023;13079;97,6;572,6456620901639;13400,61475409836;51,27934853123327;119247,3;9,117463108800367;41,506599934782216
17160;Sant Feliu de Guíxols;Baix Empordà;2024;643,0331389;229332;45660;19,91;2255,87;485;0,2061855670103093;21,030927835051546;15523;97,6;658,8454292008197;15904,713114754099;49,70944834632481;203028,3;13,079192166462667;59,54208865397123
17164;Sant Hilari Sacalm;Selva;2024;496,3106796;59705;11720;19,63;742,08;96;0;37,5;16242;97,6;508,51504057377053;16641,39344262295;36,66868707794607;66787,2;4,112005910602142;18,719613364388994
17180;Santa Coloma de Farners;Selva;2024;590,766114;138744;28720;20,7;1443,61;173;1,7341040462427744;35,83815028901734;16754;97,6;605,2931495901639;17165,983606557376;42,31343779395965;129924,9;7,754858541243881;35,30343991318763
17181;Santa Cristina d'Aro;Baix Empordà;2024;875,7707143;58342;10840;18,58;2085,38;120;0;16,666666666666664;17678;97,6;897,3060597336066;18112,70491803279;59,44817610363163;187684,2;10,61682317004186;48,33232958
17186;Sarrià de Ter;Gironès;2024;713,3221569;53791;4540;8,44;2055,56;41;2,4390243902439024;29,268292682926827;18474;97,6;730,8628656762295;18928,27868852459;46,33466430009744;185000,4;10,014095485547255;45,58845482205719
17193;Sils;Selva;2024;625,4926829;67068;8350;12,45;2175,54;109;0;41,284403669724774;17036;97,6;640,8736505122951;17454,918032786885;44,059123003052356;195798,6;11,493226109415357;52,32209139656876
17199;Torroella de Montgrí;Baix Empordà;2024;609,0165333;124209;34940;28,13;2230,7;223;0;18,83408071748879;15327;97,6;623,9923497;15703,893442622952;47,68185815619495;200762,99999999997;13,098649442160891;59,63066651
17202;Tossa de Mar;Selva;2024;615,7945833;62417;16060;25,73;2822,04;137;0;1,4598540145985401;15254;97,6;630,9370730532787;15629,098360655738;48,44326078143438;253983,6;16,650295004588962;75,79927939434332
17213;Vidreres;Selva;2024;735,0608333;86545;14730;17,02;1487,96;143;0;24,475524475524477;16605;97,6;753,1360997;17013,319672131147;53,12092742908763;133916,4;8,064823848238483;36,71453484579764
17221;Vilafant;Alt Empordà;2024;730,5775;56980;4000;7,02;1617,01;26;0;19,230769230769234;17109;97,6;748,5425204918033;17529,71311;51,24162721374715;145530,9;8,506102051551814;38,723422364869364
25003;Agramunt;Urgell;2024;408,6934146;55910;10690;19,12;857,89;40;5;15;16508;97,6;418,7432526639344;16913,93442622951;29,70875318148776;77210,1;4,677132299491156;21,292310907147765
25011;Alcarràs;Segrià;2024;499,7420325;102173;34330;33,6;890,71;190;0;56,84210526315789;14767;97,6;512,0307710040984;15130,122950819672;40,610173968984896;80163,90000000001;5,428584004875737;24,71324115205352
25019;Almacelles;Segrià;2024;414,1211304;70302;16310;23,2;823,23;93;0;58,06451612903226;14696;97,6;424,30443688524593;15057,377049180328;33,81500792596625;74090,7;5,041555525;22,951321627633224
25023;Alpicat;Segrià;2024;694,25;64697;4490;6,94;1342,64;87;0;18,39080459770115;21135;97,6;711,3217213114755;21654,71311;39,41802697;120837,6;5,717416607523067;26,02813095672223
25040;Balaguer;Noguera;2024;417,8549213;176003;43420;24,67;608,6;263;0;20,912547528517113;14841;97,6;428,1300423155738;15205,94262295082;33,78653093;54774;3,6907216494845363;16,80174683985643
25050;Bellpuig;Urgell;2024;423,4124359;52458;12700;24,21;517,89;48;0;8,333333333333332;15481;97,6;433,82421711065575;15861,680327868853;32,82054925909179;46610,1;3,0107938763645756;13,706424190708825
25058;Borges Blanques, les;Garrigues;2024;434,267963;63389;10960;17,29;728,46;71;0;15,492957746478872;16200;97,6;444,94668340163935;16598,360655737706;32,16799725925926;65561,40000000001;4,047000000000001;18,423678596947497
25072;Cervera;Segarra;2024;400,9803185;95533;22240;23,28;822,75;77;0;10,38961038961039;15930;97,6;410,8404902663935;16321,72131147541;30,205673709981166;74047,5;4,648305084745763;21,16107706990677
25110;Guissona;Segarra;2024;437,0607031;75862;39160;51,62;1171,98;48;8,333333333333332;29,166666666666668;15676;97,6;447,8080974385246;16061,475409836066;33,45705816024496;105478,2;6,728642510844603;30,63166469324406
25120;Lleida;Segrià;2024;562,5698448;1448457;319240;22,04;1264,68;1.960;4693,877551020408;32602,04081632653;17672;97,6;576,4035295081968;18106,55737704918;38,200759040289725;113821,20000000001;6,440765052059756;29,321123112824495
25137;Mollerussa;Pla d'Urgell;2024;476,0891611;156806;47810;30,49;859,71;204;1,4705882352941175;40,68627450980392;16470;97,6;487,7962716188525;16875;34,68773487067395;77373,90000000001;4,697868852459017;21,386712584214347
25203;Seu d'Urgell, la;Alt Urgell;2024;566,6890991;127588;22430;17,58;1574,12;132;0,7575757575757576;30,303030303030305;15080;97,6;580,6240769467214;15450,819672131149;45,09462327055703;141670,8;9,394615384615383;42,76831588536993
25207;Solsona;Solsonès;2024;415,6094712;93929;16090;17,13;1083,07;43;0;4,651162790697675;16996;97,6;425,82937622950817;17413,93442622951;29,344043624382206;97476,29999999999;5,735249470463637;26,10931379222519
25217;Tàrrega;Urgell;2024;465,602268;185697;45310;24,4;965,52;323;0,30959752321981426;45,82043343653251;16155;97,6;477,0515040983606;16552,254098360656;34,585126685236766;86896,8;5,3789415041782735;24,48724721145584
25234;Tremp;Pallars Jussà;2024;414,3947183;60572;11430;18,87;834,53;92;0;0;17462;97,6;424,58475235655743;17891,39344262295;28,477474628335813;75107,7;4,301208338;19,580943909011182
25243;Vielha e Mijaran;Val d'Aran;2024;636,6562;57934;13910;24,01;2875,1;160;0;16,25;17777;97,6;652,3116803278689;18214,139344262294;42,97617370759971;258759;14,555830567587332;66,26437956235551
43004;Alcanar;Montsià;2024;462,0657983;98695;21180;21,46;1218,65;255;0;5,490196078431373;14611;97,6;473,4280720286885;14970,286885245901;37,949418791321605;109678,50000000001;7,506570392170284;34,173125839067794
43005;Alcover;Alt Camp;2024;546,5672222;53357;6040;11,32;1351,64;37;0;2,7027027027027026;16801;97,6;560,0073997950819;17214,139344262294;39,03819216951372;121647,6;7,240497589429201;32,96184839871922
43012;Altafulla;Tarragonès;2024;814,0251667;58106;6810;11,72;2650,88;129;0;32,55813953488372;19491;97,6;834,0421789959016;19970,286885245903;50,11698733;238579,2;12,240480221640757;55,723912398270784
43013;Ametlla de Mar, l';Baix Ebre;2024;551,6875;73466;17720;24,12;2080,2;197;0;9,644670050761421;14187;97,6;565,2535860655738;14535,860655737706;46,664199619369846;187217,99999999997;13,196447451892576;60,07588497039177
43014;Amposta;Montsià;2024;402,2633754;226214;47980;21,21;781,69;420;0;4,0476190476190474;14186;97,6;412,1550977459016;14534,83606557377;34,027636435922744;70352,1;4,959262653320176;22,57668920252432
43016;Arboç, l';Baix Penedès;2024;526,8177907;57459;14520;25,27;1009,47;56;3,571428571428571;19,642857142857142;15012;97,6;539,7723265368853;15381,147540983608;42,111733868904885;90852,3;6,051978417266187;27,55119971222516
43037;Calafell;Baix Penedès;2024;762,565625;315728;67850;21,49;2094,88;960;0;27,708333333333336;15546;97,6;781,3172387295082;15928,278688524591;58,86264955615591;188539,2;12,127827093786184;55,211067075677875
43038;Cambrils;Baix Camp;2024;717,893549;366933;73350;19,99;2414,49;890;0,22471910112359553;7,415730337078652;17061;97,6;735,5466691;17480,532786885247;50,49365563566028;217304,09999999998;12,736891155266395;57,983787736330925
43043;Catllar, el;Tarragonès;2024;852,2413793;52163;3980;7,63;1472,09;60;0;33,33333333333333;19813;97,6;873,1981345286885;20300,20491803279;51,61710266794528;132488,1;6,686927774693383;30,441761334804102
43044;Sénia, la;Montsià;2024;351,25;56192;11570;20,59;636,44;59;0;11,864406779661017;14034;97,6;359,88729508196724;14379,098360655738;30,034202650705428;57279,600000000006;4,081487815305686;18,580681914146123
43047;Constantí;Tarragonès;2024;469,9407447;69223;13270;19,17;864,01;127;2,3622047244094486;22,83464566929134;14122;97,6;481,4966646516393;14469,262295081968;39,93265073219091;77760,9;5,506365953830902;25,067337922054545
43051;Cunit;Baix Penedès;2024;714,3545946;157541;29980;19,03;2048,84;423;0;11,82033096926714;15137;97,6;731,9206911885246;15509,22131147541;56,63113652110723;184395,6;12,181779744995707;55,45668266879314
43086;Montblanc;Conca de Barberà;2024;469,0583333;75366;10800;14,33;1190,91;57;0;8,771929824561402;18131;97,6;480,5925546106558;18576,844262295082;31,044619709889144;107181,90000000001;5,9115272185759205;26,911805656572696
43092;Mont-roig del Camp;Baix Camp;2024;643,2204624;141838;39970;28,18;1912,73;638;0;0,7836990595611284;14540;97,6;659,0373590163935;14897,540983606557;53,08559524621732;172145,7;11,839456671251721;53,89828131297937
43093;Móra d'Ebre;Ribera d'Ebre;2024;423,5347297;57383;11620;20,25;861,16;85;0;35,294117647058826;16088;97,6;433,9495181352459;16483,60655737705;31,591352289905515;77504,4;4,817528593;21,931455009697366
43100;Pallaresos, els;Tarragonès;2024;689,5652174;50133;1880;3,75;;;;;19595;97,6;706,5217391393443;20076,844262295082;42,22905133350345;;;
43123;Reus;Baix Camp;2024;586,8871738;1099675;203220;18,48;1421,21;1.256;2468,1528662420383;9474,522293;16995;97,6;601,3188256147541;17412,909836065573;41,43951800882613;127908,90000000001;7,526266548984996;34,262791186917894
43129;Riudoms;Baix Camp;2024;551,1514773;69529;9310;13,39;1319,12;52;0;25;15713;97,6;564,7043824795082;16099,38524590164;42,09137483357729;118720,79999999999;7,555578183669573;34,396230311350756
43131;Roda de Berà;Tarragonès;2024;687,5377397;80246;12390;15,44;1804,97;295;0,3389830508474576;24,40677966101695;16275;97,6;704,4444054303278;16675,20491803279;50,694026890322576;162447,3;9,981400921658986;45,43961515392157
43133;Roquetes;Baix Ebre;2024;414,1985039;83724;13940;16,65;693,83;70;0;5,714285714285714;15445;97,6;424,38371301229506;15824,795081967213;32,18117220330204;62444,700000000004;4,043036581417935;18,40563541678907
43136;Ràpita, la;Montsià;2024;455,6666545;157996;30430;19,26;1228,99;405;0;0,9876543209876543;15151;97,6;466,87157223360657;15523,565573770493;36,0900261;110609,1;7,300448815;33,23477207457651
43145;Selva del Camp, la;Baix Camp;2024;595,7916667;58418;5760;9,86;1249,32;36;0;0;17110;97,6;610,4422815;17530,737704918032;41,78550555;112438,79999999999;6,571525423728813;29,91640037026163
43148;Tarragona;Tarragonès;2024;663,016989;1410174;291060;20,64;1573,06;1.955;1023,0179028132992;14475,703324808183;17409;97,6;679,3206854508196;17837,090163934427;45,701670790970184;141575,4;8,132310873686023;37,02176471145356
43153;Torredembarra;Tarragonès;2024;628,250125;179564;34620;19,28;1829,39;453;0;24,061810154525386;15832;97,6;643,6988985655738;16221,311475409837;47,618756316321374;164645,1;10,399513643254169;47,34304347118489
43155;Tortosa;Baix Ebre;2024;465,6031503;355204;78500;22,1;793,46;430;0;8,837209302325581;15834;97,6;477,05240809426226;16223,360655737706;35,28633196665403;71411,40000000001;4,510003789314134;20,531470295364194
43156;Ulldecona;Montsià;2024;390,2384337;65991;18240;27,64;566,51;158;0;9,493670886;13670;97,6;399,8344607581967;14006,147540983608;34,256482841258226;50985,9;3,729765910753475;16,97949305203191
43161;Valls;Alt Camp;2024;522,4359601;250902;43130;17,19;1182,63;235;0;1,702127659574468;17056;97,6;535,2827460040984;17475,409836065573;36,75675141;106436,70000000001;6,240425656660413;28,40909231689065
43162;Vandellòs i l'Hospitalet de l'Infant;Baix Camp;2024;574,4690698;70831;13210;18,65;1926,12;125;0;8;16245;97,6;588,5953584016394;16644,467213114753;42,435388350877204;173350,8;10,671024930747922;48,57907922513308
43163;Vendrell, el;Baix Penedès;2024;596,8351459;405229;68970;17,02;1709,32;949;1,369863014;11,275026343519494;16662;97,6;611,5114199795082;17071,72131147541;42,98416607129997;153838,8;9,232913215700396;42,0321783
43171;Vila-seca;Tarragonès;2024;554,9647203;240656;41080;17,07;2490,99;517;0;0,7736943907156674;15523;97,6;568,6113937499999;15904,713114754099;42,90135053533466;224189,09999999998;14,442382271468142;65,74791429
43901;Deltebre;Baix Ebre;2024;445,1628571;119377;14170;11,87;956,46;226;0;23,008849557522122;14602;97,6;456,10948473360656;14961,065573770493;36,58371651280646;86081,40000000001;5,895178742637995;26,83738039
43905;Salou;Tarragonès;2024;641,5866979;304458;99710;32,75;2411,48;1.277;6342,991386061081;30696,945967110416;15336;97,6;657,3634199795082;15713,11475409836;50,20240202660406;217033,2;14,151877934272301;64,42541403614185
43907;Canonja, la;Tarragonès;2024;521,8944262;59371;4720;7,95;;-;;;15868;97,6;534,7278956967214;16258,196721311475;39,46769041088984;;;
08001;Abrera;Baix Llobregat;2023;675,5789855;128242;8900;6,94;2021,88;126;0;0,7936507936507936;19389;94,9;711,8851269757639;20430,979978925185;41,81209874671205;181969,2;9,385177162308526;42,725349052084006
08003;Alella;Maresme;2023;1258,303154;101138;12440;12,3;3467,23;66;0;6,0606060606060606;26404;94,9;1325,9253466807163;27822,971548998943;57,18693322223905;312050,7;11,818311619451599;53,80201997414042
08005;Ametlla del Vallès, l';Vallès Oriental;2023;1053,912286;92824;6080;6,55;2168,92;104;0,9615384615384616;39,42307692307692;24932;94,9;1110,5503540569018;26271,865121180188;50,725763805551104;195202,80000000002;7,829407989732072;35,642820955571146
08006;Arenys de Mar;Maresme;2023;739,0993598;162859;19820;12,17;2708,86;245;0,40816326530612246;30,20408163265306;19760;94,9;778,8191357218124;20821,917808219176;44,884576506072875;243797,40000000002;12,337925101214577;56,16752325623629
08007;Arenys de Munt;Maresme;2023;780,5961682;93852;7480;7,97;2115,7;112;1,7857142857142856;26,785714285714285;19320;94,9;822,546015;20358,27186512118;48,48423404968945;190412,99999999997;9,855745341614906;44,86757709594155
08009;Argentona;Maresme;2023;825,2625806;128525;7930;6,17;2472,93;123;0;26,82926829268293;19805;94,9;869,6128351949419;20869,336143308745;50,00328688311032;222563,69999999998;11,237753092653369;51,15906872520344
08010;Artés;Bages;2023;499,1455422;59818;7220;12,07;1280,2;41;0;36,58536585365854;18387;94,9;525,9700128556375;19375,13171759747;32,575985785609404;115218;6,266275085658346;28,526769997091417
08015;Badalona;Barcelonès;2023;848,9057929;2242945;365600;16,3;2462,57;2.598;2117,0130869899926;30484,988452655893;17971;94,9;894,5266521601686;18936,77555321391;56,685045433197935;221631,30000000002;12,332719381225308;56,143824587605685
08019;Barcelona;Barcelonès;2023;1136,399961;16558760;3846600;23,23;4370,96;14.899;516,8132089401973;525,2902879387879;23003;94,9;1197,470981032666;24239,199157007373;59,282700221710215;393386,4;17,101525887927664;77,85347577873891
08020;Begues;Baix Llobregat;2023;1005,372737;74323;5760;7,75;2647,24;66;0;13,636363636363635;23630;94,9;1059,4022518440463;24899,89462592202;51,05574627168853;238251,59999999998;10,082589928057553;45,90027088197486
08022;Berga;Berguedà;2023;447,1246629;169949;26410;15,54;1027,18;153;0;5,228758169934641;17940;94,9;471,15349093782925;18904,109589041094;29,90800420735786;92446,20000000001;5,153076923076924;23,45901482977918
08023;Bigues i Riells del Fai;Vallès Oriental;2023;785,6833333;99398;4950;4,98;1535,27;88;0;12,5;20739;94,9;827,9065682824024;21853,530031612223;45,46120834948647;138174,3;6,662534355561984;30,330712035580596
08029;Cabrera de Mar;Maresme;2023;1107,708333;49472;3750;7,58;;;;;24788;94,9;1167,2374425711275;26120,12644889357;53,62473776020656;;;
08030;Cabrils;Maresme;2023;1434,795303;78031;10940;14,02;2672,07;72;0;2,7777777777777777;24516;94,9;1511,902321390938;25833,508956796628;70,22982393538915;240486,30000000002;9,809361233480177;44,65641675487896
08033;Caldes de Montbui;Vallès Oriental;2023;788,0448454;180958;15870;8,77;2078,65;176;0,5681818181818182;26,704545454545453;19644;94,9;830,3949898840884;20699,683877766067;48,139575161881496;187078,5;9,523442272449604;43,35479109567451
08035;Calella;Maresme;2023;678,6958851;197590;39360;19,92;2158,23;251;0;20,717131474103585;16319;94,9;715,1695311907271;17195,99578503688;49,90716723573749;194240,7;11,90273301060114;54,18634233
08040;Canet de Mar;Maresme;2023;750,2606329;150204;14690;9,78;2337,18;154;0;20,77922077922078;17957;94,9;790,5802243;18922,023182297155;50,13714760149246;210346,19999999998;11,713883165339421;53,32661689162524
08041;Canovelles;Vallès Oriental;2023;621,0309662;170226;33160;19,48;1491,65;146;0,684931507;13,013698630136986;15931;94,9;654,4056545837723;16787,144362486826;46,77905714895487;134248,5;8,426872136086875;38,36273383069852
08043;Canyelles;Garraf;2023;962,3809524;52012;5300;10,19;1558,85;81;0;12,345679012345679;18350;94,9;1014,1000552160167;19336,143308746046;62,934994162397814;140296,5;7,645585831;34,80598370073494
08044;Capellades;Anoia;2023;532,0852564;54132;3930;7,26;1020,31;61;0;8,196721311;18346;94,9;560,6799329820864;19331,928345626973;34,80335264798866;91827,9;5,005336313092772;22,786436249580266
08046;Cardedeu;Vallès Oriental;2023;742,8066197;190351;13020;6,84;2405,32;164;0;7,317073170731707;19642;94,9;782,7256266596418;20697,576396206532;45,380711925465846;216478,80000000002;11,021219835047349;50,17331652760439
08051;Castellar del Vallès;Vallès Occidental;2023;740,3577108;251357;12040;4,79;2013,74;173;0;13,294797687861271;20422;94,9;780,1451114857744;21519,49420442571;43,50353799627852;181236,6;8,874576437175595;40,4008757
08054;Castellbisbal;Vallès Occidental;2023;810,7843137;128158;8420;6,57;2083,44;87;0;10,344827586206897;19231;94,9;854,3564949420442;20264,488935721813;50,59233406687119;187509,6;9,750382195413655;44,387918894415726
08056;Castelldefels;Baix Llobregat;2023;1109,95087;683129;155890;22,82;4118,36;654;0;7,492354740061162;21142;94,9;1169,6004952581663;22278,187565858796;62,99976558509128;370652,39999999997;17,531567495979566;79,8112095
08067;Centelles;Osona;2023;622,1017544;77318;5420;7,01;2015,53;74;0;33,78378378378378;18807;94,9;655,5339877766069;19817,702845100102;39,693843;181397,7;9,645222523528474;43,909186995188385
08068;Cervelló;Baix Llobregat;2023;839,4626531;94660;7090;7,49;2039,44;126;0;19,841269841269842;20781;94,9;884,5760306638566;21897,787144362486;48,474817560271404;183549,6;8,832568211346903;40,20963625190777
08072;Corbera de Llobregat;Baix Llobregat;2023;800,145241;155214;15630;10,07;1730;155;0;24,516129032258064;21132;94,9;843,1456701791359;22267,650158061115;45,43698131743328;155700;7,367972742759796;33,54216993419227
08073;Cornellà de Llobregat;Baix Llobregat;2023;790,392636;900665;148880;16,53;2691,58;773;0;1,5523932729624839;18101;94,9;832,8689525816649;19073,761854583772;52,39882676095243;242242,19999999998;13,382807579691729;60,92427614851326
08074;Cubelles;Garraf;2023;797,4633449;169479;21490;12,68;2105,44;314;0;9,554140127388536;18171;94,9;840,3196468914647;19147,523709167544;52,66391579329701;189489,6;10,428132738979693;47,47332986144491
08075;Dosrius;Maresme;2023;938,0976364;59165;3260;5,51;2161,94;84;0;16,666666666666664;19560;94,9;988,5117348788198;20611,16965226554;57,55200223312884;194574,6;9,947576687116564;45,28563274077669
08076;Esparreguera;Baix Llobregat;2023;671,4675273;223854;19050;8,51;1893,85;201;0;0;18887;94,9;707,5527158061117;19902,00210748156;42,66220324879547;170446,5;9,024540689363054;41,08357725374348
08077;Esplugues de Llobregat;Baix Llobregat;2023;1063,76822;469834;67750;14,42;4136,81;390;0;25,8974359;22009;94,9;1120,9359536354054;23191,780821917808;57,999993820709705;372312,9;16,916393293652597;77,01067286
08086;Franqueses del Vallès, les;Vallès Oriental;2023;685,7646479;204914;22520;10,99;2228,52;198;0;24,747474747474747;18472;94,9;722,6181748155954;19464,699683877763;44,54945742096145;200566,8;10,857882200086618;49,4297336
08088;Garriga, la;Vallès Oriental;2023;799,9196078;170333;15330;9;2349,32;198;0;45,45454545454545;20947;94,9;842,9079112750263;22072,70811;45,82534631975939;211438,80000000002;10,093989592781783;45,95216704184445
08089;Gavà;Baix Llobregat;2023;976,0859565;474838;58500;12,32;3292,84;507;16,173570019723865;47,73175542406312;20261;94,9;1028,5415769230767;21349,841938883033;57,810727397463104;296355,60000000003;14,626898968461578;66,58791338397798
08091;Gelida;Alt Penedès;2023;616,7443902;79455;8740;11;1677,27;132;0;0,7575757575757576;18453;94,9;649,8887146469968;19444,678609062168;40,10693482035441;150954,3;8,180474719557795;37,24102718151396
08092;Gironella;Berguedà;2023;402,4563478;49836;6090;12,22;;;;;17765;94,9;424,08466575342464;18719,704952581662;27,18534294173938;;;
08096;Granollers;Vallès Oriental;2023;754,6732523;629316;92950;14,77;2205,35;602;0,4983388704318937;26,744186046511626;19180;94,9;795,2299813487881;20210,748155953635;47,21626187486965;198481,5;10,348357664233577;47,11015952856379
08101;Hospitalet de Llobregat, l';Barcelonès;2023;794,866162;2766025;675740;24,43;2628,02;2.941;1020,0612036722204;15504,930295817749;16747;94,9;837,5828894;17646,99683877766;56,95583653191616;236521,8;14,123234012061861;64,29501462508152
08102;Igualada;Anoia;2023;539,6555911;412777;55890;13,54;1400,62;393;1,5267175572519083;15,012722646310433;18102;94,9;568,6571033719705;19074,81559536354;35,774318269804446;126055,79999999999;6,9636393768644345;31,701471150085997
08105;Llagosta, la;Vallès Oriental;2023;680,95;131104;16270;12,41;1790,95;112;0,8928571428571428;10,714285714285714;17212;94,9;717,5447839831402;18136,986301369863;47,47501742970021;161185,5;9,364716476876598;42,63220324228142
08106;Llinars del Vallès;Vallès Oriental;2023;737,314012;104812;8930;8,52;2236,21;144;0;39,58333333333333;19866;94,9;776,9378419;20933,614330874603;44,537240229537915;201258,9;10,130821504077318;46,11984168869896
08107;Lliçà d'Amunt;Vallès Oriental;2023;978,3092424;160623;5670;3,53;1823,85;154;0;19,480519480519483;20186;94,9;1030,8843439409904;21270,81138040042;58,157688045179825;164146,5;8,131700188249281;37,018984609597766
08108;Lliçà de Vall;Vallès Oriental;2023;921,8;67254;2670;3,97;1615,42;46;0;13,043478260869565;21543;94,9;971,3382507903054;22700,737618545838;51,34660910736666;145387,80000000002;6,748725804205543;30,723092452584353
08110;Malgrat de Mar;Maresme;2023;611,4301786;191518;24610;12,85;1765,18;267;0,7490636704119851;20,224719101123593;16442;94,9;644,2889131717596;17325,605900948365;44,62451127113489;158866,2;9,662218708186353;43,986560912537314
08112;Manlleu;Osona;2023;517,2507931;211795;52970;25,01;1052,59;209;0;7,655502392344498;16479;94,9;545,0482541;17364,594309799788;37,666178270526125;94733,09999999999;5,748716548334243;26,170621702857282
08113;Manresa;Bages;2023;538,825766;785613;155080;19,74;1098,92;940;0,425531915;26,80851063829787;17645;94,9;567,7826828240253;18593,256059009484;36,64442727118165;98902,8;5,605145933692264;25,517026728770308
08114;Martorell;Baix Llobregat;2023;682,5186453;286480;50220;17,53;1760,97;361;23,545706371191137;35,45706371191136;17287;94,9;719,1977295047418;18216,016859852476;47,37793569503095;158487,3;9,168004859142707;41,73668765
08118;Masnou, el;Maresme;2023;995,0460151;241660;28540;11,81;3171,26;157;0;15,286624203821656;22480;94,9;1048,520563856691;23688,09272918862;53,11633532562278;285413,4;12,696325622775802;57,799116045517806
08119;Masquefa;Anoia;2023;679,2294624;98185;6490;6,61;1635,97;110;0;14,545454545454545;17127;94,9;715,7317833508956;18047,418335089566;47,59008319495533;147237,3;8,596794534944824;39,136293421254784
08120;Matadepera;Vallès Occidental;2023;1252,541145;98840;4260;4,31;3478,22;48;0;0;29265;94,9;1319,853682824025;30837,723919915697;51,35996494105586;313039,8;10,696729882111738;48,69609918121836
08121;Mataró;Maresme;2023;745,7911086;1295871;216540;16,71;2317,2;1.270;0;24094,488188976375;17469;94,9;785,8705043203372;18407,797681770284;51,23071328;208547,99999999997;11,938176197836166;54,34769491046754
08123;Molins de Rei;Baix Llobregat;2023;829,4140945;265527;19410;7,31;2953,7;229;0,43668122270742354;33,18777292576419;21698;94,9;873,9874546891465;22864,067439409904;45,8704449;265833;12,251497833901743;55,77406929157501
08124;Mollet del Vallès;Vallès Oriental;2023;706,5164159;517031;66180;12,8;2096,15;503;1,7892644135188867;20,87475149105368;18103;94,9;744,4851590094836;19075,869336143307;46,833104959398995;188653,5;10,421118046732586;47,44139597574756
08125;Montcada i Reixac;Vallès Occidental;2023;694,1092699;368116;50800;13,8;1935,58;347;0,2881844380403458;11,239193083573488;17556;94,9;731,4112433;18499,473129610116;47,44424264524948;174202,19999999998;9,92265892;45,17219638490679
08126;Montgat;Maresme;2023;1012,37014;124547;13750;11,04;3034,19;126;23,015873015873016;50,79365079365079;21077;94,9;1066,7757007376185;22209,694415173864;57,63838155335199;273077,1;12,956165488447121;58,982018484806744
08135;Montmeló;Vallès Oriental;2023;708,62725;88190;6870;7,79;2353,86;67;1,4925373134328357;31,343283582089555;18643;94,9;746,7094309799788;19644,889357218122;45,61243898514188;211847,40000000002;11,363374993295071;51,73095346010842
08136;Montornès del Vallès;Vallès Oriental;2023;663,7611468;167462;19660;11,74;2159,74;158;0,6329113924050633;3,797468354;17821;94,9;699,4321884088514;18778,714436248683;44,695212174400986;194376,59999999998;10,907165703383647;49,65409323518385
08138;Moià;Moianès;2023;571,4692308;66714;9300;13,94;1517,9;67;0;22,388059701492537;17819;94,9;602,1804328767123;18776,606954689145;38,48493613334082;136611;7,666591840170605;34,901612057643554
08140;Navarcles;Bages;2023;540,4396154;61144;4170;6,82;1257,11;59;0;32,20338983050847;19157;94,9;569,4832617492096;20186,512118018967;33,85329323380487;113139,9;5,905929947277757;26,886324478560024
08141;Navàs;Bages;2023;469,6101575;61589;6590;10,7;933,42;53;0;35,84905660377358;18716;94,9;494,8473735511064;19721,81243;30,109648910023513;84007,8;4,488555246847617;20,43382733693175
08147;Olesa de Montserrat;Baix Llobregat;2023;655,7245118;244692;23050;9,42;1949,1;260;0;0;18211;94,9;690,9636583772391;19189,67334035827;43,20846818735929;175419;9,632584701554006;43,851654212825395
08155;Palafolls;Maresme;2023;639,5791358;98233;6670;6,79;1792,95;116;0;8,620689655172415;17053;94,9;673,9506172813487;17969,44151738672;45,00644830586993;161365,5;9,462587228053716;43,07775285031923
08156;Palau-solità i Plegamans;Vallès Occidental;2023;823,8359873;151355;10610;7,01;2194,08;119;0;26,89075630252101;20270;94,9;868,1095757;21359,325605900947;48,77174073803651;197467,19999999998;9,741845091267884;44,34905433723007
08157;Pallejà;Baix Llobregat;2023;890,947033;117103;7600;6,49;2746,28;110;1,8181818181818181;39,09090909090909;20764;94,9;938,8272212855637;21879,873551106426;51,489907513003274;247165,2;11,903544596416875;54,19003701725119
08159;Parets del Vallès;Vallès Oriental;2023;772,8653846;188980;13890;7,35;2220,01;178;0,5617977528089888;12,359550561797752;19700;94,9;814,399773;20758,693361433085;47,07809449340102;199800,90000000002;10,14217766497462;46,171539800502046
08161;Piera;Anoia;2023;639,6188321;172049;15450;8,98;1423,6;230;0;16,52173913043478;16673;94,9;673,9924468914646;17569,020021074815;46,03506258741678;128123,99999999999;7,684519882;34,98322819026768
08163;Pineda de Mar;Maresme;2023;634,1909302;288422;44590;15,46;1983,41;444;0,45045045045045046;11,711711711711711;15624;94,9;668,2728453108535;16463,645943097996;48,708980814132104;178506,9;11,425172811059907;52,01228361392409
08167;Polinyà;Vallès Occidental;2023;748,2320779;84853;6050;7,13;2372,6;135;22,962962962962962;54,074074074074076;18506;94,9;788,4426532139094;19500,526870389884;48,51823697611585;213534;11,538636118015779;52,528817219039425
08169;Prat de Llobregat, el;Baix Llobregat;2023;787,3172872;653793;66360;10,15;2986,63;624;0;11,378205128205128;18987;94,9;829,6283321390937;20007,376185458375;49,759348219307945;268796,7;14,15688102385843;64,44819024432732
08172;Premià de Mar;Maresme;2023;844,8515152;286969;38540;13,43;2711,74;263;0;7,224334600760455;19107;94,9;890,2544944151738;20133,825079030557;53,060230189982725;244056,59999999998;12,773151201130474;58,14885900663248
08180;Ripollet;Vallès Occidental;2023;712,3774225;391750;50810;12,97;2622,73;328;0;7,926829268292683;17365;94,9;750,6611407;18298,20864067439;49,22850025914195;236045,7;13,593187446012093;61,88201547155631
08181;Roca del Vallès, la;Vallès Oriental;2023;840,8877551;108964;5470;5,02;2088,21;141;0;8,510638298;21049;94,9;886,0777187565859;22180,189673340356;47,93887149603307;187938,9;8,928637940044657;40,64698683
08183;Roda de Ter;Osona;2023;528,820625;66965;10460;15,62;1185,59;92;0;2,1739130434782608;18015;94,9;557,2398577449947;18983,140147523707;35,22535387177352;106703,09999999999;5,923014155;26,96409911403824
08184;Rubí;Vallès Occidental;2023;732,1884881;800586;109280;13,65;2078,42;830;0,7228915662650602;19,27710843373494;17572;94,9;771,5368683877765;18516,332982086406;50,00149019576598;187057,80000000002;10,645219667653086;48,461602607053266
08187;Sabadell;Vallès Occidental;2023;748,6460549;2179985;299530;13,74;2132,75;2.509;1673,9736946990836;22319,649262654446;19107;94,9;788,8788776606954;20133,825079030557;47,018122461924946;191947,5;10,04592557701366;45,733359041204324
08191;Sallent;Bages;2023;436,0280723;68290;5470;8,01;902,13;101;0;42,57425742574257;18605;94,9;459,46056090621704;19604,847207586932;28,123283351787155;81191,7;4,363972050524053;19,866671229285156
08192;Santpedor;Bages;2023;592,8359;76724;3560;4,64;1546,04;82;0;32,926829268292686;19733;94,9;624,6953635;20793,466807165434;36,051440733796184;139143,6;7,051315055997568;32,10060842043884
08194;Sant Adrià de Besòs;Barcelonès;2023;806,8080833;379012;65190;17,2;2869,94;380;1,5789473684210527;13,684210526315791;16636;94,9;850,1665788198103;17530,031612223393;58,19726496513585;258294,6;15,526244289492666;70,68211875643793
08196;Sant Andreu de la Barca;Baix Llobregat;2023;723,3947319;268539;26290;9,79;2259,5;224;0;0;18230;94,9;762,2705288724974;19209,694415173864;47,61786496;203355;11,154964344487109;50,78217885921411
08197;Sant Andreu de Llavaneres;Maresme;2023;1118,699724;118386;15840;13,38;2883,59;128;0;17,1875;22108;94,9;1178,8195194942043;23296,101159114856;60,72189563958749;259523,1;11,738877329473494;53,44040103958806
08198;Sant Antoni de Vilamajor;Vallès Oriental;2023;701,9192632;65677;3980;6,06;2033,51;58;0;6,896551724137931;20921;94,9;739,6409517386722;22045,31085353003;40,261130722240814;183015,9;8,747951818746714;39,82442616510297
08200;Sant Boi de Llobregat;Baix Llobregat;2023;794,0085897;836818;92050;11;2903,48;589;1,0186757215619695;22,75042444821732;18638;94,9;836,6792304531085;19639,62065331928;51,12191799763923;261313,2;14,02045283828737;63,827110668709366
08202;Sant Celoni;Vallès Oriental;2023;680,2052825;184164;21050;11,43;1771,26;207;0;29,951690821256037;18073;94,9;716,7600447839831;19044,257112750263;45,16385431306368;159413,4;8,820527859237536;40,15482340845408
08205;Sant Cugat del Vallès;Vallès Occidental;2023;1341,57126;975755;142070;14,56;4648,39;681;0,2936857562408223;25,55066079295154;26038;94,9;1413,6683456269757;27437,302423603793;61,828309086719415;418355,10000000003;16,06709808741071;73,14431706154797
08208;Sant Esteve Sesrovires;Baix Llobregat;2023;870,107093;78939;4760;6,03;1653,27;70;0;0;21392;94,9;916,8673266596417;22541,62276080084;48,80929841062079;148794,3;6,955604899027674;31,66489476329114
08209;Sant Fost de Campsentelles;Vallès Oriental;2023;898,8204478;91683;4630;5,05;2266,17;96;0;42,70833333333333;20327;94,9;947,1237595;21419,388830347732;53,061668586608945;203955,30000000002;10,033713779701875;45,67776570570559
08210;Sant Feliu de Codines;Vallès Oriental;2023;681,5482143;64956;6580;10,13;1396,51;72;0;47,22222222222222;18436;94,9;718,1751467860906;19426,76501580611;44,36200136;125685,9;6,817417010197439;31,03580426420567
08211;Sant Feliu de Llobregat;Baix Llobregat;2023;913,1142715;459436;42360;9,22;3303,11;567;1,0582010582010581;22,75132275132275;21081;94,9;962,1857444678608;22213,909378292938;51,97747382951472;297279,9;14,101793083819555;64,19740632986127
08213;Sant Fruitós de Bages;Bages;2023;571,7577215;91328;6740;7,38;1280,9;122;13,934426229508196;51,63934426229508;20894;94,9;602,4844272918862;22016,85985247629;32,83762160428831;115281,00000000001;5,517421269263904;25,117666456357856
08214;Vilassar de Dalt;Maresme;2023;946,9334545;92573;6980;7,54;2502,3;81;0;1,2345679012345678;22733;94,9;997,8223967334036;23954,689146469966;49,985490054106364;225207,00000000003;9,906611534;45,09914180510653
08217;Sant Joan Despí;Baix Llobregat;2023;1024,28181;345455;32300;9,35;3092,4;661;1,8154311649016641;64,75037821482601;21658;94,9;1079,3275131717596;22821,917808219176;56,75215495;278316;12,850494043771354;58,500956776484195
08218;Sant Joan de Vilatorrada;Bages;2023;557,8747458;109213;10550;9,66;1575,96;135;0;56,2962963;18226;94,9;587,8553696522655;19205,479452054795;36,73047816086909;141836,4;7,782091517612202;35,427416094024835
08219;Vilassar de Mar;Maresme;2023;1060,370363;210390;16200;7,7;3888,9;200;0;14,000000000000002;22807;94,9;1117,3554931506849;24032,66596417281;55,7918374;350001;15,346209497084228;69,86252321613614
08221;Sant Just Desvern;Baix Llobregat;2023;1286,497584;204711;24770;12,1;4458,16;128;0;16,40625;30352;94,9;1355,6349673340358;31983,140147523707;50,86310954138112;401234,39999999997;13,219372693726935;60,18025049727924
08230;Premià de Dalt;Maresme;2023;928,6167742;105263;10600;10,07;2526,38;80;0;11,25;23552;94,9;978,5213637513172;24817,702845100102;47,31403401154892;227374,2;9,654135529891304;43,949762820382695
08231;Sant Pere de Ribes;Garraf;2023;814,7794619;316945;51250;16,17;2696,97;433;0;10,854503464203233;17972;94,9;858,5663455216016;18937,829293993676;54,403258083685735;242727,3;13,505859114177609;61,48445947498449
08234;Sant Pere de Vilamajor;Vallès Oriental;2023;962,6513793;48544;3000;6,18;;;;;19448;94,9;1014,3850150684931;20493,150684931505;59,39848082887701;;;
08235;Sant Pol de Mar;Maresme;2023;861,068;57728;7470;12,94;3269,62;70;0;14,285714285714285;20677;94,9;907,3424657534246;21788,198103266594;49,97251051893408;294265,8;14,231551965952507;64,78812437767856
08238;Sant Quirze del Vallès;Vallès Occidental;2023;938,5551553;201852;11990;5,94;2690,54;122;0;10,655737704918032;24946;94,9;988,9938412012644;26286,617492096942;45,148167496191775;242148,6;9,706910927603625;44,19001905099249
08240;Sant Sadurní d'Anoia;Alt Penedès;2023;603,1355556;129437;11960;9,24;1909,34;108;0;23,14814814814815;19542;94,9;635,5485306638566;20592,202318229713;37,03626377648143;171840,6;8,793398833282161;40,031320454451105
08244;Santa Coloma de Cervelló;Baix Llobregat;2023;913,2926984;83742;3760;4,49;2803,84;73;0;26,027397260273972;21199;94,9;962,3737601685984;22338,250790305585;51,69825171376008;252345,6;11,903655832822302;54,190543413046065
08245;Santa Coloma de Gramenet;Barcelonès;2023;686,7460685;1191987;266290;22,34;2160,61;1.231;0;2030,8692120227456;15925;94,9;723,6523377239198;16780,821917808218;51,74852635478806;194454,90000000002;12,210668759811618;55,58819784644346
08248;Santa Eulàlia de Ronçana;Vallès Oriental;2023;903,8232143;78509;3580;4,56;1638,9;63;0;22,22222222222222;19397;94,9;952,3953786090622;20439,409905163327;55,91523726143218;147501;7,604320255709646;34,61812511476454
08250;Santa Margarida de Montbui;Anoia;2023;459,6694483;104194;12670;12,16;906,68;91;2,197802197802198;10,989010989010989;13469;94,9;484,3724428872497;14192,834562697575;40,95354799613928;81601,2;6,058445318880392;27,58063982017133
08251;Santa Margarida i els Monjos;Alt Penedès;2023;544,8526316;76307;9630;12,62;1286,42;62;1,6129032258064515;22,58064516129032;18332;94,9;574,1334368809272;19317,17597471022;35,66567520837879;115777,8;6,315612044512329;28,75137298025835
08252;Barberà del Vallès;Vallès Occidental;2023;756,7937795;333647;28360;8,5;2311,14;379;1,3192612137203166;24,80211081794195;19180;94,9;797,4644673340358;20210,748155953635;47,34893302398333;208002,59999999998;10,844765380604796;49,37002022030287
08259;Santa Maria de Palautordera;Vallès Oriental;2023;731,2956818;98537;9430;9,57;1676,85;100;0;24;19072;94,9;770,5960819810326;20096,94415173867;46,01273165687919;150916,5;7,912987625838926;36,02331128245094
08260;Santa Perpètua de Mogoda;Vallès Occidental;2023;722,2316149;258621;26250;10,15;2497,63;214;0,9345794392523363;22,429906542056074;18415;94,9;761,0449050579556;19404,636459430978;47,06369469888678;224786,7;12,206717349986425;55,57020933529343
08262;Sant Vicenç de Castellet;Bages;2023;537,9144079;100584;13790;13,71;1228,11;99;0;19,19191919191919;16436;94,9;566,8223476290832;17319,283456269757;39,273380961304454;110529,9;6,724866147481139;30,614473068615016
08263;Sant Vicenç dels Horts;Baix Llobregat;2023;759,8597653;284239;26150;9,2;2260,45;245;0,40816326530612246;20;17829;94,9;800,6952216;18787,144362486826;51,143177876493354;203440,49999999997;11,41065118626956;51,94617495372077
08264;Sant Vicenç de Montalt;Maresme;2023;1658,162754;67064;8430;12,57;3203,21;85;0;21,176470588235293;23591;94,9;1747,2737133825078;24858,798735511064;84,34552603959136;288288,9;12,220291636641093;55,632005306261654
08266;Cerdanyola del Vallès;Vallès Occidental;2023;859,1788333;577612;61920;10,72;2953,47;446;0,67264574;13,901345291479823;20898;94,9;905,3517737618545;22021,074815595362;49,33556320987654;265812,3;12,719509043927648;57,904656915317474
08267;Sentmenat;Vallès Occidental;2023;686,3783942;94574;6100;6,45;2188,42;51;0;17,647058823529413;18756;94,9;723,2649043203371;19763,962065331925;43,914164696097245;196957,80000000002;10,50105566;47,80530626360493
08270;Sitges;Garraf;2023;1150,508788;320851;84480;26,33;5020,77;611;0;31,914893617021278;23059;94,9;1212,3380273972602;24298,20864067439;59,87295830695174;451869,30000000005;19,59622273298929;89,21040507704241
08274;Súria;Bages;2023;445,0042529;60336;6100;10,11;1297,45;46;2,1739130434782608;23,91304347826087;19001;94,9;468,91912845100103;20022,12855637513;28,104052601442024;116770,5;6,145492342508289;27,976915181214395
08278;Taradell;Osona;2023;617,4633594;67963;5940;8,74;2235,54;39;0;38,46153846153847;22274;94,9;650,6463218;23471,022128556375;33,26551276286253;201198,6;9,032890365448505;41,121588558064445
08279;Terrassa;Vallès Occidental;2023;687,6954902;2251934;314370;13,96;1993,34;2.433;41,10152075626799;8877,928483353886;18684;94,9;724,6527820864067;19688,09272918862;44,16798267180476;179400,6;9,601830443159923;43,71164764693955
08281;Teià;Maresme;2023;1010,448762;66850;6090;9,11;3583,21;102;1,9607843137254901;64,70588235294117;26046;94,9;1064,751066385669;27445,732349841936;46,553732411886664;322488,9;12,381513476157568;56,36595622152238
08282;Tiana;Maresme;2023;1161,300379;92190;4840;5,25;3673,71;66;0;37,878787878787875;26539;94,9;1223,7095669125395;27965,226554267647;52,509908240702366;330633,9;12,458415916198803;56,71604908997821
08283;Tona;Osona;2023;611,9545455;84385;8160;9,67;2007,27;75;0;37,333333333333336;20036;94,9;644,8414599578504;21112,750263435195;36,651300389299266;180654,3;9,016485326412457;41,04690579
08284;Tordera;Maresme;2023;586,1239565;184195;18880;10,25;1401,54;262;0;16,793893129770993;15538;94,9;617,6227149631189;16373,024236037934;45,26636296820697;126138,59999999999;8,118071823915562;36,95694245385609
08285;Torelló;Osona;2023;504,1527935;149186;23840;15,98;1211,33;147;0;4,761904761904762;18869;94,9;531,2463577449946;19883,034773445732;32,06229011606339;109019,7;5,777714770258095;26,302634038070536
08289;Torrelles de Llobregat;Baix Llobregat;2023;854,3152381;62153;3580;5,76;2218,98;54;1,8518518518518516;11,11111111111111;20515;94,9;900,2268051633298;21617,492096944152;49,97213189;199708,2;9,734740433828906;44,31671089141907
08291;Vacarisses;Vallès Occidental;2023;770,3888889;74481;3590;4,82;1797,93;91;0;0;18570;94,9;811,7901885142254;19567,966280295044;49,78280380613893;161813,7;8,713715670436189;39,668568543934065
08295;Vallirana;Baix Llobregat;2023;876,0103145;157856;10750;6,81;1779,85;186;0;19,892473118279568;19166;94,9;923,0877919;20195,99578503688;54,84777091724929;160186,5;8,357847229;38,048502870798664
08298;Vic;Osona;2023;629,9505807;482405;142020;29,44;1981,87;478;1,2552301255230125;36,19246861924686;17726;94,9;663,8046161222339;18678,609062170704;42,645870294482684;178368,3;10,062523976080334;45,80892206804601
08300;Viladecavalls;Vallès Occidental;2023;815,7770588;77992;2020;2,59;2464,85;52;0;0;20806;94,9;859,6175540569019;21924,13066385669;47,05048882822263;221836,5;10,66214072863597;48,538634529234656
08301;Viladecans;Baix Llobregat;2023;867,0052511;666439;58580;8,79;2683,77;630;0;5,079365079365079;18933;94,9;913,5987894;19950,474183350896;54,952004506417374;241539,3;12,757581999683092;58,07798132848133
08302;Vilanova del Camí;Anoia;2023;523,4076027;127607;10400;8,15;1263,62;151;0;9,271523178807946;15730;94,9;551,5359354056901;16575,342465753423;39,92937846408137;113725,79999999999;7,2298664971392235;32,91345110999052
08305;Vilafranca del Penedès;Alt Penedès;2023;643,6508834;405999;57530;14,17;1911,01;488;0,20491803278688525;35,040983606557376;17997;94,9;678,2411838;18964,17281348788;42,917211761960324;171990,9;9,556642773795632;43,50593400796924
08307;Vilanova i la Geltrú;Garraf;2023;765,1750369;687876;84540;12,29;2822,77;944;0;30,720338983050848;18972;94,9;806,2961400421495;19991,570073761854;48,39816805186591;254049,3;13,390749525616698;60,96043129038525
08902;Vilanova del Vallès;Vallès Oriental;2023;1004;56087;2580;4,6;2067,01;36;0;22,22222222222222;20847;94,9;1057,9557428872497;21967,334035827185;57,79248812778817;186030,90000000002;8,923629299179739;40,62418535369194
08904;Badia del Vallès;Vallès Occidental;2023;279,7995455;130546;7650;5,86;1711,12;75;5,333333333333334;6,666666666666667;15259;94,9;294,83619125395154;16079,030558482613;22,004027432990366;154000,8;10,092456910675667;45,945189615969866
17008;Anglès;Selva;2023;517,0972174;58381;13340;22,85;1048,45;72;0;2,7777777777777777;16378;94,9;544,8864250790305;17258,16649;37,88720606179021;94360,5;5,761417755525705;26,228443041895765
17009;Arbúcies;Selva;2023;450,4589552;65282;14930;22,87;1278,5;86;0;5,813953488372093;15778;94,9;474,6669707060063;16625,922023182295;34,25977603245025;115065;7,292749397895804;33,199721026665344
17015;Banyoles;Pla de l'Estany;2023;661,5066038;204951;39740;19,39;1886,95;211;2,843601895734597;18,48341232227488;18991;94,9;697,0564845100105;20011,59114857745;41,79916405455216;169825,5;8,942420094;40,70972910445786
17020;Bescanó;Gironès;2023;696,4297778;51699;2890;5,59;1687,55;26;7,6923076923076925;30,76923076923077;18675;94,9;733,8564571127503;19678,609062170704;44,75050781044177;151879,5;8,132771084;37,02385978759068
17022;Bisbal d'Empordà, la;Baix Empordà;2023;538,6504651;113650;22980;20,22;1210,81;92;2,1739130434782608;25;15454;94,9;567,5979611169652;16284,510010537406;41,826100564255206;108972,9;7,051436521288986;32,10116138250699
17023;Blanes;Selva;2023;597,6419575;415242;78190;18,83;2215,29;645;0;3,565891472868217;15669;94,9;629,7597023182296;16511,064278187565;45,77001397664178;199376,1;12,724238943136129;57,92618944381093
17033;Caldes de Malavella;Selva;2023;745,7308571;83909;8500;10,13;2444,1;138;0;2,898550724637681;17653;94,9;785,8070148577449;18601,685985247626;50,69263176343964;219969;12,460714892652806;56,72651501616811
17034;Calonge i Sant Antoni;Baix Empordà;2023;748,1987179;120026;27210;22,67;2997,08;474;0;38,81856540084388;16501;94,9;788,4075004214963;17387,77660695469;54,411154565177874;269737,2;16,34671838;74,41726848552214
17044;Cassà de la Selva;Gironès;2023;610,0467974;108328;18470;17,05;1451,52;86;0;37,20930233;17921;94,9;642,8311879873551;18884,08851;40,84906851626583;130636,8;7,289593215;33,18535272781453
17047;Castelló d'Empúries;Alt Empordà;2023;578,9390141;117864;52980;44,95;2595,47;769;0;6,501950585175553;13339;94,9;610,0516481559536;14055,848261327712;52,08237625908989;233592,3;17,51197990853887;79,72203841
17048;Castell d'Aro, Platja d'Aro i s'Agaró;Baix Empordà;2023;729,4836313;125338;43630;34,81;3012,97;498;0;14,859437751004014;13690;94,9;768,6866504741832;14425,711275026342;63,943050223520814;271167,3;19,807691745799854;90,17310266173122
17049;Celrà;Gironès;2023;683,9576623;54626;11100;20,32;1567,68;33;0;30,303030303030305;17221;94,9;720,7140804004215;18146,469968387777;47,659787164508444;141091,2;8,192973694907382;37,297927874529016
17062;Escala, l';Alt Empordà;2023;666,2075373;106743;32610;30,55;2504,52;498;0;6,626506024096386;14478;94,9;702,0100498419389;15256,059009483666;55,21819621;225406,8;15,568918358889348;70,87638941099395
17066;Figueres;Alt Empordà;2023;549,807263;478417;134770;28,17;1254;532;0;9,210526315789473;14496;94,9;579,3543340358272;15275,026343519494;45,513846274834435;112860;7,785596026490066;35,443370120515056
17079;Girona;Gironès;2023;764,5535529;1040405;215780;20,74;2304,39;1.141;1139,3514460999122;24802,804557405783;18853;94,9;805,6412570073761;19866,17492096944;48,66409926696017;207395,09999999998;11,000641807669865;50,07963652697134
17089;Llagostera;Gironès;2023;565,7325926;91981;15830;17,21;1369,67;111;0,9009009009009009;37,83783783783784;16539;94,9;596,1355032665964;17427,81875658588;41,04716797387992;123270,3;7,4533103573372035;33,93066333
17092;Llançà;Alt Empordà;2023;575,7000962;49588;7820;15,77;;;;;16282;94,9;606,6386682824025;17157,00737618546;42,42968403390247;;;
17095;Lloret de Mar;Selva;2023;606,1145904;411583;159900;38,85;2083,45;904;0;5,530973451327434;12941;94,9;638,6876611169652;13636,459430979978;56,20411934780929;187510,49999999997;14,48964531334518;65,96307591718264
17103;Maçanet de la Selva;Selva;2023;732,8633333;78201;10870;13,9;1276,55;143;0;3,4965034965034967;15356;94,9;772,2479802950473;16181,243414120125;57,269861940609545;114889,5;7,481733524355301;34,06005777136873
17114;Olot;Garrotxa;2023;547,0372702;380008;96370;25,36;1652,48;340;3,823529411764706;41,47058823529412;17350;94,9;576,4354796628029;18282,40252897787;37,83543079193083;148723,2;8,571942363112393;39,02315568
17117;Palafrugell;Baix Empordà;2023;638,9797993;238659;56610;23,72;2322,7;505;0;12,871287128712872;15146;94,9;673,3190719704952;15959,957850368808;50,625627833091244;209042,99999999997;13,80186187772349;62,83199092528782
17118;Palamós;Baix Empordà;2023;685,7310839;183322;27590;15,05;2376,14;332;0,30120481927710846;24,397590361445783;16775;94,9;722,5828070600633;17676,50158061117;49,05378841609538;213852,59999999998;12,74829210134128;58,035689729457886
17141;Puigcerdà;Cerdanya;2023;640,9559908;97745;22540;23,06;2918,22;116;0;15,517241379310345;14724;94,9;675,4014655426764;15515,279241306638;52,237652061939684;262639,8;17,837530562347187;81,20408451789291
17147;Ripoll;Ripollès;2023;445,9530545;108174;16940;15,66;968,82;108;0;21,296296296296298;17770;94,9;469,9189193888303;18724,973656480506;30,11500649409117;87193,8;4,906797974113675;22,337847495731015
17152;Roses;Alt Empordà;2023;575,0154203;199834;60110;30,08;2952,42;972;0;1,028806584;13396;94,9;605,9171974;14115,911485774499;51,509294144520744;265717,8;19,835607644072855;90,30018779578778
17155;Salt;Gironès;2023;549,3599052;333333;125900;37,77;1141,32;419;3,579952267303103;26,49164677804296;13079;94,9;578,8829348788197;13781,875658587986;50,40384480770701;102718,79999999999;7,853719703341233;35,753498296237375
17160;Sant Feliu de Guíxols;Baix Empordà;2023;663,9375571;226481;43960;19,41;2331,7;457;0;17,067833698030636;15523;94,9;699,6180791359326;16357,21812434141;51,32545696836952;209852,99999999997;13,518843007150677;61,54356772086365
17164;Sant Hilari Sacalm;Selva;2023;448,6572566;58937;11640;19,75;933,36;61;0;3,278688524590164;16242;94,9;472,76844741833503;17114,85774499473;33,14793177687477;84002,4;5,171924639822682;23,54481771478292
17180;Santa Coloma de Farners;Selva;2023;588,0966486;137840;29360;21,3;1361,33;132;0;4,545454545454546;16754;94,9;619,7014210748156;17654,373024236036;42,12223817;122519,7;7,312862599976125;33,291284943315524
17181;Santa Cristina d'Aro;Baix Empordà;2023;804,7443636;56566;10640;18,81;1983,32;128;0;18,75;17678;94,9;847,9919532139094;18628,029504741833;54,62683766941963;178498,8;10,097228193234528;45,96691053921171
17186;Sarrià de Ter;Gironès;2023;720,6501818;53333;4160;7,8;2141,52;26;0;15,384615384615385;18474;94,9;759,3784845100105;19466,80717;46,81066461838259;192736,8;10,432867814225398;47,49488595347833
17193;Sils;Selva;2023;618,8758;66165;8800;13,3;2227,42;109;0;17,431192660550458;17036;94,9;652,1346680716543;17951,527924130663;43,593035923925804;200467,80000000002;11,767304531580184;53,56981384784706
17199;Torroella de Montgrí;Baix Empordà;2023;620,0350794;122338;34120;27,89;2139,27;308;0,3246753246753247;27,5974026;15327;94,9;653,3562480505794;16150,684931506848;48,54453547856723;192534,3;12,561773341162654;57,18657638875314
17202;Tossa de Mar;Selva;2023;573,8289474;61859;15570;25,17;2583,4;167;0;4,790419161676647;15254;94,9;604,6669624868282;16073,76185458377;45,14191273633145;232506;15,242297102399371;69,38946945732395
17213;Vidreres;Selva;2023;658,0432143;84512;13150;15,56;1355,23;120;0;16,666666666666664;16605;94,9;693,4069697576397;17497,365648050578;47,55506517073171;121970,7;7,345420054200542;33,43950042949429
17221;Vilafant;Alt Empordà;2023;647,7210526;56203;3760;6,69;1571,97;45;0;11,11111111111111;17109;94,9;682,5300870389883;18028,451001053738;45,43019832368929;141477,3;8,269174118884797;37,644824864969095
25003;Agramunt;Urgell;2023;372,8230693;55065;10220;18,56;960,46;38;0;15,789473684210526;16508;94,9;392,85887175974705;17395,152792413064;27,101265032711407;86441,40000000001;5,236333898715775;23,838036267912138
25011;Alcarràs;Segrià;2023;436,154876;100000;32830;32,83;831,05;147;0;33,33333333333333;14767;94,9;459,5941791359325;15560,590094836669;35,44293703528137;74794,5;5,064975959910612;23,057941484225033
25019;Almacelles;Segrià;2023;402,7624444;69760;15710;22,52;931,87;49;0;34,69387755102041;14696;94,9;424,4072122;15485,77449947313;32,88751587370713;83868,3;5,7068794229722375;25,980161176272215
25023;Alpicat;Segrià;2023;646;64521;4510;6,99;1331,65;52;0;17,307692307692307;21135;94,9;680,7165437302423;22270,81138040042;36,67849538679915;119848,50000000001;5,670617459190916;25,815081174789338
25040;Balaguer;Noguera;2023;395,7275588;175410;42800;24,4;1220,12;183;0;18,579234972677597;14841;94,9;416,9942663856691;15638,566912539514;31,997376899130785;109810,79999999999;7,399151000606428;33,68410672731783
25050;Bellpuig;Urgell;2023;427,8132836;51827;12200;23,54;659,43;74;0;37,83783783783784;15481;94,9;450,8043030558482;16312,961011591147;33,16167820683418;59348,7;3,833647697177185;17,45240746892027
25058;Borges Blanques, les;Garrigues;2023;404,8136275;61973;9990;16,12;724,98;61;0;19,672131147540984;16200;94,9;426,56862750263434;17070,600632244466;29,98619462962963;65248,200000000004;4,027666666666667;18,335664977095508
25072;Cervera;Segarra;2023;385,9850993;94663;21640;22,86;973,47;48;0;8,333333333333332;15930;94,9;406,7282395152792;16786,09062170706;29,076090342749527;87612,3;5,499830508474576;25,03758577
25110;Guissona;Segarra;2023;424,099009;75251;39680;52,73;1175,59;34;8,823529411764707;50;15676;94,9;446,8904204425711;16518,44046364594;32,46483865782088;105803,09999999999;6,749368461342178;30,72601810332155
25120;Lleida;Segrià;2023;545,5631764;1429888;307140;21,48;1216,08;1.709;5558,806319485079;28086,60035;17672;94,9;574,8821669125394;18621,70706006322;37,045937736532366;109447,2;6,193254866455409;28,19435066186198
25137;Mollerussa;Pla d'Urgell;2023;467,24;153023;45050;29,44;912,21;150;6;30;16470;94,9;492,3498419;17355,110642781874;34,04298724954462;82098,90000000001;4,984754098360656;22,692737186314186
25203;Seu d'Urgell, la;Alt Urgell;2023;531,2883029;124776;19490;15,62;1454,06;104;0;27,884615384615387;15080;94,9;559,8401505795573;15890,410958904109;42,277583785145886;130865,4;8,678076923076922;39,506325690723074
25207;Solsona;Solsonès;2023;400,3168095;92120;14380;15,61;1009,27;62;0;12,903225806451612;16996;94,9;421,8301469968387;17909,378292939935;28,26430756648623;90834,3;5,3444516356789835;24,33023455
25217;Tàrrega;Urgell;2023;435,3925;181918;43260;23,78;955,6;228;0,43859649122807015;25;16155;94,9;458,7908325;17023,182297154897;32,34113277623027;86004;5,323676880222841;24,23565895607258
25234;Tremp;Pallars Jussà;2023;383,0382895;59901;10860;18,13;726,54;76;0;0;17462;94,9;403,6230658587987;18400,421496311905;26,322640442102852;65388,6;3,7446226090940327;17,04712711065268
25243;Vielha e Mijaran;Val d'Aran;2023;577,577037;57406;12790;22,28;2432,16;167;0;11,976047904191617;17777;94,9;608,6164773445732;18732,34984193888;38,988155729313156;218894,4;12,313348709006018;56,05564099
43004;Alcanar;Montsià;2023;423,3988462;97713;20940;21,43;1156,83;246;0;13,008130081300814;14611;94,9;446,15263034773443;15396,206533192833;34,773705799739915;104114,7;7,125775100951338;32,43958245961417
43005;Alcover;Alt Camp;2023;462,9575758;52660;5840;11,09;1289,26;57;0;0;16801;94,9;487,83727692307684;17703,89884088514;33,066430031545735;116033,4;6,906338908398309;31,440614857900574
43012;Altafulla;Tarragonès;2023;738,029823;56830;6490;11,42;2036,24;128;0,78125;51,5625;19491;94,9;777,6921211801896;20538,461538461535;45,43819134985378;183261,6;9,402370324765277;42,80361969680065
43013;Ametlla de Mar, l';Baix Ebre;2023;467,3901316;73305;17300;23,6;2030,15;240;0;10;14187;94,9;492,50804172813486;14949,420442571127;39,53395065;182713,5;12,87893846479171;58,63044797261844
43014;Amposta;Montsià;2023;401,9186517;222222;45200;20,34;815,81;346;0;1,7341040462427744;14186;94,9;423,51807344573234;14948,366701791358;33,99847610602002;73422,9;5,175729592556041;23,56213949047751
43016;Arboç, l';Baix Penedès;2023;514,1230769;56910;14290;25,11;1025,88;50;8;36;15012;94,9;541,7524519494204;15818,756585879872;41,09696857713829;92329,20000000001;6,150359712230217;27,99907353440671
43037;Calafell;Baix Penedès;2023;679,0719626;304818;62640;20,55;2051,37;931;0,21482277121374865;32,33082706766917;15546;94,9;715,5658193888303;16381,454162276079;52,417750876109615;184623,3;11,875935932072558;54,06435054372245
43038;Cambrils;Baix Camp;2023;686,7855028;364370;74040;20,32;2328,29;737;0;9,497964722;17061;94,9;723,6938912539515;17977,871443624867;48,305644649199934;209546,1;12,28216986108669;55,91370150575151
43043;Catllar, el;Tarragonès;2023;789,4117647;51206;3820;7,46;;;;;19813;94,9;831,8353684931507;20877,76606954689;47,811745704335536;;;
43044;Sénia, la;Montsià;2023;327,2726829;56020;10980;19,6;615,81;65;0;12,307692307692308;14034;94,9;344,8605720758693;14788,198103266595;27,983983146643865;55422,899999999994;3,9491876870457454;17,978395024747535
43047;Constantí;Tarragonès;2023;416,8991781;68489;12780;18,66;749,82;136;5,882352941;16,176470588235293;14122;94,9;439,3036650158061;14880,927291886195;35,425507273757255;67483,8;4,778629089364113;21,754367797496485
43051;Cunit;Baix Penedès;2023;681,41825;152463;28160;18,47;1974,33;404;0,24752475247524752;13,613861386138614;15137;94,9;718,0381981032665;15950,474183350894;54,02007663;177689,69999999998;11,738765937768381;53,43989393680246
43086;Montblanc;Conca de Barberà;2023;485,5301205;74653;10750;14,4;1083,69;49;2,0408163265306123;4,081632653061225;18131;94,9;511,62288777660694;19105,374077976816;32,13480473222658;97532,1;5,379300645303624;24,48888217579101
43092;Mont-roig del Camp;Baix Camp;2023;601,5978431;136821;38050;27,81;1741,72;539;0;0,5565862708719851;14540;94,9;633,9281802950474;15321,390937829294;49,650440971114165;156754,8;10,780935350756533;49,079438566050825
43093;Móra d'Ebre;Ribera d'Ebre;2023;399,7857143;56546;10970;19,4;777,66;94;0;38,297872340425535;16088;94,9;421,27051032665963;16952,58166491043;29,819919017901537;69989,4;4,350410244;19,80493207167222
43100;Pallaresos, els;Tarragonès;2023;685,1;49702;1670;3,36;;;;;19595;94,9;721,9178082;20648,050579557428;41,95560091860169;;;
43123;Reus;Baix Camp;2023;573,6330392;1085501;196150;18,07;1325,37;1.506;3718,459495351926;11022,57636122178;16995;94,9;604,4605260273972;17908,324552160168;40,50365678375993;119283,29999999999;7,018729037952339;31,952262899504902
43129;Riudoms;Baix Camp;2023;552,7210101;69018;9490;13,75;1354,02;66;0;36,36363636363637;15713;94,9;582,4246681770284;16557,428872497363;42,21123987271685;121861,8;7,755476357156494;35,30625248
43131;Roda de Berà;Tarragonès;2023;637,7117778;78078;11860;15,19;1811,03;296;0;20,945945945945947;16275;94,9;671,9829060063224;17149,63119072708;47,02022324792627;162992,7;10,014912442396314;45,59217395979246
43133;Roquetes;Baix Ebre;2023;417,4799048;82989;13270;15,99;747,29;69;0;7,246376811594203;15445;94,9;439,91560042149626;16275,026343519494;32,43612080025898;67256,09999999999;4,354554872126902;19,823800196895924
43136;Ràpita, la;Montsià;2023;438,5417928;153310;26630;17,37;1113,77;548;0;0,18248175182481752;15151;94,9;462,1093707060063;15965,226554267649;34,73369094;100239,3;6,6160187446373175;30,118953037454393
43145;Selva del Camp, la;Baix Camp;2023;542,6605172;57442;4940;8,6;1222,73;34;0;2,941176470588235;17110;94,9;571,8235165437302;18029,50474183351;38,05918297136177;110045,7;6,431659848042081;29,279672321526913
43148;Tarragona;Tarragonès;2023;655,5749408;1383604;272570;19,7;1528,27;1.909;1257,202723939235;21739,130434782608;17409;94,9;690,8060493150684;18344,573234984193;45,18869142167844;137544,3;7,900758228502498;35,967637824096435
43153;Torredembarra;Tarragonès;2023;622,0164205;176123;32160;18,26;1999,12;366;0;16,939890710382514;15832;94,9;655,4440679662803;16682,824025289778;47,146267344618494;179920,8;11,364375947448206;51,735510232435466
43155;Tortosa;Baix Ebre;2023;454,0203342;348620;71990;20,65;841,49;436;0;10,091743119266056;15834;94,9;478,4197409905163;16684,931506849312;34,408513391436145;75734,1;4,783004926108375;21,774288481897035
43156;Ulldecona;Montsià;2023;344,4230769;64996;17250;26,54;555,12;123;0;12,195121951219512;13670;94,9;362,9326416227608;14404,63645943098;30,23465195903438;49960,8;3,654776883686906;16,638110859550505
43161;Valls;Alt Camp;2023;513,9174033;249526;42070;16,86;1232,22;196;0;0,5102040816326531;17056;94,9;541,5357252897787;17972,602739726026;36,15741580440901;110899,8;6,502098968105066;29,600341387178574
43162;Vandellòs i l'Hospitalet de l'Infant;Baix Camp;2023;533,7619737;69757;12640;18,12;1618,07;130;0;11,538461538461538;16245;94,9;562,4467583772391;17118,018967334036;39,42840064265928;145626,3;8,964376731301938;40,80968512959269
43163;Vendrell, el;Baix Penedès;2023;576,3864382;396746;64630;16,29;1634,95;732;0,6830601092896175;3,278688524590164;16662;94,9;607,3618948366702;17557,428872497363;41,51144675549154;147145,5;8,831202736766295;40,20342002635663
43171;Vila-seca;Tarragonès;2023;567,2363667;234547;38020;16,21;2484,9;533;0;0,9380863039399625;15523;94,9;597,7200913593256;16357,21812434141;43,85000580042517;223641;14,407073374991947;65,58717306238971
43901;Deltebre;Baix Ebre;2023;416,8236986;118371;13660;11,54;890,23;222;0;26,576576576576578;14602;94,9;439,22412918861954;15386,72286617492;34,254789639775375;80120,7;5,486967539;24,979028021934756
43905;Salou;Tarragonès;2023;624,1281611;300903;100020;33,24;2230,21;1.099;0;16196,542311191994;15336;94,9;657,6692951527924;16160,168598524762;48,836319334898285;200718,9;13,088086854460094;59,58258108611471
43907;Canonja, la;Tarragonès;2023;515,9104478;59250;4580;7,73;;-;;;15868;94,9;543,6358775553214;16720,758693361433;39,015158643811446;;;
08001;Abrera;Baix Llobregat;2022;684,8372294;126731;7870;6,21;1871,33;128;0;2,34375;19389;91,8;746,0100538126362;21120,91503267974;42,38509852;168419,69999999998;8,686353086801795;39,544002335270314
08003;Alella;Maresme;2022;1196,247;100697;11560;11,48;3377,66;75;0;18,666666666666668;26404;91,8;1303,1013071895427;28762,52723311547;54,36662626874716;303989,39999999997;11,51300560521133;52,41213613918174
08005;Ametlla del Vallès, l';Vallès Oriental;2022;1014,796719;90134;5390;5,98;1729,89;156;0,641025641;27,564102564102566;24932;91,8;1105,443049019608;27159,041394335512;48,84309573239211;155690,1;6,2445892828493506;28,428046927887145
08006;Arenys de Mar;Maresme;2022;707,7532703;160800;18090;11,25;2835,95;241;0;26,141078838174277;19760;91,8;770,9730613289762;21525,05446623094;42,980967831983804;255235,49999999997;12,916776315789471;58,80270208815636
08007;Arenys de Munt;Maresme;2022;663,1146259;92613;6770;7,31;2080,15;138;0;28,26086956521739;19320;91,8;722,347087;21045,75163398693;41,18724384472049;187213,5;9,690139751552795;44,11366946926448
08009;Argentona;Maresme;2022;812,0007558;127322;6990;5,49;2327,34;145;0;30,344827586206897;19805;91,8;884,5324137254902;21574,074074074077;49,19974284;209460,6;10,576147437515779;48,147156210210156
08010;Artés;Bages;2022;433,7388889;58724;6260;10,66;1127,83;106;0;32,075471698113205;18387;91,8;472,4824497821351;20029,411764705885;28,307318577255675;101504,7;5,5204601076847775;25,131500551335424
08015;Badalona;Barcelonès;2022;808,0211967;2223483;340860;15,33;2449,84;2.546;1728,2010997643365;33071,484681853886;17971;91,8;880,1973820261438;19576,252723311547;53,95500729174781;220485,6;12,268966668521507;55,85359491413438
08019;Barcelona;Barcelonès;2022;1026,860575;16155060;3368330;20,85;4380,37;16.029;449,18585064570465;458,5002183542329;23003;91,8;1118,5845043572986;25057,73420479303;53,56834717210799;394233,3;17,138342824848934;78,02108225582356
08020;Begues;Baix Llobregat;2022;996,4430769;74376;5660;7,61;2301,96;60;0;1,6666666666666667;23630;91,8;1085,4499748366015;25740,740740740745;50,60227220820991;207176,4;8,767515869657215;39,91349011025478
08022;Berga;Berguedà;2022;418,1120913;167726;24270;14,47;1104,8;190;0;10;17940;91,8;455,45979444444447;19542,48366013072;27,96736396655518;99432;5,542474916;25,23172139638626
08023;Bigues i Riells del Fai;Vallès Oriental;2022;798,7008824;97448;4200;4,31;1448,01;136;0;13,23529411764706;20739;91,8;870,0445342047931;22591,503267973858;46,21442976421235;130320,9;6,283856502242152;28,606808141005203
08029;Cabrera de Mar;Maresme;2022;1290,590909;48563;3210;6,61;;;;;24788;91,8;1405,8724498910676;27002,178649237474;62,47817858641278;;;
08030;Cabrils;Maresme;2022;1444,310345;77123;9810;12,72;3267,12;75;0;0;24516;91,8;1573,3228159041396;26705,88235294118;70,69556265296134;294040,8;11,993832599118942;54,601066704165746
08033;Caldes de Montbui;Vallès Oriental;2022;721,4455584;178947;14280;7,98;1844,41;142;0;16,19718309859155;19644;91,8;785,8884078431373;21398,692810457516;44,071200879657916;165996,9;8,450259621258398;38,46920368738027
08035;Calella;Maresme;2022;629,2516923;192385;34610;17,99;2250,78;258;0,7751937984496124;24,80620155;16319;91,8;685,4593598039215;17776,688453159044;46,27134204056621;202570,2;12,413150315583064;56,50998067454898
08040;Canet de Mar;Maresme;2022;649,9273929;148661;12770;8,59;2483,3;188;0,5319148936170213;21,808510638297875;17957;91,8;707,9819094771242;19561,00217864924;43,432247673887616;223497,00000000003;12,446232666926548;56,66058571739148
08041;Canovelles;Vallès Oriental;2022;601,6056771;168175;31600;18,79;1439,41;52;1,9230769230769231;13,461538461538462;15931;91,8;655,3438748366013;17354,030501089324;45,315850387295214;129546,90000000001;8,131749419371038;37,01920873076511
08043;Canyelles;Garraf;2022;883,9285714;50000;4760;9,52;;;;;18350;91,8;962,8851540305012;19989,106753812637;57,804593225068125;;;
08044;Capellades;Anoia;2022;517,0987654;53281;3410;6,4;1097,85;81;0;0;18346;91,8;563,2884154684097;19984,749455337693;33,82309595988227;98806,49999999999;5,385724408590428;24,518125899581207
08046;Cardedeu;Vallès Oriental;2022;740,8217232;188401;12020;6,38;2333,92;212;0;15,09433962264151;19642;91,8;806,9953411764706;21396,514161220046;45,25944750229101;210052,80000000002;10,694063740963243;48,68396176396756
08051;Castellar del Vallès;Vallès Occidental;2022;495,7575758;249217;11140;4,47;2112,58;270;0;18,51851851851852;20422;91,8;540,0409322440088;22246,187363834426;29,13079477818039;190132,19999999998;9,310165508;42,38386384972338
08054;Castellbisbal;Vallès Occidental;2022;697,5;127243;7800;6,13;2204,47;136;0;0;19231;91,8;759,8039215686275;20948,801742919393;43,52347771826738;198402,3;10,316795798450418;46,966476387691806
08056;Castelldefels;Baix Llobregat;2022;746,1764706;669606;141220;21,09;3942,05;810;0;6,419753086419753;21142;91,8;812,8283993464053;23030,50108932462;42,352273423517175;354784,5;16,78102828493047;76,39443332044576
08067;Centelles;Osona;2022;578,4953548;76423;4700;6,15;1882,64;93;0;38,70967741935484;18807;91,8;630,1692318082789;20486,928104575167;36,91149177221247;169437,6;9,009283777316957;41,01412125079828
08068;Cervelló;Baix Llobregat;2022;777,8023529;93043;6420;6,9;1927,16;156;0;23,076923076923077;20781;91,8;847,2792515250545;22637,254901960787;44,91424009816659;173444,4;8,346297098310957;37,99592172323116
08072;Corbera de Llobregat;Baix Llobregat;2022;741,2632039;152151;14150;9,3;1750,07;220;0;23,18181818181818;21132;91,8;807,4762569716777;23019,607843137255;42,09331084043158;157506,3;7,453449744463373;33,93129788250397
08073;Cornellà de Llobregat;Baix Llobregat;2022;723,2320846;889313;137310;15,44;3033,61;1.012;197,62845849802372;2766,798418972332;18101;91,8;787,8345148148148;19717,86492374728;47,94643950720954;273024,9;15,083415280923708;68,66617130714722
08074;Cubelles;Garraf;2022;764,1379612;164525;18690;11,36;2174,95;366;0;5,737704918032787;18171;91,8;832,3942932461874;19794,117647058825;50,46313100214627;195745,49999999997;10,772412085190687;49,040637008012396
08075;Dosrius;Maresme;2022;858,2987671;57143;2920;5,11;1554,01;100;0;25;19560;91,8;934,9659772331155;21307,189542483662;52,656366079754605;139860,9;7,150352760736196;32,55147050126016
08076;Esparreguera;Baix Llobregat;2022;651,0650662;222914;17900;8,03;1881,93;258;0;0,7751937984496124;18887;91,8;709,2212050108933;20574,074074074077;41,36591727;169373,7;8,967739715147985;40,824994873478616
08077;Esplugues de Llobregat;Baix Llobregat;2022;900,9005882;464788;60190;12,95;3391,86;347;0;14,697406340057636;22009;91,8;981,3731897603486;23974,945533769063;49,11993756372393;305267,4;13,870116770412105;63,14271645174302
08086;Franqueses del Vallès, les;Vallès Oriental;2022;680,7449871;202938;20720;10,21;2133,27;69;0;34,78260869565217;18472;91,8;741,5522735294119;20122,004357298476;44,22336425508879;191994,3;10,393801429190125;47,31703902443597
08088;Garriga, la;Vallès Oriental;2022;758,6706266;167439;13010;7,77;2256,39;231;0;37,22943722943723;20947;91,8;826,4385910675381;22818,082788671025;43,46229779538836;203075,09999999998;9,694710459731702;44,13447729195995
08089;Gavà;Baix Llobregat;2022;929,4443091;468839;52510;11,2;3151,08;346;1,4450867052023122;40,75144509;20261;91,8;1012,4665676470589;22070,806100217866;55,048278511425885;283597,2;13,997196584571345;63,72123823386053
08091;Gelida;Alt Penedès;2022;617,8881395;77994;7620;9,77;1311,7;127;0;19,68503937007874;18453;91,8;673,0807619825708;20101,307189542484;40,181312924727685;118053;6,397496342058202;29,124145399364355
08092;Gironella;Berguedà;2022;421,5803571;49535;5860;11,83;;;;;17765;91,8;459,23786176470594;19351,851851851854;28,477142050098507;;;
08096;Granollers;Vallès Oriental;2022;712,1808289;616740;83630;13,56;2322,13;836;2,751196172248804;29,066985645933013;19180;91,8;775,7961099128541;20893,246187363835;44,55771609384776;208991,7;10,89633472367049;49,604785973230484
08101;Hospitalet de Llobregat, l';Barcelonès;2022;731,3133223;2672016;597730;22,37;2707,93;3.793;1819,1405220142367;14553,124176113894;16747;91,8;796,6376059912855;18242,919389978215;52,40198165402759;243713,69999999998;14,552678091598494;66,25002814046202
08102;Igualada;Anoia;2022;525,6434383;408013;51940;12,73;1399,19;520;0,19230769230769232;6,538461538461539;18102;91,8;572,5963380174292;19718,954248366015;34,84543840238647;125927,1;6,956529665230361;31,66910469541263
08105;Llagosta, la;Vallès Oriental;2022;667,6428571;131434;15220;11,58;1944,25;124;2,4193548387096775;16,129032258064516;17212;91,8;727,2798007625273;18749,455337690633;46,54725938415059;174982,5;10,16630839;46,281393201265054
08106;Llinars del Vallès;Vallès Oriental;2022;741,566701;101754;8120;7,98;2042,77;114;0;8,771929824561402;19866;91,8;807,8068638344226;21640,522875816994;44,79412268196919;183849,3;9,254469948655995;42,130313792722305
08107;Lliçà d'Amunt;Vallès Oriental;2022;884,7647059;158033;4820;3,05;1720,74;201;0;15,422885572139302;20186;91,8;963,7959759;21989,106753812637;52,59673273952244;154866,6;7,671980580600416;34,92614391376444
08108;Lliçà de Vall;Vallès Oriental;2022;920,0445238;67614;2380;3,52;1683,05;74;0;16,216216216216218;21543;91,8;1002,2271501089325;23467,32026143791;51,24882460938588;151474,5;7,0312630552847795;32,00932311864537
08110;Malgrat de Mar;Maresme;2022;585,8908889;190650;23450;12,3;1903,08;223;0;13,004484304932735;16442;91,8;638,2253691721133;17910,67538126362;42,760556299720236;171277,19999999998;10,417053886388516;47,42289417590925
08112;Manlleu;Osona;2022;488,0420915;207401;48760;23,51;1061,41;209;0;3,827751196172249;16479;91,8;531,6362652505447;17950,980392156864;35,539202002548706;95526,90000000001;5,796886947023485;26,389914004151432
08113;Manresa;Bages;2022;506,6701241;770591;142020;18,43;1229,45;881;1,4755959137343928;23,15550510783201;17645;91,8;551,9282397603487;19221,132897603486;34,45758849079059;110650,5;6,270926608104279;28,547945720968453
08114;Martorell;Baix Llobregat;2022;651,7365135;286359;51430;17,96;1738,23;318;0;8,490566038;17287;91,8;709,9526290849674;18831,15468409586;45,24115324810551;156440,7;9,049615318;41,197727710014775
08118;Masnou, el;Maresme;2022;929,8496403;238020;25730;10,81;3404,32;234;0;28,63247863247863;22480;91,8;1012,9081049019609;24488,01743;49,63610179537367;306388,8;13,629395017793593;62,046847857342854
08119;Masquefa;Anoia;2022;661,8580189;97428;6060;6,22;1895,12;137;0;7,299270073;17127;91,8;720,9782340958607;18656,862745098042;46,37295630758452;170560,8;9,958591697;45,33577778839975
08120;Matadepera;Vallès Occidental;2022;1157,796815;97772;3510;3,59;2914,62;77;0;0;29265;91,8;1261,216574074074;31879,084967320265;47,475010353664786;262315,8;8,963464889800102;40,80553403624918
08121;Mataró;Maresme;2022;679,7567135;1283975;206720;16,1;2372,9;1.436;0;19080,779944289694;17469;91,8;740,4757227668846;19029,411764705885;46,694605083290405;213561;12,225141679546626;55,65408478035925
08123;Molins de Rei;Baix Llobregat;2022;760,2432233;262844;17190;6,54;3007,14;367;8,719346049;50,68119891008175;21698;91,8;828,1516593681918;23636,16557734205;42,04497501889575;270642,6;12,473158816480781;56,78316509106101
08124;Mollet del Vallès;Vallès Oriental;2022;667,8070899;510348;58690;11,5;2192,38;593;2,360876897133221;26,30691399662732;18103;91,8;727,4587035947714;19720,043572984752;44,267166098436725;197314,2;10,899530464563885;49,619334355513416
08125;Montcada i Reixac;Vallès Occidental;2022;667,719428;365309;48440;13,26;2036,55;453;0,6622516556291391;24,061810154525386;17556;91,8;727,3632113;19124,18300653595;45,640425700615175;183289,5;10,440276828434722;47,52861496175923
08126;Montgat;Maresme;2022;938,3426943;123137;12560;10,2;3094,58;125;0,8;29,599999999999998;21077;91,8;1022,1597977124184;22959,694989106756;53,42369564738815;278512,2;13,214034255349434;60,15594763766057
08135;Montmeló;Vallès Oriental;2022;660,8216216;87590;6070;6,93;2006,76;17;5,882352941;23,52941176470588;18643;91,8;719,8492610021787;20308,27887;42,535318667596414;180608,4;9,687732661052406;44,102711361596334
08136;Montornès del Vallès;Vallès Oriental;2022;648,98024;166545;18320;11;1824,57;50;0;10;17821;91,8;706,9501525054467;19412,85403050109;43,69992076763369;164211,3;9,214482913416754;41,94827566934881
08138;Moià;Moianès;2022;512,0949741;65156;8340;12,8;1575,33;97;0;38,144329896907216;17819;91,8;557,8376624183006;19410,67538126362;34,486445306695096;141779,69999999998;7,956658622818339;36,22212037865973
08140;Navarcles;Bages;2022;479,4595614;60739;3450;5,68;1094,26;56;0;28,57142857142857;19157;91,8;522,2871039215687;20868,19172;30,03348508012737;98483,4;5,140857127942788;23,403385084765134
08141;Navàs;Bages;2022;442,6722857;60263;5960;9,89;989,15;84;0;33,33333333333333;18716;91,8;482,2138188453159;20387,799564270153;28,38249320581321;89023,5;4,756545201966232;21,653832476619357
08147;Olesa de Montserrat;Baix Llobregat;2022;638,4489097;242731;22040;9,08;1851,47;313;0;1,2779552715654952;18211;91,8;695,4781151416122;19837,69063180828;42,07010552083904;166632,3;9,150090604579649;41,65513428013946
08155;Palafolls;Maresme;2022;591,781828;96678;5820;6,02;1688,11;110;0;11,818181818181818;17053;91,8;644,6425141612201;18576,252723311547;41,64300672022518;151929,9;8,909276960065677;40,55884735444512
08156;Palau-solità i Plegamans;Vallès Occidental;2022;831,1189024;148947;9190;6,17;2189,48;177;0;16,94915254237288;20270;91,8;905,3582814814815;22080,610021786495;49,20289506068081;197053,2;9,721420818944253;44,25607429550357
08157;Pallejà;Baix Llobregat;2022;757,6042623;116155;7190;6,19;2608,6;141;0,7092198581560284;34,04255319148936;20764;91,8;825,2769741830066;22618,73638344227;43,78371772105567;234774;11,306780967058371;51,473313195741675
08159;Parets del Vallès;Vallès Oriental;2022;710,8088412;188906;12600;6,67;2381;189;2,1164021164021163;14,814814814814813;19700;91,8;774,3015699346405;21459,694989106756;43,29800047918782;214290;10,87766497461929;49,519793273451626
08161;Piera;Anoia;2022;615,2340642;167658;13530;8,07;1647,74;260;0;12,307692307692308;16673;91,8;670,1896124183007;18162,309368191723;44,280026212439275;148296,6;8,894416121873688;40,491194449446255
08163;Pineda de Mar;Maresme;2022;603,0908846;281856;40700;14,44;2139,47;475;0,42105263157894735;18,526315789473685;15624;91,8;656,9617479302833;17019,607843137255;46,32034443932411;192552,3;12,32413594470046;56,104749105571806
08167;Polinyà;Vallès Occidental;2022;680,9050485;84801;5970;7,04;2175,01;91;4,395604395604396;6,593406593406594;18506;91,8;741,7266323529412;20159,041394335512;44,15249422889874;195750,90000000002;10,577699124608236;48,15422015492833
08169;Prat de Llobregat, el;Baix Llobregat;2022;765,6933725;648799;59430;9,16;2743,59;575;0;12;18987;91,8;834,0886410675382;20683,006535947716;48,39269221045979;246923,1;13,004850687312372;59,20365437715217
08172;Premià de Mar;Maresme;2022;805,4837911;283762;35300;12,44;2694,03;332;0;5,120481927710843;19107;91,8;877,4333236383443;20813,72549019608;50,587771461767936;242462,7;12,689731512011305;57,76909682699601
08180;Ripollet;Vallès Occidental;2022;663,8049896;388943;47490;12,21;2426,28;439;0,22779043280182232;7,972665148063782;17365;91,8;723,0991172;18916,122;45,871925569824356;218365,2;12,57501871580766;57,24687501127741
08181;Roca del Vallès, la;Vallès Oriental;2022;737,566259;107522;4860;4,52;2091,93;161;0;11,801242236024844;21049;91,8;803,4490838779957;22929,193899782138;42,048530134448185;188273,69999999998;8,944543683785453;40,71939659659498
08183;Roda de Ter;Osona;2022;514,9738679;65673;9030;13,75;1176,42;95;0;14,736842105263156;18015;91,8;560,9737123093682;19624,18300653595;34,303005355537046;105877,8;5,877202331390508;26,75554405801067
08184;Rubí;Vallès Occidental;2022;688,2240183;789134;100220;12,7;2086,75;967;0,6204756980351602;21,199586349534645;17572;91,8;749,6993663398694;19141,61220043573;46,99913623719554;187807,5;10,687884133849305;48,65582954372476
08187;Sabadell;Vallès Occidental;2022;703,4508596;2149690;277740;12,92;2136,46;2.703;1923,7883832778393;23603,403625601186;19107;91,8;766,2863394335512;20813,72549019608;44,17967402;192281,4;10,063400847856807;45,81291396421118
08191;Sallent;Bages;2022;415,209322;68129;5280;7,75;931,65;107;0;45,794392523364486;18605;91,8;452,29773638344227;20266,884531590415;26,78049913464123;83848,5;4,506772373018006;20,516759503357076
08192;Santpedor;Bages;2022;538,4487288;76139;3510;4,61;1527,93;178;0;51,12359550561798;19733;91,8;586,5454562091504;21495,642701525056;32,74405688744743;137513,7;6,9687173769827195;31,72458838312147
08194;Sant Adrià de Besòs;Barcelonès;2022;837,1161364;369001;56900;15,42;3093,43;501;1,1976047904191618;31,33732535;16636;91,8;911,8912161220044;18122,004357298476;60,3834674;278408,7;16,735314979562396;76,18632676109178
08196;Sant Andreu de la Barca;Baix Llobregat;2022;681,4019122;269447;25840;9,59;2378,66;338;0;0,8875739644970414;18230;91,8;742,2678782135076;19858,387799564272;44,853663995611626;214079,4;11,743247394404827;53,46029545
08197;Sant Andreu de Llavaneres;Maresme;2022;1010,193889;115915;13620;11,75;2655,61;194;0;25,257731958762886;22108;91,8;1100,4290729847496;24082,788671023965;54,83230806947711;239004,90000000002;10,810787950063327;49,215340393308516
08198;Sant Antoni de Vilamajor;Vallès Oriental;2022;688,9384043;64821;3630;5,6;1838,94;73;0;6,8493150684931505;20921;91,8;750,4775646;22789,76034858388;39,516566376368246;165504,6;7,910931599827924;36,01395137080932
08200;Sant Boi de Llobregat;Baix Llobregat;2022;738,9398861;831021;83850;10,09;2711,86;578;2,0761245674740483;22,318339100346023;18638;91,8;804,9454096949892;20302,832244008718;47,57634206;244067,40000000002;13,095149694173196;59,61473416
08202;Sant Celoni;Vallès Oriental;2022;650,7024627;182337;20130;11,04;1658,16;232;0;18,53448275862069;18073;91,8;708,8262120915033;19687,36383442266;43,20494412881093;149234,4;8,257312012394179;37,59082347197037
08205;Sant Cugat del Vallès;Vallès Occidental;2022;1240,946742;959173;127570;13,3;4433,69;996;0,5020080321285141;39,0562249;26038;91,8;1351,7938366013075;28363,834422657954;57,19087834703127;399032,1;15,32499039864813;69,76592478527287
08208;Sant Esteve Sesrovires;Baix Llobregat;2022;808,6627907;78783;4530;5,75;1861,84;94;0;0;21392;91,8;880,8962861655774;23302,832244008718;45,362535005609566;167565,6;7,833096484667165;35,659612565452704
08209;Sant Fost de Campsentelles;Vallès Oriental;2022;886,3061111;90541;4020;4,44;2019,16;83;0;16,867469879518072;20327;91,8;965,4750665577342;22142,70152505447;52,32288745609288;181724,4;8,940050179564127;40,698940239405026
08210;Sant Feliu de Codines;Vallès Oriental;2022;636,7196262;64394;5950;9,24;1499,01;79;0;34,177215189873415;18436;91,8;693,5943640522876;20082,788671023965;41,44410671729226;134910,9;7,3177967021045776;33,313747091024716
08211;Sant Feliu de Llobregat;Baix Llobregat;2022;826,1811601;454648;36190;7,96;3005,48;542;0,18450184501845018;18,081180811808117;21081;91,8;899,9794772331156;22964,05229;47,028954609363886;270493,2;12,831137042834781;58,41283541155801
08213;Sant Fruitós de Bages;Bages;2022;552,0920472;90419;6040;6,68;1454,92;115;6,956521739130435;33,04347826086956;20894;91,8;601,4074588235295;22760,348583877996;31,708167734277787;130942,8;6,267004881784245;28,530092341856633
08214;Vilassar de Dalt;Maresme;2022;889,5725899;91429;5760;6,3;2932,78;111;0;11,711711711711711;22733;91,8;969,0333223311547;24763,616557734207;46,95759943166322;263950,2;11,610882857519906;52,85771534315642
08217;Sant Joan Despí;Baix Llobregat;2022;892,6103024;339618;28460;8,38;3190,49;424;0,2358490566037736;35,14150943396226;21658;91,8;972,3423773;23592,592592592595;49,45666095114969;287144,1;13,258107858528026;60,356589569850286
08218;Sant Joan de Vilatorrada;Bages;2022;527,7322034;107947;9780;9,06;1509,1;109;0;22,018348623853214;18226;91,8;574,8716812636166;19854,030501089324;34,74589290464172;135819;7,451936793591573;33,92441028166508
08219;Vilassar de Mar;Maresme;2022;958,0736524;210729;15320;7,27;3460,4;209;0;4,306220096;22807;91,8;1043,6532161220046;24844,22658;50,409452487394226;311436;13,655281273293287;62,16469318756398
08221;Sant Just Desvern;Baix Llobregat;2022;1228,707699;197371;21020;10,65;4040,89;309;0,6472491909385114;59,54692556634305;30352;91,8;1338,461545751634;33063,18082788671;48,57832231154455;363680,1;11,982080258302583;54,54756501156323
08230;Premià de Dalt;Maresme;2022;1113,915985;103735;9720;9,37;2823;159;0;7,547169811320755;23552;91,8;1213,4161056644882;25655,773420479305;56,755230213994565;254070;10,787618885869565;49,10986488253561
08231;Sant Pere de Ribes;Garraf;2022;807,8705732;315092;48020;15,24;2485,63;530;0;12,641509433962264;17972;91,8;880,0333041394335;19577,342047930284;53,941947910082355;223706,7;12,447512797685288;56,66641342128599
08234;Sant Pere de Vilamajor;Vallès Oriental;2022;926,0759259;48021;2790;5,81;;;;;19448;91,8;1008,7973049019608;21185,185185185186;57,14166552241876;;;
08235;Sant Pol de Mar;Maresme;2022;852,3364444;56605;6470;11,43;3208,72;92;0;22,82608695652174;20677;91,8;928,4710723311548;22523,965141612203;49,46577033805678;288784,8;13,966474827102576;63,58137962611704
08238;Sant Quirze del Vallès;Vallès Occidental;2022;852,1226636;201147;10520;5,23;2875,25;195;0;5,128205128205128;24946;91,8;928,2381956427016;27174,291938997823;40,99042717549908;258772,5;10,373306341698068;47,223736601710485
08240;Sant Sadurní d'Anoia;Alt Penedès;2022;572,4120988;128455;11060;8,61;1814,97;111;1,8018018018018018;19,81981981981982;19542;91,8;623,5425912854031;21287,581699346407;35,14965298;163347,3;8,358781086889776;38,05275419004215
08244;Santa Coloma de Cervelló;Baix Llobregat;2022;834,2579268;83173;3460;4,16;2678,42;72;0;9,722222222222223;21199;91,8;908,7776980392157;23092,592592592595;47,22437436482853;241057,80000000002;11,371187320156611;51,766518520447256
08245;Santa Coloma de Gramenet;Barcelonès;2022;637,0243367;1173995;248300;21,15;2131,9;1.265;0;1581,0276679841897;15925;91,8;693,9262927015252;17347,494553376906;48,001833848665626;191871;12,048414442700157;54,84954665
08248;Santa Eulàlia de Ronçana;Vallès Oriental;2022;808,7567213;77556;3110;4,01;1673,41;82;0;14,634146341463413;19397;91,8;880,9986070806101;21129,62962962963;50,033926151466716;150606,9;7,764442955096149;35,34707227304784
08250;Santa Margarida de Montbui;Anoia;2022;458,3140816;102773;11860;11,54;833,03;157;1,2738853503184715;2,547770700636943;13469;91,8;499,25281220043576;14672,11328976035;40,83279366842379;74972,7;5,566315242408494;25,34025277870619
08251;Santa Margarida i els Monjos;Alt Penedès;2022;528,8828723;75762;9440;12,46;1323,55;81;0;16,049382716049383;18332;91,8;576,1251332;19969,498910675382;34,620305845516036;119119,5;6,497899847261619;29,581225189301275
08252;Barberà del Vallès;Vallès Occidental;2022;704,622807;331493;26420;7,97;2515,19;462;0,4329004329004329;7,792207792207792;19180;91,8;767,5629705882353;20893,246187363835;44,08484715328467;226367,1;11,802247132429615;53,728887543767826
08259;Santa Maria de Palautordera;Vallès Oriental;2022;671,1696203;97439;8750;8,98;1831,44;105;0;45,714285714285715;19072;91,8;731,1215907407408;20775,599128540307;42,22963214974832;164829,6;8,642491610738256;39,34432609662877
08260;Santa Perpètua de Mogoda;Vallès Occidental;2022;673,312543;258589;25290;9,78;2152,57;260;0,7692307692307693;20,384615384615383;18415;91,8;733,4559291938998;20059,912854030503;43,87591917458594;193731,30000000002;10,520298669562857;47,892908680978586
08262;Sant Vicenç de Castellet;Bages;2022;470,7442262;99245;13140;13,24;1310,57;154;0;19,480519480519483;16436;91,8;512,7932747276689;17904,13943;34,36925477245072;117951,29999999999;7,176399367242637;32,67004582
08263;Sant Vicenç dels Horts;Baix Llobregat;2022;723,2395635;281477;23250;8,26;2134,19;258;0,3875968992248062;19,379844961240313;17829;91,8;787,8426618;19421,568627450983;48,678415850580514;192077,1;10,773296314992429;49,04466240106234
08264;Sant Vicenç de Montalt;Maresme;2022;1489,954111;66726;7540;11,3;3024,45;91;0;21,978021978021978;23591;91,8;1623,0436938997823;25698,257080610023;75,78928121741342;272200,5;11,538319698189987;52,52737674037077
08266;Cerdanyola del Vallès;Vallès Occidental;2022;790,5587014;571849;54440;9,52;2880,09;613;0,48939641109298526;5,709624796084829;20898;91,8;861,1750559912855;22764,705882352944;45,39527426930807;259208,1;12,403488372093024;56,46599536654738
08267;Sentmenat;Vallès Occidental;2022;624,7401156;94127;5930;6,3;1744,98;76;0;14,473684210526317;18756;91,8;680,5447882352942;20431,37254901961;39,97057681381958;157048,2;8,373224568138196;38,118507107349295
08270;Sitges;Garraf;2022;1096,639269;312611;77340;24,74;4777,92;590;0;14,067796610169491;23059;91,8;1194,5961535947713;25118,73638344227;57,06956601760701;430012,8;18,648371568584935;84,89538031531067
08274;Súria;Bages;2022;456,1890476;59267;5340;9,01;1189,6;68;0;8,823529411764707;19001;91,8;496,9379603485839;20698,257080610023;28,81042351034156;107063,99999999999;5,634650807852218;25,65134556212003
08278;Taradell;Osona;2022;551,9126563;67127;5350;7,97;2163,31;69;0;49,275362318840585;22274;91,8;601,2120438997822;24263,616557734207;29,734003212714377;194697,9;8,741038879410972;39,792955502270765
08279;Terrassa;Vallès Occidental;2022;650,5262017;2227340;299800;13,46;2084,28;3.364;29,72651605231867;15398,33531510107;18684;91,8;708,6342066448802;20352,94117647059;41,78074513166345;187585,2;10,039884393063584;45,70585698253341
08281;Teià;Maresme;2022;1071,119;66276;5660;8,54;3141,04;62;1,6129032258064515;22,58064516129032;26046;91,8;1166,7962962962963;28372,549019607846;49,348951854411425;282693,6;10,85362819626814;49,41036755592072
08282;Tiana;Maresme;2022;1003,553571;91268;4390;4,81;3325,48;101;0;36,633663366336634;26539;91,8;1093,1956111111112;28909,586056644883;45,37715381890803;299293,2;11,277485964052904;51,33994978584068
08283;Tona;Osona;2022;644,0442478;83574;7530;9,01;2076,87;122;0;20,491803278688526;20036;91,8;701,5732546840959;21825,70806100218;38,57322306648033;186918,3;9,329122579357156;42,47016456476451
08284;Tordera;Maresme;2022;527,2773684;180870;17870;9,88;1449,66;284;0;9,859154929577464;15538;91,8;574,3762183006536;16925,925925925927;40,721639984553995;130469,40000000001;8,396794954305575;38,225809607757924
08285;Torelló;Osona;2022;478,140602;147336;21850;14,83;1217,43;168;0;4,166666666666666;18869;91,8;520,8503289760349;20554,46623093682;30,40800903068525;109568,70000000001;5,806810111823626;26,435088503519456
08289;Torrelles de Llobregat;Baix Llobregat;2022;818,0151948;61939;3450;5,57;2059,04;79;0;17,72151898734177;20515;91,8;891,0840901960785;22347,49455337691;47,848804960272965;185313,6;9,033078235437484;41,12244382277782
08291;Vacarisses;Vallès Occidental;2022;924,11625;73182;3220;4,4;1725,96;109;0;0;18570;91,8;1006,6625816993466;20228,75816993464;59,71672051696284;155336,4;8,364911147011309;38,08066085113905
08295;Vallirana;Baix Llobregat;2022;769,1411043;156311;9660;6,18;1907,5;217;0,4608294930875576;19,81566820276498;19166;91,8;837,8443401960785;20877,995642701528;48,15659632474174;171675;8,957268078889701;40,7773235
08298;Vic;Osona;2022;613,2466335;472619;134460;28,45;1936,93;640;0,46875;42,96875;17726;91,8;668,0246552287582;19309,368191721136;41,51506037;174323,7;9,834350671;44,77017938677126
08300;Viladecavalls;Vallès Occidental;2022;800,6842857;76800;1920;2,5;1894,03;124;0;5,64516129;20806;91,8;872,2051042483661;22664,488017429197;46,18000302028261;170462,7;8,192958761895607;37,29785989305894
08301;Viladecans;Baix Llobregat;2022;780,8455795;665409;52900;7,95;2718,62;802;0;4,364089775561098;18933;91,8;850,5943132;20624,18300653595;49,49108410711457;244675,8;12,923245127555061;58,83215089193035
08302;Vilanova del Camí;Anoia;2022;492,5462774;127094;9710;7,64;1115,75;147;0;1,3605442176870748;15730;91,8;536,5427858;17135,076252723313;37,575049769866496;100417,5;6,383820724729816;29,06188812773771
08305;Vilafranca del Penedès;Alt Penedès;2022;592,0921325;400298;53800;13,44;1820,64;551;1,0889292196007259;40,10889292196007;17997;91,8;644,9805364923749;19604,575163398695;39,47938873145525;163857,6;9,104717452908819;41,448576246209655
08307;Vilanova i la Geltrú;Garraf;2022;706,0929133;677143;75840;11,2;2648,8;1.094;91,40767824497257;24405,850091407676;18972;91,8;769,1643935729847;20666,666666666668;44,66115833649589;238392,00000000003;12,565464895635674;57,203381926962706
08902;Vilanova del Vallès;Vallès Oriental;2022;1004,051091;55635;2320;4,17;2155,36;16;0;12,5;20847;91,8;1093,737571895425;22709,150326797386;57,795429040149656;193982,40000000002;9,305051086487266;42,36058081186519
08904;Badia del Vallès;Vallès Occidental;2022;282,6317544;131598;7330;5,57;1335,62;88;7,954545454545454;11,363636363636363;15259;91,8;307,87772810457517;16622,004357298476;22,226758324922994;120205,79999999999;7,877698407497214;35,86265963514054
17008;Anglès;Selva;2022;492,3389831;56999;12990;22,79;898,93;89;0;5,617977528089887;16378;91,8;536,3169750544663;17840,95860566449;36,073194512150444;80903,7;4,939778971791427;22,48799113324561
17009;Arbúcies;Selva;2022;462,2867742;65039;15720;24,17;1012,47;100;0;7,000000000000001;15778;91,8;503,5803640522876;17187,36383442266;35,15934396;91122,3;5,775275700342249;26,291530346396446
17015;Banyoles;Pla de l'Estany;2022;588,8296644;201651;39080;19,38;1591,42;233;1,2875536480686696;28,75536480686695;18991;91,8;641,4266496732026;20687,36383442266;37,20686626717919;143227,80000000002;7,541877731557054;34,333859981142226
17020;Bescanó;Gironès;2022;668,0645161;51423;2710;5,27;1562,13;32;0;34,375;18675;91,8;727,7391243;20343,13725490196;42,92784039196787;140591,7;7,528337349397591;34,27221835796808
17022;Bisbal d'Empordà, la;Baix Empordà;2022;508,1388532;111343;21890;19,66;1171,94;90;2,2222222222222223;28,888888888888886;15454;91,8;553,5281625272332;16834,422657952073;39,45688002070661;105474,6;6,825067944;31,07063459222771
17023;Blanes;Selva;2022;554,2053326;403715;68470;16,96;2128,26;779;0;1,540436456996149;15669;91,8;603,7095126361656;17068,627450980395;42,44344879188206;191543,40000000002;12,224353819643884;55,650498104394956
17033;Caldes de Malavella;Selva;2022;689,991125;81740;7610;9,31;2210,19;138;0;5,797101449275362;17653;91,8;751,6243191721134;19229,847494553378;46,90360561944146;198917,1;11,268175380955078;51,29756402094211
17034;Calonge i Sant Antoni;Baix Empordà;2022;704,1894805;116767;25280;21,65;2637,86;498;0;15,863453815261044;16501;91,8;767,0909373638344;17974,945533769063;51,210676722622864;237407,40000000002;14,387455305739048;65,49786320259034
17044;Cassà de la Selva;Gironès;2022;586,5073099;106526;18120;17,01;1600,4;133;0;51,127819548872175;17921;91,8;638,8968517429195;19521,78649237473;39,272851508286365;144036;8,037274705652587;36,58911934082506
17047;Castelló d'Empúries;Alt Empordà;2022;0;112540;48730;43,3;2552,75;709;0;4,513399153737659;13339;91,8;0;14530,50108932462;0;229747,5;17,22374240947597;78,40985776842086
17048;Castell d'Aro, Platja d'Aro i s'Agaró;Baix Empordà;2022;0;116504;35790;30,72;2809,5;621;0;15,458937198067632;13690;91,8;0;14912,85403050109;0;252855;18,470051132213296;84,08358925848378
17049;Celrà;Gironès;2022;609,5407353;54714;11200;20,47;1904,1;42;0;30,952380952380953;17221;91,8;663,9877290849674;18759,25925925926;42,474239728238786;171369;9,951164276174438;45,301964983855555
17062;Escala, l';Alt Empordà;2022;641,2388199;105693;32490;30,74;2423,29;543;0;7,918968692449356;14478;91,8;698,517233;15771,24183006536;53,14867964359718;218096,1;15,06396601740572;68,57762992340551
17066;Figueres;Alt Empordà;2022;510,1711599;467022;126890;27,17;1339,9;551;0,18148820326678766;4,718693285;14496;91,8;555,7420042483661;15790,849673202616;42,23271191225166;120591,00000000001;8,318915562913908;37,87126923802085
17079;Girona;Gironès;2022;698,045125;1017036;201780;19,84;2282,56;1.220;1639,3442622950818;29098,360655737706;18853;91,8;760,3977396514161;20537,03703703704;44,43081472444703;205430,4;10,89643027634859;49,60522096997633
17089;Llagostera;Gironès;2022;523,2243066;89868;14990;16,68;1231,05;153;0,6535947712418301;29,411764705882355;16539;91,8;569,9611183006537;18016,339869281048;37,962946243424625;110794,5;6,698984219118447;30,496647437376218
17092;Llançà;Alt Empordà;2022;527,3552128;50062;8050;16,08;;;;;16282;91,8;574,4610161220044;17736,383442265796;38,86661683822626;;;
17095;Lloret de Mar;Selva;2022;570,3972464;385126;136450;35,43;2082,4;792;0;6,313131313131313;12941;91,8;621,347763;14096,94989106754;52,89210228575845;187416;14,482342941040105;65,92983239
17103;Maçanet de la Selva;Selva;2022;696,4755882;75934;10160;13,38;1257,19;171;0;2,923976608187134;15356;91,8;758,6880045751634;16727,668845315904;54,42632885126335;113147,1;7,368266476;33,54350713218211
17114;Olot;Garrotxa;2022;496,196299;366884;84530;23,04;1577,45;432;1,6203703703703702;38,88888888888889;17350;91,8;540,5188442265796;18899,782135076253;34,319052380403456;141970,5;8,182737752161383;37,251329475890756
17117;Palafrugell;Baix Empordà;2022;582,7567147;233038;52690;22,61;2405,03;513;0,1949317738791423;11,11111111111111;15146;91,8;634,8112360566449;16498,910675381267;46,17113809850785;216452,7;14,291080153175757;65,05912220047574
17118;Palamós;Baix Empordà;2022;635,7750147;181522;25050;13,8;2667,97;384;0;29,6875;16775;91,8;692,5653754901962;18273,420479302833;45,48017988912071;240117,3;14,313997019374067;65,16344959787797
17141;Puigcerdà;Cerdanya;2022;622,4638991;94846;19140;20,18;2671,42;142;0;18,30985915492958;14724;91,8;678,0652495642703;16039,21568627451;50,73055412387938;240427,80000000002;16,328973105134477;74,33648438527236
17147;Ripoll;Ripollès;2022;449,7055789;107039;14750;13,78;884,73;97;0;32,98969072164948;17770;91,8;489,8753582788671;19357,298474945535;30,368412756330894;79625,7;4,480906021384356;20,39900478406525
17152;Roses;Alt Empordà;2022;533,3607606;195856;56720;28,96;2822,02;1.141;0;701,1393514460999;13396;91,8;581,0030071895426;14592,592592592593;47,77791226634817;253981,8;18,95952523141236;86,31188515301652
17155;Salt;Gironès;2022;516,4707231;324538;123000;37,9;1318,76;393;9,669211195928753;32,31552162849873;13079;91,8;562,6042735294118;14247,27668845316;47,38625794938451;118688,4;9,074730483981956;41,31206271084885
17160;Sant Feliu de Guíxols;Baix Empordà;2022;621,752449;221062;38730;17,52;2162,54;465;0;15,483870967741936;15523;91,8;677,2902494553377;16909,586056644883;48,064352174193125;194628,6;12,53807897957869;57,07870949911072
17164;Sant Hilari Sacalm;Selva;2022;408,7615323;58329;11800;20,23;976,74;50;0;8;16242;91,8;445,2740003267974;17692,81045751634;30,200334857776134;87906,6;5,412301440709273;24,639115941048555
17180;Santa Coloma de Farners;Selva;2022;546,1233186;136202;29120;21,38;1350,82;184;0,5434782608695652;3,804347826086957;16754;91,8;594,9055758169934;18250,54466230937;39,11591156261191;121573,79999999999;7,256404440730571;33,03426320372685
17181;Santa Cristina d'Aro;Baix Empordà;2022;774,9242424;55736;9620;17,26;2089,75;175;0;17,142857142857142;17678;91,8;844,1440549019609;19257,08061002179;52,60261855866049;188077,5;10,639071161896142;48,433611973517976
17186;Sarrià de Ter;Gironès;2022;667,9032258;53032;4110;7,75;1681,57;49;0;28,57142857142857;18474;91,8;727,5634267973857;20124,18300653595;43,38442518999675;151341,3;8,192124066255277;37,294060000742725
17193;Sils;Selva;2022;596,8598611;64756;8360;12,91;1337,18;109;0;10,091743119266056;17036;91,8;650,1741406318083;18557,73420479303;42,042253658135714;120346,20000000001;7,064228692181264;32,15939682729981
17199;Torroella de Montgrí;Baix Empordà;2022;620,8848168;119772;32530;27,16;2031,34;283;1,0600706713780919;31,09540636042403;15327;91,8;676,3451163398693;16696,07843137255;48,61106414562536;182820,6;11,928009395184969;54,30141126717516
17202;Tossa de Mar;Selva;2022;573,9151724;59198;13290;22,45;2746,43;189;0;2,1164021164021163;15254;91,8;625,1799263616558;16616,557734204795;45,14869587518028;247178,69999999998;16,204189065163234;73,76841395125733
17213;Vidreres;Selva;2022;629,1248649;82266;11690;14,21;1406,24;160;0;6,25;16605;91,8;685,3212035947713;18088,235294117647;45,46521155555556;126561,6;7,6218970189701905;34,698142074756355
17221;Vilafant;Alt Empordà;2022;635,3790625;55537;3360;6,05;1649,77;51;0;31,372549019607842;17109;91,8;692,1340550108933;18637,254901960787;44,564549359985975;148479,3;8,678432403997896;39,50794399223909
25003;Agramunt;Urgell;2022;367,2508333;54571;9610;17,61;1357,94;44;0;6,8181818181818175;16508;91,8;400,05537396514165;17982,57080610022;26,69620789677732;122214,6;7,403355948630967;33,703249453021066
25011;Alcarràs;Segrià;2022;409,4897674;98960;32350;32,69;872,04;117;0;30,76923076923077;14767;91,8;446,0672847494554;16086,056644880176;33,27606967427372;78483,59999999999;5,314796505722218;24,195231685101493
25019;Almacelles;Segrià;2022;397,7272727;69964;15490;22,14;836,09;57;0;47,368421052631575;14696;91,8;433,25410969498915;16008,714596949892;32,47636957267284;75248,1;5,120311649428416;23,309853260507833
25023;Alpicat;Segrià;2022;530,9469231;63716;4390;6,89;1484,64;57;3,508771929824561;21,052631578947366;21135;91,8;578,3735545751636;23022,875816993466;30,14602828105039;133617,6;6,322100780695529;28,78091248852118
25040;Balaguer;Noguera;2022;379,7632831;173362;40480;23,35;1041,58;133;0;13,533834586466165;14841;91,8;413,6854935729848;16166,666666666668;30,706552100262783;93742,2;6,316434202546998;28,755115796019826
25050;Bellpuig;Urgell;2022;380,003913;51988;11900;22,89;660,31;56;0;8,928571428571429;15481;91,8;413,94761764705885;16863,834422657954;29,45576484723209;59427,899999999994;3,8387636457593173;17,475697459628382
25058;Borges Blanques, les;Garrigues;2022;391,670367;62293;9780;15,7;740,52;90;0;32,22222222222222;16200;91,8;426,6561732026144;17647,058823529413;29,012619777777783;66646,8;4,114;18,728691314020747
25072;Cervera;Segarra;2022;366,9557542;94033;20960;22,29;967,62;74;6,756756756756757;18,91891891891892;15930;91,8;399,7339370370371;17352,94117647059;27,642618018832394;87085,8;5,4667796610169495;24,887124149964375
25110;Guissona;Segarra;2022;409,2128205;73254;38590;52,68;1419,14;39;20,51282051282051;38,46153846153847;15676;91,8;445,7655996732027;17076,252723311547;31,32529883898954;127722,6;8,147652462362847;37,091606198715326
25120;Lleida;Segrià;2022;505,6744692;1395436;278250;19,94;1282,29;1.473;7739,307535641548;29463,679565512557;17672;91,8;550,8436483660131;19250,54466230937;34,337333807152554;115406,09999999999;6,530449298325033;29,729404241660905
25137;Mollerussa;Pla d'Urgell;2022;419,0464345;150707;43720;29,01;920,37;163;3,067484662576687;15,337423312883436;16470;91,8;456,4775974945534;17941,176470588238;30,531616357012748;82833,3;5,029344262295083;22,89573072446913
25203;Seu d'Urgell, la;Alt Urgell;2022;472,6128016;122278;17070;13,96;1178,54;127;0;11,023622047244094;15080;91,8;514,8287599128541;16427,015250544664;37,60844575066314;106068,59999999999;7,0337267904509275;32,020539097110685
25207;Solsona;Solsonès;2022;377,1296154;91754;14020;15,28;964,46;60;0;13,333333333333334;16996;91,8;410,81657450980396;18514,161220043574;26,62717924688162;86801,40000000001;5,107166392092258;23,25001041488502
25217;Tàrrega;Urgell;2022;430,966623;177204;39800;22,46;1011,76;266;3,007518796992481;36,84210526315789;16155;91,8;469,4625522875818;17598,039215686276;32,012376824512536;91058,4;5,636545961002785;25,659973111548762
25234;Tremp;Pallars Jussà;2022;381,7477273;58991;9940;16,85;793,32;103;0;0;17462;91,8;415,8471974945534;19021,78649237473;26,233952168136526;71398,8;4,0888099874012145;18,614015579903356
25243;Vielha e Mijaran;Val d'Aran;2022;626,3167568;55434;11170;20,15;2339,64;201;0;2,9850746268656714;17777;91,8;682,2622623093682;19364,92374727669;42,278230756595605;210567,59999999998;11,84494571637509;53,92326979905723
43004;Alcanar;Montsià;2022;402,8365116;95577;19450;20,35;1076,46;247;0;7,6923076923076925;14611;91,8;438,81972941176474;15916,122;33,08492327150777;96881,40000000001;6,630716583396072;30,18586389916951
43005;Alcover;Alt Camp;2022;486,9022222;52825;6170;11,68;1627,1;39;0;0;16801;91,8;530,3945775599129;18301,74291938998;34,77666011785013;146439;8,716088328;39,67936989846116
43012;Altafulla;Tarragonès;2022;753,8464286;56043;6260;11,17;2370,43;162;0;14,19753086419753;19491;91,8;821,1834734204793;21232,026143790852;46,41197036;213338,69999999998;10,94549792;49,82859792455073
43013;Ametlla de Mar, l';Baix Ebre;2022;487,8033333;72483;16990;23,44;1857,43;285;0;17,192982456140353;14187;91,8;531,3761800653596;15454,248366013073;41,26059067879044;167168,7;11,78323112708818;53,64231853694588
43014;Amposta;Montsià;2022;374,0596863;217306;39680;18,26;766,72;303;0;3,300330033;14186;91,8;407,4724251633987;15453,159041394336;31,641873929225994;69004,8;4,864288735372903;22,14432722096924
43016;Arboç, l';Baix Penedès;2022;473,886875;55761;13260;23,78;1100,09;65;3,076923076923077;29,230769230769234;15012;91,8;516,2166394335512;16352,94117647059;37,88064548361311;99008,09999999999;6,595263788968825;30,024467583406906
43037;Calafell;Baix Penedès;2022;644,1089018;289957;54570;18,82;1946,61;1.126;266,42984014209594;35968,02841918295;15546;91,8;701,6436838779957;16934,64052287582;49,718942632188345;175194,9;11,26945194905442;51,30337550608402
43038;Cambrils;Baix Camp;2022;648,517408;356322;68200;19,14;2352,18;1.071;0;12231,55929038282;17061;91,8;706,4459782135077;18584,96732026144;45,61402553191489;211696,19999999998;12,408194126956214;56,48741797963252
43043;Catllar, el;Tarragonès;2022;733,2258065;49224;3490;7,09;;;;;19813;91,8;798,7209221132898;21582,788671023965;44,40877039;;;
43044;Sénia, la;Montsià;2022;284,2838;55648;10050;18,06;580,76;45;2,2222222222222223;11,11111111111111;14034;91,8;309,67734204793027;15287,581699346407;24,30814878153057;52268,4;3,7244121419410003;16,955120401702438
43047;Constantí;Tarragonès;2022;416,86775;67388;12770;18,95;790,53;123;3,2520325203252036;13,821138211382115;14122;91,8;454,10430283224406;15383,44226579521;35,422836708681494;71147,7;5,038075343435774;22,935478348076735
43051;Cunit;Baix Penedès;2022;657,5537903;145433;24360;16,75;1843,82;470;0,2127659574468085;12,76595744680851;15137;91,8;716,2895319172113;16489,106753812637;52,12819900640814;165943,8;10,962793155843297;49,90733324143133
43086;Montblanc;Conca de Barberà;2022;402,2348649;74257;10240;13,79;1079,33;60;3,3333333333333335;5;18131;91,8;438,16434084967324;19750,54466230937;26,621909319949253;97139,7;5,357658154541944;24,390356281590215
43092;Mont-roig del Camp;Baix Camp;2022;569,8807317;131617;34510;26,22;1726,41;675;0;0,7407407407407408;14540;91,8;620,7851107843137;15838,779956427017;47,03279766437413;155376,9;10,686169188445668;48,64802237719945
43093;Móra d'Ebre;Ribera d'Ebre;2022;361,3951807;56035;10260;18,31;914,98;46;0;15,217391304347828;16088;91,8;393,67666742919397;17525,054466230937;26,956378470909996;82348,2;5,118610144206862;23,302107279452006
43100;Pallaresos, els;Tarragonès;2022;629,375;49359;1540;3,12;;;;;19595;91,8;685,5936819172114;21345,315904139436;38,54299566215872;;;
43123;Reus;Baix Camp;2022;525,8837396;1067815;182810;17,12;1245,35;1.528;2028,7958115183244;10471,204188481675;16995;91,8;572,8581041394336;18513,071895424837;37,132126361871144;112081,49999999999;6,594969108561341;30,02312607188818
43129;Riudoms;Baix Camp;2022;475,2819512;67590;9030;13,36;1305,03;53;0;15,09433962264151;15713;91,8;517,7363302832244;17116,557734204795;36,29722786;117452,7;7,4748743078979185;34,028831678105156
43131;Roda de Berà;Tarragonès;2022;599,2521711;75804;10840;14,3;1666,04;298;0;21,812080536912752;16275;91,8;652,7801428104576;17728,75816993464;44,18449187834102;149943,6;9,213124423963134;41,94209124308964
43133;Roquetes;Baix Ebre;2022;375,5561745;81806;12230;14,95;717,02;49;0;2,0408163265306123;15445;91,8;409,1025866013072;16824,618736383443;29,178854606668825;64531,799999999996;4,178167691809647;19,020810150247318
43136;Ràpita, la;Montsià;2022;417,9205714;149570;24350;16,28;1106,09;370;0;1,6216216216216217;15151;91,8;455,2511671023965;16504,357298474948;33,10043466965877;99548,09999999999;6,570397993531779;29,911267824773457
43145;Selva del Camp, la;Baix Camp;2022;521,9512195;56904;4080;7,17;1347,65;49;0;0;17110;91,8;568,5743131808279;18638,344226579524;36,60674829924021;121288,50000000001;7,088749269433081;32,27102500478908
43148;Tarragona;Tarragonès;2022;602,1001376;1354054;250500;18,5;1537,8;2.144;746,2686567164178;18843,283582089553;17409;91,8;655,8825028322441;18964,05229;41,50268051697398;138402;7,950025848698949;36,19192514797483
43153;Torredembarra;Tarragonès;2022;563,9882576;172138;29470;17,12;1814,89;424;0;18,39622641509434;15832;91,8;614,3662936819172;17246,187363834422;42,747973036887316;163340,1;10,317085649317837;46,96779591307417
43155;Tortosa;Baix Ebre;2022;422,2080045;340975;65740;19,28;905,43;442;0;13,122171945701359;15834;91,8;459,92157352941183;17248,366013071896;31,99757517999242;81488,7;5,146438044713906;23,42879180996093
43156;Ulldecona;Montsià;2022;392,7924528;63523;15760;24,81;653,57;126;0;12,698412698412698;13670;91,8;427,8784888888889;14891,067538126363;34,48068349;58821,3;4,3029480614484275;19,588863875335825
43161;Valls;Alt Camp;2022;475,4142995;246688;39100;15,85;1259,3;128;0;4,6875;17056;91,8;517,8805005446624;18579,520697167758;33,44847323;113337;6,644992964352721;30,250856104327124
43162;Vandellòs i l'Hospitalet de l'Infant;Baix Camp;2022;504,7931034;67472;10890;16,14;1797,48;114;0;13,157894736842104;16245;91,8;549,8835549019608;17696,07843137255;37,28850255955678;161773,2;9,958337950138505;45,33462262247016
43163;Vendrell, el;Baix Penedès;2022;562,4783224;390773;60140;15,39;1624,69;987;0;3,343465045592705;16662;91,8;612,7214840958607;18150,326797385624;40,50978195174649;146222,1;8,775783219301404;39,95112662932895
43171;Vila-seca;Tarragonès;2022;544,914488;229518;35690;15,55;2317,22;562;0,3558718861209964;3,3807829181494666;15523;91,8;593,5887668845317;16909,586056644883;42,124420898022294;208549,8;13,434890162983958;61,16137839093352
43901;Deltebre;Baix Ebre;2022;408,0409938;116764;11980;10,26;946,19;216;0;10,185185185185185;14602;91,8;444,48910000000006;15906,318082788672;33,533022364059725;85157,1;5,831879194630873;26,54921371339367
43905;Salou;Tarragonès;2022;591,2052725;284098;89150;31,38;2201,26;1.216;0;20476,973684210527;15336;91,8;644,0144580610022;16705,88235294118;46,26019346635368;198113,40000000002;12,918192488262912;58,80914911224544
43907;Canonja, la;Tarragonès;2022;488,3925;58832;4130;7,02;;-;;;15868;91,8;532,0179738562092;17285,403050108933;36,93414419;;;
08001;Abrera;Baix Llobregat;2021;667,4355;126212;8330;6,6;1785,38;163;0;0;19070;85;785,2182352941177;22435,29411764706;41,99908757210278;160684,2;8,426019926586262;38,35885420778363
08003;Alella;Maresme;2021;1191,5395;99463;11120;11,18;3531,83;105;0;17,142857142857142;25407;85;1401,8111764705884;29890,58823529412;56,277695123391204;317864,7;12,510910379029403;56,95502638459406
08005;Ametlla del Vallès, l';Vallès Oriental;2021;864,3644706;88021;5070;5,76;1651,94;171;2,3391812865497075;35,67251461988304;24420;85;1016,8993771764706;28729,411764705885;42,47491256019656;148674,6;6,088230958230959;27,71623681700836
08006;Arenys de Mar;Maresme;2021;706,0725065;160140;18320;11,44;2462,2;216;0;26,38888888888889;18059;85;830,6735370588236;21245,88235294118;46,91771459106263;221597,99999999997;12,27077911290769;55,86184593781757
08007;Arenys de Munt;Maresme;2021;615,850578;91702;6520;7,11;1950,53;116;0;20,689655172413794;18990;85;724,5300918;22341,176470588234;38,91630825;175547,7;9,244218009478674;42,08364257147239
08009;Argentona;Maresme;2021;728,5525414;126306;6770;5,36;2053,91;142;0;14,788732394366196;19592;85;857,1206369411765;23049,411764705885;44,62347129848918;184851,9;9,435070436913026;42,95248462299148
08010;Artés;Bages;2021;419,8484496;57771;5910;10,23;1094,44;110;0,9090909090909091;58,18181818181818;17920;85;493,93935247058823;21082,352941176472;28,11485153571428;98499,6;5,496629464285714;25,023013248458533
08015;Badalona;Barcelonès;2021;730,4005368;2217687;329770;14,87;2422,33;2.025;2222,222222222222;29827,16049382716;17635;85;859,2947491764706;20747,058823529413;49,70119899;218009,69999999998;12,36233059257159;56,27862751
08019;Barcelona;Barcelonès;2021;918,8359577;16279508;3376370;20,74;4119,82;13.803;420,19850757081787;429,3342027095559;22136;85;1080,9834796470589;26042,352941176472;49,810406091434764;370783,8;16,750262016624504;76,25437208
08020;Begues;Baix Llobregat;2021;1008,79886;73588;5210;7,08;2149,76;73;0;1,369863014;22281;85;1186,822188235294;26212,941176470587;54,33143180288138;193478,40000000002;8,683559983842738;39,531286933440356
08022;Berga;Berguedà;2021;398,5148463;166643;23730;14,24;1260,88;170;0;12,941176470588237;17821;85;468,84099564705883;20965,88235294118;26,834510721059424;113479,20000000001;6,367723472307952;28,98860653522119
08023;Bigues i Riells del Fai;Vallès Oriental;2021;722,2622078;95632;4160;4,35;1368,1;177;0;18,07909604519774;20509;85;849,7202444705883;24128,235294117647;42,26021012043494;123128,99999999999;6,003656931103417;27,33121959599345
08029;Cabrera de Mar;Maresme;2021;1090,473214;48048;3200;6,66;;;;;24013;85;1282,909663529412;28250,58823529412;54,494143039187115;;;
08030;Cabrils;Maresme;2021;1124,132979;75522;9040;11,97;2409,99;110;0;3,6363636363636362;24518;85;1322,5093870588234;28844,70588235294;55,01915224732849;216899,09999999998;8,846525002039318;40,273173545202035
08033;Caldes de Montbui;Vallès Oriental;2021;681,1185417;177807;13620;7,66;1785,33;160;0;25,624999999999996;18994;85;801,3159314117647;22345,88235294118;43,031602086974836;160679,69999999998;8,459497736127197;38,51125954583948
08035;Calella;Maresme;2021;597,7614991;192337;34890;18,14;2107,94;221;0;24,43438914027149;15273;85;703,2488224705883;17968,235294117647;46,96613624828128;189714,6;12,421567472009428;56,54829917830473
08040;Canet de Mar;Maresme;2021;648,3106061;148055;12940;8,74;2088,22;160;0,625;27,500000000000004;17466;85;762,7183601176471;20548,235294117647;44,54212340089316;187939,8;10,760322913088284;48,985601915025526
08041;Canovelles;Vallès Oriental;2021;566,9191089;168385;31690;18,82;1448,69;100;0;22;15193;85;666,9636575294118;17874,117647058825;44,77739292305667;130382,1;8,581721845586785;39,067676078945865
08043;Canyelles;Garraf;2021;851,68625;48965;4730;9,66;;;;;18475;85;1001,9838235294118;21735,29411764706;55,31926928281462;;;
08044;Capellades;Anoia;2021;476,2689655;53096;3430;6,46;1051,66;59;0;3,389830508474576;17923;85;560,31643;21085,88235294118;31,887672744518213;94649,40000000001;5,280890476;24,040876904897303
08046;Cardedeu;Vallès Oriental;2021;724,2625986;186371;11760;6,31;2114,73;264;0;12,878787878787879;19197;85;852,0736454117648;22584,70588235294;45,27348639474918;190325,7;9,914345991561182;45,13435237149936
08051;Castellar del Vallès;Vallès Occidental;2021;441,6155102;246537;11390;4,62;2050,27;333;0;15,315315315315313;20358;85;519,5476590588236;23950,58823529412;26,030976139109935;184524,3;9,063969938107869;41,26307609391979
08054;Castellbisbal;Vallès Occidental;2021;617,5;125963;7520;5,97;2270,69;134;0;0;19105;85;726,4705882352941;22476,470588235294;38,78565820465847;204362,1;10,696786181627846;48,69635548074639
08056;Castelldefels;Baix Llobregat;2021;593,9583333;668543;138990;20,79;3875,88;639;0;4,381846635367762;19991;85;698,7745098;23518,823529411766;35,653544092841784;348829,2;17,44931219048572;79,43674809372541
08067;Centelles;Osona;2021;535,5639264;75954;4580;6,03;1569,14;86;0;33,72093023255814;18176;85;630,0752075294118;21383,529411764706;35,35853387323943;141222,6;7,769729313380282;35,37113804175929
08068;Cervelló;Baix Llobregat;2021;782,6559483;92166;6000;6,51;1838,62;158;0;13,924050632911392;20472;85;920,7717039;24084,70588235294;45,876667543962476;165475,8;8,083030480656506;36,79741924016443
08072;Corbera de Llobregat;Baix Llobregat;2021;715,7758491;150275;13660;9,09;1620,78;210;0;21,904761904761905;20466;85;842,0892342;24077,64705882353;41,96868068601583;145870,2;7,127440633245383;32,44716467648551
08073;Cornellà de Llobregat;Baix Llobregat;2021;695,5027612;891511;138630;15,55;2950,82;726;0,4132231404958678;5,922865013774105;17774;85;818,2385425882353;20910,58823529412;46,95641461910656;265573,8;14,941701361539327;68,02102880567661
08074;Cubelles;Garraf;2021;717,1604848;161165;18260;11,33;2219,54;364;0;17,582417582417584;17960;85;843,7182174117646;21129,411764705885;47,91718161247216;199758,6;11,122416481069042;50,63400703
08075;Dosrius;Maresme;2021;820,4123881;56684;3350;5,91;1724,81;98;0;24,489795918367346;19255;85;965,1910448235295;22652,941176470587;51,12931008673072;155232,9;8,061952739548168;36,70146432844472
08076;Esparreguera;Baix Llobregat;2021;614,9143056;223472;18280;8,18;1767,97;302;0;0;18184;85;723,4285948235295;21392,941176470587;40,579474632644086;159117,3;8,750401452;39,83557794482354
08077;Esplugues de Llobregat;Baix Llobregat;2021;841,0688335;468285;59800;12,77;3397,11;252;0;9,920634920634921;21576;85;989,4927452941176;25383,529411764706;46,77802188542825;305739,9;14,170369855394885;64,50959718697025
08086;Franqueses del Vallès, les;Vallès Oriental;2021;657,962524;203568;21110;10,37;2208,86;118;0;41,52542372881356;17602;85;774,0735576470589;20708,235294117647;44,855983910919214;198797,40000000002;11,294023406431089;51,41523531170953
08088;Garriga, la;Vallès Oriental;2021;722,7618478;167097;12950;7,75;2105,51;216;0;38,425925925925924;20101;85;850,3080562352942;23648,235294117647;43,14781440525348;189495,90000000002;9,427187702104375;42,916599035499615
08089;Gavà;Baix Llobregat;2021;909,6759071;468022;51810;11,07;3130,4;347;0,5763688760806917;42,07492795389049;19621;85;1070,2069495294118;23083,529411764706;55,634834540543295;281736;14,358901177310026;65,36787257130983
08091;Gelida;Alt Penedès;2021;561,0068619;77237;7940;10,28;1428,55;101;0;0;18388;85;660,0080728235295;21632,941176470587;36,61128096;128569,5;6,992032847509245;31,830730398272767
08092;Gironella;Berguedà;2021;363,632069;49252;5600;11,37;;;;;17854;85;427,80243411764707;21004,70588235294;24,440376543071583;;;
08096;Granollers;Vallès Oriental;2021;675,0901723;621214;86970;14;2379,16;657;0,761035008;27,701674277016743;18828;85;794,2237321;22150,58823529412;43,02677962396431;214124,4;11,372657743785851;51,773212519050304
08101;Hospitalet de Llobregat, l';Barcelonès;2021;688,7393625;2650204;585960;22,11;2741,7;3.120;1217,9487179487178;23846,153846153844;16560;85;810,2816029411764;19482,352941176472;49,90864945652174;246752,99999999997;14,900543478260868;67,83366048018785
08102;Igualada;Anoia;2021;466,027561;409161;53150;12,99;1280,77;461;0,21691973969631237;5,639913232104121;17649;85;548,2677188235294;20763,529411764706;31,686388645249025;115269,3;6,531208567057623;29,732860758364133
08105;Llagosta, la;Vallès Oriental;2021;632,8852074;132696;15260;11,5;1992,79;110;4,545454545454546;12,727272727272727;16799;85;744,5708322352941;19763,529411764706;45,20877724150247;179351,1;10,676296208107626;48,60307633901263
08106;Llinars del Vallès;Vallès Oriental;2021;678,1460714;100998;8100;8,02;1868,6;144;0;8,333333333333332;19185;85;797,8189075294117;22570,58823529412;42,41726795308835;168174;8,765910868;39,906183454174304
08107;Lliçà d'Amunt;Vallès Oriental;2021;850,2267089;156634;4840;3,09;1495,18;170;0;20,588235294117645;19844;85;1000,2667163529411;23345,88235294118;51,41463670026205;134566,2;6,781203386;30,870944327112436
08108;Lliçà de Vall;Vallès Oriental;2021;862,1153846;65766;2190;3,33;1705,79;70;0;14,285714285714285;20893;85;1014,2533936470588;24580;49,51603223663428;153521,1;7,347968219020725;33,45110076793242
08110;Malgrat de Mar;Maresme;2021;567,2102658;188917;22670;12;1666,09;125;0;16;15970;85;667,3061950588235;18788,235294117647;42,620683716969324;149948,1;9,389361302;42,74439705134894
08112;Manlleu;Osona;2021;433,5917994;207816;49190;23,67;952,38;185;0;2,1621621621621623;15955;85;510,1079992941177;18770,58823529412;32,61110368411156;85714,2;5,372246944531494;24,456770706568186
08113;Manresa;Bages;2021;446,5944598;779281;147440;18,92;1214,83;741;0,9446693657219973;28,879892037786774;17278;85;525,4052468235294;20327,058823529413;31,017094094223864;109334,7;6,327971987498553;28,80764073836431
08114;Martorell;Baix Llobregat;2021;587,474596;285930;51010;17,84;1650,23;232;0;0,43103448275862066;16887;85;691,1465835294118;19867,058823529413;41,74628502398295;148520,7;8,794972464025582;40,038484296073804
08118;Masnou, el;Maresme;2021;835,660252;238109;24930;10,47;3101,07;266;0;23,684210526315788;22083;85;983,1297082352942;25980;45,410148186387715;279096,3;12,638513788887378;57,5359318
08119;Masquefa;Anoia;2021;620,4410569;96211;5840;6,07;1901,33;98;0;6,122448979591836;16967;85;729,9306551764706;19961,176470588234;43,881020114339606;171119,69999999998;10,085442329227323;45,91325623467597
08120;Matadepera;Vallès Occidental;2021;1034,088833;96573;3100;3,21;2674,27;94;0;0;30868;85;1216,5750976470588;36315,29411764706;40,20042113515615;240684,3;7,797210703641311;35,496245109109545
08121;Mataró;Maresme;2021;635,7685955;1297446;223550;17,23;2226,74;1.368;0;22733,91812865497;16750;85;747,9630535294117;19705,88235294118;45,547600871641784;200406,59999999998;11,964573134328356;54,46786507945103
08123;Molins de Rei;Baix Llobregat;2021;739,3915464;261111;15980;6,12;2802,43;294;7,142857142857142;39,455782312925166;21089;85;869,8724075294118;24810,58823529412;42,072637663236755;252218,69999999998;11,95972782019062;54,44580713273126
08124;Mollet del Vallès;Vallès Oriental;2021;635,8873723;511419;59120;11,56;2300,45;579;14,853195164075995;34,542314335060446;17797;85;748,1027909411765;20937,64705882353;42,876037914255214;207040,49999999997;11,63344945777378;52,96044817985105
08125;Montcada i Reixac;Vallès Occidental;2021;644,5409013;368709;50550;13,71;2061,15;423;0,9456264775413712;27,89598108747045;17355;85;758,2834132941176;20417,64705882353;44,56635445462403;185503,5;10,68876404494382;48,65983527616836
08126;Montgat;Maresme;2021;830,9407826;122513;11700;9,55;3107,06;157;21,656050955414013;33,12101910828025;20620;85;977,5773912941177;24258,823529411766;48,357368531522795;279635,4;13,561367604267703;61,73715791353693
08135;Montmeló;Vallès Oriental;2021;665,5206897;87819;6200;7,06;1623,04;36;0;36,11111111111111;18082;85;782,9655172941177;21272,941176470587;44,16684147992479;146073,6;8,078398407255834;36,77633205667754
08136;Montornès del Vallès;Vallès Oriental;2021;650,3529545;167349;17990;10,75;1854,09;85;0;29,411764705882355;17555;85;765,1211229411765;20652,941176470587;44,45591258;166868,1;9,505445742;43,272863175310356
08138;Moià;Moianès;2021;500,0609551;64680;8680;13,42;1237,48;144;0;19,444444444444446;16911;85;588,307006;19895,29411764706;35,48419053397197;111373,2;6,585843533794572;29,98158254420955
08140;Navarcles;Bages;2021;462,8009574;60644;3390;5,59;1251,78;66;0;22,727272727272727;18529;85;544,4717145882353;21798,823529411766;29,97253758324788;112660,2;6,080209401478763;27,679719252528585
08141;Navàs;Bages;2021;433;59894;5660;9,45;1042,42;68;0;25;18403;85;509,4117647058824;21650,58823529412;28,234526979296852;93817,8;5,097962288757268;23,20810939150549
08147;Olesa de Montserrat;Baix Llobregat;2021;546,0947439;241242;21760;9,02;1635,58;286;0;0;17690;85;642,4644045882353;20811,764705882353;37,04430145166761;147202,19999999998;8,321209723007348;37,881713238073104
08155;Palafolls;Maresme;2021;546,3175455;96540;5860;6,07;1555,44;49;0;8,163265306;16394;85;642,7265241176472;19287,058823529413;39,989084701720145;139989,6;8,539075271;38,87353059
08156;Palau-solità i Plegamans;Vallès Occidental;2021;795,7207006;149131;9440;6,33;2360,92;136;0;10,294117647058822;19441;85;936,1420007058823;22871,764705882353;49,116035220410474;212482,80000000002;10,929622961781803;49,75632830088589
08157;Pallejà;Baix Llobregat;2021;762,4029008;116320;7270;6,25;2480,27;123;0;26,01626016260163;20239;85;896,9445891764706;23810,58823529412;45,20398641039577;223224,3;11,029413508572558;50,210617641406415
08159;Parets del Vallès;Vallès Oriental;2021;717,644382;189521;12660;6,68;2197,49;186;1,0752688172043012;20,43010752688172;19157;85;844,2875082352941;22537,64705882353;44,95345087435402;197774,09999999998;10,323855509735344;46,998615219345055
08161;Piera;Anoia;2021;573,1582297;163835;12730;7,77;1637,48;221;0;13,122171945701359;16506;85;674,3037996470588;19418,823529411766;41,669082493638676;147373,2;8,928462377;40,646187596894585
08163;Pineda de Mar;Maresme;2021;561,1378309;280803;41250;14,69;1871,05;186;0,5376344086021506;13,440860215053762;15323;85;660,1621540000001;18027,058823529413;43,94474953207597;168394,5;10,989656072570645;50,029624752170456
08167;Polinyà;Vallès Occidental;2021;640,0847107;85153;5850;6,87;2043,37;88;1,1363636363636365;3,4090909090909087;17727;85;753,0408361;20855,29411764706;43,329477793196816;183903,3;10,374191910644779;47,22776809112231
08169;Prat de Llobregat, el;Baix Llobregat;2021;713,2883632;654369;60660;9,27;2738,88;528;0;11,931818181818182;18470;85;839,1627802352942;21729,411764705885;46,34250329399025;246499,2;13,345923118570656;60,756362272329355
08172;Premià de Mar;Maresme;2021;749,2212115;284272;36330;12,78;2710,44;255;0;2,3529411764705883;18781;85;881,4367194117647;22095,29411764706;47,871010798147054;243939,6;12,988637452744795;59,129844784196905
08180;Ripollet;Vallès Occidental;2021;624,5987321;390579;47260;12,1;2973,49;398;0;12,814070351758794;17016;85;734,8220377647059;20018,823529411766;44,047865451339916;267614,1;15,727203808180535;71,59697261937406
08181;Roca del Vallès, la;Vallès Oriental;2021;737,2288136;106652;4970;4,66;1947,31;120;0;0,8333333333333334;20652;85;867,3280159999999;24296,470588235294;42,83723495642069;175257,9;8,486243463102847;38,63301755859981
08183;Roda de Ter;Osona;2021;475,2871111;64529;8350;12,94;980,78;126;0;11,11111111111111;17684;85;559,1613071764706;20804,70588235294;32,252009348563675;88270,2;4,991529065822212;22,723579742038545
08184;Rubí;Vallès Occidental;2021;651,0566807;784822;99280;12,65;2136,94;998;0,501002004;22,645290581162325;17682;85;765,9490361176471;20802,352941176472;44,184369236511706;192324,6;10,876857821513404;49,516118766557305
08187;Sabadell;Vallès Occidental;2021;667,4059076;2168338;289690;13,36;2077,19;2.323;1549,7201894102454;27636,676711149375;18569;85;785,1834207058823;21845,88235294118;43,13032953416985;186947,1;10,067698852926922;45,832480325471344
08191;Sallent;Bages;2021;374,5406;67094;4710;7,02;1088,77;91;0;24,175824175824175;18633;85;440,63599999999997;21921,176470588234;24,121114152310412;97989,3;5,2589116084366445;23,940819679662198
08192;Santpedor;Bages;2021;524,6061429;75711;3460;4,57;1643,27;101;0;24,752475247524753;18860;85;617,1836975294118;22188,235294117647;33,37896985577943;147894,3;7,8416914103923645;35,698740351251004
08194;Sant Adrià de Besòs;Barcelonès;2021;750,3685011;371197;54900;14,79;2969,37;323;0;24,76780185758514;16171;85;882,7864719;19024,70588235294;55,68253053738174;267243,3;16,52608373013419;75,23381643445401
08196;Sant Andreu de la Barca;Baix Llobregat;2021;633,4158934;271967;26000;9,56;2141,63;229;0;0;17617;85;745,1951687058823;20725,88235294118;43,14577238349322;192746,7;10,94094908327184;49,807889660431854
08197;Sant Andreu de Llavaneres;Maresme;2021;965,534556;111268;11850;10,65;2747,73;313;0;38,65814696485623;22048;85;1135,9230070588235;25938,823529411766;52,550864804063856;247295,7;11,216241835994195;51,06114026488591
08198;Sant Antoni de Vilamajor;Vallès Oriental;2021;745,902069;63870;3730;5,84;1628,06;100;0;1;20401;85;877,5318459;24001,176470588234;43,87444158619676;146525,4;7,182265575216901;32,69675131102455
08200;Sant Boi de Llobregat;Baix Llobregat;2021;693,2293315;836546;83320;9,96;2627,13;463;6,911447084233262;25,70194384449244;18086;85;815,5639194117647;21277,64705882353;45,99553233;236441,7;13,073189207121532;59,51476061010374
08202;Sant Celoni;Vallès Oriental;2021;589,249198;181465;20070;11,06;1676,95;159;0;24,528301886792452;17341;85;693,2343505882353;20401,176470588234;40,77613964592584;150925,5;8,703390807911886;39,62156534435279
08205;Sant Cugat del Vallès;Vallès Occidental;2021;1175,418542;939356;119580;12,73;4035,1;996;0;34,33734939759036;25918;85;1382,8453435294116;30491,764705882353;54,421724299714484;363159;14,01184504977236;63,78792432597867
08208;Sant Esteve Sesrovires;Baix Llobregat;2021;769,5016102;77740;4610;5,93;1647,94;107;0;0;21256;85;905,296012;25007,058823529413;43,441942615732025;148314,6;6,977540459164471;31,76475483490082
08209;Sant Fost de Campsentelles;Vallès Oriental;2021;783,7461111;89767;3860;4,3;1814,05;89;0;21,34831460674157;19694;85;922,0542483529412;23169,411764705885;47,75542466334924;163264,5;8,290062963339087;37,73991983815603
08210;Sant Feliu de Codines;Vallès Oriental;2021;593,5541872;63892;5910;9,25;1369,55;77;0;22,07792207792208;17709;85;698,2990437647059;20834,117647058825;40,22051073691343;123259,5;6,960274436727088;31,6861525
08211;Sant Feliu de Llobregat;Baix Llobregat;2021;792,9193233;454417;35490;7,81;2765,73;612;0,32679738562091504;24,836601307189543;20588;85;932,8462627058824;24221,176470588234;46,216397316883615;248915,7;12,09032931804935;55,04036113
08213;Sant Fruitós de Bages;Bages;2021;545,311931;89426;5920;6,62;1503,4;98;16,32653061;36,734693877551024;20167;85;641,5434482352941;23725,88235294118;32,447776922695496;135306;6,7092775326027665;30,543507012205158
08214;Vilassar de Dalt;Maresme;2021;831,2208844;90924;5410;5,95;2682,08;123;0;12,195121951219512;23473;85;977,9069228235295;27615,29411764706;42,494144816597796;241387,19999999998;10,283610957270055;46,815404767183345
08217;Sant Joan Despí;Baix Llobregat;2021;795,6248727;340537;27890;8,19;3063,01;392;1,0204081632653061;34,69387755102041;21253;85;936,029262;25003,529411764706;44,92306249658871;275670,9;12,97091704700513;59,04917390207307
08218;Sant Joan de Vilatorrada;Bages;2021;458,8794949;108475;10240;9,44;1456,12;102;0;14,705882352941178;17903;85;539,8582292941177;21062,352941176472;30,757716241970616;131050,79999999999;7,320046919510696;33,32399104512988
08219;Vilassar de Mar;Maresme;2021;864,9004835;209784;14580;6,95;3225,12;196;0;2,5510204081632653;21722;85;1017,5299805882353;25555,29411764706;47,780157453273176;290260,8;13,362526470859036;60,83194784835927
08221;Sant Just Desvern;Baix Llobregat;2021;1132,467027;192807;21980;11,4;3992,12;206;0,9708737864077669;54,85436893203883;28019;85;1332,3141494117647;32963,529411764706;48,50138949998215;359290,8;12,823112887683358;58,37630601805125
08230;Premià de Dalt;Maresme;2021;1070,723333;104126;9590;9,21;2483,22;112;0;5,357142857142857;22803;85;1259,6745094117646;26827,058823529413;56,34644562557558;223489,8;9,800894619129062;44,61787309745142
08231;Sant Pere de Ribes;Garraf;2021;712,55678;314482;47990;15,26;2261,14;441;0;7,936507936507936;17504;85;838,3020941176471;20592,941176470587;48,84987065813529;203502,59999999998;11,626062614259597;52,926820102077066
08234;Sant Pere de Vilamajor;Vallès Oriental;2021;797,4564865;46678;2670;5,72;;;;;19195;85;938,1841017647059;22582,352941176472;49,854013222193274;;;
08235;Sant Pol de Mar;Maresme;2021;760,9914286;55194;6270;11,36;2888,81;142;0;46,478873239436616;19984;85;895,2840336470588;23510,58823529412;45,69604255004003;259992,9;13,010053042433947;59,22733772746278
08238;Sant Quirze del Vallès;Vallès Occidental;2021;858,8140183;201174;10280;5,11;2766,9;153;0;4,575163399;23995;85;1010,3694332941177;28229,411764705885;42,94964875849136;249021;10,378037091060637;47,24527300046975
08240;Sant Sadurní d'Anoia;Alt Penedès;2021;582,8805993;128226;11130;8,68;1989,09;96;0;32,29166666666667;19233;85;685,7418815294118;22627,058823529413;36,367530762751514;179018,1;9,307861488067385;42,37337496443263
08244;Santa Coloma de Cervelló;Baix Llobregat;2021;792,3462222;82801;3370;4,07;2482,25;61;0;16,39344262295082;19892;85;932,1720261176472;23402,352941176472;47,79888732354716;223402,5;11,23077116428715;51,12728399473492
08245;Santa Coloma de Gramenet;Barcelonès;2021;607,3582011;1184673;255060;21,53;2070,39;848;0;10,61320754716981;15415;85;714,5390601176471;18135,29411764706;47,28056057865715;186335,09999999998;12,08790788193318;55,029337713428504
08248;Santa Eulàlia de Ronçana;Vallès Oriental;2021;863,8;75401;2820;3,74;1480,2;91;0;20,87912087912088;19095;85;1016,2352941176471;22464,70588235294;54,28436763550667;133218;6,976590730557738;31,760431263216915
08250;Santa Margarida de Montbui;Anoia;2021;445,8241129;101796;11900;11,69;907,25;81;1,2345679012345678;4,938271604938271;13342;85;524,4989563529411;15696,470588235294;40,09810639184529;81652,5;6,119959526;27,86067885817241
08251;Santa Margarida i els Monjos;Alt Penedès;2021;468,8760345;76720;10480;13,66;1274,99;71;0;18,30985915492958;18126;85;551,6188641;21324,70588235294;31,041114498510424;114749,1;6,330635551142007;28,81976642
08252;Barberà del Vallès;Vallès Occidental;2021;666,8741979;330223;25130;7,61;2328,02;338;0,8875739644970414;9,467455621301776;18726;85;784,5578799;22030,58823529412;42,73464901634092;209521,8;11,188817686638897;50,93629378267275
08259;Santa Maria de Palautordera;Vallès Oriental;2021;631,9385714;96440;8670;8,99;1419;62;0;12,903225806451612;18666;85;743,4571428235295;21960;40,626073378334944;127710;6,841851494696239;31,14704051058273
08260;Santa Perpètua de Mogoda;Vallès Occidental;2021;657,0967055;259289;25540;9,85;2108,21;227;1,762114537444934;29,955947136563875;18294;85;773,0549476470588;21522,352941176472;43,10244050508363;189738,9;10,371646441456214;47,21618002
08262;Sant Vicenç de Castellet;Bages;2021;466,7326549;98352;13130;13,35;1447,85;107;0;28,037383177570092;15941;85;549,0972410588236;18754,117647058825;35,13450761432784;130306,49999999999;8,174298977479454;37,21291256
08263;Sant Vicenç dels Horts;Baix Llobregat;2021;673,8299254;281105;21870;7,78;2124,23;254;1,1811023622047243;18,89763779527559;17490;85;792,7410887058824;20576,470588235294;46,23189882675815;191180,7;10,930857632933105;49,76194905316278
08264;Sant Vicenç de Montalt;Maresme;2021;1401,914804;65593;7130;10,87;2529,52;102;0;23,52941176470588;22718;85;1649,3115341176472;26727,058823529413;74,05131458755172;227656,8;10,020987763007307;45,61983142317529
08266;Cerdanyola del Vallès;Vallès Occidental;2021;729,7056969;573514;55000;9,59;2830,42;477;0,41928721174004197;3,9832285115303985;20697;85;858,4772904705883;24349,411764705885;42,30791111175533;254737,80000000002;12,307957675025367;56,03109868779354
08267;Sentmenat;Vallès Occidental;2021;607,4749655;93148;5710;6,13;1657,44;79;0;13,924050632911392;18608;85;714,6764300000001;21891,764705882353;39,175083759673264;149169,6;8,016423043852107;36,49419363901525
08270;Sitges;Garraf;2021;1011,784451;302570;71830;23,74;4261,2;631;0;22,028526148969892;21761;85;1190,334648235294;25601,176470588234;55,794372556408256;383508;17,623638619548736;80,23035671739986
08274;Súria;Bages;2021;395,6065306;59176;5030;8,5;1065,81;53;0;9,433962264150944;18428;85;465,41944776470586;21680;25,761224046016928;95922,9;5,205280009;23,696665650378378
08278;Taradell;Osona;2021;573,4344262;66752;5240;7,85;2195,63;43;0;46,51162790697674;20333;85;674,6287367058824;23921,176470588234;33,84258650666404;197606,7;9,718521615108445;44,24287587700643
08279;Terrassa;Vallès Occidental;2021;597,313945;2226312;296990;13,34;1923,43;2.820;212,7659574468085;11773,04964539007;18309;85;702,7222882352942;21540;39,14887399639522;173108,7;9,454841881;43,042492710965725
08281;Teià;Maresme;2021;1232,067473;65138;4970;7,63;2860,54;75;0;36;23384;85;1449,4911447058826;27510,58823529412;63,22617891;257448,6;11,00960485802258;50,120440173857105
08282;Tiana;Maresme;2021;984,2311905;90196;4600;5,1;3432,83;122;1,639344262295082;41,80327868852459;25025;85;1157,919047647059;29441,176470588238;47,195901242757245;308954,7;12,345842157842158;56,203565091358676
08283;Tona;Osona;2021;544,2980132;83694;7340;8,77;1879,56;76;0;30,263157894736842;19140;85;640,3506038;22517,64705882353;34,12526728526646;169160,4;8,838056426332288;40,23462096
08284;Tordera;Maresme;2021;514,4844492;177767;17670;9,94;1350,04;101;0;11,881188118811881;15326;85;605,2758225882353;18030,58823529412;40,28326628213493;121503,59999999999;7,927939449;36,09137839140053
08285;Torelló;Osona;2021;456,8938189;145324;20200;13,9;1143,05;168;0;3,571428571428571;18442;85;537,5221398823529;21696,470588235294;29,729562014965836;102874,5;5,5782724216462425;25,39468698359929
08289;Torrelles de Llobregat;Baix Llobregat;2021;724,5032941;61185;3200;5,23;1860,37;62;0;14,516129032258066;20368;85;852,3568165882352;23962,352941176472;42,684797374312645;167433,3;8,220409466;37,42282726309208
08291;Vacarisses;Vallès Occidental;2021;759,2075472;70833;3060;4,32;2063,21;118;0;0;18107;85;893,1853496470588;21302,352941176472;50,31474328381289;185688,9;10,255089192025183;46,685561466988354
08295;Vallirana;Baix Llobregat;2021;748,2420968;154180;9590;6,22;1738,84;201;0;23,383084577114428;19248;85;880,2848198;22644,70588235294;46,648509775561095;156495,6;8,130486284289278;37,013458398476764
08298;Vic;Osona;2021;544,431475;471832;135180;28,65;1724,79;435;0,22988505747126436;34,71264367816092;17562;85;640,5076176470589;20661,176470588234;37,20064742056714;155231,1;8,839033139733516;40,239067376876186
08300;Viladecavalls;Vallès Occidental;2021;817,9646154;76170;1790;2,35;2403,17;124;4,032258064516129;10,483870967741936;20803;85;962,3113122;24474,117647058825;47,183460966206795;216285,30000000002;10,396832187665241;47,33083633603727
08301;Viladecans;Baix Llobregat;2021;741,4271203;668143;54320;8,13;2548,17;698;0;4,011461318051576;18342;85;872,2672003529411;21578,823529411766;48,50684463853451;229335,30000000002;12,503287536800785;56,92032393951988
08302;Vilanova del Camí;Anoia;2021;435,0808276;127395;9440;7,41;988,28;138;0;2,898550724637681;15413;85;511,85979717647064;18132,941176470587;33,87380737818725;88945,2;5,770790890806462;26,271113571141726
08305;Vilafranca del Penedès;Alt Penedès;2021;541,1911341;399781;54650;13,67;1589,23;326;1,8404907975460123;24,539877300613497;17951;85;636,6954518823529;21118,823529411766;36,177893204835385;143030,7;7,967840231741965;36,27302385506339
08307;Vilanova i la Geltrú;Garraf;2021;651,2471619;673575;74430;11,05;2498,25;909;0;21,122112211221122;18587;85;766,1731316470589;21867,058823529413;42,04533245171356;224842,5;12,096761177166837;55,06964170796984
08902;Vilanova del Vallès;Vallès Oriental;2021;828,1904762;55631;2470;4,44;1965,19;27;0;33,33333333333333;19955;85;974,3417367058825;23476,470588235294;49,80348641643699;176867,1;8,863297419193184;40,34952877696305
08904;Badia del Vallès;Vallès Occidental;2021;306,2748276;132776;7940;5,98;1571,11;65;24,615384615384617;26,153846153846157;14825;85;360,32332658823526;17441,176470588234;24,79121707386172;141399,9;9,537935919055649;43,420772387191064
17008;Anglès;Selva;2021;469,3303571;57051;13350;23,4;919,89;63;0;6,349206349206349;16289;85;552,1533612941176;19163,529411764706;34,57526112836884;82790,1;5,082577199336976;23,13806987021447
17009;Arbúcies;Selva;2021;429,2491005;65033;15790;24,28;973,16;60;0;13,333333333333334;15243;85;504,9989417647059;17932,941176470587;33,79248970675064;87584,4;5,745876795906317;26,15769393265047
17015;Banyoles;Pla de l'Estany;2021;575,0881641;201270;39630;19,69;1583,5;191;2,094240837696335;29,31937172774869;18174;85;676,5743107058823;21381,176470588234;37,972146853747105;142515;7,841696929679762;35,69876547741287
17020;Bescanó;Gironès;2021;591,2857143;50939;2440;4,79;;;;;18364;85;695,6302521;21604,70588235294;38,63770731648878;;;
17022;Bisbal d'Empordà, la;Baix Empordà;2021;455,7689344;111704;21760;19,48;1139,1;99;6,0606060606060606;47,474747474747474;15495;85;536,1987463529412;18229,41176470588;35,296722896418196;102518,99999999999;6,616263310745401;30,120066407202618
17023;Blanes;Selva;2021;503,9842957;401203;66720;16,63;2096,84;707;0;2,9702970297029703;15373;85;592,9227008235295;18085,88235294118;39,34047712482925;188715,6;12,275782215572757;55,88462220554398
17033;Caldes de Malavella;Selva;2021;744,3469565;80388;7460;9,28;2185,28;149;0;7,382550336;18013;85;875,7023017647059;21191,764705882353;49,587317370787765;196675,2;10,918514406262144;49,705757394888735
17034;Calonge i Sant Antoni;Baix Empordà;2021;645,9686047;114635;24360;21,25;2493,06;466;0,2145922746781116;16,95278969957082;15164;85;759,9630643529412;17840;51,11859177261936;224375,4;14,796584014771827;67,36039244400473
17044;Cassà de la Selva;Gironès;2021;566,4201596;105000;17220;16,4;1268,94;99;1,0101010101010102;33,33333333333333;17425;85;666,3766583529413;20500;39,00741414748924;114204,6;6,554065997;29,83691757704858
17047;Castelló d'Empúries;Alt Empordà;2021;666,6666667;112308;49090;43,71;2312,09;463;0;6,263498920086392;12422;85;784,3137255294117;14614,117647058823;64,40186765738206;208088,1;16,751577845757527;76,26036229848845
17048;Castell d'Aro, Platja d'Aro i s'Agaró;Baix Empordà;2021;0;112182;33520;29,88;2684,61;544;0;2,2058823529411766;14101;85;0;16589,41176470588;0;241614,90000000002;17,134593291255943;78,00401277180929
17049;Celrà;Gironès;2021;573,7530137;55720;12030;21,59;1900,69;41;0;12,195121951219512;16542;85;675,0035455294118;19461,176470588234;41,621546151614076;171062,1;10,34107725788901;47,07701599840629
17062;Escala, l';Alt Empordà;2021;581,9997573;103393;30780;29,77;2169,73;495;0,20202020202020202;17,97979797979798;15592;85;684,7055968235295;18343,529411764706;44,79218244997435;195275,7;12,524095690097486;57,01505157197217
17066;Figueres;Alt Empordà;2021;476,7509675;468023;127630;27,27;1210,68;451;0,22172949002217296;9,534368070953436;13961;85;560,8834911764706;16424,70588235294;40,978523100064464;108961,20000000001;7,804684478189242;35,530268934208905
17079;Girona;Gironès;2021;624,0510013;1016617;204950;20,16;2234,88;1.137;1231,310466138962;36323,658751099385;18330;85;734,1776485882353;21564,70588235294;40,85440270376432;201139,2;10,973224222585925;49,95481992813493
17089;Llagostera;Gironès;2021;504,9207927;88183;14850;16,84;1136,03;125;0,8;40;16087;85;594,024462;18925,88235294118;37,664260038540434;102242,7;6,355610119972648;28,933461363450196
17092;Llançà;Alt Empordà;2021;511,9955725;49148;7500;15,26;;;;;15946;85;602,3477323529412;18760;38,52970569421799;;;
17095;Lloret de Mar;Selva;2021;513,6131558;381354;135190;35,45;1877,74;544;0;3,860294117647059;12581;85;604,2507715294117;14801,176470588236;48,98941156982751;168996,6;13,432684206342898;61,15133593080164
17103;Maçanet de la Selva;Selva;2021;598,0403571;73848;9940;13,46;1245;142;0;5,633802816901409;14999;85;703,5768907058824;17645,88235294118;47,846418329221954;112050;7,4704980332022135;34,00890899996193
17114;Olot;Garrotxa;2021;451,4429222;361778;80170;22,16;1484,34;406;2,955665024630542;40,14778325123153;17371;85;531,1093202352941;20436,470588235294;31,185971253238158;133590,6;7,690438086465949;35,01017039159193
17117;Palafrugell;Baix Empordà;2021;491,4746853;230913;51840;22,45;2458,58;401;0,24937655860349126;7,4812967581047385;14510;85;578,2055121;17070,58823529412;40,64573551757409;221272,19999999998;15,249634734665747;69,42287350440533
17118;Palamós;Baix Empordà;2021;576,1400608;182127;25170;13,82;2295,98;412;0,24271844660194172;26,941747572815533;16227;85;677,8118362352942;19090,58823529412;42,60603148826031;206638,2;12,73422074320577;57,971630876057546
17141;Puigcerdà;Cerdanya;2021;540,8601455;95000;19760;20,8;2703,77;132;0;27,27272727272727;14340;85;636,3060535294119;16870,58823529412;45,26026322175733;243339,3;16,969267782426776;77,25138019495103
17147;Ripoll;Ripollès;2021;393,8924843;107429;14750;13,73;759,98;38;0;28,947368421052634;17568;85;463,40292270588236;20668,235294117647;26,905224337431694;68398,2;3,8933401639344263;17,724153162568506
17152;Roses;Alt Empordà;2021;505,6791206;197787;59000;29,83;2606,64;716;0;1,1173184357541899;12774;85;594,9166124705882;15028,235294117647;47,50390987317989;234597,59999999998;18,36524189760451;83,60645269994058
17155;Salt;Gironès;2021;472,8081818;321075;122490;38,15;1133,4;287;3,8327526132404177;19,51219512195122;12789;85;556,2449197647059;15045,882352941177;44,363892263664084;102006,00000000001;7,9760731878958495;36,3105038
17160;Sant Feliu de Guíxols;Baix Empordà;2021;554,7673821;221651;40540;18,29;1926,64;472;0;3,389830508474576;15255;85;652,6675083529411;17947,058823529413;43,639518749262535;173397,6;11,366607669616519;51,74566998829084
17164;Sant Hilari Sacalm;Selva;2021;389,1752041;57480;11450;19,92;808,62;54;0;7,4074074074074066;15931;85;457,85318129411763;18742,352941176472;29,314559344673903;72775,8;4,568187809930325;20,796348895638683
17180;Santa Coloma de Farners;Selva;2021;511,0918727;134680;29010;21,54;1322,32;139;0;4,316546762589928;15930;85;601,2845561176471;18741,176470588234;38,500329393596985;119008,79999999999;7,470734463276836;34,009985330998624
17181;Santa Cristina d'Aro;Baix Empordà;2021;879,05;54194;9110;16,81;1786,63;140;0;4,285714285714286;17489;85;1034,1764705882354;20575,29411764706;60,315626965521176;160796,7;9,194162045;41,855766365223865
17186;Sarrià de Ter;Gironès;2021;679,6578378;52336;3920;7,49;1746,55;57;0;31,57894736842105;18285;85;799,5974562352942;21511,764705882353;44,604287960623466;157189,5;8,596636587366694;39,13557437618075
17193;Sils;Selva;2021;615,4357426;63686;8190;12,86;1447,01;85;0;0;16663;85;724,0420501176471;19603,529411764706;44,32112411450519;130230,9;7,815573426153754;35,579840092488375
17199;Torroella de Montgrí;Baix Empordà;2021;539,8043684;119890;32730;27,3;1844,53;274;0,36496350364963503;23,357664233576642;14521;85;635,0639628235294;17083,529411764706;44,608859037256394;166007,7;11,432249845051995;52,044501305965085
17202;Tossa de Mar;Selva;2021;525,0242308;59023;12690;21,5;2412,27;157;0;1,2738853503184715;13865;85;617,6755656470589;16311,764705882353;45,440250772448614;217104,3;15,658442120447168;71,28393994465618
17213;Vidreres;Selva;2021;625,6493506;81494;11890;14,59;1281,32;129;0;5,426356589147287;16480;85;736,0580595294118;19388,235294117647;45,55699154854369;115318,79999999999;6,9975;31,85561921970349
17221;Vilafant;Alt Empordà;2021;582,7272727;54754;3110;5,68;1307,8;50;0;32;16995;85;685,5614972941177;19994,117647058825;41,14579154104148;117702;6,925684024713151;31,528682118934725
25003;Agramunt;Urgell;2021;333,4541803;54530;9450;17,33;610,87;55;0;3,6363636363636362;16216;85;392,2990356470589;19077,64705882353;24,67593835;54978,3;3,3903737049827334;15,434434263440563
25011;Alcarràs;Segrià;2021;406,3907895;98735;31990;32,4;796,47;158;0,6329113924050633;9,493670886;14057;85;478,10681117647056;16537,64705882353;34,692249228142565;71682,3;5,099402432951554;23,214665545142463
25019;Almacelles;Segrià;2021;378,3472973;69416;14980;21,58;775,56;64;1,5625;40,625;12926;85;445,1144674117647;15207,058823529413;35,12430425;69800,4;5,3999999999999995;24,58311451038212
25023;Alpicat;Segrià;2021;510,2777778;63014;4140;6,57;1243,18;92;0;22,82608695652174;20306;85;600,3267974117648;23889,411764705885;30,155290719984247;111886,20000000001;5,510006894513937;25,08391304459836
25040;Balaguer;Noguera;2021;378,0243125;173552;40750;23,48;638,02;137;0;2,9197080291970803;14277;85;444,7344852941177;16796,470588235294;31,773424038663588;57421,799999999996;4,021979407438537;18,30977413545563
25050;Bellpuig;Urgell;2021;381,700137;51610;11700;22,67;718,38;95;1,0526315789473684;34,73684210526316;14759;85;449,0589847058823;17363,529411764706;31,034634080899785;64654,2;4,380662646520767;19,942653976069188
25058;Borges Blanques, les;Garrigues;2021;363,7766667;61921;9220;14,89;708,76;40;2,5;10;15685;85;427,9725490588236;18452,941176470587;27,831176285623204;63788,4;4,066840931;18,514003018147307
25072;Cervera;Segarra;2021;350,8701714;93360;20670;22,14;1022,04;57;0;21,052631578947366;15666;85;412,7884369411765;18430,58823529412;26,876305737265422;91983,59999999999;5,87154347;26,729782495202926
25110;Guissona;Segarra;2021;392,1134722;72634;38060;52,4;1106,04;40;10;42,5;15228;85;461,30996729411766;17915,29411764706;30,89940679;99543,59999999999;6,536879432624113;29,75867696902969
25120;Lleida;Segrià;2021;468,0572627;1389238;269790;19,42;1197,01;1.809;4919,8452183526815;27860,696517412936;17744;85;550,6556031764707;20875,29411764706;31,654007847159605;107730,9;6,071398782687105;27,639609539442915
25137;Mollerussa;Pla d'Urgell;2021;393,8984282;149241;42250;28,31;901,54;193;1,0362694300518136;19,170984455958546;16305;85;463,4099155294118;19182,352941176472;28,98976472;81138,59999999999;4,976301747930083;22,654258464366656
25203;Seu d'Urgell, la;Alt Urgell;2021;438,4754132;122310;17050;13,94;1145,04;88;0;18,181818181818183;14827;85;515,8534272941176;17443,529411764706;35,487320148377954;103053,59999999999;6,950401294934916;31,641205727128373
25207;Solsona;Solsonès;2021;360,5936508;92170;13420;14,56;913,6;74;0;39,189189189189186;16252;85;424,22782447058825;19120;26,625177268028548;82224;5,059315776519813;23,03217390340174
25217;Tàrrega;Urgell;2021;378,7008716;176262;38760;21,99;1001,43;196;0,5102040816326531;40,30612244897959;15902;85;445,5304371764706;18708,235294117647;28,57760318953591;90128,7;5,667758772481449;25,80206720761746
25234;Tremp;Pallars Jussà;2021;351,2658491;58706;9710;16,54;634,65;61;0;0;16743;85;413,2539401176471;19697,64705882353;25,17583580720301;57118,5;3,4114853968822794;15,530543733713605
25243;Vielha e Mijaran;Val d'Aran;2021;605,4004412;56643;11810;20,85;2290,75;150;0;15,333333333333332;16732;85;712,2358131764706;19684,70588235294;43,41863073392303;206167,5;12,321748744919914;56,09388154898583
43004;Alcanar;Montsià;2021;396,4325862;95738;19990;20,88;1005,87;199;0;7,035175879396985;14403;85;466,39127788235294;16944,70588235294;33,02916777338055;90528,3;6,285378046240367;28,61373486143866
43005;Alcover;Alt Camp;2021;488,1578788;51846;6180;11,92;880,09;22;0;0;16702;85;574,3033868235294;19649,41176470588;35,07301248712729;79208,1;4,742432044066579;21,589583332776716
43012;Altafulla;Tarragonès;2021;698,5961667;54953;6380;11,61;2174,94;210;0;34,285714285714285;19325;85;821,8778431764706;22735,29411764706;43,37983958809832;195744,6;10,129086675291074;46,111944004493736
43013;Ametlla de Mar, l';Baix Ebre;2021;412,4847727;71627;16990;23,72;1848,79;196;0;2,5510204081632653;14102;85;485,27620317647063;16590,58823529412;35,10010829953198;166391,1;11,799113600907672;53,71462237
43014;Amposta;Montsià;2021;345,6025817;212335;35290;16,62;679,92;248;0,8064516129032258;2,822580645;14118;85;406,59127258823526;16609,41176470588;29,375485057373563;61192,799999999996;4,3343816404589885;19,73196299983356
43016;Arboç, l';Baix Penedès;2021;465,3158586;56140;13670;24,35;911,74;46;2,1739130434782608;26,08695652173913;14603;85;547,4304219;17180;38,23728208724235;82056,6;5,619160446483599;25,580826797799304
43037;Calafell;Baix Penedès;2021;581,7788966;283555;53280;18,79;1768,97;698;0,14326647564469913;32,52148997;15420;85;684,4457607058824;18141,176470588234;45,27462230350195;159207,3;10,324727626459143;47,00258547
43038;Cambrils;Baix Camp;2021;569,6769014;349691;67980;19,44;2039,94;871;0;11,940298507462686;16868;85;670,2081192941176;19844,70588235294;40,52716870286934;183594,6;10,884194925302348;49,54952041
43043;Catllar, el;Tarragonès;2021;612,7777778;47497;3510;7,39;;;;;19453;85;720,9150327058824;22885,88235294118;37,800510633835394;;;
43044;Sénia, la;Montsià;2021;250,8;55866;10190;18,24;575,26;44;0;4,545454545454546;13607;85;295,05882352941177;16008,235294117647;22,118027485852874;51773,4;3,8049092378922613;17,32157768457708
43047;Constantí;Tarragonès;2021;384,9969136;67618;13510;19,98;863,94;122;13,934426229508196;26,229508196721312;13666;85;452,93754541176475;16077,64705882353;33,80625613346993;77754,6;5,689638518952145;25,901673191496577
43051;Cunit;Baix Penedès;2021;577,7440702;139865;22770;16,28;1777,37;383;0,26109660574412535;14,882506527415144;15077;85;679,6989061176471;17737,64705882353;45,98347710021888;159963,3;10,609756582874576;48,30015944520116
43086;Montblanc;Conca de Barberà;2021;409,6451685;74705;10780;14,43;997,04;67;2,9850746268656714;2,9850746268656714;17445;85;481,9354923529412;20523,529411764706;28,178515460017202;89733,59999999999;5,143800515907136;23,41678464835329
43092;Mont-roig del Camp;Baix Camp;2021;515,7259447;128100;34190;26,69;1617,1;623;0;1,9261637239165328;14519;85;606,7364055294117;17081,176470588234;42,62491450099869;145539;10,024037468145188;45,63371498810632
43093;Móra d'Ebre;Ribera d'Ebre;2021;368,2425926;56429;11060;19,6;816,03;48;0;35,41666666666667;16055;85;433,2265795294118;18888,235294117647;27,523582131423236;73442,7;4,574444098;20,824830202332734
43100;Pallaresos, els;Tarragonès;2021;607,5;48822;1450;2,97;;;;;19385;85;714,7058823529412;22805,88235294118;37,60639669847821;;;
43123;Reus;Baix Camp;2021;477,1589377;1059545;177050;16,71;1207,93;1.442;2011,0957004160887;10610,263522884883;16532;85;561,3634561;19449,41176470588;34,63529671;108713,70000000001;6,575955722235665;29,936568987948508
43129;Riudoms;Baix Camp;2021;448,8093407;66618;9200;13,81;1229,79;66;0;19,696969696969695;14966;85;528,0109890588235;17607,058823529413;35,986316239476146;110681,09999999999;7,39550314;33,66750010437306
43131;Roda de Berà;Tarragonès;2021;530,7011765;71536;9550;13,35;1455,82;275;0;16,727272727272727;16125;85;624,3543252941176;18970,58823529412;39,49404104186046;131023,79999999999;8,125506976744186;36,990790456335404
43133;Roquetes;Baix Ebre;2021;370,1250993;81688;12000;14,69;758,83;53;0;5,660377358490567;15048;85;435,44129329411766;17703,529411764706;29,515558157894738;68294,7;4,538456937799043;20,66100122265779
43136;Ràpita, la;Montsià;2021;372,6021127;149878;24580;16,4;947,52;332;0;1,2048192771084338;14578;85;438,3554267058824;17150,58823529412;30,671047828234332;85276,8;5,849691315681164;26,630302122921833
43145;Selva del Camp, la;Baix Camp;2021;506,1598413;57042;4050;7,1;1123,47;23;0;0;16977;85;595,4821662352941;19972,941176470587;35,777334603286796;101112,3;5,955840254461919;27,113537589070514
43148;Tarragona;Tarragonès;2021;539,9582117;1361514;255420;18,76;1508,55;1.850;270,27027027027026;18108,108108108107;17145;85;635,2449549411765;20170,58823529412;37,79235078;135769,5;7,918897637795276;36,050216189984404
43153;Torredembarra;Tarragonès;2021;551,4682103;170226;29330;17,23;1707,75;447;0;29,082774049217004;15456;85;648,7861298;18183,529411764706;42,815854836956525;153697,5;9,944196428571429;45,27024435505635
43155;Tortosa;Baix Ebre;2021;378,3031047;336820;63120;18,74;816,63;374;0;8,288770053475936;15816;85;445,06247611764707;18607,058823529413;28,702815227617606;73496,7;4,646984067;21,155063229865696
43156;Ulldecona;Montsià;2021;293,0241071;64008;16130;25,2;551,22;82;0;19,51219512195122;13177;85;344,7342436470588;15502,35294117647;26,68505187220156;49609,8;3,764878196858162;17,13933922796392
43161;Valls;Alt Camp;2021;438,5427083;245849;39090;15,9;1211,17;67;0;16,417910447761194;16997;85;515,932598;19996,470588235294;30,961419659939992;109005,3;6,413208213214097;29,19567257117875
43162;Vandellòs i l'Hospitalet de l'Infant;Baix Camp;2021;473,9719626;66074;10400;15,74;1586,43;89;0;15,730337078651685;16189;85;557,6140736470588;19045,88235294118;35,13288993267033;142778,7;8,819488541602324;40,150091989113506
43163;Vendrell, el;Baix Penedès;2021;540,0810247;388743;59400;15,28;1495,36;925;0;4,216216216216216;16167;85;635,3894408235294;19020;40,087661881610686;134582,4;8,324512896641306;37,89675070023815
43171;Vila-seca;Tarragonès;2021;494,6920375;227844;36250;15,91;2199,12;481;0;1,6632016632016633;14965;85;581,9906323529412;17605,88235294118;39,66792148346141;197920,8;13,225579685933845;60,20850738620284
43901;Deltebre;Baix Ebre;2021;355,62;115606;11260;9,74;818,04;193;0;16,580310880829018;14085;85;418,3764705882353;16570,58823529412;30,29776357827477;73623,59999999999;5,227092651757188;23,795966150837756
43905;Salou;Tarragonès;2021;517,8376634;283104;92660;32,73;1898,46;874;0;13,729977116704806;14744;85;609,2207804705882;17345,88235294118;42,14631009766684;170861,4;11,588537710255018;52,75599065538529
43907;Canonja, la;Tarragonès;2021;399,1072727;59691;4250;7,12;;-;;;15348;85;469,5379679;18056,470588235294;31,204634300234556;;;
08001;Abrera;Baix Llobregat;2020;695,8543066;;;;1672,14;97;0;8,24742268;18161;82,6;842,4386278450363;21986,68280871671;45,97903022520786;150492,6;8,286581135400032;37,72406906502061
08003;Alella;Maresme;2020;1149,678571;;;;3148,07;79;0;16,455696202531644;26625;82,6;1391,8626767554479;32233,65617433414;51,816498974647885;283326,3;10,641363380281689;48,444047134083654
08005;Ametlla del Vallès, l';Vallès Oriental;2020;978,3333333;;;;1555,04;106;0;32,075471698113205;23072;82,6;1184,4229216707024;27932,20338983051;50,88418862517338;139953,6;6,065950069348128;27,614804660934333
08006;Arenys de Mar;Maresme;2020;694,9579331;;;;2350,19;168;0,5952380952380952;23,214285714285715;17723;82,6;841,3534299031477;21456,41646489104;47,05464761722056;211517,1;11,934610393274276;54,33146183975152
08007;Arenys de Munt;Maresme;2020;645,2225161;;;;2060,47;110;0;38,18181818181819;18216;82,6;781,1410606537531;22053,268765133173;42,50477708168643;185442,3;10,180187747035573;46,34457798566009
08009;Argentona;Maresme;2020;767,0045349;;;;1973,68;93;0;34,40860215053764;18614;82,6;928,5769187651332;22535,108958837773;49,44694541098097;177631,2;9,542881701944774;43,443287710729365
08010;Artés;Bages;2020;375,5181818;;;;1229,69;78;0;28,205128205128204;16814;82,6;454,6224961;20355,93220338983;26,800393610086825;110672,1;6,582139883430475;29,96472194031937
08015;Badalona;Barcelonès;2020;736,7755932;;;;2510,51;1.919;2344,9713392391873;40750,39082855654;16507;82,6;891,9801370460049;19984,261501210654;53,56095667534985;225945,90000000002;13,687883928030534;62,31311444585068
08019;Barcelona;Barcelonès;2020;964,8080379;;;;4170,39;9.861;212,9601460298144;8903,762295913193;21121;82,6;1168,0484720338984;25570,217917675545;54,81604306046115;375335,10000000003;17,770706879409122;80,89987447165736
08020;Begues;Baix Llobregat;2020;921,0515702;;;;2118,23;57;0;3,508771929824561;21538;82,6;1115,0745401937047;26075,060532687654;51,31682998607112;190640,7;8,851365029250628;40,295207423566666
08022;Berga;Berguedà;2020;394,8532881;;;;1232,94;149;0;23,48993288590604;16797;82,6;478,0306151331719;20335,351089588377;28,208843586354703;110964,6;6,606215395606359;30,07432399082231
08023;Bigues i Riells del Fai;Vallès Oriental;2020;728,9714286;;;;1398,79;109;0;13,761467889908257;19012;82,6;882,5319958837772;23016,949152542373;46,01124102;125891,09999999999;6,621665264043761;30,144658413964347
08029;Cabrera de Mar;Maresme;2020;970,4086957;;;;;;;;24439;82,6;1174,8289294188862;29587,167070217918;47,64885776177421;;;
08030;Cabrils;Maresme;2020;1298,043913;;;;2096,65;66;0;7,575757575757576;25912;82,6;1571,4817348668282;31370,46004842615;60,113179052176605;188698,5;7,282282340228465;33,15207049384628
08033;Caldes de Montbui;Vallès Oriental;2020;682,3408596;;;;1855,86;142;0;37,32394366197183;18174;82,6;826,0785225;22002,421307506054;45,05386989765599;167027,4;9,190458897;41,838908051096595
08035;Calella;Maresme;2020;586,2334772;;;;1921,64;235;0;17,02127659574468;14391;82,6;709,7257593;17422,518159806295;48,88334185532625;172947,6;12,017761100687931;54,70999949937543
08040;Canet de Mar;Maresme;2020;651,0001423;;;;1938,07;161;0;27,95031055900621;16871;82,6;788,1357654963681;20424,93946731235;46,304319291091225;174426,3;10,33882402;47,06675828259171
08041;Canovelles;Vallès Oriental;2020;598,3262963;;;;1335,28;86;2,3255813953488373;18,60465116;14660;82,6;724,3659762;17748,18401937046;48,97623162073669;120175,2;8,197489768076398;37,31848698
08043;Canyelles;Garraf;2020;699,4018182;;;;;;;;18196;82,6;846,7334360774819;22029,05569007264;46,12454285777094;;;
08044;Capellades;Anoia;2020;483,7;;;;979,42;48;0;2,083333333333333;16653;82,6;585,5932203389831;20161,016949152545;34,85498108448928;88147,8;5,293208430913349;24,096953515641285
08046;Cardedeu;Vallès Oriental;2020;696,5383378;;;;2242,46;135;0;26,666666666666668;18089;82,6;843,2667527845038;21899,51573849879;46,207419169661115;201821,4;11,15713416993753;50,79205683467991
08051;Castellar del Vallès;Vallès Occidental;2020;442,2833333;;;;2124,1;239;0;12,552301255230125;18855;82,6;535,4519773607748;22826,87651331719;28,14850172155927;191169;10,138902147971361;46,15662824317393
08054;Castellbisbal;Vallès Occidental;2020;620,3571429;;;;1824,77;92;0;2,1739130434782608;18260;82,6;751,0377032687652;22106,537530266345;40,76826787951807;164229,3;8,993937568;40,944258730476434
08056;Castelldefels;Baix Llobregat;2020;617,5478947;;;;3661,44;514;0;4,863813229571985;20816;82,6;747,6366763922518;25200,968523002422;35,60037824942352;329529,6;15,830591852421213;72,06763931022093
08067;Centelles;Osona;2020;547,1123226;;;;1773,24;53;0;35,84905660377358;17652;82,6;662,3635866828087;21370,46004842615;37,19322383412644;159591,6;9,040992522093815;41,15847304780383
08068;Cervelló;Baix Llobregat;2020;829,3608247;;;;1783,02;124;0;16,93548387096774;19693;82,6;1004,0687950363197;23841,404358353513;50,53739854973848;160471,8;8,148672116995886;37,09624810364218
08072;Corbera de Llobregat;Baix Llobregat;2020;717,3090129;;;;1589,1;164;0;18,29268292682927;18949;82,6;868,4128485472155;22940,677966101695;45,42565916301651;143019;7,547575069924534;34,35979670734447
08073;Cornellà de Llobregat;Baix Llobregat;2020;699,5773783;;;;2947,92;495;1,0101010101010102;1,0101010101010102;16656;82,6;846,9459785714286;20164,648910411623;50,40182840778098;265312,8;15,928962536023054;72,51546482
08074;Cubelles;Garraf;2020;696,4958188;;;;1890,08;320;0;24,0625;17365;82,6;843,2152769975788;21023,00242130751;48,13100964929456;170107,19999999998;9,795980420385833;44,59550155848262
08075;Dosrius;Maresme;2020;862,8873239;;;;1670,01;66;0;21,21212121212121;17914;82,6;1044,6577771186442;21687,65133171913;57,80198664061628;150300,9;8,390136206;38,19549613289722
08076;Esparreguera;Baix Llobregat;2020;614,181358;;;;1666,2;219;0;0;17844;82,6;743,5609661;21602,905569007264;41,30338655010088;149958;8,403833221;38,25785081558571
08077;Esplugues de Llobregat;Baix Llobregat;2020;912,1379235;;;;3476,94;246;0;10,569105691056912;20673;82,6;1104,2832003631963;25027,845036319613;52,94662159338268;312924,6;15,136874183717891;68,90953914584887
08086;Franqueses del Vallès, les;Vallès Oriental;2020;641,3321053;;;;2048,39;123;3,2520325203252036;26,82926829268293;16803;82,6;776,4311202179176;20342,61501210654;45,80125729691126;184355,09999999998;10,971558650241027;49,94723752893494
08088;Garriga, la;Vallès Oriental;2020;728,6237905;;;;2031,52;150;0;30,666666666666664;18990;82,6;882,1111265133172;22990,314769975786;46,04257759873619;182836,8;9,628056872037915;43,83104159
08089;Gavà;Baix Llobregat;2020;937,6423241;;;;3045,6;422;0,7109004739336493;42,89099526066351;19126;82,6;1135,1601986682808;23154,96368038741;58,82938350517619;274104;14,331485935375929;65,24306664
08091;Gelida;Alt Penedès;2020;584,0866867;;;;1295,96;62;0;1,6129032258064515;16856;82,6;707,1267393;20406,77966101695;41,58187138348362;116636,40000000001;6,919577598481253;31,500883049433252
08092;Gironella;Berguedà;2020;350,8295455;;;;;;;;16904;82,6;424,7331059322034;20464,891041162227;24,905078951727404;;;
08096;Granollers;Vallès Oriental;2020;685,8600746;;;;2110,63;489;0,81799591;20,654396728016362;18027;82,6;830,3390733656174;21824,45520581114;45,65552169079713;189956,7;10,537343984023964;47,97050625824949
08101;Hospitalet de Llobregat, l';Barcelonès;2020;702,8441408;;;;2586,06;2.127;4090,267983074754;21156,55853314528;15507;82,6;850,9008968523003;18773,607748184022;54,38917707873864;232745,4;15,009053975623912;68,32764677
08102;Igualada;Anoia;2020;492,2373032;;;;1252,83;365;0,273972603;9,315068493150685;16416;82,6;595,9289384987893;19874,09200968523;35,98225900584795;112754,7;6,868585526;31,268745281069315
08105;Llagosta, la;Vallès Oriental;2020;578,7039216;;;;1801,36;78;6,41025641;15,384615384615385;15695;82,6;700,6100745762711;19001,210653753027;44,246238032494425;162122,4;10,329557183816501;47,02457168357432
08106;Llinars del Vallès;Vallès Oriental;2020;641,0324651;;;;1786,53;68;0;4,411764705882353;17627;82,6;776,0683597;21340,193704600486;43,63981154592386;160787,7;9,121671299710671;41,525757423491406
08107;Lliçà d'Amunt;Vallès Oriental;2020;898,6177;;;;1442,61;123;0;15,447154471544716;18700;82,6;1087,9148910411623;22639,225181598064;57,66530695187166;129834,9;6,943042780748663;31,607706616597465
08108;Lliçà de Vall;Vallès Oriental;2020;829,8648649;;;;1548,54;48;0;6,25;21780;82,6;1004,679013196126;26368,03874;45,72258208815427;139368,6;6,398925619834711;29,13065208441011
08110;Malgrat de Mar;Maresme;2020;547,8186245;;;;1638,11;45;0;8,888888889;15114;82,6;663,2186737288137;18297,820823244554;43,49492850337436;147429,9;9,754525605398968;44,406781472588385
08112;Manlleu;Osona;2020;451,5600664;;;;975,17;152;0;3,9473684210526314;15655;82,6;546,6828891041163;18952,784503631963;34,61335545704248;87765,3;5,606215266687959;25,521894790896766
08113;Manresa;Bages;2020;483,40629;;;;1103,45;618;0,8090614886731391;26,051779935275082;16531;82,6;585,2376392251816;20013,317191283295;35,090892746960265;99310,5;6,007531304821245;27,348857405764075
08114;Martorell;Baix Llobregat;2020;626,472375;;;;1704,61;206;0;0;15640;82,6;758,4411319612592;18934,624697336563;48,06693414322251;153414,9;9,809136828644501;44,65539516788413
08118;Masnou, el;Maresme;2020;846,5929422;;;;2992,77;166;0;21,084337349397593;20690;82,6;1024,9309227602907;25048,426150121068;49,10157228806187;269349,3;13,018332527791204;59,26502949350434
08119;Masquefa;Anoia;2020;585,38;;;;1528,05;71;0;11,267605633802818;15898;82,6;708,6924939467312;19246,973365617436;44,18518052585231;137524,5;8,650427726758084;39,380454698273795
08120;Matadepera;Vallès Occidental;2020;1059,035963;;;;2715,97;57;0;0;28239;82,6;1282,125863196126;34187,65133171913;45,00312176776798;244437,3;8,656018273;39,40590525913484
08121;Mataró;Maresme;2020;654,1040585;;;;2272,6;908;0,11013215859030838;12,665198237885464;15770;82,6;791,8935332929782;19092,009685230027;49,773295510462894;204534;12,969816106531388;59,04416194915919
08123;Molins de Rei;Baix Llobregat;2020;775,0435062;;;;3038,8;246;8,943089431;50,81300813008131;19952;82,6;938,3093295399517;24154,96368038741;46,61448513632718;273492;13,707497995188453;62,402406086398344
08124;Mollet del Vallès;Vallès Oriental;2020;651,028821;;;;1996,72;273;1,465201465201465;15,018315018315018;16713;82,6;788,1704855;20233,65617433414;46,74412644049543;179704,8;10,75239633817986;48,94951674860906
08125;Montcada i Reixac;Vallès Occidental;2020;649,0049745;;;;1974,29;245;1,2244897959183674;13,877551020408163;16137;82,6;785,7203081113802;19536,31961;48,26212861126603;177686,1;11,011098717233686;50,12724086127359
08126;Montgat;Maresme;2020;926,751;;;;3011,48;97;1,0309278350515463;30,927835051546392;19414;82,6;1121,9745762711864;23503,63196125908;57,28346554033171;271033,2;13,96070876686927;63,555130048526465
08135;Montmeló;Vallès Oriental;2020;607,9261404;;;;1784,58;47;2,127659574468085;38,297872340425535;16980;82,6;735,9880634382567;20556,900726392254;42,96297812014135;160612,19999999998;9,458904593639575;43,06098792004096
08136;Montornès del Vallès;Vallès Oriental;2020;598,0576498;;;;1729,98;144;2,7777777777777777;43,05555555555556;16260;82,6;724,0407382566586;19685,230024213077;44,137095926199265;155698,2;9,575535055350555;43,59193977108534
08138;Moià;Moianès;2020;463,6708861;;;;1402,7;81;0;35,80246913580247;16155;82,6;561,3448984261502;19558,11138014528;34,44166284865367;126243;7,814484679665738;35,57488365
08140;Navarcles;Bages;2020;458,4875;;;;1525,37;33;0;18,181818181818183;17618;82,6;555,0696125907991;21329,297820823245;31,228573050289476;137283,3;7,792218185946191;35,47351703
08141;Navàs;Bages;2020;386,7474545;;;;777,27;29;0;20,689655172413794;17283;82,6;468,21725726392253;20923,728813559323;26,852800173580977;69954,3;4,047578545391425;18,42631238354135
08147;Olesa de Montserrat;Baix Llobregat;2020;610,3287296;;;;1617,58;228;0;10,087719298245613;16812;82,6;738,8967671;20353,510895883777;43,56379226266952;145582,19999999998;8,659421841541755;39,42139976376389
08155;Palafolls;Maresme;2020;582,8353947;;;;1458,46;31;0;0;15548;82,6;705,6118579903149;18823,244552058113;44,98343668896322;131261,4;8,442333419089271;38,43312021783286
08156;Palau-solità i Plegamans;Vallès Occidental;2020;769,7774627;;;;2154,8;90;0;7,777777777777778;18336;82,6;931,9339742130751;22198,547215496368;50,37810619764398;193932,00000000003;10,576570680628274;48,14908299426575
08157;Pallejà;Baix Llobregat;2020;755,800381;;;;2382,72;110;0,9090909090909091;33,63636363636363;19699;82,6;915,0125677966103;23848,668280871672;46,04093899;214444,8;10,886075435301283;49,558081295309144
08159;Parets del Vallès;Vallès Oriental;2020;692,2192917;;;;2167,75;124;0;11,29032258064516;18181;82,6;838,0378834140436;22010,89588377724;45,68852923601561;195097,5;10,730845388042463;48,85140758656551
08161;Piera;Anoia;2020;592,6500588;;;;1142,94;164;0;13,414634146341465;15632;82,6;717,4940179176756;18924,93946731235;45,495142691914026;102864,6;6,580386386898669;29,956739272535128
08163;Pineda de Mar;Maresme;2020;564,8120225;;;;1748,26;87;1,1494252873563218;13,793103448275861;14160;82,6;683,7917948;17142,857142857145;47,865425635593226;157343,4;11,111822033898305;50,58577657005727
08167;Polinyà;Vallès Occidental;2020;680,5572358;;;;1827,92;66;0;3,0303030303030303;16879;82,6;823,9191716707021;20434,624697336563;48,38371248059718;164512,80000000002;9,746596362343741;44,37068415962409
08169;Prat de Llobregat, el;Baix Llobregat;2020;750,3256561;;;;2761,88;553;0,18083182640144665;45,20795660036166;17371;82,6;908,3845715496368;21030,266343825668;51,83298528121581;248569,2;14,309435265672674;65,14268253980214
08172;Premià de Mar;Maresme;2020;796,2599624;;;;2791,7;178;0;3,3707865168539324;18133;82,6;963,9951118644068;21952,784503631963;52,69464263387194;251252,99999999997;13,85611867865218;63,07899113828724
08180;Ripollet;Vallès Occidental;2020;0;;;;2545,34;333;0;5,7057057057057055;16055;82,6;0;19437,046004842618;0;229080,6;14,268489567113049;64,95628017009865
08181;Roca del Vallès, la;Vallès Oriental;2020;0;;;;1833,06;67;0;8,955223880597014;19653;82,6;0;23792,978208232445;0;164975,4;8,394413066707372;38,21496623450283
08183;Roda de Ter;Osona;2020;0;;;;794,02;101;0;35,64356435643564;17063;82,6;0;20657,384987893463;0;71461,8;4,188114634;19,066092894502347
08184;Rubí;Vallès Occidental;2020;0;;;;2037,76;585;0,8547008547008548;20,34188034188034;16303;82,6;0;19737,288135593222;0;183398,4;11,249365147518862;51,21193177602923
08187;Sabadell;Vallès Occidental;2020;0;;;;2110,61;1.962;1529,051987767584;17838,93985728848;17477;82,6;0;21158,59564164649;0;189954,90000000002;10,868850489214397;49,479665957885224
08191;Sallent;Bages;2020;498,125;;;;1220,02;35;0;28,57142857142857;17606;82,6;603,0569007263923;21314,769975786927;33,951493808928774;109801,8;6,236612518459617;28,39173327743988
08192;Santpedor;Bages;2020;505,5357732;;;;1470,43;58;0;31,03448275862069;18629;82,6;612,0287811138015;22553,268765133173;32,56443866230072;132338,7;7,103907885554781;32,34003352
08194;Sant Adrià de Besòs;Barcelonès;2020;0;;;;2817,54;258;2,3255813953488373;25,19379845;15015;82,6;0;18177,966101694918;0;253578,6;16,888351648351648;76,88301527093134
08196;Sant Andreu de la Barca;Baix Llobregat;2020;1056,971436;;;;2174,32;178;0;0,5617977528089888;16548;82,6;1279,6264358353512;20033,898305084746;76,64767483683829;195688,80000000002;11,825525743292241;53,83486175793052
08197;Sant Andreu de Llavaneres;Maresme;2020;0;;;;2358,46;129;0;13,953488372093023;22164;82,6;0;26832,929782082327;0;212261,4;9,576854358419057;43,59794580412367
08198;Sant Antoni de Vilamajor;Vallès Oriental;2020;563,75;;;;1674,04;56;0;0;20179;82,6;682,5060532687652;24429,782082324455;33,52495168244214;150663,6;7,466356112790525;33,990053202966855
08200;Sant Boi de Llobregat;Baix Llobregat;2020;0;;;;2539,33;451;0;25,055432372505543;17073;82,6;0;20669,49152542373;0;228539,69999999998;13,386030574591459;60,93894860271445
08202;Sant Celoni;Vallès Oriental;2020;574,872508;;;;1508,42;102;0;20,588235294117645;16447;82,6;695,9715593;19911,62227602906;41,94363772116496;135757,80000000002;8,254259135404634;37,57692546741108
08205;Sant Cugat del Vallès;Vallès Occidental;2020;1177,846503;;;;3710,59;1.109;180,34265103697024;50946,79892;25426;82,6;1425,9642893462471;30782,08232445521;55,58938895618658;333953,10000000003;13,134315267836074;59,79303263790268
08208;Sant Esteve Sesrovires;Baix Llobregat;2020;778,4667544;;;;1485,06;88;0;0;19993;82,6;942,4536978208233;24204,600484261504;46,72435878957636;133655,4;6,685109788425949;30,433485082102134
08209;Sant Fost de Campsentelles;Vallès Oriental;2020;807,9559459;;;;1699,5;89;2,247191011235955;25,842696629213485;19257;82,6;978,1548981840194;23313,55932;50,347776656800114;152955;7,942825985355975;36,159148284082335
08210;Sant Feliu de Codines;Vallès Oriental;2020;589,3610476;;;;1361,01;70;0;34,285714285714285;16815;82,6;713,5121642;20357,14285714286;42,059664413916146;122490,9;7,2846208742194465;33,16271650289937
08211;Sant Feliu de Llobregat;Baix Llobregat;2020;817,8293849;;;;2977,75;399;1,7543859649122806;52,88220551378446;19285;82,6;990,1082142;23347,457627118645;50,88904650661136;267997,5;13,896681358568836;63,263649842961165
08213;Sant Fruitós de Bages;Bages;2020;526,6641379;;;;1433,09;73;8,219178082;34,24657534246575;18870;82,6;637,6079151;22845,03631961259;33,492155033386325;128978,09999999999;6,835087440381558;31,11624763618045
08214;Vilassar de Dalt;Maresme;2020;844,4875397;;;;2224,05;77;0;6,493506493506493;22372;82,6;1022,3820093220339;27084,745762711867;45,29702519399248;200164,50000000003;8,947099052386914;40,73102972973312
08217;Sant Joan Despí;Baix Llobregat;2020;861,9821064;;;;3012,9;194;1,5463917525773196;19,072164948453608;19920;82,6;1043,5618721549638;24116,22276029056;51,92663291566265;271161;13,6125;61,969934494921596
08218;Sant Joan de Vilatorrada;Bages;2020;463,5190598;;;;1190,65;82;1,2195121951219512;34,146341463414636;16746;82,6;561,1610893;20273,607748184022;33,215267631673235;107158,50000000001;6,399050519527052;29,131220681343283
08219;Vilassar de Mar;Maresme;2020;884,0678922;;;;3043,7;117;0;0,8547008547008548;21163;82,6;1070,300111622276;25621,065375302664;50,12906821528139;273933;12,943958796011907;58,926448388894194
08221;Sant Just Desvern;Baix Llobregat;2020;1251,539509;;;;3703,15;444;9,234234234234235;81,30630630630631;27030;82,6;1515,1810036319612;32723,970944309927;55,56224235294117;333283,5;12,330133185349611;56,13205111550224
08230;Premià de Dalt;Maresme;2020;1083,605952;;;;2742,76;94;0;3,1914893617021276;25437;82,6;1311,871612590799;30795,39952;51,11951654676259;246848,40000000002;9,704304752918977;44,17815462678754
08231;Sant Pere de Ribes;Garraf;2020;763,9437269;;;;2088,61;317;0;10,410094637223976;16933;82,6;924,8713400726393;20500;54,13881015059352;187974,90000000002;11,10109844681982;50,536958205406805
08234;Sant Pere de Vilamajor;Vallès Oriental;2020;859,5652174;;;;;;;;18493;82,6;1040,635856416465;22388,61985472155;55,776686361325915;;;
08235;Sant Pol de Mar;Maresme;2020;765,7316667;;;;2706,93;58;0;12,068965517241379;19253;82,6;927,0359161;23308,716707021795;47,726484186360565;243623,69999999998;12,653804601880225;57,60554213333739
08238;Sant Quirze del Vallès;Vallès Occidental;2020;902,3122353;;;;2483,49;151;0;9,271523178807946;22685;82,6;1092,3876940677967;27463,680387409204;47,73086543;223514,09999999998;9,852946881;44,854837304671875
08240;Sant Sadurní d'Anoia;Alt Penedès;2020;592,2465587;;;;1691,94;57;1,7543859649122806;29,82456140350877;18162;82,6;717,005519;21987,893462469736;39,13092558308556;152274,6;8,384241823587711;38,16866237629476
08244;Santa Coloma de Cervelló;Baix Llobregat;2020;767,5006944;;;;2474,68;43;0;4,651162790697675;19027;82,6;929,1775961;23035,108958837773;48,404942097020026;222721,19999999998;11,705534240815682;53,28860900873532
08245;Santa Coloma de Gramenet;Barcelonès;2020;614,5286179;;;;2110,81;709;0;6,911142454160791;14390;82,6;743,9813776029056;17421,30750605327;51,24630587074357;189972,9;13,201730368311328;60,09993507025676
08248;Santa Eulàlia de Ronçana;Vallès Oriental;2020;817,3844286;;;;1493,47;59;0;13,559322033898304;18600;82,6;989,5695261501211;22518,15981;52,73447926451613;134412,3;7,226467741935483;32,89797851955232
08250;Santa Margarida de Montbui;Anoia;2020;410,8537705;;;;791,85;85;0;1,1764705882352942;12702;82,6;497,40165920096854;15377,723970944311;38,814716154936235;71266,5;5,610651865847898;25,542092091857043
08251;Santa Margarida i els Monjos;Alt Penedès;2020;500,2796629;;;;1202,57;60;0;26,666666666666668;16525;82,6;605,6654514527845;20006,053268765136;36,32893164780636;108231,29999999999;6,549549167927382;29,81635503454384
08252;Barberà del Vallès;Vallès Occidental;2020;730,6546269;;;;2176,32;312;0,9615384615384616;9,615384615384617;17740;82,6;884,5697662227603;21476,997578692495;49,42421377001128;195868,80000000002;11,041082299887261;50,26373898086699
08259;Santa Maria de Palautordera;Vallès Oriental;2020;619,8065116;;;;1580,34;58;0;8,620689655172415;17480;82,6;750,3710794188862;21162,22760290557;42,549646105263164;142230,6;8,136762013729978;37,04202820875027
08260;Santa Perpètua de Mogoda;Vallès Occidental;2020;651,7759316;;;;1833,34;185;1,6216216216216217;30,810810810810814;16732;82,6;789,0749777239711;20256,65859564165;46,74462813291896;165000,6;9,861379392780302;44,89322571
08262;Sant Vicenç de Castellet;Bages;2020;479,1121256;;;;1385,72;101;0,9900990099009901;46,53465346534654;14976;82,6;580,0388929782083;18130,750605326877;38,39039467948718;124714,8;8,327644231;37,911005875319084
08263;Sant Vicenç dels Horts;Baix Llobregat;2020;682,34376;;;;2056,64;201;0,9950248756218906;27,860696517412936;16524;82,6;826,0820338983051;20004,84261501211;49,55292374727669;185097,59999999998;11,201742919389977;50,99513498207887
08264;Sant Vicenç de Montalt;Maresme;2020;1472,557387;;;;2656,66;62;0;16,129032258064516;22799;82,6;1782,7571271186443;27601,69491525424;77,50641977279706;239099,4;10,487275757708671;47,742574232167904
08266;Cerdanyola del Vallès;Vallès Occidental;2020;766,3148166;;;;2730,83;299;0,33444816053511706;3,0100334448160537;19227;82,6;927,7419087;23277,23971;47,82741872991106;245774,69999999998;12,782789826806052;58,19273816194831
08267;Sentmenat;Vallès Occidental;2020;598,0453642;;;;1649,34;72;0;6,944444444444445;17467;82,6;724,0258646489104;21146,489104116223;41,08630200034351;148440,6;8,498345451422683;38,68811099650164
08270;Sitges;Garraf;2020;1003,519099;;;;4273,67;425;0;22,11764705882353;21601;82,6;1214,9141634382568;26151,33171912833;55,74848010740243;384630,3;17,80613397527892;81,06115379657173
08274;Súria;Bages;2020;415,6335821;;;;900,77;37;0;8,108108108108109;17862;82,6;503,1883560532688;21624,697336561745;27,92298166610682;81069,3;4,538646288209607;20,661863226884726
08278;Taradell;Osona;2020;528,8496721;;;;2030,45;23;0;34,78260869565217;19555;82,6;640,2538403147701;23674,334140435836;32,45306093173102;182740,5;9,344950140628995;42,54221840757298
08279;Terrassa;Vallès Occidental;2020;623,2616182;;;;1957,68;2.121;47,14757190004715;10655,351249410656;17100;82,6;754,5540171912834;20702,17917675545;43,737657417543865;176191,2;10,303578947368422;46,90630761665193
08281;Teià;Maresme;2020;1146,562805;;;;2583,11;47;2,127659574468085;21,27659574468085;23781;82,6;1388,0905629539952;28790,556900726395;57,85607695218873;232479,90000000002;9,775867289012238;44,50393796371976
08282;Tiana;Maresme;2020;1071,697677;;;;3178,88;60;0;28,333333333333332;23980;82,6;1297,4548147699759;29031,476997578695;53,62957516263553;286099,2;11,930742285237699;54,31385255404749
08283;Tona;Osona;2020;553,8155639;;;;1726,84;65;0;30,76923076923077;18466;82,6;670,4788909200969;22355,93220338983;35,98931423589299;155415,6;8,416311058160945;38,31465527736405
08284;Tordera;Maresme;2020;506,0051648;;;;1310,76;53;0;11,320754716981133;14489;82,6;612,5970518159806;17541,162227602905;41,90808183863621;117968,4;8,141928359445096;37,065547628808595
08285;Torelló;Osona;2020;451,0741772;;;;1177,61;98;0;3,061224489795918;17746;82,6;546,0946455205811;21484,261501210654;30,502029338442465;105984,9;5,972326158007438;27,18858848808284
08289;Torrelles de Llobregat;Baix Llobregat;2020;774,6213333;;;;1850,25;57;0;35,08771929824561;19426;82,6;937,7982243341404;23518,15981;47,85059198805724;166522,5;8,572145578091218;39,024080804792995
08291;Vacarisses;Vallès Occidental;2020;774,8794872;;;;1904,62;101;0;0,9900990099009901;17900;82,6;938,1107593220339;21670,70217917676;51,94722819217878;171415,8;9,576301675977653;43,595429756763494
08295;Vallirana;Baix Llobregat;2020;788,2866667;;;;1678,4;160;0,625;26,25;18371;82,6;954,3422115012106;22240,9201;51,49115453921942;151056;8,222524631212236;37,432456402505174
08298;Vic;Osona;2020;568,7905458;;;;1925,98;389;1,2853470437017995;34,447300771208226;16684;82,6;688,6084089588378;20198,547215496368;40,910372510189404;173338,2;10,389486933589069;47,29739759
08300;Viladecavalls;Vallès Occidental;2020;773,3707576;;;;1921,44;138;2,898550724637681;6,521739130434782;19774;82,6;936,2842101694916;23939,46731234867;46,93258365125923;172929,6;8,745301911601093;39,81236265199136
08301;Viladecans;Baix Llobregat;2020;764,2518264;;;;2400,13;502;0;1,9920318725099602;17348;82,6;925,2443418886199;21002,421307506054;52,865009896241645;216011,7;12,451677426792715;56,68537259799732
08302;Vilanova del Camí;Anoia;2020;416,3057432;;;;986,69;116;0;7,758620689655173;14422;82,6;504,0021104116223;17460,048426150122;34,639224229649145;88802,1;6,1574053529330195;28,031148310739308
08305;Vilafranca del Penedès;Alt Penedès;2020;581,5552047;;;;1689,18;294;4,081632653061225;45,91836734693878;16685;82,6;704,0619911622276;20199,757869249395;41,82596617560683;152026,2;9,111549296;41,47967772315181
08307;Vilanova i la Geltrú;Garraf;2020;677,7597505;;;;2368,13;715;0;21,11888111888112;17517;82,6;820,5323855932204;21207,021791767555;46,42985103613633;213131,7;12,167134783353315;55,39001252637554
08902;Vilanova del Vallès;Vallès Oriental;2020;840,9913043;;;;2051,79;38;2,631578947368421;23,684210526315788;19928;82,6;1018,1492788135594;24125,907990314772;50,64178869731032;184661,1;9,266414090726617;42,184688646842744
08904;Badia del Vallès;Vallès Occidental;2020;281,5533333;;;;1781,3;51;11,76470588235294;11,76470588235294;13343;82,6;340,86359963680394;16153,753026634384;25,32144195;160317;12,015064078543057;54,69772149859311
17008;Anglès;Selva;2020;492,3316092;;;;1024,27;43;0;13,953488372093023;15428;82,6;596,0431104116224;18677,966101694918;38,29387678506611;92184,3;5,975129634430905;27,201351114369004
17009;Arbúcies;Selva;2020;398,2542958;;;;899,98;69;0;7,246376811594203;14544;82,6;482,14805786924944;17607,748184019372;32,85926533003301;80998,2;5,569183168316831;25,353308806671365
17015;Banyoles;Pla de l'Estany;2020;556,1453545;;;;961,79;171;2,923976608187134;17,543859649122805;17172;82,6;673,2994606537532;20789,346246973368;38,86410583508037;86561,09999999999;5,040828092243186;22,94801004051209
17020;Bescanó;Gironès;2020;645;;;;;;;;18345;82,6;780,8716707021792;22209,44309927361;42,19133278822568;;;
17022;Bisbal d'Empordà, la;Baix Empordà;2020;464,8176842;;;;1115,26;91;0;8,791208791208792;13971;82,6;562,7332738;16914,04358353511;39,924215950182514;100373,4;7,184410564741249;32,70651622270986
17023;Blanes;Selva;2020;527,4681937;;;;1928,49;473;0;2,536997885835095;14463;82,6;638,5813483050848;17509,685230024214;43,76421437046256;173564,1;12,000560049782203;54,63169294305793
17033;Caldes de Malavella;Selva;2020;781,5602703;;;;1767,03;105;0;8,571428571428571;16552;82,6;946,1988744552058;20038,740920096854;56,662175227162884;159032,7;9,608065490575157;43,740032255196276
17034;Calonge i Sant Antoni;Baix Empordà;2020;594,7320833;;;;2125,03;250;0,4;24;14916;82,6;720,0146287;18058,11138014528;47,84650710378118;191252,7;12,821983105390185;58,37116276481331
17044;Cassà de la Selva;Gironès;2020;595,2857447;;;;1153,9;49;2,0408163265306123;42,857142857142854;17113;82,6;720,6849209;20717,917675544795;41,742704005142286;103851,00000000001;6,068544381464385;27,626615081643525
17047;Castelló d'Empúries;Alt Empordà;2020;640,7142857;;;;2161,29;426;0;8,920187793;12447;82,6;775,6831546004843;15069,007263922518;61,77047826;194516,1;15,627548806941432;71,14330034030127
17048;Castell d'Aro, Platja d'Aro i s'Agaró;Baix Empordà;2020;0;;;;2467,63;348;0;3,7356321839080464;13637;82,6;0;16509,685230024214;0;222086,7;16,285598005426415;74,13902234
17049;Celrà;Gironès;2020;598,9553333;;;;1376,71;25;0;36;16063;82,6;725,1275221549637;19446,731234866827;44,745464730125136;123903,90000000001;7,713621366;35,11571061610344
17062;Escala, l';Alt Empordà;2020;554,7212121;;;;2170,06;306;0;4,248366013071895;14607;82,6;671,5753173123487;17684,01937046005;45,57167484904498;195305,4;13,370671595810228;60,86902794824379
17066;Figueres;Alt Empordà;2020;492,2705527;;;;1104,74;304;0;6,25;13435;82,6;595,9691921307507;16265,133171912834;43,969085466319314;99426,6;7,400565686639375;33,690546984492684
17079;Girona;Gironès;2020;637,9665133;;;;2086,37;834;1,9184652278177456;30,09592326139089;17678;82,6;772,3565536319612;21401,937046004845;43,305793413282046;187773,3;10,621863332956217;48,355274560683654
17089;Llagostera;Gironès;2020;477,6155556;;;;1188,89;76;1,3157894736842104;42,10526315789473;15595;82,6;578,2270648910412;18880,145278450364;36,75143743;107000,1;6,861179865341456;31,235031538151336
17092;Llançà;Alt Empordà;2020;491,2980769;;;;;;;;15990;82,6;594,7918607;19358,353510895886;36,87039976735459;;;
17095;Lloret de Mar;Selva;2020;524,8217355;;;;1820,25;500;0;6,6000000000000005;11548;82,6;635,3774037530267;13980,629539951575;54,53637708694147;163822,5;14,18622272254936;64,58176623
17103;Maçanet de la Selva;Selva;2020;595,716;;;;1115,74;103;0;7,766990291262135;14833;82,6;721,2058111380146;17957,627118644068;48,19383806377672;100416,6;6,7698105575406196;30,819079286965724
17114;Olot;Garrotxa;2020;468,8215919;;;;1410,71;308;1,948051948051948;30,519480519480517;16525;82,6;567,5806197336561;20006,053268765136;34,044533148562785;126963,90000000001;7,683140695915281;34,97694954204858
17117;Palafrugell;Baix Empordà;2020;506,9222388;;;;2360,37;325;0;16,307692307692307;13581;82,6;613,7073108958838;16441,888619854722;44,79100850894632;212433,3;15,641948310139163;71,20885305067208
17118;Palamós;Baix Empordà;2020;598,1793311;;;;2772,89;225;0,4444444444444444;38,22222222222222;15625;82,6;724,1880521791768;18916,464891041163;45,94017263;249560,09999999998;15,971846399999999;72,71069055433969
17141;Puigcerdà;Cerdanya;2020;531,7280311;;;;2766,1;64;0;21,875;13339;82,6;643,7385364;16148,910411622277;47,835192842042126;248949;18,66324312167329;84,96308199911036
17147;Ripoll;Ripollès;2020;635,7586013;;;;764,77;35;0;5,714285714285714;16759;82,6;769,6835366828087;20289,346246973368;45,52242505877439;68829,3;4,107005191240527;18,69684794648143
17152;Roses;Alt Empordà;2020;421,6666667;;;;2502,37;679;0;0,14727540500736377;12033;82,6;510,4923326;14567,796610169493;42,05102634754426;225213,3;18,716305160807778;85,20464314433212
17155;Salt;Gironès;2020;345;;;;970,15;300;2,666666666666667;10;12252;82,6;417,6755447941889;14832,929782082325;33,79040156709109;87313,5;7,1264691478942215;32,44274205877573
17160;Sant Feliu de Guíxols;Baix Empordà;2020;584,3994359;;;;1768,44;312;10,256410256410255;11,217948717948719;14679;82,6;707,5053703389831;17771,186440677968;47,77432543633762;159159,6;10,842673206621704;49,36049574759879
17164;Sant Hilari Sacalm;Selva;2020;389,1155769;;;;818,71;45;2,2222222222222223;2,2222222222222223;15386;82,6;471,0842335;18627,11864;30,34828365267126;73683,90000000001;4,789022487976083;21,80168300272428
17180;Santa Coloma de Farners;Selva;2020;508,9999259;;;;1108,28;97;0;7,216494845360824;15784;82,6;616,2226705811138;19108,95884;38,69740947034972;99745,2;6,319386720729852;28,768556924275952
17181;Santa Cristina d'Aro;Baix Empordà;2020;777,0189474;;;;1658,39;88;0;3,4090909090909087;16883;82,6;940,7009048;20439,46731234867;55,22849830480365;149255,1;8,840555588461767;40,24599821602857
17186;Sarrià de Ter;Gironès;2020;602,9875439;;;;1428,66;41;7,317073170731707;29,268292682926827;18355;82,6;730,0091330508475;22221,549636803877;39,42168633505857;128579,40000000001;7,005143012803051;31,890413489877893
17193;Sils;Selva;2020;579,467377;;;;1274,74;79;0;7,594936709;15800;82,6;701,5343547215498;19128,329297820823;44,010180531645574;114726,6;7,261177215189874;33,05599091873893
17199;Torroella de Montgrí;Baix Empordà;2020;505,2342424;;;;1764,28;229;0;15,72052401746725;13552;82,6;611,6637317191284;16406,77966101695;44,73738864226682;158785,2;11,716735537190084;53,33960211085322
17202;Tossa de Mar;Selva;2020;557,5806452;;;;2377,31;105;0;6,666666666666667;13106;82,6;675,0371007263924;15866,82808716707;51,05270671753396;213957,9;16,325186937280634;74,31924812640081
17213;Vidreres;Selva;2020;641,0416667;;;;1233,08;89;0;6,741573033707865;15753;82,6;776,0794996368038;19071,428571428572;48,831968516473054;110977,2;7,044829556274995;32,07108364593198
17221;Vilafant;Alt Empordà;2020;582,34375;;;;1333,56;26;0;19,230769230769234;16286;82,6;705,0166464891041;19716,707021791768;42,90878668795284;120020,4;7,369544393958001;33,54932476
25003;Agramunt;Urgell;2020;335,5955263;;;;896,73;28;0;3,571428571428571;15541;82,6;406,2899834140436;18814,769975786927;25,91304494948845;80705,7;5,193082813203783;23,64113878868258
25011;Alcarràs;Segrià;2020;388,0355705;;;;627,99;76;1,3157894736842104;22,36842105263158;13434;82,6;469,7767197336562;16263,922518159807;34,661506967396164;56519,1;4,207168378740509;19,152833707229007
25019;Almacelles;Segrià;2020;346,8449451;;;;719,02;50;0;28,000000000000004;14412;82,6;419,9091345;17447,941888619855;28,87967902581182;64711,799999999996;4,490133222314737;20,44101095759894
25023;Alpicat;Segrià;2020;535,5555556;;;;915,29;46;0;21,73913043478261;19281;82,6;648,3723433414044;23342,61501210654;33,33160451843785;82376,09999999999;4,272397697214874;19,449785523060395
25040;Balaguer;Noguera;2020;360,2454804;;;;682,64;70;1,4285714285714286;5,714285714285714;13578;82,6;436,1325428571429;16438,25665859564;31,837868351745474;61437,6;4,524790101634998;20,598783926654946
25050;Bellpuig;Urgell;2020;390,1506849;;;;739,86;39;0;10,256410256410255;14064;82,6;472,3373909200969;17026,634382566586;33,28930758532423;66587,4;4,734598976109215;21,553923850079773
25058;Borges Blanques, les;Garrigues;2020;351,0104412;;;;615,67;39;0;7,6923076923076925;14586;82,6;424,9521079903148;17658,59564164649;28,877864352118472;55410,299999999996;3,798868778280543;17,29407892340482
25072;Cervera;Segarra;2020;331,0605036;;;;1002,65;33;0;21,21212121212121;14339;82,6;400,7996411622276;17359,564164648913;27,70573989;90238,5;6,293221284608411;28,649440644204194
25110;Guissona;Segarra;2020;379,0975;;;;918,62;34;11,76470588235294;50;14860;82,6;458,9558111380146;17990,314769975786;30,613526244952894;82675,8;5,5636473755047104;25,328107505077636
25120;Lleida;Segrià;2020;485,9778839;;;;1252,08;1.138;6414,762741652023;28558,875219683658;16511;82,6;588,3509490314771;19989,104116222763;35,320299235661075;112687,2;6,824977287868694;31,070221888598766
25137;Mollerussa;Pla d'Urgell;2020;401,7940129;;;;643,23;105;2,857142857142857;9,523809523809524;16361;82,6;486,43342966101693;19807,506053268768;29,469642166126764;57890,700000000004;3,538335065093821;16,108017792833664
25203;Seu d'Urgell, la;Alt Urgell;2020;412,8424571;;;;1109,52;66;0;12,121212121212121;14008;82,6;499,8092700968523;16958,837772397095;35,36628701599086;99856,8;7,128555111364935;32,45223825856555
25207;Solsona;Solsonès;2020;357,0036453;;;;810,29;56;0;8,928571428571429;14894;82,6;432,20780302663445;18031,476997578695;28,763554072780988;72926,09999999999;4,896340808379213;22,290241995230218
25217;Tàrrega;Urgell;2020;369,07144;;;;930,2;198;5,555555555555555;20,707070707070706;14667;82,6;446,8177239709443;17756,658595641646;30,196067907547558;83718;5,707915729187973;25,984878886340603
25234;Tremp;Pallars Jussà;2020;335,3030303;;;;732,15;46;0;0;15970;82,6;405,9358720338983;19334,140435835354;25,19496783719474;65893,5;4,126080150281778;18,783685335813267
25243;Vielha e Mijaran;Val d'Aran;2020;556,4323404;;;;1958,47;113;0;17,699115044247787;15769;82,6;673,6469012106538;19090,79903;42,343763617223665;176262,3;11,177772845456275;50,88601293164656
43004;Alcanar;Montsià;2020;367,8367257;;;;1061,93;145;0;11,03448275862069;13470;82,6;445,32291246973364;16307,506053268766;32,769418770601334;95573,70000000001;7,095300668151449;32,30084977976997
43005;Alcover;Alt Camp;2020;410,9677419;;;;1228,61;13;0;0;15568;82,6;497,53963910411625;18847,457627118645;31,677883496916753;110574,9;7,102704265159301;32,334554126627886
43012;Altafulla;Tarragonès;2020;685,1120149;;;;1980,23;108;0;28,703703703703702;18862;82,6;829,4334320823244;22835,351089588377;43,58681040610752;178220,7;9,448663980489874;43,01436825972325
43013;Ametlla de Mar, l';Baix Ebre;2020;380,0909091;;;;1694,97;130;0;1,5384615384615385;13164;82,6;460,15848559322035;15937,046004842616;34,64821413855971;152547,3;11,588217866909753;52,75453459138861
43014;Amposta;Montsià;2020;338,0090086;;;;694,66;262;0,38167938931297707;2,6717557251908395;13171;82,6;409,21187481840195;15945,520581113802;30,795749018297773;62519,399999999994;4,746746640346215;21,60922522433382
43016;Arboç, l';Baix Penedès;2020;488,8031193;;;;916,63;55;0;10,909090909090908;13643;82,6;591,7713308716707;16516,949152542373;42,99375087297515;82496,7;6,046815216594591;27,527694609752945
43037;Calafell;Baix Penedès;2020;584,2997671;;;;1609,58;481;1,2474012474012475;36,17463617463618;14426;82,6;707,3847059322035;17464,891041162227;48,603890234299186;144862,19999999998;10,041744073201164;45,71432304360281
43038;Cambrils;Baix Camp;2020;574,1209565;;;;2006,75;663;0;12,518853695324283;15346;82,6;695,0616906779662;18578,69249394673;44,89411884530171;180607,5;11,769027759676788;53,57765872074083
43043;Catllar, el;Tarragonès;2020;677,3333333;;;;;;;;18843;82,6;820,0161420096854;22812,348668280873;43,135381837287056;;;
43044;Sénia, la;Montsià;2020;249,6364;;;;539,85;41;2,4390243902439024;4,878048780487805;12517;82,6;302,22324455205813;15153,753026634384;23,93254613725334;48586,5;3,881640968283135;17,670893409536085
43047;Constantí;Tarragonès;2020;388,8368354;;;;697,89;62;1,6129032258064515;12,903225806451612;12477;82,6;470,7467740920097;15105,326876513318;37,39714694878577;62810,1;5,034070690069728;22,917247449507865
43051;Cunit;Baix Penedès;2020;604,8550463;;;;1576,27;301;0;11,627906976744185;14169;82,6;732,2700318401937;17153,753026634382;51,22634311242854;141864,3;10,012301503281812;45,58028784586071
43086;Montblanc;Conca de Barberà;2020;411,3323944;;;;1006,16;27;3,7037037037037033;11,11111111111111;16747;82,6;497,9811070217918;20274,818401937046;29,47386835134651;90554,4;5,407201289783244;24,61589786804211
43092;Mont-roig del Camp;Baix Camp;2020;501,0951592;;;;1599,64;388;0;0,25773195876288657;13833;82,6;606,6527351089588;16746,973365617436;43,46954319670353;143967,6;10,407547169811322;47,379615527347255
43093;Móra d'Ebre;Ribera d'Ebre;2020;328,5793976;;;;556,24;43;0;4,651162790697675;16710;82,6;397,7958808716707;20230,024213075063;23,59636607540395;50061,6;2,995906642728905;13,638651122336872
43100;Pallaresos, els;Tarragonès;2020;545,3448276;;;;;;;;18039;82,6;660,2237622;21838,98305084746;36,277720113088314;;;
43123;Reus;Baix Camp;2020;390,9783333;;;;1133,03;1.052;1520,912547528517;7509,505703422054;15414;82,6;473,3393865617433;18661,016949152545;30,43817309;101972,7;6,6155897236278705;30,116999949935398
43129;Riudoms;Baix Camp;2020;0;;;;1161,16;33;0;21,21212121212121;14127;82,6;0;17102,905569007264;0;104504,40000000001;7,397494160118922;33,67656407927528
43131;Roda de Berà;Tarragonès;2020;467,131068;;;;1502,08;30;0;26,666666666666668;14694;82,6;565,5339806;17789,346246973368;38,14871931400571;135187,19999999998;9,200163331972233;41,88308679705409
43133;Roquetes;Baix Ebre;2020;519,8937534;;;;603,57;37;0;0;14139;82,6;629,4113237288136;17117,433414043586;44,12423113940165;54321,3;3,841947803946531;17,490193112468276
43136;Ràpita, la;Montsià;2020;0;;;;967,12;212;0;0;13461;82,6;0;16296,610169491527;0;87040,8;6,466146645865835;29,436671006711677
43145;Selva del Camp, la;Baix Camp;2020;458,8135593;;;;1244,63;25;0;0;15733;82,6;555,4643575060533;19047,21549636804;34,99499594228691;112016,70000000001;7,119856352888833;32,412637781581076
43148;Tarragona;Tarragonès;2020;556,5868692;;;;1486,86;1.233;243,3090024;7380,373074;16067;82,6;673,8339820823245;19451,573849878936;41,56994106;133817,4;8,328711022592891;37,91586236894127
43153;Torredembarra;Tarragonès;2020;533,1987591;;;;1487,5;331;0;34,44108761329305;14246;82,6;645,5190788135593;17246,973365617436;44,91355544854695;133875;9,397374701670644;42,78087747928472
43155;Tortosa;Baix Ebre;2020;373,9301768;;;;671,88;246;0;3,2520325203252036;15047;82,6;452,6999719;18216,707021791768;29,820975088722008;60469,2;4,018688110586828;18,294790741493916
43156;Ulldecona;Montsià;2020;288,5606061;;;;584,83;40;0;20;11838;82,6;349,3469807506053;14331,719128329298;29,250948413583373;52634,700000000004;4,446249366447035;20,241232836496565
43161;Valls;Alt Camp;2020;446,184775;;;;1147,71;101;0;12,871287128712872;15959;82,6;540,1752723970944;19320,82324455206;33,54982956325585;103293,90000000001;6,472454414436996;29,46538667283943
43162;Vandellòs i l'Hospitalet de l'Infant;Baix Camp;2020;458,5821127;;;;1622,66;47;0;8,510638298;14785;82,6;555,1841558;17899,51573849879;37,22005649239094;146039,4;9,877538045316198;44,96678682382669
43163;Vendrell, el;Baix Penedès;2020;504,1419298;;;;1411,07;643;0;1,8662519440124419;15861;82,6;610,3413194;19202,17917675545;38,14200338944581;126996,29999999999;8,006828068848117;36,450513200265746
43171;Vila-seca;Tarragonès;2020;483,0219074;;;;2169,69;350;0;0,2857142857142857;13762;82,6;584,7722849878935;16661,016949152545;42,11788177;195272,1;14,189223950007268;64,59542910675651
43901;Deltebre;Baix Ebre;2020;342,1547183;;;;796,8;152;0;9,210526315789473;13256;82,6;414,2308938256659;16048,426150121066;30,97357136089318;71712;5,409776704888352;24,627622261457045
43905;Salou;Tarragonès;2020;504,1199332;;;;1861,63;566;0;17,314487632508836;12840;82,6;610,3146891041163;15544,794188861986;47,114012448598125;167546,7;13,048808411214955;59,40376877721011
43907;Canonja, la;Tarragonès;2020;428,3693243;;;;;-;;;14297;82,6;518,6069301452785;17308,71670702179;35,95461909211723;;;
08001;Abrera;Baix Llobregat;2019;655,7632374;;;;1808,34;112;0;0;18521;82,9;791,0292369;22341,375150784075;42,487764423087306;162750,6;8,787354894444144;40,00380585434948
08003;Alella;Maresme;2019;1219,848;;;;2904,86;90;0;13,333333333333334;27873;82,9;1471,4692400482506;33622,43667068757;52,517403939296095;261437,40000000002;9,379593154665807;42,69992826
08005;Ametlla del Vallès, l';Vallès Oriental;2019;1036,942632;;;;1466,05;106;0;28,30188679245283;25386;82,9;1250,8355030156815;30622,436670687573;49,01643261640274;131944,5;5,1975301347199245;23,661384902404023
08006;Arenys de Mar;Maresme;2019;659,3902941;;;;2050,33;233;1,2875536480686696;36,05150214592275;20720;82,9;795,4044560916767;24993,96863691194;38,18862707142857;184529,69999999998;8,905873552123552;40,54335358274756
08007;Arenys de Munt;Maresme;2019;618,7026943;;;;1882,41;137;2,189781022;33,57664233576642;18698;82,9;746,3241185765982;22554,885404101326;39,707093441009725;169416,9;9,060696331158413;41,24817323197526
08009;Argentona;Maresme;2019;747,4541085;;;;1860,97;105;0;27,61904761904762;19212;82,9;901,633424;23174,909529553675;46,68670259212991;167487,3;8,717848219862585;39,68738168018757
08010;Artés;Bages;2019;376,1211765;;;;1264,22;52;0;28,846153846153843;17390;82,9;453,7046761158021;20977,08082026538;25,954307751581368;113779,8;6,542829212190915;29,785762915770835
08015;Badalona;Barcelonès;2019;719,3329927;;;;2357,24;2.251;1954,6868058640605;29897,82318969347;16986;82,9;867,7116920386006;20489,74668;50,818296905687035;212151,59999999998;12,48979159307665;56,85888461915024
08019;Barcelona;Barcelonès;2019;978,8066339;;;;4127,15;13.409;261,0187187709747;269,2147065403833;22483;82,9;1180,7076404101326;27120,627261761154;52,242492580171685;371443,49999999994;16,5210826;75,21104912713574
08020;Begues;Baix Llobregat;2019;992,2121429;;;;2025,31;65;0;4,615384615384616;23013;82,9;1196,8783388419781;27759,951749095293;51,738346651023335;182277,9;7,920649198279233;36,05819004404903
08022;Berga;Berguedà;2019;391,9741333;;;;1061,45;108;0;6,481481481481481;17225;82,9;472,8276638118214;20778,045838359467;27,30734165224964;95530,5;5,5460377358490565;25,24794087764403
08023;Bigues i Riells del Fai;Vallès Oriental;2019;781,1774528;;;;1325,64;136;0;19,11764705882353;19535;82,9;942,3129708082025;23564,535585042217;47,98632932480164;119307,6;6,107376503711288;27,80339554606515
08029;Cabrera de Mar;Maresme;2019;1138,333333;;;;;;;;26351;82,9;1373,1403293124245;31786,489746682746;51,83863988463436;;;
08030;Cabrils;Maresme;2019;1194,520095;;;;2176;78;0;0;27890;82,9;1440,9168817852835;33642,94330518697;51,395629759770536;195840;7,021871638580136;31,966569364522222
08033;Caldes de Montbui;Vallès Oriental;2019;643,7938056;;;;1600,02;189;0;24,867724867724867;18876;82,9;776,5908390832328;22769,601930036188;40,927768951048954;144001,8;7,628830260648442;34,72970516255351
08035;Calella;Maresme;2019;552,8758965;;;;2126,16;253;0;24,110671936758894;15633;82,9;666,9190549;18857,659831121833;42,439140011514105;191354,4;12,240414507772021;55,72361324057448
08040;Canet de Mar;Maresme;2019;640,1277673;;;;2032,66;174;0,5747126436781609;31,03448275862069;17323;82,9;772,1685974668274;20896,26055;44,34297297003983;182939,4;10,560491831668879;48,075885182198334
08041;Canovelles;Vallès Oriental;2019;574,7866667;;;;1324,53;140;0,7142857142857143;21,428571428571427;14723;82,9;693,3494170084438;17759,951749095293;46,84806086;119207,7;8,096699042314745;36,85964439135642
08043;Canyelles;Garraf;2019;903,1785294;;;;;;;;19068;82,9;1089,4795288299156;23001,20627261761;56,83942916299559;;;
08044;Capellades;Anoia;2019;455,0410465;;;;990,5;42;0;14,285714285714285;17161;82,9;548,9035542822677;20700,844390832328;31,819197937183148;89145;5,194627352718373;23,64817019456276
08046;Cardedeu;Vallès Oriental;2019;681,3137698;;;;2081,93;184;0;7,065217391304348;18631;82,9;821,8501445114596;22474,065138721347;43,88258943481295;187373,69999999998;10,057093017014653;45,784198014599184
08051;Castellar del Vallès;Vallès Occidental;2019;470,1587755;;;;1848,46;293;0;7,849829351535837;19221;82,9;567,1396568154403;23185,765983112182;29,352818823162163;166361,4;8,655189636335258;39,402132951685594
08054;Castellbisbal;Vallès Occidental;2019;631,25;;;;2068,47;119;0;0;18266;82,9;761,4595899;22033,775633293124;41,47049162378189;186162,3;10,191738749589401;46,39716310019535
08056;Castelldefels;Baix Llobregat;2019;610,4166667;;;;3521,85;672;0;7,886904761904762;21949;82,9;736,3289103739444;26476,47768395657;33,37281880905736;316966,5;14,441045150120734;65,74182714352155
08067;Centelles;Osona;2019;520,8714948;;;;1480,99;69;0;37,68115942028986;18347;82,9;628,3130214716526;22131,48371531966;34,06801077887393;133289,1;7,264898894;33,07293359380355
08068;Cervelló;Baix Llobregat;2019;831,5570588;;;;1675,89;144;0;9,722222222222223;20520;82,9;1003,0845100120627;24752,714113389626;48,629067766081874;150830,1;7,350394736842105;33,46214731709251
08072;Corbera de Llobregat;Baix Llobregat;2019;701,6602606;;;;1615,51;170;0;22,35294117647059;19589;82,9;846,3935592279855;23629,674306393244;42,98291452958293;145395,9;7,422323753126754;33,78959902893411
08073;Cornellà de Llobregat;Baix Llobregat;2019;696,3486742;;;;2776,34;636;0;1,257861635220126;17164;82,9;839,9863379975874;20704,46320868516;48,684363146119786;249870,6;14,557830342577487;66,27348339524033
08074;Cubelles;Garraf;2019;683,9077307;;;;1897,15;309;0;3,8834951456310676;18001;82,9;824,9791685162846;21714,113389626054;45,59131586245209;170743,5;9,485223043164268;43,18080078270785
08075;Dosrius;Maresme;2019;819,5395294;;;;1523,2;77;0;18,181818181818183;18415;82,9;988,5880933655005;22213,510253317247;53,40469374314417;137088;7,444366005973391;33,88994481148887
08076;Esparreguera;Baix Llobregat;2019;599,9090909;;;;1594,5;261;0;0;17838;82,9;723,6539094089264;21517,490952955366;40,357153777329295;143505;8,044904137235116;36,62385178346254
08077;Esplugues de Llobregat;Baix Llobregat;2019;848,2026082;;;;3022,17;271;1,4760147601476015;12,546125461254611;22554;82,9;1023,1635804583835;27206,27261761158;45,12916244745943;271995,3;12,05973663;54,901090109545635
08086;Franqueses del Vallès, les;Vallès Oriental;2019;654,9463853;;;;2115,46;177;3,389830508474576;36,15819209039548;16526;82,9;790,0438905910735;19934,861278648972;47,55752525475009;190391,4;11,52071887;52,44725021
08088;Garriga, la;Vallès Oriental;2019;716,2166914;;;;1905,13;149;0;28,187919463087248;19156;82,9;863,9525831121832;23107,358262967427;44,86636195865525;171461,7;8,950809145959491;40,74791966586996
08089;Gavà;Baix Llobregat;2019;888,6661997;;;;3010,15;452;0,4424778761061947;19,02654867256637;19411;82,9;1071,9737028950542;23414,957780458382;54,937892928751744;270913,5;13,95669980938643;63,53687955577314
08091;Gelida;Alt Penedès;2019;588,9298824;;;;1378,69;67;0;2,9850746268656714;17250;82,9;710,4099908;20808,202653799755;40,9690353;124082,1;7,1931652173913045;32,746371153931136
08092;Gironella;Berguedà;2019;339,6848908;;;;;;;;17473;82,9;409,75258238841974;21077,20144752714;23,32867103302238;;;
08096;Granollers;Vallès Oriental;2019;663,5645803;;;;1985,22;770;0,5194805194805194;15,844155844155845;17954;82,9;800,4397832328106;21657,41857659831;44,35098008020496;178669,8;9,951531692102037;45,303637618637254
08101;Hospitalet de Llobregat, l';Barcelonès;2019;697,2350156;;;;2428,04;2.740;4489,051095;19744,525547445257;16051;82,9;841,0555073582628;19361,881785283473;52,126473037193946;218523,6;13,614329325275683;61,97826236764917
08102;Igualada;Anoia;2019;481,8001478;;;;1222,26;425;1,411764705882353;17,88235294117647;17223;82,9;581,1823254523522;20775,633293124243;33,569074920745514;110003,4;6,387005748127503;29,076387719386528
08105;Llagosta, la;Vallès Oriental;2019;611,3232298;;;;1740,48;104;2,8846153846153846;17,307692307692307;15947;82,9;737,4224726176116;19236,429433051868;46,00162260989528;156643,2;9,822737819025523;44,717312705660284
08106;Llinars del Vallès;Vallès Oriental;2019;639,7962733;;;;1697,94;104;0;7,6923076923076925;18225;82,9;771,7687253;21984,318455971046;42,126503591769556;152814,6;8,384888889;38,17160809488635
08107;Lliçà d'Amunt;Vallès Oriental;2019;814,2011494;;;;1410,67;132;0;21,21212121212121;19180;82,9;982,1485517490952;23136,308805790108;50,94063499895724;126960,3;6,619410844629823;30,134395330518554
08108;Lliçà de Vall;Vallès Oriental;2019;866,19425;;;;1575,99;54;0;5,555555555555555;20471;82,9;1044,8664053075995;24693,606755126657;50,775882956377316;141839,1;6,92878218;31,542786248202443
08110;Malgrat de Mar;Maresme;2019;559,4220779;;;;1641,33;198;0;13,636363636363635;15965;82,9;674,8155342581423;19258,142340168877;42,048637236454745;147719,69999999998;9,252721578452865;42,12235446218341
08112;Manlleu;Osona;2019;446,1301404;;;;846,14;203;0;3,4482758620689653;15625;82,9;538,1545722557298;18848,00965018094;34,26279478;76152,6;4,8737664;22,187473612602375
08113;Manresa;Bages;2019;469,9320314;;;;1047,44;1.004;1693,2270916334662;30079,681274900402;17140;82,9;566,8661416164053;20675,512665862483;32,90072565227538;94269,6;5,499976663;25,03825113064435
08114;Martorell;Baix Llobregat;2019;592,2109179;;;;1595,77;244;0;2,459016393442623;16221;82,9;714,3678141133896;19566,94813027744;43,81068377;143619,3;8,853911596079156;40,30680048726187
08118;Masnou, el;Maresme;2019;886,148216;;;;3237,72;324;0;41,97530864;21085;82,9;1068,936328106152;25434,258142340168;50,432907716386055;291394,8;13,820004742708086;62,91458502296609
08119;Masquefa;Anoia;2019;607,545082;;;;1494,71;89;0;12,359550561797752;16315;82,9;732,8649963811821;19680,33775633293;44,68612310144039;134523,9;8,245412197364388;37,53665041353893
08120;Matadepera;Vallès Occidental;2019;1074,75056;;;;2539,22;73;0;0;28451;82,9;1296,4421712907115;34319,662243667066;45,33059196513303;228529,8;8,032399564162946;36,566925607215026
08121;Mataró;Maresme;2019;652,677943;;;;2134,8;1.415;0;18162,544169611305;16256;82,9;787,3075307599518;19609,167671893847;48,17996626476378;192132,00000000003;11,819143700787404;53,80580797
08123;Molins de Rei;Baix Llobregat;2019;768,029693;;;;2555,3;262;0;33,969465648854964;20612;82,9;926,4531881785282;24863,69119420989;44,71354704055889;229977,00000000003;11,157432563555211;50,793415250322994
08124;Mollet del Vallès;Vallès Oriental;2019;647,2011628;;;;1843,64;421;2,375296912114014;14,726840855106888;17045;82,9;780,7010407720144;20560,916767189385;45,56417690583749;165927,6;9,734678791434439;44,31643026881871
08125;Montcada i Reixac;Vallès Occidental;2019;636,9514737;;;;1867,12;354;0,847457627;21,75141242937853;16749;82,9;768,3371214716525;20203,860072376356;45,63506886620096;168040,8;10,032885545405696;45,67399522819737
08126;Montgat;Maresme;2019;885,6660843;;;;2964,61;77;1,2987012987012987;9,090909090909092;19758;82,9;1068,3547458383593;23833,53438;53,79083415122988;266814,9;13,50414515639235;61,47665680452135
08135;Montmeló;Vallès Oriental;2019;604,0285124;;;;1789,95;55;0;21,818181818181817;17177;82,9;728,6230547647767;20720,14475271411;42,197951614368044;161095,5;9,378558537579321;42,695218235487836
08136;Montornès del Vallès;Vallès Oriental;2019;603,1631076;;;;1772,82;142;0,7042253521126761;11,267605633802818;16843;82,9;727,5791406513871;20317,249698431842;42,97308847117497;159553,8;9,473003621682597;43,12517273871997
08138;Moià;Moianès;2019;488,6971429;;;;1377,37;61;0;32,78688524590164;16081;82,9;589,5019817852834;19398,06996381182;36,46766814750327;123963,29999999999;7,708681052173372;35,09322019066499
08140;Navarcles;Bages;2019;444,2473256;;;;1339,85;38;0;39,473684210526315;18315;82,9;535,8833843184559;22092,88299155609;29,107113880425878;120586,49999999999;6,584029484029483;29,97332421
08141;Navàs;Bages;2019;400,4342241;;;;859,79;35;0;25,71428571428571;17543;82,9;483,0328396863691;21161,64053075995;27,39104308955139;77381,09999999999;4,4109388360029635;20,080484167361572
08147;Olesa de Montserrat;Baix Llobregat;2019;603,8662571;;;;1666,55;269;0;0;17351;82,9;728,4273306393244;20930,03618817853;41,763558787389776;149989,5;8,644429716;39,35314918186975
08155;Palafolls;Maresme;2019;551,1990291;;;;1403,86;93;0;18,27956989247312;16297;82,9;664,8962956574185;19658,62484921592;40,58653954224704;126347,4;7,752801129042155;35,29407369101169
08156;Palau-solità i Plegamans;Vallès Occidental;2019;738,1671605;;;;2018,32;96;0;5,208333333333334;18874;82,9;890,4308329312424;22767,189384800964;46,93231920101727;181648,8;9,624287379463812;43,81388124633044
08157;Pallejà;Baix Llobregat;2019;794,5407407;;;;2207,57;146;0;32,87671232876712;20470;82,9;958,4327390832327;24692,400482509045;46,57786462335124;198681,30000000002;9,705974596971178;44,185756472630075
08159;Parets del Vallès;Vallès Oriental;2019;687,4014789;;;;2082,94;165;0;16,363636363636363;18425;82,9;829,1935813027744;22225,572979493365;44,76970283202171;187464,6;10,17446947082768;46,31854594143404
08161;Piera;Anoia;2019;553,3842326;;;;1179,74;208;0;12,5;15963;82,9;667,5322468033776;19255,729794933653;41,60001748543507;106176,6;6,651418906220636;30,28010974595231
08163;Pineda de Mar;Maresme;2019;553,2471476;;;;1654,31;375;0,26666666666666666;17,333333333333336;14960;82,9;667,3668849215921;18045,83835946924;44,37811344385026;148887,9;9,952399733;45,30758931112996
08167;Polinyà;Vallès Occidental;2019;647,6588785;;;;1893,22;120;2,5;18,333333333333332;17247;82,9;781,2531706875753;20804,583835946924;45,06236761175857;170389,8;9,87938772;44,97520733397658
08169;Prat de Llobregat, el;Baix Llobregat;2019;729,9364958;;;;2548,45;493;0;9,330628803245435;18045;82,9;880,5024074788902;21767,189384800964;48,54108035;229360,49999999997;12,710473815461345;57,86352468272218
08172;Premià de Mar;Maresme;2019;759,4197218;;;;2931,44;292;0;3,767123287671233;19096;82,9;916,0672157;23034,981905910732;47,722228014243825;263829,6;13,815961457896941;62,89617825750119
08180;Ripollet;Vallès Occidental;2019;0;;;;2464,85;357;0,2801120448179272;6,442577030812324;16298;82,9;0;19659,831121833533;0;221836,5;13,611271321634556;61,964341024374534
08181;Roca del Vallès, la;Vallès Oriental;2019;0;;;;1871,04;124;0;8,064516129032258;20060;82,9;0;24197,828709288297;0;168393,6;8,394496510468594;38,21534611
08183;Roda de Ter;Osona;2019;0;;;;909,55;93;0;1,0752688172043012;17206;82,9;0;20755,126658624846;0;81859,5;4,757613623154714;21,658696387808575
08184;Rubí;Vallès Occidental;2019;0;;;;1918,37;813;0,36900369003690037;14,391143911439114;16746;82,9;0;20200,24125452352;0;172653,3;10,310121820136152;46,93609357785117
08187;Sabadell;Vallès Occidental;2019;0;;;;2048,32;2.254;1597,1606033717835;16104,702750665485;18073;82,9;0;21800,965018094088;0;184348,80000000002;10,200232390859293;46,435829795741256
08191;Sallent;Bages;2019;470,9090909;;;;752,91;41;0;24,390243902439025;18029;82,9;568,0447417370325;21747,88902291918;31,343441626268785;67761,9;3,758494647512341;17,11027857526929
08192;Santpedor;Bages;2019;486,00344;;;;1422,55;62;1,6129032258064515;27,419354838709676;18839;82,9;586,2526417370325;22724,969843184557;30,95727628855035;128029,5;6,795981740007432;30,938221726864562
08194;Sant Adrià de Besòs;Barcelonès;2019;0;;;;2678,99;228;0,8771929824561403;5,701754385964912;15385;82,9;0;18558,50422195416;0;241109,09999999998;15,671699707507312;71,34429416332857
08196;Sant Andreu de la Barca;Baix Llobregat;2019;997,8751362;;;;2035,68;211;0;0;16913;82,9;1203,709452593486;20401,688781664656;70,80057727428604;183211,2;10,832566664695797;49,314486436956464
08197;Sant Andreu de Llavaneres;Maresme;2019;0;;;;2898,98;177;0;27,11864406779661;22131;82,9;0;26696,01930036188;0;260908,2;11,78926392842619;53,66978243437377
08198;Sant Antoni de Vilamajor;Vallès Oriental;2019;624,2857143;;;;1516,02;57;0;3,508771929824561;20195;82,9;753,0587627;24360,67551266586;37,09546210250061;136441,8;6,756216885367665;30,757195064809363
08200;Sant Boi de Llobregat;Baix Llobregat;2019;419,2857143;;;;2450,11;572;0;27,797202797202797;17505;82,9;505,77287611580215;21115,80217129071;28,742808178234785;220509,90000000002;12,596966580976865;57,34679110066872
08202;Sant Celoni;Vallès Oriental;2019;577,5357485;;;;1388,94;142;0;16,19718309859155;16885;82,9;696,6655591073581;20367,913148371532;41,04488588688184;125004,6;7,4032928634883035;33,70296226241254
08205;Sant Cugat del Vallès;Vallès Occidental;2019;1134,227728;;;;3674,93;1.171;341,58838599487615;31767,719897523482;26201;82,9;1368,1878504221954;31605,54885404101;51,94737886340217;330743,7;12,62332353726957;57,46677926
08208;Sant Esteve Sesrovires;Baix Llobregat;2019;806,2778947;;;;1496,66;100;0;0;19711;82,9;972,5909466;23776,839565741855;49,08596588909746;134699,4;6,833717213738521;31,110009777204358
08209;Sant Fost de Campsentelles;Vallès Oriental;2019;818,8763768;;;;1735,41;96;0;22,916666666666664;20192;82,9;987,7881505428226;24357,056694813025;48,66539481774961;156186,9;7,735088153724247;35,21343663535248
08210;Sant Feliu de Codines;Vallès Oriental;2019;551,4564103;;;;1281,73;66;0;27,27272727272727;16936;82,9;665,2067675512666;20429,43305186972;39,07343483467171;115355,7;6,811271846953235;31,00782884722098
08211;Sant Feliu de Llobregat;Baix Llobregat;2019;816,457609;;;;2843,64;487;2,6694045174537986;41,478439425051334;19790;82,9;984,8704572;23872,13510253317;49,507283011622036;255927,59999999998;12,932167761495704;58,872770545985354
08213;Sant Fruitós de Bages;Bages;2019;496,4689091;;;;1376,93;81;17,28395061728395;40,74074074074074;20960;82,9;598,8768505428227;25283,47406513872;28,423792505725192;123923,70000000001;5,9123902671755735;26,915734623712197
08214;Vilassar de Dalt;Maresme;2019;878,3226582;;;;2176,12;88;0;5,681818181818182;21846;82,9;1059,496572014475;26352,231604342578;48,24623225487504;195850,8;8,965064542708047;40,812816341918236
08217;Sant Joan Despí;Baix Llobregat;2019;849,3698336;;;;2918,87;234;0,4273504273504274;26,923076923076923;20449;82,9;1024,5715724969841;24667,06876;49,84320995256492;262698,3;12,846510831825517;58,48282348845017
08218;Sant Joan de Vilatorrada;Bages;2019;489,0435246;;;;1133,93;62;0;9,677419355;17069;82,9;589,9198125452352;20589,86731001206;34,381172272540866;102053,70000000001;5,978891557794833;27,218477001930992
08219;Vilassar de Mar;Maresme;2019;888,3542418;;;;2941,85;195;0;2,564102564102564;21541;82,9;1071,5973966224365;25984,318455971046;49,488189506522446;264766,5;12,291281741794718;55,955182692205284
08221;Sant Just Desvern;Baix Llobregat;2019;1092,02331;;;;3348,3;357;7,563025210084033;71,70868347338936;30111;82,9;1317,277816646562;36322,07478890229;43,51990873767062;301347;10,007870877752316;45,56011773942661
08230;Premià de Dalt;Maresme;2019;993,3090244;;;;2727,56;131;0;2,2900763358778624;22064;82,9;1198,2014769601928;26615,199034981903;54,023333451776644;245480,4;11,125833937635967;50,649564761555666
08231;Sant Pere de Ribes;Garraf;2019;758,7007103;;;;2210,38;372;0;2,956989247311828;17422;82,9;915,1998917973461;21015,68154402895;52,25811344047755;198934,2;11,418562736769603;51,982191722590635
08234;Sant Pere de Vilamajor;Vallès Oriental;2019;835,9166667;;;;;;;;19387;82,9;1008,3433856453557;23386,007237635702;51,74085727755712;;;
08235;Sant Pol de Mar;Maresme;2019;724,6830496;;;;2603,12;80;0;22,5;19815;82,9;874,1653191797345;23902,29191797346;43,88693714458743;234280,8;11,823406510219531;53,82521410065263
08238;Sant Quirze del Vallès;Vallès Occidental;2019;823,8298421;;;;2683,59;169;0;4,733727810650888;23450;82,9;993,7633800965017;28287,092882991554;42,15760386012793;241523,1;10,299492537313434;46,88770452659301
08240;Sant Sadurní d'Anoia;Alt Penedès;2019;578,0683571;;;;1570,31;76;2,631578947368421;31,57894736842105;18287;82,9;697,3080302774426;22059,107358262965;37,93306877;141327,9;7,728326133318751;35,18265302017659
08244;Santa Coloma de Cervelló;Baix Llobregat;2019;853,6125301;;;;2379,94;56;0;7,142857142857142;19682;82,9;1029,6894211097706;23741,85765983112;52,044255467940246;214194,6;10,882765979067168;49,543015232055374
08245;Santa Coloma de Gramenet;Barcelonès;2019;614,7777388;;;;2015,09;912;0;2,631578947368421;14965;82,9;741,5895522316042;18051,869722557298;49,29724601135984;181358,1;12,118817240227196;55,170050360536706
08248;Santa Eulàlia de Ronçana;Vallès Oriental;2019;776,2625;;;;1530,52;90;0;21,11111111111111;19552;82,9;936,3841978287093;23585,042219541614;47,64295212765958;137746,8;7,045151391162029;32,072548776280385
08250;Santa Margarida de Montbui;Anoia;2019;421,2649231;;;;798,8;102;1,9607843137254901;17,647058823529413;12945;82,9;508,16034149577797;15615,199034981904;39,05120955735805;71892;5,5536500579374275;25,28259543053075
08251;Santa Margarida i els Monjos;Alt Penedès;2019;450,3140777;;;;1166,88;49;0;20,408163265306122;16643;82,9;543,2015412545235;20075,995174909527;32,468719175629396;105019,20000000001;6,310112359550563;28,726336057075745
08252;Barberà del Vallès;Vallès Occidental;2019;711,1867421;;;;2070,56;423;0;11,583924349881796;17994;82,9;857,8850930036186;21705,66948130277;47,42825889296432;186350,4;10,356252084028009;47,14609831111927
08259;Santa Maria de Palautordera;Vallès Oriental;2019;585,3906107;;;;1393,84;108;0;21,296296296296298;17811;82,9;706,1406642943305;21484,921592279854;39,440162418730004;125445,59999999999;7,043153107630116;32,063451733152746
08260;Santa Perpètua de Mogoda;Vallès Occidental;2019;643,9879564;;;;1842,47;224;1,7857142857142856;32,589285714285715;17165;82,9;776,8250378769602;20705,66948130277;45,02100481677833;165822,3;9,660489367899796;43,97868821433513
08262;Sant Vicenç de Castellet;Bages;2019;482,717868;;;;1250,71;121;0;20,66115702479339;15597;82,9;582,2893462002412;18814,234016887815;37,13928586;112563,90000000001;7,217022504327756;32,854979749609996
08263;Sant Vicenç dels Horts;Baix Llobregat;2019;682,4073077;;;;1868,47;222;0,9009009009009009;23,873873873873876;17071;82,9;823,1692493;20592,279855247285;47,96958404545721;168162,3;9,850758596450119;44,84487529456746
08264;Sant Vicenç de Montalt;Maresme;2019;1514,678058;;;;2447,49;79;0;21,518987341772153;25617;82,9;1827,1146658624848;30901,085645355848;70,95341647;220274,09999999998;8,598746926;39,145181541564284
08266;Cerdanyola del Vallès;Vallès Occidental;2019;773,1087153;;;;2672,29;446;0,2242152466367713;4,932735426008969;19799;82,9;932,5798737032568;23882,991556091674;46,85744019192889;240506,1;12,147386231627861;55,300108654434595
08267;Sentmenat;Vallès Occidental;2019;577,9090278;;;;1603,74;86;0;6,976744186046512;18207;82,9;697,1158357056694;21962,60554885404;38,08924223430549;144336,6;7,927533366287692;36,08952972746767
08270;Sitges;Garraf;2019;1021,478295;;;;4477,35;634;0;27,917981072555204;22763;82,9;1232,1812967430637;27458,383594692397;53,849402714932125;402961,50000000006;17,702477705047666;80,58926602605061
08274;Súria;Bages;2019;377,9094828;;;;937,1;42;0;35,714285714285715;18113;82,9;455,86186103739436;21849,21592279855;25,036790115386736;84339;4,656268978;21,19733212580199
08278;Taradell;Osona;2019;511,6551333;;;;1887,63;42;0;35,714285714285715;19478;82,9;617,195577;23495,778045838357;31,52203306088921;169886,7;8,721978642571106;39,706185134709756
08279;Terrassa;Vallès Occidental;2019;615,0755434;;;;1772,64;2.624;76,21951219512195;7431,402439;17513;82,9;741,9487857659831;21125,45235;42,14530075;159537,6;9,109667104436705;41,47110918144975
08281;Teià;Maresme;2019;996,3928;;;;2532,75;80;1,25;33,75;25846;82,9;1201,9213510253317;31177,32207;46,26136965100983;227947,5;8,819449818153679;40,1499157
08282;Tiana;Maresme;2019;1005,61;;;;3123,87;108;0;48,148148148148145;24597;82,9;1213,039806996381;29670,687575392036;49,06012928405903;281148,3;11,430186608122941;52,03510856713378
08283;Tona;Osona;2019;530,5705521;;;;1596,54;74;0;31,08108108108108;17858;82,9;640,0127287092882;21541,61641;35,652629774890805;143688,6;8,046175383581588;36,629639041704436
08284;Tordera;Maresme;2019;509,8957529;;;;1146,57;200;0;19;14805;82,9;615,0732845597105;17858,866103739445;41,32893640526849;103191,29999999999;6,970030395136777;31,730565804535438
08285;Torelló;Osona;2019;435,7710917;;;;1026,45;157;0;1,910828025477707;18223;82,9;525,6587354644149;21981,905910735826;28,695895848104048;92380,5;5,0694452066070355;23,07828741076454
08289;Torrelles de Llobregat;Baix Llobregat;2019;681,6279592;;;;2041,13;59;0;33,89830508474576;19911;82,9;822,2291425814233;24018,09408926417;41,080485713424736;183701,7;9,226141328913666;42,00134977363958
08291;Vacarisses;Vallès Occidental;2019;683,146875;;;;1786,4;101;0;0;18377;82,9;824,0613691;22167,671893848008;44,60881808782718;160776;8,748762039505904;39,828114637269984
08295;Vallirana;Baix Llobregat;2019;786,5805525;;;;1686,93;146;2,054794520547945;30,82191780821918;19049;82,9;948,8305820265379;22978,28709288299;49,55098236;151823,7;7,970166412935063;36,28361362888596
08298;Vic;Osona;2019;558,9482045;;;;1572,53;504;0,3968253968253968;21,825396825396826;17489;82,9;674,2439137515078;21096,501809408925;38,351983841271654;141527,7;8,092383784;36,83999948635447
08300;Viladecavalls;Vallès Occidental;2019;852,7256;;;;2153,67;102;0;0;20001;82,9;1028,6195416164053;24126,658624849213;51,160977951102446;193830,30000000002;9,691030448477576;44,117724303430386
08301;Viladecans;Baix Llobregat;2019;746,2651508;;;;2450,57;674;0;13,056379821958458;17767;82,9;900,1992168878165;21431,845597104944;50,40345477345641;220551,30000000002;12,413536331400913;56,51173798400323
08302;Vilanova del Camí;Anoia;2019;423,6265363;;;;922,18;119;0;14,285714285714285;14873;82,9;511,00909083232807;17940,89264173703;34,17950941706448;82996,2;5,580326766624084;25,404039242457454
08305;Vilafranca del Penedès;Alt Penedès;2019;562,0133699;;;;1571,81;325;4,3076923076923075;31,692307692307693;16985;82,9;677,9413388419783;20488,54041013269;39,706567199293495;141462,9;8,328695908154254;37,915793561538344
08307;Vilanova i la Geltrú;Garraf;2019;647,7864194;;;;2155,21;848;0;7,0754716981132075;17951;82,9;781,4070197828709;21653,799758745474;43,30364343;193968,9;10,805464876608545;49,19110748140369
08902;Vilanova del Vallès;Vallès Oriental;2019;866,36;;;;1804,93;36;0;8,333333333333332;23155;82,9;1045,0663449939686;27931,242460796137;44,898812351543945;162443,7;7,0154912545886425;31,93752312187721
08904;Badia del Vallès;Vallès Occidental;2019;271,8625;;;;1392,88;84;13,095238095238097;15,476190476190476;13639;82,9;327,9402895054282;16452,35223160434;23,919275606716038;125359,20000000001;9,191231028667792;41,84242312391066
17008;Anglès;Selva;2019;469,0031915;;;;862,71;49;0;14,285714285714285;15605;82,9;565,7457074788902;18823,88419782871;36,065609086831145;77643,90000000001;4,975578340275553;22,65096520266129
17009;Arbúcies;Selva;2019;401,3949721;;;;913,58;45;0;2,2222222222222223;15076;82,9;484,1917636911942;18185,765983112182;31,949719190766785;82222,2;5,453847174316794;24,82824992747291
17015;Banyoles;Pla de l'Estany;2019;540,0624632;;;;1507,61;188;4,787234042553192;37,234042553191486;17206;82,9;651,4625611580217;20755,126658624846;37,66563732651401;135684,9;7,885906079274672;35,90002447498662
17020;Bescanó;Gironès;2019;590,4676744;;;;;;;;18329;82,9;712,2649872135102;22109,77080820265;38,65793056249659;;;
17022;Bisbal d'Empordà, la;Baix Empordà;2019;450,8903478;;;;1005,78;107;0,9345794392523363;21,49532710280374;14435;82,9;543,8966800965018;17412,54523522316;37,48309091513682;90520,2;6,270883269830273;28,54774842656983
17023;Blanes;Selva;2019;512,6393792;;;;1862,11;549;0;4,371584699453552;15347;82,9;618,3828458383595;18512,66586248492;40,08387665602398;167589,9;10,920043005147585;49,712716232192676
17033;Caldes de Malavella;Selva;2019;645,2015686;;;;1984,23;96;0;19,791666666666664;16934;82,9;778,2889850422195;20427,020506634497;45,72114576;178580,7;10,545689146096612;48,008497012849425
17034;Calonge i Sant Antoni;Baix Empordà;2019;581,1673936;;;;2196,79;388;0;22,164948453608247;15153;82,9;701,0463131483714;18278,648974668275;46,023947226291824;197711,1;13,047653929914869;59,39851308
17044;Cassà de la Selva;Gironès;2019;549,9922093;;;;1191,07;109;0;37,61467889908257;17179;82,9;663,440542;20722,557297949334;38,418455740147856;107196,29999999999;6,239961581000058;28,40697964557583
17047;Castelló d'Empúries;Alt Empordà;2019;0;;;;2086,29;499;0;4,609218436873747;13056;82,9;0;15749,09529553679;0;187766,1;14,381594669117648;65,47118307274448
17048;Castell d'Aro, Platja d'Aro i s'Agaró;Baix Empordà;2019;0;;;;2539,64;541;0;1,478743068391867;14404;82,9;0;17375,15078;0;228567,59999999998;15,86834212718689;72,23949474121407
17049;Celrà;Gironès;2019;577,2210127;;;;1549,06;38;0;23,684210526315788;16231;82,9;696,2859019300361;19579,01085645356;42,67544915532007;139415,4;8,589452282668967;39,10286834191006
17062;Escala, l';Alt Empordà;2019;529,6957516;;;;2115,9;378;0;4,497354497354497;15580;82,9;638,9574808202653;18793,727382388417;40,798132344030805;190431;12,222785622593069;55,64335899926994
17066;Figueres;Alt Empordà;2019;482,1507547;;;;1117,65;447;0;5,369127516778524;14205;82,9;581,6052529553679;17135,102533172496;40,730792371700105;100588,50000000001;7,081203801478353;32,23667480057325
17079;Girona;Gironès;2019;634,2333903;;;;1914,81;1.000;3000;26800;19288;82,9;765,0583719;23266,586248492156;39,45873436126089;172332,9;8,934721070095396;40,67467985
17089;Llagostera;Gironès;2019;504,5313291;;;;933,94;94;1,0638297872340425;41,48936170212766;16124;82,9;608,6023270205066;19449,939686369118;37,54884612503101;84054,6;5,213011659637807;23,731863439413583
17092;Llançà;Alt Empordà;2019;492,3960448;;;;;;;;16044;82,9;593,9638658624849;19353,43787696019;36,828425190725504;;;
17095;Lloret de Mar;Selva;2019;524,1961047;;;;1748,14;582;0;4,123711340206185;12411;82,9;632,3234073582629;14971,049457177322;50,68369395213923;157332,6;12,676867295141408;57,710533398033206
17103;Maçanet de la Selva;Selva;2019;568,9764706;;;;1099,6;103;0;9,708737864;16332;82,9;686,3407365500602;19700,844390832328;41,805765657604695;98963,99999999999;6,059515062454077;27,585509751424787
17114;Olot;Garrotxa;2019;464,2180051;;;;1326,86;283;4,593639575971731;30,03533568904594;17405;82,9;559,9734681544029;20995,174909529553;32,00583775;119417,4;6,861097385808676;31,234656055966315
17117;Palafrugell;Baix Empordà;2019;501,6415364;;;;2260,13;385;0;13,766233766233766;14417;82,9;605,1164492159228;17390,83232810615;41,75416825136991;203411,7;14,109155857668032;64,23092483220034
17118;Palamós;Baix Empordà;2019;595,6484049;;;;2201,41;371;0,2695417789757413;41,509433962264154;16276;82,9;718,5143605548852;19633,293124246076;43,91607802162693;198126,9;12,17294789874662;55,41647631922291
17141;Puigcerdà;Cerdanya;2019;498,5006159;;;;1962,02;90;0;7,777777777777778;14085;82,9;601,3276428;16990,349819059105;42,470765997870075;176581,8;12,536869009584663;57,07320119708903
17147;Ripoll;Ripollès;2019;646,7041808;;;;1359,1;75;0;21,333333333333336;17261;82,9;780,1015449939686;20821,471652593485;44,959447132842826;122318,99999999999;7,086437633972539;32,26050144937561
17152;Roses;Alt Empordà;2019;364,7247826;;;;2345,08;730;0;1,095890410958904;13137;82,9;439,9575182147165;15846,803377563328;33,31580567252798;211057,19999999998;16,065859785339118;73,13867977976568
17155;Salt;Gironès;2019;0;;;;1140,76;355;2,535211267605634;22,253521126760564;12577;82,9;0;15171,290711700844;0;102668,4;8,163186769;37,16232502300961
17160;Sant Feliu de Guíxols;Baix Empordà;2019;571,0093976;;;;1974,47;329;0;1,5197568389057752;15285;82,9;688,7930007237636;18437,876960193003;44,82900079293425;177702,3;11,625927379784102;52,926204456781356
17164;Sant Hilari Sacalm;Selva;2019;371,0547059;;;;828,95;30;0;6,666666666666667;15851;82,9;447,5931314;19120,627261761158;28,090697563560656;74605,5;4,706674658;21,42680038418318
17180;Santa Coloma de Farners;Selva;2019;493,9021457;;;;1151,06;118;0;9,322033898305085;16195;82,9;595,7806341;19535,58504221954;36,59663938499537;103595,4;6,396752083976535;29,120757217577903
17181;Santa Cristina d'Aro;Baix Empordà;2019;675,8537879;;;;1744,45;89;0;1,1235955056179776;17087;82,9;815,2639178528348;20611,58021712907;47,46442005501258;157000,5;9,188301047580032;41,82908459
17186;Sarrià de Ter;Gironès;2019;590,1717544;;;;1578,22;50;2;28,000000000000004;18129;82,9;711,9080270205067;21868,516284680336;39,06481908985604;142039,8;7,834949528379943;35,66804841467196
17193;Sils;Selva;2019;568,6236559;;;;1220,51;65;0;7,6923076923076925;16018;82,9;685,9151458383594;19322,07478890229;42,598850485703586;109845,9;6,857653889374453;31,218979784270278
17199;Torroella de Montgrí;Baix Empordà;2019;541,335561;;;;1742,01;261;0;19,157088122605366;14725;82,9;652,9982641737032;17762,364294330517;44,11563145670628;156780,9;10,647259762308998;48,47088999233815
17202;Tossa de Mar;Selva;2019;549,5494505;;;;2269,27;135;0;0,7407407407407408;14371;82,9;662,9064541616406;17335,343787696016;45,88820128035627;204234,3;14,211557998747477;64,69710326928634
17213;Vidreres;Selva;2019;580,6151648;;;;1209,29;101;0;15,841584158415841;16261;82,9;700,3801747;19615,199034981903;42,84719253182461;108836,09999999999;6,693075456613984;30,469748217883275
17221;Vilafant;Alt Empordà;2019;591,8962712;;;;1021,81;36;0;33,33333333333333;16649;82,9;713,9882644149577;20083,232810615198;42,66175298456364;91962,9;5,523629046789597;25,14592692038916
25003;Agramunt;Urgell;2019;341,2011688;;;;837,64;36;0;0;16066;82,9;411,58162702050663;19379,975874547647;25,48496219096228;75387,6;4,6923689779658915;21,36167479820374
25011;Alcarràs;Segrià;2019;393,3829167;;;;647,8;97;0;22,68041237113402;13855;82,9;474,5270406513872;16712,907117008443;34,07141826;58301,99999999999;4,208011548177553;19,15667217589984
25019;Almacelles;Segrià;2019;345,2447887;;;;709,55;58;3,4482758620689653;31,03448275862069;14371;82,9;416,4593349819059;17335,343787696016;28,82845636629323;63859,49999999999;4,443636490153781;20,229337903696837
25023;Alpicat;Segrià;2019;526,1363636;;;;1054,61;47;0;17,02127659574468;19618;82,9;634,6638885404101;23664,65621230398;32,182874723213374;94914,9;4,838153736364563;22,02534950368207
25040;Balaguer;Noguera;2019;335,2403342;;;;638,39;82;1,2195121951219512;2,4390243902439024;14233;82,9;404,39123546441493;17168,87816646562;28,264484018829485;57455,1;4,036752617;18,37702811808572
25050;Bellpuig;Urgell;2019;365,6455319;;;;654,28;33;0;9,090909090909092;14148;82,9;441,06819288299147;17066,344993968636;31,013191849024597;58885,2;4,162086513994911;18,94760173623223
25058;Borges Blanques, les;Garrigues;2019;308,4790991;;;;682,71;31;0;16,129032258064516;14981;82,9;372,1098903;18071,170084439083;24,70962678859889;61443,9;4,101455176556972;18,671581900833253
25072;Cervera;Segarra;2019;316,3930061;;;;781,32;53;1,8867924528301887;16,98113208;14135;82,9;381,6562196622436;17050,663449939686;26,860389622921822;70318,8;4,974800141492748;22,647422508255822
25110;Guissona;Segarra;2019;373,040625;;;;983,02;27;7,4074074074074066;7,4074074074074066;15372;82,9;449,9886911942098;18542,82267792521;29,121048009367676;88471,8;5,7553864168618265;26,200985803187432
25120;Lleida;Segrià;2019;458,9670023;;;;1080,96;1.369;7596,785975164353;30314,097881665446;16864;82,9;553,6393272617611;20342,581423401687;32,65894228889943;97286,40000000001;5,768880455;26,262416450370274
25137;Mollerussa;Pla d'Urgell;2019;372,3711781;;;;778,65;169;0;6,508875739644971;15454;82,9;449,1811557297949;18641,73703256936;28,914547283551183;70078,5;4,5346512229843405;20,643675977642292
25203;Seu d'Urgell, la;Alt Urgell;2019;394,4496706;;;;1134,84;77;1,2987012987012987;12,987012987012985;15037;82,9;475,8138366706875;18138,72135102533;31,47832710780076;102135,59999999999;6,7922856952849635;30,92139574711495
25207;Solsona;Solsonès;2019;332,4287667;;;;832,41;59;0;1,694915254237288;15393;82,9;400,99971857659824;18568,154402895052;25,91531995322549;74916,9;4,8669460144221395;22,156424294145804
25217;Tàrrega;Urgell;2019;370,5279924;;;;814,11;178;10,674157303370785;25,280898876404496;14963;82,9;446,95777129071166;18049,457177322074;29,71553771837198;73269,9;4,896738621934103;22,29205301304015
25234;Tremp;Pallars Jussà;2019;333,4074074;;;;574,74;58;0;0;16297;82,9;402,1802260554885;19658,62484921592;24,549848983248452;51726,6;3,1739952138430385;14,449386629131148
25243;Vielha e Mijaran;Val d'Aran;2019;549,8169231;;;;1806,35;169;0;7,100591715976331;16775;82,9;663,2290990349819;20235,223160434256;39,331165884947836;162571,5;9,691296572280178;44,11893581304396
43004;Alcanar;Montsià;2019;375,1538889;;;;961,63;150;0;6;13607;82,9;452,53786357056697;16413,75150784077;33,08478479312119;86546,7;6,360454177996619;28,95551359180172
43005;Alcover;Alt Camp;2019;428,9383673;;;;1064,31;22;0;9,090909090909092;16184;82,9;517,4166071170084;19522,316043425813;31,80462436727632;95787,9;5,918678942165101;26,944363367672587
43012;Altafulla;Tarragonès;2019;619,6795276;;;;1781,03;151;0,6622516556291391;32,450331125827816;19571;82,9;747,5024458383594;23607,961399276235;37,995781161923254;160292,7;8,190317306218384;37,285834854653885
43013;Ametlla de Mar, l';Baix Ebre;2019;384,3054054;;;;1733,12;149;0;1,342281879194631;13960;82,9;463,57708733413745;16839,56574185766;33,0348486;155980,8;11,173409742120343;50,86615021517844
43014;Amposta;Montsià;2019;317,9898382;;;;631,91;261;0,38314176245210724;2,2988505747126435;13610;82,9;383,58243449939687;16417,370325693606;28,037311229977956;56871,899999999994;4,178684791;19,023164205554206
43016;Arboç, l';Baix Penedès;2019;438,7554455;;;;771,64;45;6,666666666666667;26,666666666666668;13983;82,9;529,2586797346199;16867,310012062724;37,65333151684188;69447,6;4,966573696631625;22,609972205286493
43037;Calafell;Baix Penedès;2019;585,0762693;;;;1617,69;468;1,0683760683760684;32,47863247863248;14846;82,9;705,7614828709288;17908,32328106152;47,29162893;145592,1;9,806823386770848;44,64486338890392
43038;Cambrils;Baix Camp;2019;545,493629;;;;1911,44;632;0;2,5316455696202533;16236;82,9;658,0140277442703;19585,042219541614;40,317341389504804;172029,6;10,595565410199557;48,235555144662904
43043;Catllar, el;Tarragonès;2019;636,7567568;;;;;;;;19112;82,9;768,1022398069963;23054,282267792518;39,98054144830473;;;
43044;Sénia, la;Montsià;2019;279,1470732;;;;635,89;27;0;7,4074074074074066;12676;82,9;336,7274706875754;15290,71170084439;26,426040378668354;57230,1;4,514839065951404;20,553482547079636
43047;Constantí;Tarragonès;2019;402,2527632;;;;693,21;89;1,1235955056179776;16,853932584269664;13091;82,9;485,22649360675507;15791,314837153195;36,87291389809793;62388,9;4,765785654;21,695898976067514
43051;Cunit;Baix Penedès;2019;598,2305517;;;;1555,48;364;0,27472527472527475;12,637362637362637;14547;82,9;721,6291335343786;17547,647768395655;49,34877720767169;139993,2;9,623510002062282;43,81034229120459
43086;Montblanc;Conca de Barberà;2019;405,5417857;;;;984,64;65;1,5384615384615385;12,307692307692308;17330;82,9;489,1939513872135;20904,704463208684;28,08137004270052;88617,6;5,113537218695903;23,27901314820413
43092;Mont-roig del Camp;Baix Camp;2019;482,876911;;;;1603,97;449;0;0,4454342984409799;14555;82,9;582,4811954;17557,29794933655;39,811219045001714;144357,3;9,918055650979044;45,15124033117784
43093;Móra d'Ebre;Ribera d'Ebre;2019;338,0972222;;;;614,36;49;0;12,244897959183673;15234;82,9;407,8374212;18376,35705669481;26,632313682552184;55292,4;3,6295391886569517;16,523218054569124
43100;Pallaresos, els;Tarragonès;2019;537,5384615;;;;;;;;18290;82,9;648,4179270205067;22062,72618;35,267695669764905;;;
43123;Reus;Baix Camp;2019;315,2777778;;;;1110,03;1.278;2347,417840375587;8059,467918622848;16048;82,9;380,31095030156814;19358,262967430637;23,575108010967103;99902,7;6,225243020937188;28,339974451602966
43129;Riudoms;Baix Camp;2019;548,125;;;;1139,07;48;0;29,166666666666668;14304;82,9;661,1881785283474;17254,52352231604;45,983640939597315;102516,29999999999;7,166967281879193;32,62710692
43131;Roda de Berà;Tarragonès;2019;447,3564356;;;;1312,35;98;0;21,428571428571427;15365;82,9;539,6338185765983;18534,378769601928;34,938348370972996;118111,49999999999;7,687048486820696;34,99473948118014
43133;Roquetes;Baix Ebre;2019;490,2398633;;;;744,31;47;0;0;14725;82,9;591,3629231604342;17762,364294330517;39,95163572;66987,9;4,549263157894736;20,710195768220164
43136;Ràpita, la;Montsià;2019;0;;;;906,9;255;0;0,39215686274509803;13646;82,9;0;16460,79613992762;0;81621;5,981313205334897;27,229501379483057
43145;Selva del Camp, la;Baix Camp;2019;458,442623;;;;1147,7;36;0;0;15935;82,9;553,0067828709288;19221,95416164053;34,52344823344839;103293;6,482146219014747;29,50950792131112
43148;Tarragona;Tarragonès;2019;533,0546547;;;;1293,7;1.540;259,7402597402597;9805,194805194804;16886;82,9;643,0092337;20369,11942098914;37,88141570768684;116433;6,895238659244344;31,39008176604026
43153;Torredembarra;Tarragonès;2019;508,2685027;;;;1547,48;398;0,5025125628140703;22,36180904522613;14804;82,9;613,1103772014475;17857,659831121833;41,199824590651176;139273,2;9,407808700351257;42,828377513426695
43155;Tortosa;Baix Ebre;2019;376,081071;;;;743,91;277;0;5,054151624548736;15361;82,9;453,65629794933653;18529,55367913148;29,379420949156952;66951,9;4,358563895579715;19,842050989972833
43156;Ulldecona;Montsià;2019;293,2407407;;;;542,4;68;0;10,294117647058822;12230;82,9;353,72827587454765;14752,714113389626;28,772599251022076;48816;3,991496320523303;18,171002058369126
43161;Valls;Alt Camp;2019;431,3276587;;;;1163,75;110;0;0;16669;82,9;520,2987439083232;20107,358262967427;31,05124425220469;104737,5;6,283370328154058;28,60459486817565
43162;Vandellòs i l'Hospitalet de l'Infant;Baix Camp;2019;485,9466667;;;;1704,31;61;0;16,39344262295082;15303;82,9;586,1841577;18459,58986731001;38,10599229170751;153387,9;10,023387571064497;45,63075637804064
43163;Vendrell, el;Baix Penedès;2019;500,7803628;;;;1375,85;741;0;2,1592442645074224;15830;82,9;604,0776390832327;19095,295536791313;37,961872101073915;123826,49999999999;7,822267845862286;35,610315960317166
43171;Vila-seca;Tarragonès;2019;483,784336;;;;2166,81;427;0;3,512880562;14567;82,9;583,5757973462001;17571,773220747888;39,853175204228734;195012,9;13,38730692661495;60,944759104186495
43901;Deltebre;Baix Ebre;2019;325,4032632;;;;837,21;180;0;13,333333333333334;13661;82,9;392,5250461;16478,890229191795;28,583845680404067;75348,90000000001;5,515621111192447;25,109471365245366
43905;Salou;Tarragonès;2019;495,1738667;;;;1829,69;921;0;10,097719869706841;13851;82,9;597,3146763570567;16708,082026537995;42,90005342863331;164672,1;11,88882391163093;54,12302215062819
43907;Canonja, la;Tarragonès;2019;448,6236449;;;;;-;;;14644;82,9;541,1624185;17664,65621230398;36,76238554220158;;;
08001;Abrera;Baix Llobregat;2018;687,2487879;;;;1588,14;126;0;2,380952380952381;17824;82,2;836,0690850364963;21683,69829683698;46,268993799371636;142932,6;8,019109066427289;36,50642156504176
08003;Alella;Maresme;2018;1071,336886;;;;2563,8;110;0;11,818181818181818;27228;82,2;1303,3295450121655;33124,087591240874;47,21625764654033;230742,00000000003;8,474438078448657;38,57927438771222
08005;Ametlla del Vallès, l';Vallès Oriental;2018;950,2334862;;;;1456,63;103;0;19,41747572815534;23218;82,2;1156,001808029197;28245,742092457418;49,11190384356965;131096,7;5,646339047290896;25,704555437776666
08006;Arenys de Mar;Maresme;2018;636,0151558;;;;2279,56;264;1,893939393939394;35,60606060606061;17657;82,2;773,7410654501216;21480,53527980535;43,22468069;205160,4;11,619210511411904;52,89562639301379
08007;Arenys de Munt;Maresme;2018;607,0861628;;;;1717,5;96;0;19,791666666666664;17945;82,2;738,5476433090024;21830,90024;40,596455578712735;154575;8,613820005572583;39,21380066089096
08009;Argentona;Maresme;2018;754,7881773;;;;1981,22;124;0;25,806451612903224;18538;82,2;918,2337923357663;22552,311435523112;48,858874353220415;178309,8;9,618610421836228;43,788037301991636
08010;Artés;Bages;2018;377,5462963;;;;1456,37;59;0;33,89830508474576;16839;82,2;459,3020636253041;20485,401459854013;26,905134245501515;131073,3;7,783912346338855;35,435705286819484
08015;Badalona;Barcelonès;2018;688,5579889;;;;2096,34;2.563;10066,328521264142;34334,76394849785;16345;82,2;837,6617869829684;19884,42822384428;50,55182543163047;188670,6;11,543016212909146;52,548757288359795
08019;Barcelona;Barcelonès;2018;929,5675992;;;;3995,29;13.791;290,04423174534116;7497,643390617069;21538;82,2;1130,860826277372;26201,946472019463;51,79130462624199;359576,1;16,694962392051256;76,00262448709613
08020;Begues;Baix Llobregat;2018;863,7391525;;;;1906,57;68;0;0;21754;82,2;1050,7775577858881;26464,72019;47,64581148294567;171591,3;7,887804541693481;35,90866708962279
08022;Berga;Berguedà;2018;356,9066387;;;;972,86;123;0;9,756097561;16835;82,2;434,19299111922135;20480,53527980535;25,440330646866645;87557,4;5,200914760914761;23,676793171537817
08023;Bigues i Riells del Fai;Vallès Oriental;2018;735,4148958;;;;1197,81;124;0;19,35483870967742;18830;82,2;894,6653233576641;22907,542579075423;46,86658921720658;107802,9;5,725061072756239;26,06293183898107
08029;Cabrera de Mar;Maresme;2018;912,037037;;;;;;;;22756;82,2;1109,534108272506;27683,69829683698;48,09476377219195;;;
08030;Cabrils;Maresme;2018;1178,014286;;;;2254,97;88;0;1,1363636363636365;24674;82,2;1433,107403892944;30017,031630170313;57,291770414201196;202947,3;8,225147928994083;37,444398778387765
08033;Caldes de Montbui;Vallès Oriental;2018;622,2554974;;;;1550,1;186;0;32,795698924731184;17856;82,2;757,0018216545011;21722,627737226274;41,81824579301075;139509;7,813004032258065;35,56814311
08035;Calella;Maresme;2018;515,3262292;;;;1704,76;268;0,3731343283582089;24,253731343283583;14694;82,2;626,9175537712895;17875,912408759123;42,08462468;153428,4;10,441567986933443;47,53449286865277
08040;Canet de Mar;Maresme;2018;609,7172822;;;;2011,7;204;0,9803921568627451;29,901960784313726;16932;82,2;741,7485184914841;20598,54015;43,21171383416017;181053;10,692948263642807;48,67888363309681
08041;Canovelles;Vallès Oriental;2018;550,5199203;;;;1167,12;138;2,898550724637681;28,985507246376812;14098;82,2;669,7322631;17150,851581508516;46,859405898709035;105040,79999999999;7,450758972903957;33,91904833706575
08043;Canyelles;Garraf;2018;774,6876316;;;;;;;;18320;82,2;942,4423742092457;22287,104622871044;50,74373132751092;;;
08044;Capellades;Anoia;2018;437,3948864;;;;1003,1;33;3,0303030303030303;18,181818181818183;16457;82,2;532,1105673965936;20020,68126520681;31,89365398796865;90279;5,4857507443641005;24,973488652614186
08046;Cardedeu;Vallès Oriental;2018;643,6279602;;;;1875,52;156;0;3,8461538461538463;17805;82,2;783,0023846715327;21660,583941605837;43,378464040438075;168796,8;9,480303285593934;43,15840393757547
08051;Castellar del Vallès;Vallès Occidental;2018;450,344717;;;;1554,08;263;0;10,26615969581749;18308;82,2;547,8646192214112;22272,50608272506;29,517897116014858;139867,19999999998;7,639676644090014;34,77908254888085
08054;Castellbisbal;Vallès Occidental;2018;503,75;;;;1992,54;116;0;2,586206896551724;17486;82,2;612,8345498783455;21272,50608272506;34,57051355;179328,6;10,255553013839643;46,687672982687864
08056;Castelldefels;Baix Llobregat;2018;622,861;;;;3261,48;682;0;7,624633431085044;21203;82,2;757,7384428223844;25794,403892944036;35,251294628118664;293533,2;13,843946611328587;63,023578670723545
08067;Centelles;Osona;2018;498,9823464;;;;1616,18;55;0;34,54545454545455;17380;82,2;607,0344846715328;21143,55231143552;34,452175815880324;145456,2;8,369171461449943;38,10005562849001
08068;Cervelló;Baix Llobregat;2018;786,2365217;;;;1723,24;135;0,7407407407407408;14,814814814814813;19524;82,2;956,4921188564476;23751,824817518245;48,32430987707437;155091,6;7,943638598647818;36,16284764808346
08072;Corbera de Llobregat;Baix Llobregat;2018;676,3249211;;;;1511,72;173;0;22,54335260115607;19188;82,2;822,7797093673965;23343,065693430653;42,29674303314572;136054,8;7,0906191369605995;32,27953744322394
08073;Cornellà de Llobregat;Baix Llobregat;2018;664,9468193;;;;2372,93;669;0;1,7937219730941705;16562;82,2;808,9377363746959;20148,418491484183;48,17873343557542;213563,69999999998;12,894801352493658;58,70266263647813
08074;Cubelles;Garraf;2018;657,1750794;;;;1859,61;323;0;3,0959752321981426;17247;82,2;799,4830649635036;20981,75182481752;45,724479345973215;167364,9;9,704000695773178;44,17677043
08075;Dosrius;Maresme;2018;783,6532584;;;;1485,26;92;0;21,73913043478261;18423;82,2;953,3494627737226;22412,408759124086;51,04401617977528;133673,4;7,2557889594528575;33,03146127
08076;Esparreguera;Baix Llobregat;2018;581,2576316;;;;1503,84;252;0;0;17055;82,2;707,1260725060827;20748,17518248175;40,897634589270005;135345,6;7,935831134564644;36,127304725195984
08077;Esplugues de Llobregat;Baix Llobregat;2018;814,9092849;;;;2931,87;371;0,2695417789757413;20,485175202156334;20924;82,2;991,3738259124086;25454,987834549876;46,73538242592239;263868,3;12,610796214872872;57,409749521724684
08086;Franqueses del Vallès, les;Vallès Oriental;2018;610,8915278;;;;1851,94;202;0;27,722772277227726;16361;82,2;743,1770411192213;19903,89294403893;44,805930771957705;166674,6;10,187311289041013;46,3770074
08088;Garriga, la;Vallès Oriental;2018;681,2342478;;;;1767,57;186;0;42,473118279569896;18546;82,2;828,7521262773722;22562,043795620437;44,07856666450987;159081,3;8,577660951148495;39,04918914691049
08089;Gavà;Baix Llobregat;2018;843,4142062;;;;2820,08;498;4,618473895582329;18,67469879518072;18408;82,2;1026,0513457420923;22394,160583941604;54,98136937418513;253807,19999999998;13,787874837027378;62,76831592101117
08091;Gelida;Alt Penedès;2018;514,9234615;;;;1369,57;85;0;1,1764705882352942;16857;82,2;626,4275687347932;20507,299270072992;36,65587908880584;123261,29999999999;7,312172984516817;33,28814551816657
08092;Gironella;Berguedà;2018;303,1460674;;;;;;;;17301;82,2;368,79083625304133;21047,44525547445;21,026257492630485;;;
08096;Granollers;Vallès Oriental;2018;632,5905612;;;;1833,73;622;0,964630225;8,360128617363344;17553;82,2;769,5748919708029;21354,014598540143;43,24666287472227;165035,7;9,402136386942404;42,802554711562145
08101;Hospitalet de Llobregat, l';Barcelonès;2018;653,2688969;;;;2223,17;2.753;5702,869596803486;16818,016709044678;15438;82,2;794,7310181265206;18781,021897810217;50,778771620676245;200085,30000000002;12,960571317528178;59,00207570717949
08102;Igualada;Anoia;2018;447,8429517;;;;1080,76;389;1,0282776349614395;17,737789203084834;16589;82,2;544,8211091240876;20181,26520681265;32,395656280667914;97268,4;5,863427572487793;26,692835451444306
08105;Llagosta, la;Vallès Oriental;2018;563,2716667;;;;1565,58;93;4,301075268817205;16,129032258064516;15299;82,2;685,2453366180048;18611,92214111922;44,18105758807765;140902,19999999998;9,209896071638669;41,92739439959478
08106;Llinars del Vallès;Vallès Oriental;2018;605,0714583;;;;1573,97;100;0;3;17021;82,2;736,0966645985401;20706,812652068125;42,65823100640386;141657,3;8,322501615651253;37,88759448711018
08107;Lliçà d'Amunt;Vallès Oriental;2018;790,397234;;;;1320,56;138;0;15,942028985507244;18168;82,2;961,5538126520681;22102,189781021894;52,20589392338177;118850,4;6,541743725231175;29,780821313876242
08108;Lliçà de Vall;Vallès Oriental;2018;795,7621053;;;;1557,26;59;0;15,254237288135593;19462;82,2;968,0804200729926;23676,39902676399;49,06559070804645;140153,4;7,201387318877813;32,783801683997595
08110;Malgrat de Mar;Maresme;2018;550,8642857;;;;1498,63;246;0;28,86178861788618;15316;82,2;670,1511991484184;18632,603406326034;43,15990747192478;134876,7;8,806261425959782;40,08987648939449
08112;Manlleu;Osona;2018;412,7428492;;;;867,52;163;0;4,9079754601226995;15415;82,2;502,12025450121655;18753,041362530414;32,13048453065196;78076,8;5,064988647421343;23,057999243211913
08113;Manresa;Bages;2018;432,3253284;;;;966,57;815;0,8588957055214724;25,52147239263804;16383;82,2;525,9432218978102;19930,656934306568;31,666385526460356;86991,3;5,309851675517304;24,17272069859005
08114;Martorell;Baix Llobregat;2018;574,790095;;;;1564,45;254;0;0;15812;82,2;699,2580231143551;19236,009732360097;43,62181343283582;140800,5;8,904661016949152;40,537833602925325
08118;Masnou, el;Maresme;2018;823,8854561;;;;3128,34;232;0;35,34482759;20222;82,2;1002,293742214112;24600,97323600973;48,89044344377412;281550,60000000003;13,922984867965583;63,38339469176212
08119;Masquefa;Anoia;2018;566,3545833;;;;1369,1;88;0;18,181818181818183;16010;82,2;688,9958434306568;19476,885644768856;42,450062458463464;123218,99999999999;7,696377264209868;35,03720807429123
08120;Matadepera;Vallès Occidental;2018;932,8167857;;;;2279,21;75;0;1,3333333333333335;12879;82,2;1134,8136079075425;15667,88321167883;86,91514425343583;205128,9;15,927393431167015;72,50832158709014
08121;Mataró;Maresme;2018;628,6771447;;;;1864;1.273;0;20974,076983503535;15663;82,2;764,8140446472019;19054,744525547445;48,16526678414096;167760;10,710591840643556;48,759204757871274
08123;Molins de Rei;Baix Llobregat;2018;720,4319958;;;;2256,46;233;0;24,034334763948497;19411;82,2;876,4379510948904;23614,35523114355;44,53755061356962;203081,4;10,462181237442687;47,62833322007868
08124;Mollet del Vallès;Vallès Oriental;2018;603,2046915;;;;1775,72;437;1,3729977116704806;14,416475972540047;16365;82,2;733,8256587591239;19908,759124087588;44,231324766269466;159814,8;9,765646196;44,45740716811869
08125;Montcada i Reixac;Vallès Occidental;2018;603,781888;;;;1641,54;470;0,85106383;23,404255319148938;16116;82,2;734,5278442822383;19605,839416058392;44,95769828741623;147738,6;9,167200297840656;41,73302494
08126;Montgat;Maresme;2018;833,356867;;;;2701,33;115;23,47826086956522;32,17391304347826;19148;82,2;1013,8161399026762;23294,403892944036;52,22625028201379;243119,69999999998;12,696871735951534;57,80160218676498
08135;Montmeló;Vallès Oriental;2018;564,6658462;;;;1618,61;50;2;38;16634;82,2;686,9414187347932;20236,009732360097;40,73578306119995;145674,9;8,757659012;39,868617467886665
08136;Montornès del Vallès;Vallès Oriental;2018;583,8442754;;;;1549,94;129;0,7751937984496124;16,27906976744186;16178;82,2;710,2728411192214;19681,26520681265;43,30653544813945;139494,6;8,622487328470763;39,253258029651036
08138;Moià;Moianès;2018;457,7779503;;;;1341,36;57;0;28,07017543859649;15711;82,2;556,9074821167883;19113,138686131384;34,964899774680156;120722,4;7,683941187702883;34,98059372376696
08140;Navarcles;Bages;2018;419,4614;;;;1525,85;42;0;23,809523809523807;17413;82,2;510,2936739659367;21183,69829683698;28,90677539769138;137326,5;7,886435422;35,90243426909643
08141;Navàs;Bages;2018;345,5391473;;;;1022,42;37;2,7027027027027026;32,432432432432435;16785;82,2;420,36392615571776;20419,708029197078;24,703424293118857;92017,8;5,482144772117962;24,95707272138307
08147;Olesa de Montserrat;Baix Llobregat;2018;569,6021096;;;;1507,27;247;0;0;16711;82,2;692,9466054;20329,683698296834;40,90255111;135654,3;8,117665011070551;36,95509046742033
08155;Palafolls;Maresme;2018;494,890687;;;;1291,91;96;0;14,583333333333334;15743;82,2;602,0567968369829;19152,06812652068;37,722722759321606;116271,90000000001;7,385625357301659;33,62253220172751
08156;Palau-solità i Plegamans;Vallès Occidental;2018;720,2912195;;;;1841,7;105;0;4,761904761904762;18224;82,2;876,2666903892944;22170,316301703162;47,429184778314315;165753;9,095313871817384;41,405767114584016
08157;Pallejà;Baix Llobregat;2018;732,4986842;;;;1995,38;115;0,8695652173913043;17,391304347826086;18681;82,2;891,1176206812651;22726,27737226277;47,053071090412715;179584,2;9,613200578;43,76340937470003
08159;Parets del Vallès;Vallès Oriental;2018;655,6452227;;;;1936,77;182;1,098901098901099;20,32967032967033;17548;82,2;797,6219254257907;21347,931873479316;44,83555204239799;174309,3;9,933285844540688;45,22057470012991
08161;Piera;Anoia;2018;546,5014286;;;;1058,11;164;0;18,902439024390244;15437;82,2;664,8435871046229;18779,805352798052;42,482458659065884;95229,9;6,168938265;28,08365107056685
08163;Pineda de Mar;Maresme;2018;522,393997;;;;1609,18;455;0,21978021978021978;13,186813186813188;14188;82,2;635,5158114355231;17260,340632603406;44,18330958556527;144826,2;10,207654355793629;46,46961776127328
08167;Polinyà;Vallès Occidental;2018;631,43448;;;;1557,57;117;26,495726495726498;31,62393162393162;16545;82,2;768,1684671532846;20127,73722627737;45,797605077062556;140181,3;8,472728921124206;38,57149357100421
08169;Prat de Llobregat, el;Baix Llobregat;2018;710,2200894;;;;2440,31;441;0;11,11111111111111;17450;82,2;864,0147073;21228,710462287105;48,84034998739256;219627,9;12,586126074498567;57,29744046879712
08172;Premià de Mar;Maresme;2018;723,3921244;;;;2373,72;212;0;3,301886792;18347;82,2;880,0390807785886;22319,951338199513;47,31403222761214;213634,8;11,644127105248813;53,00905740773627
08180;Ripollet;Vallès Occidental;2018;0;;;;2187,6;421;0,7125890736342043;7,600950118764846;15848;82,2;0;19279,805352798052;0;196884;12,423271075214538;56,55605471028093
08181;Roca del Vallès, la;Vallès Oriental;2018;0;;;;1829,96;129;0;10,077519379844961;19112;82,2;0;23250,60827250608;0;164696,4;8,617434072833822;39,23025344410045
08183;Roda de Ter;Osona;2018;0;;;;857,32;73;0;10,95890410958904;16760;82,2;0;20389,29440389294;0;77158,8;4,6037470167064445;20,958229646023074
08184;Rubí;Vallès Occidental;2018;0;;;;1759,59;932;0;15,343347639484978;16094;82,2;0;19579,075425790754;0;158363,1;9,839884428979744;44,795371423432414
08187;Sabadell;Vallès Occidental;2018;0;;;;1869,6;2.261;2521,0084033613443;14020,344980097301;17466;82,2;0;21248,17518248175;0;168264;9,633802816901408;43,857199595986884
08191;Sallent;Bages;2018;0;;;;1005,98;38;0;10,526315789473683;17488;82,2;0;21274,93917274939;0;90538,2;5,177161482159195;23,568658065677617
08192;Santpedor;Bages;2018;484,1792373;;;;1268,46;67;0;28,35820895522388;18197;82,2;589,0258361313869;22137,469586374693;31,92916880584712;114161,40000000001;6,273638511842612;28,56029146914263
08194;Sant Adrià de Besòs;Barcelonès;2018;0;;;;2515,11;439;0;18,906605922551254;14856;82,2;0;18072,992700729927;0;226359,90000000002;15,236934571890147;69,36505691999551
08196;Sant Andreu de la Barca;Baix Llobregat;2018;907,1198502;;;;1909,45;297;0;18,181818181818183;16278;82,2;1103,5521291970801;19802,919708029196;66,87208626612606;171850,5;10,557224474751198;48,06101077307729
08197;Sant Andreu de Llavaneres;Maresme;2018;0;;;;1963,95;138;0;23,91304347826087;21655;82,2;0;26344,282238442822;0;176755,5;8,162341260678827;37,15847590446006
08198;Sant Antoni de Vilamajor;Vallès Oriental;2018;496,6666667;;;;1471,28;69;0;4,3478260869565215;19089;82,2;604,2173561;23222,627737226274;31,222169838126675;132415,2;6,936727958510137;31,578958839152584
08200;Sant Boi de Llobregat;Baix Llobregat;2018;370,8333333;;;;2287,74;687;0,2911208151382824;32,751091703056765;16771;82,2;451,1354419708029;20402,67639902676;26,533897797388345;205896,59999999998;12,276942340945679;55,889903593486366
08202;Sant Celoni;Vallès Oriental;2018;541,7968733;;;;1302,66;173;0;14,450867052023122;16155;82,2;659,1202838199513;19653,284671532845;40,24489309563602;117239,40000000001;7,257158774373259;33,037697253785595
08205;Sant Cugat del Vallès;Vallès Occidental;2018;1149,549155;;;;3599,98;1.135;264,3171806167401;34537,444933920706;24835;82,2;1398,4782907542576;30212,895377128953;55,54495615059392;323998,2;13,046031809945642;59,39112849814471
08208;Sant Esteve Sesrovires;Baix Llobregat;2018;769,3825;;;;1557,3;83;0;1,2048192771084338;19468;82,2;935,9884428223844;23683,69829683698;47,42444011;140157;7,199352784055886;32,774539609460035
08209;Sant Fost de Campsentelles;Vallès Oriental;2018;829,9079747;;;;1507,52;81;0;18,51851851851852;19057;82,2;1009,6204071776154;23183,69829683698;52,25846511203231;135676,8;7,119525633625439;32,41113220574353
08210;Sant Feliu de Codines;Vallès Oriental;2018;524,2823581;;;;1167,54;52;0;36,53846153846153;16302;82,2;637,8130877128954;19832,116788321167;38,59273891056312;105078,59999999999;6,445748987854251;29,343812124740875
08211;Sant Feliu de Llobregat;Baix Llobregat;2018;756,0832911;;;;2607,07;457;0,6564551422319475;37,85557986870897;19171;82,2;919,8093566;23322,384428223842;47,32668871316051;234636,30000000002;12,23912681;55,71775107069874
08213;Sant Fruitós de Bages;Bages;2018;485,1990909;;;;1478,32;81;8,641975308641975;46,913580246913575;21404;82,2;590,2665339416058;26038,929440389293;27,20234110820407;133048,8;6,216071762287422;28,29822295130824
08214;Vilassar de Dalt;Maresme;2018;789,102439;;;;2135,7;83;0;2,4096385542168677;20980;82,2;959,9786362530413;25523,11435523114;45,134553231649186;192212,99999999997;9,161725453;41,70810109614164
08217;Sant Joan Despí;Baix Llobregat;2018;814,733279;;;;2935,2;289;1,7301038062283738;33,56401384083045;19507;82,2;991,1597068126521;23731,143552311434;50,11944095965551;264168;13,54221561490747;61,64996984917689
08218;Sant Joan de Vilatorrada;Bages;2018;459,4980702;;;;1152,68;80;0;18,75;16465;82,2;559,0000854014597;20030,413625304136;33,48907890920133;103741,20000000001;6,300710598238688;28,683535209866662
08219;Vilassar de Mar;Maresme;2018;823,9226511;;;;2901,39;210;0;11,428571428571429;20633;82,2;1002,3389916058394;25100,97323600973;47,918731222798435;261125,09999999998;12,655702030727474;57,61418004271278
08221;Sant Just Desvern;Baix Llobregat;2018;1058,917493;;;;2817,42;230;0,43478260869565216;53,91304347826087;29396;82,2;1288,2207944038928;35761,55717761557;43,227003388216076;253567,80000000002;8,625928697782012;39,268924617771575
08230;Premià de Dalt;Maresme;2018;922,7067785;;;;2465,17;79;0;2,5316455696202533;22042;82,2;1122,5143290754258;26815,08515815085;50,23356021232194;221865,30000000002;10,06557027492968;45,822790126091625
08231;Sant Pere de Ribes;Garraf;2018;702,7687902;;;;2228,69;366;0,273224044;4,098360655737705;16526;82,2;854,9498664233577;20104,622871046227;51,03004648674816;200582,1;12,13736536366937;55,25448936841294
08234;Sant Pere de Vilamajor;Vallès Oriental;2018;802,8762791;;;;;;;;18267;82,2;976,7351327250608;22222,627737226274;52,74273470849072;;;
08235;Sant Pol de Mar;Maresme;2018;697,4170073;;;;2540,26;100;0;25;19444;82,2;848,4391816301703;23654,50121654501;43,04157625797161;228623,40000000002;11,758043612425428;53,527654174503944
08238;Sant Quirze del Vallès;Vallès Occidental;2018;782,9319283;;;;2358,72;190;0;4,736842105263158;22769;82,2;952,4719322384427;27699,513381995133;41,26304686020466;212284,8;9,323413413;42,44417399236426
08240;Sant Sadurní d'Anoia;Alt Penedès;2018;522,5863604;;;;1435,83;73;2,739726027;23,28767123287671;17740;82,2;635,7498301703163;21581,508515815083;35,34969743404734;129224,7;7,284368658399098;33,16156830838216
08244;Santa Coloma de Cervelló;Baix Llobregat;2018;773,7390909;;;;2043,43;57;0;7,017543859649122;18536;82,2;941,2884317518246;22549,878345498782;50,09100718;183908,7;9,921703711696159;45,167847867168526
08245;Santa Coloma de Gramenet;Barcelonès;2018;583,9522844;;;;1946,75;1.057;0;1702,9328287606436;14343;82,2;710,4042389294405;17448,90510948905;48,85607901275884;175207,5;12,215540681865718;55,61037692380302
08248;Santa Eulàlia de Ronçana;Vallès Oriental;2018;757,1639344;;;;1508,59;78;0;16,666666666666664;18902;82,2;921,1240078;22995,133819951338;48,06881394984658;135773,1;7,183001798751455;32,700102916108854
08250;Santa Margarida de Montbui;Anoia;2018;382,2489394;;;;745,81;113;3,5398230088495577;17,699115044247787;12204;82,2;465,02304063260334;14846,715328467151;37,58593307767945;67122,9;5,500073746312684;25,038693096509462
08251;Santa Margarida i els Monjos;Alt Penedès;2018;430,2225373;;;;957,72;58;1,7241379310344827;13,793103448275861;16119;82,2;523,3850818734793;19609,48905109489;32,02847848873999;86194,8;5,347403685092128;24,34367354145539
08252;Barberà del Vallès;Vallès Occidental;2018;633,4109545;;;;1816,29;431;0,46403712296983757;3,944315545243619;17265;82,2;770,5729373479318;21003,649635036494;44,025088062554296;163466,1;9,468062554300609;43,10267888219128
08259;Santa Maria de Palautordera;Vallès Oriental;2018;586,3998639;;;;1220,91;90;0;6,666666666666667;16855;82,2;713,3818295620438;20504,86618004866;41,749026204687034;109881,90000000001;6,519246514387422;29,67840436751769
08260;Santa Perpètua de Mogoda;Vallès Occidental;2018;629,0190747;;;;1673,29;206;1,4563106796116505;32,038834951456316;16373;82,2;765,2300178832116;19918,491484184913;46,10168506932144;150596,1;9,197831796249924;41,87247264711955
08262;Sant Vicenç de Castellet;Bages;2018;431,9147137;;;;1180,59;121;0,8264462809917356;20,66115702479339;15025;82,2;525,4436906326033;18278,588807785887;34,49568428885191;106253,09999999999;7,071753743760398;32,19365408742321
08263;Sant Vicenç dels Horts;Baix Llobregat;2018;674,4727303;;;;1833,43;255;0,7843137254901961;19,607843137254903;16417;82,2;820,5264358880778;19972,019464720193;49,30055895474204;165008,7;10,051087287567766;45,75685736002305
08264;Sant Vicenç de Montalt;Maresme;2018;1251,568807;;;;2551,8;103;0;17,475728155339805;22910;82,2;1522,589789537713;27871,04622871046;65,55576466171978;229662,00000000003;10,02453077258839;45,63596072136847
08266;Cerdanyola del Vallès;Vallès Occidental;2018;723,3509841;;;;2425,91;419;0,23866348448687352;3,579952267303103;18938;82,2;879,9890317518248;23038,929440389293;45,834891800612525;218331,9;11,528772837680853;52,48391533942436
08267;Sentmenat;Vallès Occidental;2018;544,1095;;;;1558,44;102;0;15,686274509803921;17611;82,2;661,9336983;21424,57420924574;37,07520299812617;140259,6;7,964317755947987;36,25698803547017
08270;Sitges;Garraf;2018;983,7446369;;;;4341,73;456;0;12,06140350877193;21841;82,2;1196,7696312652067;26570,559610705594;54,04942833569892;390755,69999999995;17,890925323932052;81,44716035831796
08274;Súria;Bages;2018;373,604507;;;;782,43;41;0;19,51219512195122;17513;82,2;454,5066995;21305,352798053525;25,599577936390112;70418,7;4,020938731;18,305036531298924
08278;Taradell;Osona;2018;483,5209589;;;;2117,06;36;0;41,66666666666667;18614;82,2;588,2250108272506;22644,76885644769;31,17143820135382;190535,4;10,236134092618459;46,59926973
08279;Terrassa;Vallès Occidental;2018;560,8463467;;;;1560,77;2.759;36,24501631025734;8336,353751359187;16986;82,2;682,2948256690997;20664,233576642335;39,621783588837864;140469,3;8,269710349699752;37,647266017474294
08281;Teià;Maresme;2018;1117,669457;;;;2784,3;97;0;23,711340206185564;24675;82,2;1359,695203163017;30018,248175182478;54,354745629179334;250587,00000000003;10,15550151975684;46,23219569824853
08282;Tiana;Maresme;2018;925,9962143;;;;2861,86;106;0;36,79245283018868;23611;82,2;1126,5160757907543;28723,844282238442;47,06261730379907;257567,40000000002;10,908788276650714;49,661479884151596
08283;Tona;Osona;2018;509,8871304;;;;1580,7;54;0;25,925925925925924;17720;82,2;620,3006452554744;21557,177615571774;34,529602510158014;142263;8,028386004514672;36,548654163432104
08284;Tordera;Maresme;2018;471,9633929;;;;1127,01;219;0;12,785388127853881;14259;82,2;574,1647115571775;17346,71532846715;39,71919990742689;101430,9;7,113465179886387;32,38354242273389
08285;Torelló;Osona;2018;417,2004959;;;;1011,94;133;0;4,511278195488721;17778;82,2;507,5431823600973;21627,73722627737;28,16068146473169;91074,6;5,122882213972326;23,32155557208918
08289;Torrelles de Llobregat;Baix Llobregat;2018;736,6010204;;;;1599,02;64;0;17,1875;19381;82,2;896,1082973236009;23577,858880778585;45,60761696919664;143911,8;7,4254063257829825;33,80363222089608
08291;Vacarisses;Vallès Occidental;2018;746,9903797;;;;1762,19;84;0;1,1904761904761905;17583;82,2;908,7474205596105;21390,510948905106;50,98040468861969;158597,1;9,019911277938919;41,06250218871474
08295;Vallirana;Baix Llobregat;2018;723,5109662;;;;1511,77;139;2,158273381294964;31,654676258992804;18190;82,2;880,1836571776155;22128,953771289536;47,73024516;136059,3;7,4798955470038475;34,051690510683876
08298;Vic;Osona;2018;522,2663629;;;;1408;476;0,8403361344537815;14,495798319327733;16586;82,2;635,3605388077858;20177,615571776154;37,78606267213313;126720;7,640178463764621;34,78136704712611
08300;Viladecavalls;Vallès Occidental;2018;714,2559259;;;;1652,03;73;0;0;19081;82,2;868,9244840632603;23212,895377128953;44,919402079555574;148682,7;7,792185944132908;35,47337025014987
08301;Viladecans;Baix Llobregat;2018;724,3793291;;;;2264,35;611;0;2,127659574468085;17308;82,2;881,2400597;21055,96107055961;50,22274063554425;203791,5;11,774410677143518;53,602164068237954
08302;Vilanova del Camí;Anoia;2018;399,6332086;;;;834,32;88;1,1363636363636365;12,5;14295;82,2;486,17178661800483;17390,510948905106;33,547383722980065;75088,8;5,2528016789087095;23,913004661655606
08305;Vilafranca del Penedès;Alt Penedès;2018;518,5399785;;;;1293,21;337;3,857566765578635;22,551928783382788;16569;82,2;630,8272244525547;20156,934306569343;37,554950461705594;116388,90000000001;7,024497555676263;31,978523664646097
08307;Vilanova i la Geltrú;Garraf;2018;631,6756391;;;;2057,45;1.020;98,03921569;4705,882352941176;17114;82,2;768,4618480535279;20819,951338199513;44,291852689026534;185170,49999999997;10,819825873553814;49,25648489480902
08902;Vilanova del Vallès;Vallès Oriental;2018;782,9955056;;;;1684,97;41;0;19,51219512195122;20682;82,2;952,5492768856446;25160,583941605837;45,430548627792284;151647,3;7,332332463011314;33,37992010488877
08904;Badia del Vallès;Vallès Occidental;2018;315,2734483;;;;1584,01;86;10,465116279069768;10,465116279069768;13035;82,2;383,54434099756685;15857,664233576641;29,024022858457997;142560,9;10,936777905638664;49,78890067202453
17008;Anglès;Selva;2018;413,149;;;;1207,45;54;0;11,11111111111111;15144;82,2;502,6143552311435;18423,357664233576;32,73763866877972;108670,5;7,175812202852615;32,66737279402282
17009;Arbúcies;Selva;2018;382,6803704;;;;944,2;29;0;6,896551724137931;14500;82,2;465,54789586374693;17639,902676399026;31,67009961931035;84978;5,860551724137931;26,67974335712966
17015;Banyoles;Pla de l'Estany;2018;496,5091127;;;;1299,59;181;5,524861878453039;39,226519337016576;16537;82,2;604,0256845498783;20118,004866180047;36,02896143435931;116963,09999999999;7,072812481;32,19847391359527
17020;Bescanó;Gironès;2018;693,3333333;;;;;;;;17980;82,2;843,4712083941606;21873,479318734793;46,273637372636266;;;
17022;Bisbal d'Empordà, la;Baix Empordà;2018;420,8908502;;;;867,28;103;0,9708737864077669;16,50485436893204;14126;82,2;512,0326644768855;17184,914841849146;35,754567481240265;78055,2;5,525640662607957;25,155084657799097
17023;Blanes;Selva;2018;494,4963119;;;;1729,56;572;0,17482517482517482;8,916083916083917;14633;82,2;601,5770217761557;17801,70316301703;40,55187413927425;155660,4;10,637627280803663;48,42703880791874
17033;Caldes de Malavella;Selva;2018;597,9753153;;;;2326,56;117;0;15,384615384615385;16433;82,2;727,4638872262774;19991,48418491484;43,66642599403639;209390,4;12,742067790421713;58,007353998331226
17034;Calonge i Sant Antoni;Baix Empordà;2018;540,7426667;;;;2041,19;374;0;20,32085561497326;14658;82,2;657,8377940389294;17832,116788321167;44,26874062218584;183707,1;12,532889889480147;57,05508653687051
17044;Cassà de la Selva;Gironès;2018;510,6061972;;;;1051,75;100;3;46;16523;82,2;621,1754223844282;20100,97323600973;37,08330428130485;94657,5;5,7288325364643224;26,08010115827875
17047;Castelló d'Empúries;Alt Empordà;2018;721,8571429;;;;2043,1;485;0;7,835051546391752;12415;82,2;878,1717066909974;15103,406326034063;69,77274035279903;183879;14,811035038260169;67,42617969682068
17048;Castell d'Aro, Platja d'Aro i s'Agaró;Baix Empordà;2018;0;;;;2277,15;429;0;0,6993006993006993;14062;82,2;0;17107,055961070557;0;204943,5;14,5742782;66,34836107632466
17049;Celrà;Gironès;2018;558,455;;;;1416,26;49;4,081632653061225;42,857142857142854;15742;82,2;679,3856447688564;19150,851581508516;42,570575530428165;127463,4;8,097027061364502;36,86113767466415
17062;Escala, l';Alt Empordà;2018;523,3552459;;;;1999,74;388;0;5,412371134020619;15809;82,2;636,6852139902676;19232,3601;39,72587103;179976,6;11,384439243468911;51,82684695531188
17066;Figueres;Alt Empordà;2018;456,1656757;;;;1117,37;446;0;13,004484304932735;13767;82,2;554,9460774939172;16748,17518248175;39,76166273262148;100563,29999999999;7,304663325343212;33,253958330870525
17079;Girona;Gironès;2018;597,7491354;;;;1851,75;1.147;2789,8866608544026;27375,76285963383;17576;82,2;727,1887291970802;21381,99513381995;40,811274606281295;166657,5;9,482106281292673;43,166611946783576
17089;Llagostera;Gironès;2018;492,3643137;;;;952,34;68;0;22,058823529411764;15177;82,2;598,98335;18463,503649635037;38,929773765566324;85710,6;5,647400672;25,709388408795448
17092;Llançà;Alt Empordà;2018;474,393;;;;;;;;15452;82,2;577,1204379562043;18798,053527980534;36,84128915350763;;;
17095;Lloret de Mar;Selva;2018;485,7276334;;;;1863,54;523;0;3,0592734225621414;11973;82,2;590,9095296836982;14565,693430656933;48,68229851165121;167718,6;14,008068153345027;63,770730274614394
17103;Maçanet de la Selva;Selva;2018;559,3869231;;;;1076,65;90;0;11,11111111111111;14372;82,2;680,5193711678832;17484,184914841848;46,70639491511272;96898,50000000001;6,742172279;30,693257998890104
17114;Olot;Garrotxa;2018;419,5381818;;;;1177,54;427;4,683840749414521;54,09836065573771;16616;82,2;510,3870824817518;20214,111922141117;30,298857616754937;105978,59999999999;6,378105440539239;29,035869704456914
17117;Palafrugell;Baix Empordà;2018;482,9195607;;;;2145,82;516;0,1937984496124031;15,891472868217054;13707;82,2;587,4933828467152;16675,182481751825;42,27792170715693;193123,80000000002;14,089428759028236;64,14111862
17118;Palamós;Baix Empordà;2018;545,1883648;;;;2185,67;333;0,3003003003003003;27,32732732732733;15476;82,2;663,2461858880779;18827,250608272505;42,27358734556733;196710,30000000002;12,710668131300078;57,86440929170639
17141;Puigcerdà;Cerdanya;2018;490,9944;;;;2068,95;77;0;10,38961038961039;13423;82,2;597,3167883211678;16329,683698296836;43,89430678685837;186205,49999999997;13,872122476346567;63,15184728
17147;Ripoll;Ripollès;2018;616,3305158;;;;1020,2;46;0;15,217391304347828;16467;82,2;749,7938148;20032,846715328466;44,91386524;91818;5,575879031;25,383791242577924
17152;Roses;Alt Empordà;2018;393,4324324;;;;2292,05;645;0;0,6201550387596899;12975;82,2;478,6282632603406;15784,671532846714;36,386814557225435;206284,50000000003;15,898612716763008;72,37729943933377
17155;Salt;Gironès;2018;0;;;;1032,64;327;3,669724770642202;14,067278287461773;12153;82,2;0;14784,671532846714;0;92937,6;7,647296963712664;34,81377350997146
17160;Sant Feliu de Guíxols;Baix Empordà;2018;535,234413;;;;1889,99;382;0;0,2617801047120419;14501;82,2;651,1367554744526;17641,11922141119;44,29220713054272;170099,1;11,730163437004345;53,400731666180604
17164;Sant Hilari Sacalm;Selva;2018;347,825431;;;;806,53;39;0;15,384615384615385;15555;82,2;423,1452931873479;18923,357664233576;26,83320586306654;72587,7;4,666518804243008;21,243993727695802
17180;Santa Coloma de Farners;Selva;2018;481,3174502;;;;1019,71;131;0;17,557251908396946;15450;82,2;585,5443433090023;18795,620437956204;37,38387962718447;91773,90000000001;5,940058252427185;27,04169115143663
17181;Santa Cristina d'Aro;Baix Empordà;2018;580,5484746;;;;1603,12;99;0;1,0101010101010102;16499;82,2;706,2633510948904;20071,77615571776;42,224266290078184;144280,8;8,744820898236256;39,81017287298603
17186;Sarrià de Ter;Gironès;2018;562,1328205;;;;1637,89;58;1,7241379310344827;22,413793103448278;17675;82,2;683,8598789537712;21502,43309002433;38,16460450353606;147410,1;8,340033946251769;37,967409170589136
17193;Sils;Selva;2018;468,6527273;;;;1149,86;60;0;5;15570;82,2;570,1371378345498;18941,605839416057;36,11967069749518;103487,4;6,646589595375723;30,258124653080692
17199;Torroella de Montgrí;Baix Empordà;2018;499,7894811;;;;1661,65;248;0,4032258064516129;20,161290322580644;14083;82,2;608,0164003649635;17132,603406326034;42,58662055811971;149548,5;10,619079741532344;48,34260245943863
17202;Tossa de Mar;Selva;2018;511,9953684;;;;2155,21;162;0;4,320987654320987;13644;82,2;622,8654116788321;16598,54015;45,03037540897098;193968,9;14,216424802110817;64,71925904417162
17213;Vidreres;Selva;2018;591,6233766;;;;1151,72;80;0;15;15541;82,2;719,7364678832116;18906,32603406326;45,682263169680205;103654,8;6,669763850460074;30,363623795012444
17221;Vilafant;Alt Empordà;2018;523,1818182;;;;1144,89;40;0;7,5;16167;82,2;636,4742313868612;19667,88321167883;38,83331365373909;103040,1;6,373483021;29,014826469342275
25003;Agramunt;Urgell;2018;328,071875;;;;656,37;24;0;8,333333333333332;15184;82,2;399,11420316301695;18472,019464720193;25,927703503688093;59073,3;3,890496575342466;17,711207928498766
25011;Alcarràs;Segrià;2018;372,406;;;;564,03;87;0;24,137931034482758;13081;82,2;453,04866180048657;15913,625304136252;34,16307621741457;50762,7;3,880643681675713;17,666353333449056
25019;Almacelles;Segrià;2018;326,8461538;;;;575,88;39;2,564102564102564;33,33333333333333;14328;82,2;397,6230581508516;17430,656934306568;27,37404973;51829,2;3,617336683417085;16,467667020564463
25023;Alpicat;Segrià;2018;514,9711364;;;;975,97;51;0;15,686274509803921;18420;82,2;626,4855673965936;22408,759124087588;33,54860823452769;87837,3;4,768583061889251;21,708633974572603
25040;Balaguer;Noguera;2018;331,6457062;;;;677,66;121;0,8264462809917356;9,917355371900827;13409;82,2;403,46192968369826;16312,65206812652;29,67968136624655;60989,399999999994;4,548392870460138;20,706233846801336
25050;Bellpuig;Urgell;2018;342,7385106;;;;;;;;13641;82,2;416,9568255474452;16594,890510948902;30,150737681988126;;;
25058;Borges Blanques, les;Garrigues;2018;315,3835772;;;;645,59;42;0;23,809523809523807;14565;82,2;383,67831776155714;17718,97810218978;25,98422881;58103,100000000006;3,989227600411947;18,16067387201922
25072;Cervera;Segarra;2018;295,4020313;;;;838,61;90;5,555555555555555;51,11111111111111;13998;82,2;359,36986776155715;17029,197080291968;25,323791795970852;75474,9;5,391834547792541;24,54594187211453
25110;Guissona;Segarra;2018;383,2746667;;;;498,6;65;0;55,38461538461539;14729;82,2;466,2708840632603;17918,491484184913;31,226125333695425;44874;3,046642677710639;13,869623299699605
25120;Lleida;Segrià;2018;432,3213018;;;;940,33;1.474;8616,010854816825;30054,27408412483;16537;82,2;525,9383233576642;20118,004866180047;31,371201678659972;84629,7;5,117596903912439;23,297494575343794
25137;Mollerussa;Pla d'Urgell;2018;357,0733159;;;;683,6;143;2,097902097902098;13,286713286713287;14726;82,2;434,39576143552307;17914,841849148415;29,097377365204398;61524;4,177916610077414;19,019667118585286
25203;Seu d'Urgell, la;Alt Urgell;2018;384,3237856;;;;1036,09;82;1,2195121951219512;18,29268292682927;14025;82,2;467,54718442822383;17062,043795620437;32,88331855401069;93248,09999999999;6,648705882352941;30,267758898469175
25207;Solsona;Solsonès;2018;310,0391241;;;;951,32;47;0;23,404255319148938;14637;82,2;377,17654999999996;17806,569343065694;25,418251617134658;85618,8;5,849477351916376;26,62932806815686
25217;Tàrrega;Urgell;2018;331,5598328;;;;718,46;219;0,913242009;26,027397260273972;14367;82,2;403,3574608272506;17478,10218978102;27,69345022342869;64661,4;4,500689079139695;20,48906574224396
25234;Tremp;Pallars Jussà;2018;315,5045652;;;;583,11;72;0;0;15558;82,2;383,82550510948903;18927,00729927007;24,335099514076358;52479,9;3,373177786;15,356151071419763
25243;Vielha e Mijaran;Val d'Aran;2018;550,0861765;;;;1545,33;152;0;5,921052631578947;15943;82,2;669,2045942822383;19395,37712895377;41,40396486232202;139079,69999999998;8,723558928683433;39,71337927442431
43004;Alcanar;Montsià;2018;351,7991667;;;;940,39;138;1,4492753623188406;14,492753623188406;13045;82,2;427,97952153284666;15869,829683698295;32,36174779915676;84635,1;6,487934074357992;29,53585671958381
43005;Alcover;Alt Camp;2018;394,5972222;;;;1073,7;13;0;7,6923076923076925;15558;82,2;480,04528248175177;18927,00729927007;30,435574408021594;96633;6,211145391438488;28,275795999697138
43012;Altafulla;Tarragonès;2018;592,8777165;;;;1902,6;127;0;22,04724409448819;19467;82,2;721,2624288321167;23682,481751824816;36,54663069810448;171234;8,796116505;40,043692460277235
43013;Ametlla de Mar, l';Baix Ebre;2018;356,759375;;;;1656,91;164;0;4,2682926829268295;13238;82,2;434,0138381995133;16104,622871046227;32,33957168756609;149121,9;11,264684997733797;51,2816743
43014;Amposta;Montsià;2018;312,2829562;;;;628,06;248;0;3,225806451612903;13180;82,2;379,9062727493917;16034,063260340632;28,43243911;56525,399999999994;4,288725341426403;19,524115957752393
43016;Arboç, l';Baix Penedès;2018;400,7429268;;;;774,16;39;5,128205128205128;15,384615384615385;13465;82,2;487,5218087591241;16380,778588807785;35,71418582695878;69674,4;5,174481990345339;23,556459870475827
43037;Calafell;Baix Penedès;2018;541,3073323;;;;1529,86;537;0,186219739;41,340782122905026;14282;82,2;658,5247351581507;17374,695863746958;45,481641139896375;137687,4;9,640624562;43,88825510532278
43038;Cambrils;Baix Camp;2018;527,7134961;;;;1814,74;712;0;6,882022471910113;15657;82,2;641,9872215328467;19047,44525547445;40,44556398543782;163326,6;10,431538608928914;47,48883484125402
43043;Catllar, el;Tarragonès;2018;586,1875;;;;;;;;18115;82,2;713,1234793187348;22037,712895377128;38,83107921611924;;;
43044;Sénia, la;Montsià;2018;252,1523529;;;;546,03;36;0;22,22222222222222;11991;82,2;306,7546872262774;14587,59124087591;25,234160910683013;49142,7;4,098298724043032;18,65721237609311
43047;Constantí;Tarragonès;2018;357,4773077;;;;629,44;70;0;22,857142857142858;12695;82,2;434,8872356447688;15444,038929440389;33,790686824734145;56649,600000000006;4,462355257975581;20,31455375792953
43051;Cunit;Baix Penedès;2018;552,2204795;;;;1507,3;349;0,5730659025787965;11,461318051575931;14281;82,2;671,8010699513381;17373,479318734793;46,40183288285134;135657;9,499124711154682;43,24408713383631
43086;Montblanc;Conca de Barberà;2018;378,3733945;;;;809,4;41;2,4390243902439024;2,4390243902439024;16641;82,2;460,3082658150851;20244,525547445253;27,284903154858487;72846;4,377501352082207;19,928262408812863
43092;Mont-roig del Camp;Baix Camp;2018;456,4114793;;;;1963,12;427;0;0,234192037;13825;82,2;555,2451086374696;16818,73479318735;39,61618626835443;176680,8;12,779804701627485;58,17914859
43093;Móra d'Ebre;Ribera d'Ebre;2018;322,1621622;;;;662,08;39;0;7,6923076923076925;14663;82,2;391,9247715328467;17838,199513381995;26,365313690240743;59587,200000000004;4,0637795812589514;18,500066442785464
43100;Pallaresos, els;Tarragonès;2018;693,4375;;;;;;;;17536;82,2;843,5979318734793;21333,333333333332;47,45238366788321;;;
43123;Reus;Baix Camp;2018;328,5294118;;;;1028,61;1.182;1861,252115059222;11590,524534686972;15544;82,2;399,6708172749391;18909,975669099756;25,362538224395266;92574,9;5,955667781780751;27,112752419501795
43129;Riudoms;Baix Camp;2018;0;;;;980,34;45;0;31,11111111111111;13606;82,2;0;16552,311435523112;0;88230,6;6,484683227987653;29,521057473550893
43131;Roda de Berà;Tarragonès;2018;437,2725758;;;;1530,74;125;0;13,600000000000001;14952;82,2;531,9617710462287;18189,78102189781;35,09410721;137766,6;9,213924559;41,94573379884779
43133;Roquetes;Baix Ebre;2018;481,2394508;;;;712,44;36;0;0;14046;82,2;585,4494535279805;17087,59124087591;41,11400690303289;64119,600000000006;4,564972234087997;20,781710216166687
43136;Ràpita, la;Montsià;2018;0;;;;916,85;222;0;0,9009009009009009;13060;82,2;0;15888,077858880777;0;82516,5;6,318261868300153;28,763436113889533
43145;Selva del Camp, la;Baix Camp;2018;437,4333333;;;;1239,99;30;0;0;15342;82,2;532,1573397810218;18664,233576642335;34,21457436840048;111599,1;7,2740907313257726;33,11477877909087
43148;Tarragona;Tarragonès;2018;513,7768456;;;;1271,17;1.625;61,53846153846154;15138,461538461539;16231;82,2;625,0326588807785;19745,742092457418;37,984857046392705;114405,3;7,048567555911528;32,08810062243283
43153;Torredembarra;Tarragonès;2018;487,6006352;;;;1518,75;320;1,5625;17,1875;14104;82,2;593,1881206812651;17158,150851581508;41,48615727736812;136687,5;9,691399602949518;44,11940485281108
43155;Tortosa;Baix Ebre;2018;346,4208947;;;;881,57;328;0;1,8292682926829267;14739;82,2;421,4366115571776;17930,656934306568;28,204428634235708;79341,3;5,3830856910238145;24,506113326229244
43156;Ulldecona;Montsià;2018;251,825493;;;;626,71;64;1,5625;23,4375;12450;82,2;306,35704744525543;15145,985401459853;24,272336674698796;56403,9;4,530433734939759;20,624476164393016
43161;Valls;Alt Camp;2018;407,3067804;;;;1167,36;99;0;3,0303030303030303;16113;82,2;495,50703211678825;19602,189781021898;30,333776235337922;105062,4;6,520350028;29,683428034133584
43162;Vandellòs i l'Hospitalet de l'Infant;Baix Camp;2018;463,7857143;;;;1342,68;69;0;31,88405797101449;14987;82,2;564,2161974452554;18232,3601;37,13504084606659;120841,20000000001;8,063067992;36,70654143680064
43163;Vendrell, el;Baix Penedès;2018;464,4920791;;;;1228,25;752;0;4,255319149;14986;82,2;565,0755220194646;18231,143552311434;37,194080803416526;110542,5;7,376384625650608;33,580464430553896
43171;Vila-seca;Tarragonès;2018;476,8141274;;;;2057,74;375;0;0,8;13961;82,2;580,0658484184914;16984,184914841848;40,983951928944926;185196,59999999998;13,265281856600529;60,38924868
43901;Deltebre;Baix Ebre;2018;292,2796703;;;;850,15;134;0;27,611940298507463;13010;82,2;355,5713750608272;15827,250608272505;26,95892423981553;76513,5;5,881129900076864;26,773424034078097
43905;Salou;Tarragonès;2018;455,9760032;;;;1722,45;848;1,5330188679245282;14,858490566037736;13143;82,2;554,7153323600972;15989,05109489051;41,63213907327094;155020,5;11,794909837936544;53,695485034375324
43907;Canonja, la;Tarragonès;2018;413,7550485;;;;;-;;;14224;82,2;503,35164051094887;17304,13625304136;34,90621893982002;;;
08001;Abrera;Baix Llobregat;2017;613,6871975;;;;1391,6;102;0;3,9215686274509802;17437;80,8;759,5138582920792;21580,445544554455;42,23344824224351;125243,99999999999;7,182657567242071;32,69853582673602
08003;Alella;Maresme;2017;1121,659172;;;;3116,2;119;0;38,655462184873954;27406;80,8;1388,1920445544554;33918,31683168317;49,11300468510545;280458;10,233452528643364;46,58706210151839
08005;Ametlla del Vallès, l';Vallès Oriental;2017;917,3300971;;;;1383,3;95;0;25,263157894736842;21675;80,8;1135,3095261138615;26825,495049504952;50,78644136193772;124497;5,743806228373702;26,14826782176977
08006;Arenys de Mar;Maresme;2017;573,1845141;;;;1743,8;225;0;18,666666666666668;17048;80,8;709,3867748762377;21099,009900990102;40,34616476536838;156942;9,205889253871423;41,909153647743956
08007;Arenys de Munt;Maresme;2017;568,3511602;;;;1428,3;75;0;17,333333333333336;17564;80,8;703,4049012376238;21737,62376237624;38,830641780915506;128547;7,318777043953541;33,31821002730849
08009;Argentona;Maresme;2017;685,7961215;;;;1755,4;122;0;21,311475409836063;18082;80,8;848,7575761138614;22378,71287128713;45,51240713416658;157986;8,737197213;39,77546658880358
08010;Artés;Bages;2017;338,2545255;;;;1196,7;48;0;25;16692;80,8;418,6318385;20658,41584158416;24,317363443565778;107703;6,452372393961179;29,373964708217805
08015;Badalona;Barcelonès;2017;638,238043;;;;1957,5;2.383;3986,5715484683174;28871,17079311792;16369;80,8;789,8985681;20258,663366336634;46,78878682876168;176175;10,762722218828273;48,996524583127666
08019;Barcelona;Barcelonès;2017;877,2765183;;;;3745,9;15.676;529,4718040316408;536,3740750191374;21371;80,8;1085,7382652227723;26449,257425742577;49,25982976744186;337131;15,775162603528146;71,81530161156114
08020;Begues;Baix Llobregat;2017;910,9117647;;;;1720,9;70;0;15,714285714285714;21783;80,8;1127,3660454207923;26959,158415841586;50,181064024239085;154881;7,110177661479135;32,36857622987085
08022;Berga;Berguedà;2017;343,5981285;;;;960;114;0;0,8771929824561403;16717;80,8;425,24520853960394;20689,356435643567;24,66457822575821;86400;5,168391457797452;23,528733155836214
08023;Bigues i Riells del Fai;Vallès Oriental;2017;686,0646721;;;;1207,6;105;0;20,952380952380953;18443;80,8;849,0899407;22825,495049504952;44,63902871116412;108683,99999999999;5,892967521552892;26,827313960795827
08029;Cabrera de Mar;Maresme;2017;876,3076923;;;;;;;;23569;80,8;1084,5392231435644;29169,55445544555;44,61662483601341;;;
08030;Cabrils;Maresme;2017;1147,053458;;;;2398,7;77;0;1,2987012987012987;24446;80,8;1419,620616336634;30254,950495049507;56,30631390002454;215882,99999999997;8,831015299026424;40,20256672942648
08033;Caldes de Montbui;Vallès Oriental;2017;585,1193043;;;;1499;166;0;27,10843373493976;17825;80,8;724,1575548267326;22060,643564356436;39,390920906591866;134910;7,568583450210379;34,45543585887125
08035;Calella;Maresme;2017;490,3127113;;;;1731,7;262;0,38167938931297707;35,49618320610687;14683;80,8;606,8226625;18172,0297;40,071869070353465;155853;10,614520193420963;48,321845442153865
08040;Canet de Mar;Maresme;2017;549,9479021;;;;1701,5;155;0;21,935483870967744;16750;80,8;680,6285917079208;20730,19801980198;39,39925268776119;153135;9,142388059701492;41,62006899444295
08041;Canovelles;Vallès Oriental;2017;475,7252657;;;;946,2;133;0,7518796992481203;15,037593984962406;14055;80,8;588,7688931930694;17394,801980198023;40,61688501;85158;6,058911419423692;27,582761709621206
08043;Canyelles;Garraf;2017;882,5;;;;;;;;17728;80,8;1092,2029702970299;21940,594059405943;59,736010830324915;;;
08044;Capellades;Anoia;2017;408,8068182;;;;886,8;41;0;9,756097561;16073;80,8;505,94903242574264;19892,326732673268;30,521258124805577;79812;4,965594475206869;22,60551436965394
08046;Cardedeu;Vallès Oriental;2017;615,6352033;;;;1851,1;160;0;1,25;17453;80,8;761,9247566;21600,247524752478;42,328668077694374;166599;9,545579556523235;43,45556950110616
08051;Castellar del Vallès;Vallès Occidental;2017;628,7416975;;;;1481,4;292;0;2,739726027;17964;80,8;778,1456652227723;22232,673267326736;42,00011339345357;133326;7,421843687374749;33,78741356386854
08054;Castellbisbal;Vallès Occidental;2017;640,5081875;;;;1754,6;102;0;0;17378;80,8;792,7081528465346;21507,425742574258;44,228900046035214;157914;9,087006560018414;41,36794867065301
08056;Castelldefels;Baix Llobregat;2017;913,7680851;;;;2992,1;788;0;0,5076142131979695;22243;80,8;1130,9010954207922;27528,465346534656;49,297383541788435;269289;12,106685249291912;55,11482033786985
08067;Centelles;Osona;2017;479,0682;;;;1406,2;61;0;21,311475409836063;17093;80,8;592,9061881188119;21154,702970297032;33,63258877903235;126558;7,404083542970807;33,706561774312426
08068;Cervelló;Baix Llobregat;2017;764,1826087;;;;1570,5;124;0;25;19328;80,8;945,7705553217821;23920,792079207924;47,44511229511589;141345;7,312965645695364;33,29175405159623
08072;Corbera de Llobregat;Baix Llobregat;2017;655,0517803;;;;1491,4;154;0;21,428571428571427;18585;80,8;810,7076488861387;23001,23762376238;42,295514466505246;134226;7,222276029;32,878896045900724
08073;Cornellà de Llobregat;Baix Llobregat;2017;602,4542186;;;;2209,7;634;0,47318611987381703;0,9463722397476341;16380;80,8;745,6116566831683;20272,277227722774;44,135840190476195;198872,99999999997;12,14120879120879;55,27198629791552
08074;Cubelles;Garraf;2017;615,6633333;;;;1628,6;277;0;0,36101083032490977;17329;80,8;761,9595709158416;21446,78217821782;42,63350452767038;146574;8,458306884;38,505838278423774
08075;Dosrius;Maresme;2017;763,5498958;;;;1526,1;56;0;23,214285714285715;17858;80,8;944,9874948019802;22101,485148514854;51,30809020942995;137349;7,691174823608467;35,013524334839815
08076;Esparreguera;Baix Llobregat;2017;545,2598058;;;;1454,6;230;0;0;16908;80,8;674,8264923267327;20925,742574257427;38,698353853797016;130913,99999999999;7,7427253371185225;35,248204367559566
08077;Esplugues de Llobregat;Baix Llobregat;2017;772,988454;;;;2601,8;345;0;11,594202898550725;20116;80,8;956,6688787128714;24896,0396;46,111858460926626;234162,00000000003;11,640584609266257;52,99293044766373
08086;Franqueses del Vallès, les;Vallès Oriental;2017;563,4337173;;;;1499,3;165;0;20,606060606060606;16028;80,8;697,3189570544555;19836,633663366338;42,18370730970801;134937;8,418829548290491;38,32612052389144
08088;Garriga, la;Vallès Oriental;2017;651,7595122;;;;1718,2;192;0;39,0625;18532;80,8;806,6330596534655;22935,643564356436;42,20329239369739;154638;8,344377293330455;37,98718194810648
08089;Gavà;Baix Llobregat;2017;820,2878387;;;;2579,6;625;19,84;28,799999999999997;17923;80,8;1015,2077211633664;22181,93069306931;54,92079486916253;232164;12,95341182;58,96948259311288
08091;Gelida;Alt Penedès;2017;503,6905031;;;;1057;57;0;1,7543859649122806;16479;80,8;623,3793355;20394,801980198023;36,67871859457491;95130;5,772801747678864;26,28026785350436
08092;Gironella;Berguedà;2017;286,6856098;;;;;;;;16881;80,8;354,808923;20892,326732673268;20,379286283987916;;;
08096;Granollers;Vallès Oriental;2017;582,412039;;;;1634,4;539;0,7421150278293136;9,833024118738404;17076;80,8;720,8069789603961;21133,663366336634;40,92846373858047;147096;8,614195361911454;39,21550944382811
08101;Hospitalet de Llobregat, l';Barcelonès;2017;608,2501545;;;;1962,6;2.630;4980,988593155894;14600,760456273763;15365;80,8;752,7848446782178;19016,08910891089;47,504079752684675;176634;11,495867230719167;52,33411491276272
08102;Igualada;Anoia;2017;416,7443538;;;;1024,6;337;1,483679525222552;16,61721068249258;16334;80,8;515,7727150990099;20215,34653465347;30,616702862740297;92213,99999999999;5,645524672462348;25,700848054505443
08105;Llagosta, la;Vallès Oriental;2017;517,5978049;;;;1333,6;93;3,225806451612903;20,43010752688172;15270;80,8;640,5913426980198;18898,51485148515;40,67566247;120023,99999999999;7,860117878192534;35,78262553050163
08106;Llinars del Vallès;Vallès Oriental;2017;582,8053691;;;;1441,7;87;0;2,2988505747126435;16700;80,8;721,2937736;20668,31683168317;41,87823011497006;129753;7,769640718562874;35,37073472017755
08107;Lliçà d'Amunt;Vallès Oriental;2017;774,1552326;;;;1265,8;163;0,6134969325153374;18,404907975460123;17817;80,8;958,1129116336634;22050,742574257427;52,14044334736487;113922;6,394005724869507;29,108254613797396
08108;Lliçà de Vall;Vallès Oriental;2017;791,1583333;;;;1177,1;46;0;17,391304347826086;20105;80,8;979,1563530940595;24882,425742574258;47,22158666799304;105938,99999999999;5,269286247202188;23,988049482028345
08110;Malgrat de Mar;Maresme;2017;495,2137798;;;;1387,1;177;0;17,51412429378531;15038;80,8;612,8883413366337;18611,386138613863;39,51699266923793;124838,99999999999;8,301569357627343;37,792301876746734
08112;Manlleu;Osona;2017;380,1850139;;;;798,4;192;0;10,416666666666668;15071;80,8;470,52600730198026;18652,227722772277;30,271515936566917;71856;4,7678322606330035;21,70521600545096
08113;Manresa;Bages;2017;396,4115135;;;;941,3;751;1,1984021304926764;26,098535286284953;16256;80,8;490,60830878712875;20118,81188118812;29,26266094;84717;5,211429625984252;23,724661344142362
08114;Martorell;Baix Llobregat;2017;554,9366583;;;;1302,4;219;0;0,456621005;15575;80,8;686,8027949257425;19275,9901;42,75595441155698;117216,00000000001;7,525906902086678;34,26115392
08118;Masnou, el;Maresme;2017;791,3084676;;;;2369,3;220;0;9,090909090909092;19818;80,8;979,3421628712872;24527,22772277228;47,914530281562214;213237,00000000003;10,759763851044507;48,98305682498097
08119;Masquefa;Anoia;2017;569,7786508;;;;1351,2;67;0;10,44776119402985;15649;80,8;705,1715975247525;19367,574257425746;43,69188963895457;121608;7,770975781200077;35,37681249752735
08120;Matadepera;Vallès Occidental;2017;954,3214953;;;;2047,9;70;0;0;27915;80,8;1181,090959529703;34548,267326732675;41,024029889306824;184311;6,602579258463192;30,05777073605084
08121;Mataró;Maresme;2017;576,5113259;;;;1630,9;1.167;0;12853,470437017995;15338;80,8;713,5041162128713;18982,673267326732;45,10455021;146781;9,569761376972226;43,565655512433395
08123;Molins de Rei;Baix Llobregat;2017;679,5067925;;;;2076,6;248;0;31,048387096774192;19390;80,8;840,9737530940595;23997,52475247525;42,05302480660134;186894;9,638679731820526;43,87940140300801
08124;Mollet del Vallès;Vallès Oriental;2017;558,5832774;;;;1641,9;387;2,5839793281653747;18,087855297157624;16123;80,8;691,3159373762377;19954,20792079208;41,57414456862867;147771;9,165229795943683;41,724054368083294
08125;Montcada i Reixac;Vallès Occidental;2017;556,6322876;;;;1415,3;268;1,1194029850746268;16,044776119402986;15930;80,8;688,901346;19715,34653465347;41,930869122410556;127377;7,996045197740113;36,40142494930301
08126;Montgat;Maresme;2017;835,040543;;;;2470,5;125;32;35,199999999999996;19157;80,8;1033,4660185643565;23709,158415841586;52,307180226549036;222345;11,606462389726993;52,83759147909296
08135;Montmeló;Vallès Oriental;2017;535,83425;;;;1391,1;49;2,0408163265306123;24,489795918367346;16512;80,8;663,1612004950496;20435,643564356436;38,94144258720931;125198,99999999999;7,5823037790697665;34,517896676550954
08136;Montornès del Vallès;Vallès Oriental;2017;550,6895434;;;;1438,3;141;1,4184397163120568;19,858156028368796;15662;80,8;681,5464646039605;19383,663366336634;42,19304380538884;129447;8,265036393819436;37,62598816698868
08138;Moià;Moianès;2017;454,00875;;;;1427;65;0;29,230769230769234;15636;80,8;561,8920173267327;19351,485148514854;34,843342287029934;128430;8,213737528779738;37,39245374596582
08140;Navarcles;Bages;2017;380,6902941;;;;1058,9;36;0;16,666666666666664;16831;80,8;471,15135408415847;20830,445544554455;27,14208026379894;95301,00000000001;5,662230408175391;25,776899723767286
08141;Navàs;Bages;2017;304,1283432;;;;1045,3;33;0;21,21212121212121;16612;80,8;376,3964643564357;20559,40594059406;21,969300014447388;94077;5,663195280520106;25,781292236237284
08147;Olesa de Montserrat;Baix Llobregat;2017;525,0828329;;;;1341,3;221;0;0;16404;80,8;649,8549912128713;20301,980198019803;38,41132647403072;120717;7,358997805413313;33,50131217261597
08155;Palafolls;Maresme;2017;474,0262097;;;;1424;77;0;10,38961038961039;15077;80,8;586,6661011138614;18659,653465346535;37,72842419844796;128160;8,500364794057173;38,69730390969042
08156;Palau-solità i Plegamans;Vallès Occidental;2017;679,5135556;;;;1727,1;104;0;7,6923076923076925;17936;80,8;840,9821232673269;22198,0198;45,46254832292596;155439;8,666313559322035;39,45277381697978
08157;Pallejà;Baix Llobregat;2017;741,4767544;;;;1987,7;130;0,7692307692307693;51,53846153846153;18961;80,8;917,6692504950496;23466,584158415844;46,92643348346606;178893;9,434787194768209;42,95119518
08159;Parets del Vallès;Vallès Oriental;2017;620,9169421;;;;1807;149;0;18,120805369127517;17288;80,8;768,4615620049506;21396,0396;43,09927872049977;162630;9,407103193;42,825165741420335
08161;Piera;Anoia;2017;501,8409524;;;;982,6;136;0;13,970588235294118;14832;80,8;621,0902876237624;18356,435643564357;40,6020188;88434;5,962378640776699;27,14330312601298
08163;Pineda de Mar;Maresme;2017;476,4289465;;;;1536,1;333;0,3003003003003003;8,108108108108109;14162;80,8;589,6397852722772;17527,227722772277;40,36963252365485;138249;9,761968648495975;44,44066539495125
08167;Polinyà;Vallès Occidental;2017;526,0387931;;;;1657,6;89;0;37,07865168539326;16333;80,8;651,0381102722773;20214,10891089109;38,648536810138985;149184;9,133900691850855;41,58143085819037
08169;Prat de Llobregat, el;Baix Llobregat;2017;636,6177917;;;;2059,6;374;0,267379679;3,2085561497326207;17268;80,8;787,8933066;21371,287128712873;44,24029129256428;185364;10,73453787352328;48,86821736312159
08172;Premià de Mar;Maresme;2017;696,3077431;;;;1993,2;264;0;0,7575757575757576;17933;80,8;861,7670087871288;22194,30693069307;46,59394923994869;179388;10,003234260859868;45,539009872017736
08180;Ripollet;Vallès Occidental;2017;540,3884308;;;;1930,5;368;0,5434782608695652;8,967391304347826;15654;80,8;668,7975628712873;19373,762376237624;41,42494678420851;173745;11,099080107320813;50,52776985892071
08181;Roca del Vallès, la;Vallès Oriental;2017;608,7806667;;;;1573,5;98;0;11,224489795918368;18528;80,8;753,4414191831684;22930,693069306933;39,428799656735755;141615;7,643296632124352;34,79556228598722
08183;Roda de Ter;Osona;2017;387,4358824;;;;884,4;65;0;20;16413;80,8;479,4998544554456;20313,118811881188;28,326513061597513;79596;4,849570462438311;22,077323334127367
08184;Rubí;Vallès Occidental;2017;582,2553263;;;;1445,7;807;0;4,956629491945478;15832;80,8;720,6130275990099;19594,059405940596;44,132541154623546;130113;8,218355229914097;37,41347550073631
08187;Sabadell;Vallès Occidental;2017;589,1953778;;;;1581,1;2.361;1567,132570944515;14400,677678949598;17215;80,8;729,2022002475247;21305,693069306933;41,070836674992734;142299;8,265988963113564;37,630324670699174
08191;Sallent;Bages;2017;337,4730645;;;;762,8;39;0;35,8974359;17330;80,8;417,66468378712875;21448,0198;23,368013698788232;68652;3,9614541257934217;18,03423711148248
08192;Santpedor;Bages;2017;430,1088618;;;;1245,8;57;0;24,561403508771928;17937;80,8;532,3129477722773;22199,257425742577;28,774635343702965;112122;6,2508780732563975;28,456676197277552
08194;Sant Adrià de Besòs;Barcelonès;2017;654,0798792;;;;2190,6;324;0,30864197530864196;15,123456790123457;14597;80,8;809,5048009900992;18065,594059405943;53,77103891484551;197154;13,506473932999931;61,487258393783065
08196;Sant Andreu de la Barca;Baix Llobregat;2017;606,730152;;;;1742,3;206;0;0,9708737864077669;16099;80,8;750,9036534653466;19924,50495049505;45,22493213243058;156807;9,740170197;44,34142950021614
08197;Sant Andreu de Llavaneres;Maresme;2017;837,3806167;;;;2128,6;141;0;21,27659574468085;19920;80,8;1036,3621493811881;24653,465346534656;50,44461546385541;191574;9,617168674698796;43,78147385107044
08198;Sant Antoni de Vilamajor;Vallès Oriental;2017;607,0533333;;;;1501,2;76;0;3,9473684210526314;18544;80,8;751,3036303217822;22950,495049504952;39,28300258628128;135108;7,285806729939603;33,16811502641074
08200;Sant Boi de Llobregat;Baix Llobregat;2017;639,5874379;;;;2004,9;473;2,3255813953488373;25,158562367864697;16641;80,8;791,5686112623764;20595,29702970297;46,12132236524247;180441;10,843158464034614;49,36270485
08202;Sant Celoni;Vallès Oriental;2017;505,9779392;;;;1187,2;146;0,684931507;16,43835616438356;15883;80,8;626,2103207920792;19657,178217821784;38,22788686268337;106848;6,727192595857206;30,625064058768974
08205;Sant Cugat del Vallès;Vallès Occidental;2017;1095,847073;;;;3311,3;960;2,9166666666666665;40,208333333333336;24391;80,8;1356,2463774752475;30186,881188118816;53,914004657455614;298017;12,218318232134804;55,62302152312214
08208;Sant Esteve Sesrovires;Baix Llobregat;2017;774,4666667;;;;1299,8;98;0;2,0408163265306123;18481;80,8;958,4983498762377;22872,52475247525;50,28732211676857;116982;6,329852281;28,816200639029887
08209;Sant Fost de Campsentelles;Vallès Oriental;2017;749,1707895;;;;1619,6;61;0;24,59016393442623;18847;80,8;927,1915711633663;23325,495049504952;47,70016169151589;145764;7,734069082612617;35,20879738686518
08210;Sant Feliu de Codines;Vallès Oriental;2017;495,0122768;;;;1117,9;46;0;28,26086956521739;16088;80,8;612,6389564356436;19910,89108910891;36,922845111884634;100611,00000000001;6,253791645947291;28,469940028961734
08211;Sant Feliu de Llobregat;Baix Llobregat;2017;729,2431922;;;;2324,1;407;0,7371007371007371;26,044226044226043;19146;80,8;902,5287032178218;23695,544554455446;45,706248335944835;209169;10,92494516;49,73503293427617
08213;Sant Fruitós de Bages;Bages;2017;419,3751064;;;;1520,8;62;3,225806451612903;14,516129032258066;19139;80,8;519,028597;23686,881188118812;26,294483916610062;136872;7,151470818747061;32,55656038053986
08214;Vilassar de Dalt;Maresme;2017;720,3348;;;;2171,9;79;0;1,2658227848101267;20439;80,8;891,5034653465347;25295,792079207924;42,29178335535006;195471;9,563628357551739;43,53773537933929
08217;Sant Joan Despí;Baix Llobregat;2017;754,4521903;;;;2551;256;0;18,359375;19456;80,8;933,7279582920793;24079,20792079208;46,53282423725329;229590;11,800472861842104;53,720810303577984
08218;Sant Joan de Vilatorrada;Bages;2017;399,0845;;;;1138,5;94;1,0638297872340425;15,957446808510639;16272;80,8;493,9164603960396;20138,61386138614;29,431010324483776;102465;6,297013274336283;28,66670340674169
08219;Vilassar de Mar;Maresme;2017;798,6760398;;;;2518,8;233;0;8,154506438;20756;80,8;988,4604452970298;25688,11881188119;46,17514201965697;226692,00000000003;10,921757564077858;49,72052163932557
08221;Sant Just Desvern;Baix Llobregat;2017;891,9425571;;;;3465,4;151;1,3245033112582782;19,867549668874172;25440;80,8;1103,8893033415843;31485,148514851488;42,072762127358494;311886;12,259669811320755;55,81127163540239
08230;Premià de Dalt;Maresme;2017;884,7042063;;;;2157;86;0;2,3255813953488373;20988;80,8;1094,9309483910893;25975,247524752478;50,58343089193825;194130;9,249571183533448;42,108012514209896
08231;Sant Pere de Ribes;Garraf;2017;660,3247541;;;;1940,9;271;0;8,487084870848708;16126;80,8;817,2336066;19957,92079207921;49,13739953615279;174681;10,832258464591343;49,31308338
08234;Sant Pere de Vilamajor;Vallès Oriental;2017;709,74675;;;;;;;;17846;80,8;878,3994431;22086,633663366338;47,724761851395265;;;
08235;Sant Pol de Mar;Maresme;2017;651,5156716;;;;;;;;18623;80,8;806,3312767326734;23048,267326732675;41,981356705149544;;;
08238;Sant Quirze del Vallès;Vallès Occidental;2017;740,9130481;;;;2467,5;187;0;4,278074866;22256;80,8;916,9715941831683;27544,55445544555;39,948582751617536;222075;9,978208123652049;45,42508016891916
08240;Sant Sadurní d'Anoia;Alt Penedès;2017;502,1581132;;;;1612,1;82;0;14,634146341463413;17477;80,8;621,4828133663367;21629,950495049507;34,47901446701378;145089;8,30171082;37,79294587380274
08244;Santa Coloma de Cervelló;Baix Llobregat;2017;705,5507246;;;;1892,4;46;0;10,869565217391305;18511;80,8;873,2063423267327;22909,653465346535;45,73825668629464;170316;9,200799525;41,885983018607966
08245;Santa Coloma de Gramenet;Barcelonès;2017;529,1409399;;;;1678;892;0;0,5605381165919282;14142;80,8;654,8774008663368;17502,475247524755;44,89952820534578;151020;10,678829019940602;48,61460678407249
08248;Santa Eulàlia de Ronçana;Vallès Oriental;2017;707,7272727;;;;1237,8;66;0;25,757575757575758;18062;80,8;875,9000899752475;22353,960396039605;47,01986088140848;111402;6,167755508803012;28,078266656471218
08250;Santa Margarida de Montbui;Anoia;2017;354,7667391;;;;760,9;91;1,098901098901099;16,483516483516482;11963;80,8;439,0677464108911;14805,693069306932;35,58639863913734;68481;5,724400234055003;26,05992341796895
08251;Santa Margarida i els Monjos;Alt Penedès;2017;452,8362366;;;;1092;57;3,508771929824561;19,298245614035086;16021;80,8;560,4408868811881;19827,970297029704;33,918200107359084;98280;6,134448536296111;27,926639041817275
08252;Barberà del Vallès;Vallès Occidental;2017;613,1251332;;;;1646,6;304;0,3289473684210526;5,592105263157895;17091;80,8;758,8182342;21152,227722772277;43,048982496050556;148194;8,670879410215903;39,473559527231885
08259;Santa Maria de Palautordera;Vallès Oriental;2017;575,519375;;;;1241,1;64;0;6,25;16813;80,8;712,2764542079208;20808,168316831685;41,07674121215726;111698,99999999999;6,6436091119966685;30,244556215265217
08260;Santa Perpètua de Mogoda;Vallès Occidental;2017;596,3583056;;;;1543,9;135;0;11,851851851851853;16236;80,8;738,0672099009902;20094,059405940596;44,07674099039172;138951;8,558203991;38,96061272540337
08262;Sant Vicenç de Castellet;Bages;2017;390,1180282;;;;1258,1;82;0;23,170731707317074;14751;80,8;482,81934183168323;18256,188118811882;31,736264242424244;113228,99999999999;7,676021964612568;34,94454202597762
08263;Sant Vicenç dels Horts;Baix Llobregat;2017;646,7198925;;;;1748,2;236;0,423728814;16,52542372881356;16015;80,8;800,3959065594061;19820,544554455446;48,45856203559163;157338;9,824414611301904;44,72494618
08264;Sant Vicenç de Montalt;Maresme;2017;1213,689314;;;;2412;88;0;20,454545454545457;22065;80,8;1502,090735148515;27308,168316831685;66,00621694085656;217080;9,838205302515295;44,78772732007075
08266;Cerdanyola del Vallès;Vallès Occidental;2017;698,9490011;;;;2234,5;433;0,23094688221709006;3,4642032332563506;18812;80,8;865,0358924504951;23282,178217821784;44,58530732085904;201105;10,690250903678503;48,66660409441567
08267;Sentmenat;Vallès Occidental;2017;501,2238537;;;;1458,5;90;0;15,555555555555555;17197;80,8;620,3265516089109;21283,41584158416;34,97520639879049;131265;7,633017386753504;34,74876675524057
08270;Sitges;Garraf;2017;955,3731572;;;;3979,6;484;0;9,297520661157025;20994;80,8;1182,3925212871288;25982,673267326736;54,608354226921975;358164;17,06030294;77,66581127
08274;Súria;Bages;2017;370,1608511;;;;1012,5;41;0;19,51219512195122;17573;80,8;458,1198652227723;21748,762376237624;25,277017089853754;91125;5,185511865;23,606672586507614
08278;Taradell;Osona;2017;437,2002837;;;;1291,3;58;0;51,724137931034484;18080;80,8;541,0894600247525;22376,23762376238;29,017717944690265;116217;6,427931415929203;29,262698900494506
08279;Terrassa;Vallès Occidental;2017;525,7353534;;;;1380;2.568;0;5996,884735202492;16770;80,8;650,6625661;20754,950495049507;37,61970328;124200;7,40608229;33,715660926582515
08281;Teià;Maresme;2017;834,3650575;;;;1921,6;65;1,5384615384615385;16,923076923076923;23895;80,8;1032,630021658416;29573,0198;41,901572253609544;172944;7,237664783427495;32,948952251621876
08282;Tiana;Maresme;2017;930,2195604;;;;2664,4;80;0;20;23160;80,8;1151,261832178218;28663,366336633666;48,19790468393783;239796;10,353886010362695;47,13532692966474
08283;Tona;Osona;2017;482,449635;;;;1856,1;39;0;28,205128205128204;17469;80,8;597,0911324257427;21620,049504950497;33,140967542503866;167049;9,562596599690881;43,533038375331785
08284;Tordera;Maresme;2017;457,0857333;;;;1064,2;151;0;13,90728476821192;13777;80,8;565,7001649752476;17050,742574257427;39,812940405022864;95778;6,9520214850838356;31,64858152712087
08285;Torelló;Osona;2017;387,0824206;;;;913,2;118;0;17,796610169491526;17493;80,8;479,06240173267327;21649,752475247526;26,553415921797292;82188;4,698336477448122;21,38884141359492
08289;Torrelles de Llobregat;Baix Llobregat;2017;710,9788764;;;;1523,8;36;0;33,33333333333333;18609;80,8;879,924352;23030,940594059408;45,84742069321296;137142;7,369659842;33,549850333100714
08291;Vacarisses;Vallès Occidental;2017;726,9811321;;;;1284,6;96;0;0;16775;80,8;899,7291238861386;20761,13861386139;52,004611536214604;115613,99999999999;6,892041728763039;31,375527968243293
08295;Vallirana;Baix Llobregat;2017;732,7907;;;;1353,2;126;0,7936507936507936;35,714285714285715;17515;80,8;906,9191831683169;21676,980198019803;50,20547188124465;121788;6,953354267770482;31,65464892515852
08298;Vic;Osona;2017;494,2011686;;;;1478,1;492;0,6097560975609756;22,35772357723577;17579;80,8;611,6351096534654;21756,188118811882;33,735787150577394;133029;7,567495306900279;34,45048216413127
08300;Viladecavalls;Vallès Occidental;2017;729,8613043;;;;1861,4;65;0;0;18608;80,8;903,2936934405942;23029,702970297032;47,06758196259673;167526;9,002901977644024;40,985068563364585
08301;Viladecans;Baix Llobregat;2017;683,7602264;;;;2080,4;582;0;0,1718213058419244;16808;80,8;846,237904;20801,980198019803;48,81677009043313;187236;11,139695383150881;50,712668002735775
08302;Vilanova del Camí;Anoia;2017;359,2385065;;;;749,1;95;0;8,421052631578947;13780;80,8;444,6021120049506;17054,455445544554;31,283469361393323;67419;4,892525399129172;22,272872616989904
08305;Vilafranca del Penedès;Alt Penedès;2017;491,451347;;;;1251,4;383;1,5665796344647518;20,365535248041773;16196;80,8;608,2318651;20044,554455445545;36,41279429488763;112626,00000000001;6,9539392442578425;31,657311988857522
08307;Vilanova i la Geltrú;Garraf;2017;583,2312737;;;;1808,7;663;1,0558069381598794;13,122171945701359;16797;80,8;721,8208832920792;20788,366336633666;41,66681719592784;162783;9,691194856224326;44,11847275796089
08902;Vilanova del Vallès;Vallès Oriental;2017;741,8125;;;;1537,4;30;0;33,33333333333333;20811;80,8;918,0847772277228;25756,188118811882;42,77425400028831;138366;6,648695401470376;30,267711184999495
08904;Badia del Vallès;Vallès Occidental;2017;274,6365116;;;;938,3;47;4,255319149;4,255319149;12579;80,8;339,89667277227727;15568,069306930694;26,199524121154305;84447;6,7133317433818265;30,561963517359015
17008;Anglès;Selva;2017;391,1072115;;;;736,6;31;0;3,225806451612903;14936;80,8;484,04357858910896;18485,148514851488;31,422646880021425;66294;4,438537761114087;20,206126303726425
17009;Arbúcies;Selva;2017;347,0977027;;;;857,3;77;0;6,493506493506493;14077;80,8;429,5763647277228;17422,0297;29,588494937841876;77157;5,481068409462243;24,952172657231174
17015;Banyoles;Pla de l'Estany;2017;451,5916376;;;;970,3;236;3,389830508474576;55,50847457627118;16289;80,8;558,9005415841584;20159,653465346535;33,26846123887286;87327;5,361102584566272;24,40603680338856
17020;Bescanó;Gironès;2017;596,1744444;;;;;;;;17657;80,8;737,8396589108911;21852,72277227723;40,51703762133997;;;
17022;Bisbal d'Empordà, la;Baix Empordà;2017;389,1589524;;;;940,7;90;0;23,333333333333332;13760;80,8;481,63236683168316;17029,702970297032;33,938280732558134;84663;6,152834302325582;28,01033892916238
17023;Blanes;Selva;2017;451,9718481;;;;1636,5;531;0;0,5649717514124294;14250;80,8;559,3710991336634;17636,13861386139;38,060787208421054;147285;10,33578947368421;47,05294373829278
17033;Caldes de Malavella;Selva;2017;588,0956452;;;;1708,3;82;0;17,073170731707318;16301;80,8;727,841145;20174,50495049505;43,29272892705969;153747;9,431752653;42,937380649536614
17034;Calonge i Sant Antoni;Baix Empordà;2017;517,1905442;;;;2098,1;326;0,6134969325153374;21,165644171779142;14243;80,8;640,0873071782179;17627,475247524755;43,57429284841676;188829;13,257670434599452;60,354598228641834
17044;Cassà de la Selva;Gironès;2017;472,4376296;;;;982,8;70;4,285714285714286;34,285714285714285;16284;80,8;584,7000366336633;20153,465346534656;34,814858481945464;88452;5,431834929992631;24,728040756574504
17047;Castelló d'Empúries;Alt Empordà;2017;501,1620112;;;;1988,3;528;0;9,090909090909092;12127;80,8;620,2500138613862;15008,663366336636;49,59135923;178947;14,75608147109755;67,17600750528129
17048;Castell d'Aro, Platja d'Aro i s'Agaró;Baix Empordà;2017;561,9354286;;;;2207,5;406;0;0;13243;80,8;695,4646393564357;16389,851485148516;50,919165923129206;198675;15,002265347730876;68,29674203
17049;Celrà;Gironès;2017;523,127193;;;;1322,5;38;0;21,052631578947366;15253;80,8;647,4346448019803;18877,475247524755;41,15601072575887;119025;7,803382941060775;35,52434377934435
17062;Escala, l';Alt Empordà;2017;480,1761491;;;;1950,5;390;0;6,41025641;16125;80,8;594,2774122524753;19956,683168316835;35,734039002790695;175545;10,886511627906977;49,560067031008096
17066;Figueres;Alt Empordà;2017;437,6287307;;;;1104,6;365;0;13,424657534246576;13260;80,8;541,6197162128714;16410,89108910891;39,60441001809955;99413,99999999999;7,497285067873302;34,13085506305692
17079;Girona;Gironès;2017;561,0305173;;;;1763,7;1.091;1833,1805682859763;23739,688359303393;17641;80,8;694,3446996;21832,92079207921;38,16317786746783;158733;8,997959299359447;40,96256737331685
17089;Llagostera;Gironès;2017;413,9532258;;;;975,7;60;0;48,333333333333336;15009;80,8;512,3183487623762;18575,495049504952;33,09640022386568;87813;5,850689586248251;26,63484668
17092;Llançà;Alt Empordà;2017;458,8309259;;;;;;;;15186;80,8;567,8600568069307;18794,554455445545;36,256888652706444;;;
17095;Lloret de Mar;Selva;2017;449,1089019;;;;1668,8;521;0;1,3435700575815739;11640;80,8;555,8278488861387;14405,940594059408;46,29988679381442;150192;12,903092783505155;58,74040878425786
17103;Maçanet de la Selva;Selva;2017;536,0646479;;;;975;88;0;11,363636363636363;14072;80,8;663,4463464108911;17415,841584158417;45,71330141;87750;6,235787379192723;28,387976889831545
17114;Olot;Garrotxa;2017;396,1751505;;;;1034,2;393;3,0534351145038165;34,605597964376585;16470;80,8;490,3157803217822;20383,663366336634;28,865220437158467;93078;5,651366120218579;25,727440828412462
17117;Palafrugell;Baix Empordà;2017;439,2911169;;;;2138,8;414;0,24154589371980675;14,009661835748794;12977;80,8;543,6771248762377;16060,643564356436;40,621818623718895;192492,00000000003;14,833320490097869;67,52763263
17118;Palamós;Baix Empordà;2017;506,5781548;;;;1867,4;313;0;24,281150159744406;15205;80,8;626,9531618811882;18818,069306930694;39,97986095100296;168066;11,05333771785597;50,31953089629242
17141;Puigcerdà;Cerdanya;2017;456,9190074;;;;1970,9;82;0;12,195121951219512;13286;80,8;565,493821;16443,069306930694;41,269216384163784;177381;13,350970946861358;60,77934215027363
17147;Ripoll;Ripollès;2017;351,1353211;;;;730,7;62;0;32,25806451612903;17128;80,8;434,57341720297035;21198,0198;24,600793164409154;65763;3,8395025688930406;17,47906135444517
17152;Roses;Alt Empordà;2017;470,2254525;;;;2271;788;0;1,2690355329949239;12705;80,8;581,9621936881189;15724,0099;44,41326587957497;204390;16,08736717827627;73,23659065076453
17155;Salt;Gironès;2017;392,6339117;;;;954,8;231;6,926406926406926;19,480519480519483;11943;80,8;485,9330590346535;14780,940594059408;39,45078238633509;85932;7,195177091;32,75553006574681
17160;Sant Feliu de Guíxols;Baix Empordà;2017;500,0855338;;;;1797;345;0;0;14572;80,8;618,9177398514852;18034,653465346535;41,18189957178149;161730;11,098682404611584;50,52595934572772
17164;Sant Hilari Sacalm;Selva;2017;335,8803704;;;;806,4;25;0;8;15224;80,8;415,69352772277233;18841,584158415844;26,475068607461903;72576;4,767209668943773;21,70238170123067
17180;Santa Coloma de Farners;Selva;2017;467,8821374;;;;1032,3;133;1,5037593984962405;12,781954887218044;15411;80,8;579,0620512376238;19073,0198;36,432325279345925;92907;6,028615924;27,444843628001063
17181;Santa Cristina d'Aro;Baix Empordà;2017;584,5578;;;;1722,5;84;0;0;15374;80,8;723,4626237623763;19027,227722772277;45,626991023806426;155025;10,08358267204371;45,904790278102865
17186;Sarrià de Ter;Gironès;2017;573,5961538;;;;1352,3;47;4,255319149;21,27659574468085;17312;80,8;709,8962299504951;21425,742574257427;39,75943764787431;121707;7,030210258780037;32,004530337713476
17193;Sils;Selva;2017;505,4607843;;;;1095,1;53;0;1,8867924528301887;15305;80,8;625,5702776;18941,83168316832;39,631031764782755;98558,99999999999;6,439660241751061;29,316093542763216
17199;Torroella de Montgrí;Baix Empordà;2017;471,5211111;;;;1606,3;240;0,4166666666666667;20,416666666666668;13831;80,8;583,5657316;17117,574257425746;40,90993661;144567;10,452389559684766;47,58375730608392
17202;Tossa de Mar;Selva;2017;488,3727273;;;;2051,6;153;0;0,6535947712418301;13640;80,8;604,4216922029703;16881,188118811882;42,96534257771261;184644;13,536950146627566;61,625999180718416
17213;Vidreres;Selva;2017;490,5253012;;;;1035,1;102;0;7,8431372549019605;15115;80,8;607,0857688118813;18706,683168316835;38,943457587826664;93158,99999999999;6,163347667879589;28,05820027532973
17221;Vilafant;Alt Empordà;2017;528,5555556;;;;1127,2;24;0;20,833333333333336;15963;80,8;654,1529153465348;19756,188118811882;39,73355050554408;101448;6,355196391655704;28,931577894822112
25003;Agramunt;Urgell;2017;305,2467213;;;;802,3;31;0;3,225806451612903;15115;80,8;377,78059566831683;18706,683168316835;24,23394413231889;72207;4,777174991730069;21,74774812182113
25011;Alcarràs;Segrià;2017;350,7484138;;;;593,4;124;0,8064516129032258;12,903225806451612;12523;80,8;434,0945715346535;15498,762376237624;33,61000531502036;53406;4,264633075141739;19,414437635365264
25019;Almacelles;Segrià;2017;317,25;;;;869,4;35;2,857142857142857;22,857142857142858;13539;80,8;392,6361386138614;16756,188118811882;28,118768003545313;78246;5,779304232218037;26,30986995
25023;Alpicat;Segrià;2017;499,8326667;;;;940,5;53;1,8867924528301887;9,433962264150944;18017;80,8;618,6047855;22298,267326732675;33,290736528833875;84645;4,698062940556142;21,38759615642114
25040;Balaguer;Noguera;2017;320,4652994;;;;610,1;130;0;11,538461538461538;13291;80,8;396,61546955445544;16449,257425742577;28,93374157550222;54909;4,131291851628922;18,80741123414859
25050;Bellpuig;Urgell;2017;349,3928889;;;;;-;;;13831;80,8;432,41694170792084;17117,574257425746;30,313893910780138;;;
25058;Borges Blanques, les;Garrigues;2017;317,6163636;;;;645,4;44;0;2,272727272727273;14339;80,8;393,0895589108911;17746,287128712873;26,580628796987238;58086;4,050910105307204;18,44147907222798
25072;Cervera;Segarra;2017;276,9032402;;;;850,8;58;1,7241379310344827;8,620689655172415;13469;80,8;342,7020299504951;16669,554455445545;24,67027160442498;76572;5,685054569752766;25,88080509000063
25110;Guissona;Segarra;2017;356,9187692;;;;1033,3;22;0;9,090909090909092;14670;80,8;441,73115;18155,940594059408;29,19580934151329;92997;6,339263803680981;28,85904592544632
25120;Lleida;Segrià;2017;407,1832622;;;;980,4;1.204;7890,365448504984;23089,70099667774;16234;80,8;503,9396809405941;20091,584158415844;30,09855332265616;88236;5,435259332265615;24,74363010346457
25137;Mollerussa;Pla d'Urgell;2017;355,4769388;;;;649,3;94;2,127659574468085;6,382978723404255;14265;80,8;439,94670643564365;17654,702970297032;29,90342282229233;58436,99999999999;4,096529968454258;18,649160242541317
25203;Seu d'Urgell, la;Alt Urgell;2017;368,9535465;;;;1136,7;77;0;12,987012987012985;13809;80,8;456,6256763613862;17090,346534653465;32,062007082337615;102303;7,408429285248751;33,72634545580341
25207;Solsona;Solsonès;2017;323,6351351;;;;826,8;44;0;11,363636363636363;14244;80,8;400,53853353960403;17628,71287128713;27,26496505;74412;5,224094355518113;23,782316621248643
25217;Tàrrega;Urgell;2017;306,6208582;;;;728,6;154;0,6493506493506493;18,83116883116883;14254;80,8;379,4812601485149;17641,08910891089;25,813457965483373;65574;4,600392872176231;20,942960142491486
25234;Tremp;Pallars Jussà;2017;301,8867045;;;;650,5;48;0;0;15368;80,8;373,6221590346535;19019,801980198023;23,572621382092663;58545;3,8095393024466424;17,342655722934637
25243;Vielha e Mijaran;Val d'Aran;2017;575,8387755;;;;1561,8;130;0;12,307692307692308;15419;80,8;712,6717518564357;19082,92079207921;44,815262377586095;140562;9,116155392697321;41,500646650576996
43004;Alcanar;Montsià;2017;348,8541667;;;;897,2;129;0;14,728682170542637;12458;80,8;431,75020631188124;15418,316831683169;33,602905766575695;80748;6,481618237277251;29,507104322142187
43005;Alcover;Alt Camp;2017;419,5970588;;;;1541,6;12;0;8,333333333333332;14632;80,8;519,3032905940595;18108,910891089112;34,41200591580099;138744;9,482230727173318;43,167178477771415
43012;Altafulla;Tarragonès;2017;600,2129915;;;;1757;108;0;12,037037037037036;17493;80,8;742,8378607673268;21649,752475247526;41,17393184702453;158130;9,039615846338535;41,15220582970463
43013;Ametlla de Mar, l';Baix Ebre;2017;366,582;;;;1762,7;145;0;1,3793103448275863;12445;80,8;453,69059405940595;15402,227722772279;35,34740056247489;158643;12,74752912816392;58,032216348534305
43014;Amposta;Montsià;2017;292,5941115;;;;616,9;268;0;1,4925373134328357;12600;80,8;362,1214251237624;15594,059405940596;27,866105857142852;55521;4,406428571428571;20,059951509860756
43016;Arboç, l';Baix Penedès;2017;376,8033654;;;;748,5;36;11,11111111111111;36,11111111111111;13059;80,8;466,34079876237627;16162,128712871288;34,62470621640248;67365;5,158511371467953;23,483754768130552
43037;Calafell;Baix Penedès;2017;492,32025;;;;1418;737;0,6784260515603799;56,44504748982361;13825;80,8;609,3072401;17110,148514851488;42,73304159132007;127620;9,231103074141048;42,023937764583295
43038;Cambrils;Baix Camp;2017;500,0478938;;;;1834,6;734;0;1,7711171662125342;15549;80,8;618,8711556930693;19243,81188118812;38,59138674898707;165114;10,61894655604862;48,34199614203168
43043;Catllar, el;Tarragonès;2017;575,5555556;;;;;;;;18586;80,8;712,3212321782179;23002,475247524755;37,16058682449156;;;
43044;Sénia, la;Montsià;2017;256,625;;;;821,1;18;0;27,77777777777778;11681;80,8;317,605198;14456,683168316833;26,363325057786145;73899;6,326427531889393;28,800609714457607
43047;Constantí;Tarragonès;2017;326,3016484;;;;609,5;50;2;26;12003;80,8;403,83867376237623;14855,198019801981;32,62200933766558;54855;4,570107473131717;20,80508802532409
43051;Cunit;Baix Penedès;2017;533,6666023;;;;1409,8;320;0,3125;15,312500000000002;13496;80,8;660,4784681930694;16702,970297029704;47,451090898043866;126882;9,401452282157676;42,79944037336583
43086;Montblanc;Conca de Barberà;2017;362,0584286;;;;937,1;51;0;3,9215686274509802;16302;80,8;448,09211460396045;20175,742574257427;26,65133813765182;84339;5,173536989326463;23,552157820798147
43092;Mont-roig del Camp;Baix Camp;2017;480,0372956;;;;1298,8;443;0;0;13593;80,8;594,1055638613861;16823,0198;42,37804419;116892;8,599426175237255;39,148273775821266
43093;Móra d'Ebre;Ribera d'Ebre;2017;301,9375;;;;567,1;33;0;15,151515151515152;14833;80,8;373,6850247524753;18357,673267326732;24,426953414683474;51039;3,4409087844670667;15,664491605246978
43100;Pallaresos, els;Tarragonès;2017;597,7272727;;;;;;;;17247;80,8;739,7614761138614;21345,29702970297;41,588260407027306;;;
43123;Reus;Baix Camp;2017;410,902712;;;;1017;1.020;1470,5882352941176;10686,274509803921;15144;80,8;508,54296039603963;18742,574257425746;32,55964437400951;91530;6,043977812995245;27,51477753242056
43129;Riudoms;Baix Camp;2017;396,8965517;;;;973,4;69;0;43,47826086956522;13214;80,8;491,2086035891089;16353,960396039605;36,04327698;87606;6,629786589980324;30,18163017053373
43131;Roda de Berà;Tarragonès;2017;490,487551;;;;1442,7;157;0;16,560509554140125;13907;80,8;607,0390482673267;17211,633663366338;42,3229353;129843;9,336521176385993;42,50384615
43133;Roquetes;Baix Ebre;2017;355,3865672;;;;632,8;33;0;0;13414;80,8;439,83486039603963;16601,485148514854;31,792446745191594;56951,99999999999;4,245713433725958;19,32830731843572
43136;Ràpita, la;Montsià;2017;290,4208772;;;;940,1;367;0;47,13896457765668;12357;80,8;359,43177871287133;15293,316831683169;28,203047069677105;84609;6,847050254916242;31,170707495360567
43145;Selva del Camp, la;Baix Camp;2017;442,3685185;;;;1468,8;28;0;0;14979;80,8;547,4857902227723;18538,366336633666;35,439096214700584;132192;8,825155217304227;40,175889125719635
43148;Tarragona;Tarragonès;2017;476,7515492;;;;1202,7;1.344;74,4047619;12127,976190476189;16127;80,8;590,039046;19959,158415841586;35,474785083400505;108243;6,711911701;30,555498875216074
43153;Torredembarra;Tarragonès;2017;466,4741875;;;;1402,9;325;0,9230769230769231;15,384615384615385;13570;80,8;577,3195389851486;16794,554455445545;41,250480840088436;126261,00000000001;9,304421518054534;42,35771474651815
43155;Tortosa;Baix Ebre;2017;337,7167718;;;;719,5;264;0;3,0303030303030303;14382;80,8;417,9663017326733;17799,50495049505;28,178287175636214;64755;4,502503128911139;20,497324074328947
43156;Ulldecona;Montsià;2017;246,8756923;;;;655,6;32;0;3,125;11619;80,8;305,53922314356436;14379,950495049507;25,497102225664857;59004;5,078233927188226;23,118297433810312
43161;Valls;Alt Camp;2017;386,3555629;;;;1111,7;74;0;27,027027027027028;15987;80,8;478,16282537128717;19785,89108910891;29,000229904297242;100053;6,258397448;28,490907613677575
43162;Vandellòs i l'Hospitalet de l'Infant;Baix Camp;2017;433,127037;;;;1332,2;83;2,4096385542168677;42,168674698795186;14513;80,8;536,0483131188118;17961,633663366338;35,81288806;119898;8,261420795149176;37,609528412148954
43163;Vendrell, el;Baix Penedès;2017;429,2606936;;;;1246,1;669;0;2,8400597907324365;14577;80,8;531,2632346534654;18040,841584158417;35,337369302325584;112148,99999999999;7,693558345338546;35,024375147363614
43171;Vila-seca;Tarragonès;2017;448,307147;;;;1902,3;405;0;10,864197530864198;13440;80,8;554,8355779702971;16633,663366336634;40,02742383928572;171207;12,738616071428572;57,991640294022716
43901;Deltebre;Baix Ebre;2017;285,2770455;;;;767,3;139;0;14,388489208633093;12395;80,8;353,0656503712871;15340,346534653467;27,618592545381198;69057;5,571359419120613;25,363216033099643
43905;Salou;Tarragonès;2017;468,6636478;;;;1672;920;1,3043478260869565;24,23913043478261;12905;80,8;580,0292670792079;15971,534653465347;43,57972703293297;150480;11,660596667958156;53,084033916258434
43907;Canonja, la;Tarragonès;2017;382,41192;;;;;-;;;13966;80,8;473,28207920792084;17284,653465346535;32,857962480309325;;;
08001;Abrera;Baix Llobregat;2016;603,9389714;;;;1299,1;98;0;1,0204081632653061;17499;79;764,4797106329114;22150,632911392404;41,41532462883594;116918,99999999999;6,681467512429281;30,41690388063833
08003;Alella;Maresme;2016;1025,991094;;;;2333,5;85;0;10,588235294117647;24329;79;1298,7229037974682;30796,20253164557;50,60583307164289;210015;8,632290681902257;39,297887096316245
08005;Ametlla del Vallès, l';Vallès Oriental;2016;851,8107143;;;;1298,3;77;0;24,675324675324674;21493;79;1078,241410506329;27206,32911392405;47,55840772158378;116847;5,436514213930117;24,74934286266002
08006;Arenys de Mar;Maresme;2016;551,53;;;;1556,7;164;0;13,414634146341465;16514;79;698,1392405063291;20903,79746835443;40,077267772798834;140103;8,483892454886762;38,62231476152744
08007;Arenys de Munt;Maresme;2016;509,5554082;;;;1280,9;72;0;20,833333333333336;16928;79;645,0068458227847;21427,848101265823;36,12160266068053;115281,00000000001;6,810077977315691;31,002393840922792
08009;Argentona;Maresme;2016;637,9378531;;;;1613;76;0;30,263157894736842;17587;79;807,5162697468354;22262,025316455696;43,527914011485755;145170;8,254392448967987;37,57753237
08010;Artés;Bages;2016;324,4117204;;;;1142;20;0;20;16085;79;410,6477473417721;20360,759493670885;24,202304288467516;102780;6,389804165371464;29,08912731411914
08015;Badalona;Barcelonès;2016;580,0821736;;;;1753,6;1.772;3216,7042889390514;20711,060948081264;16133;79;734,2812324050633;20421,518987341773;43,14749943097998;157824;9,78268146;44,53495899234084
08019;Barcelona;Barcelonès;2016;801,2836764;;;;3238,2;14.266;665,9189682;673,6366185335763;21132;79;1014,2831346835443;26749,367088607592;45,50162841567291;291438;13,791311754684838;62,78396224329562
08020;Begues;Baix Llobregat;2016;731,6453982;;;;1772,2;53;0;11,320754716981133;20566;79;926,1334154;26032,91139240506;42,69058046484489;159498;7,755421569580862;35,30600305949885
08022;Berga;Berguedà;2016;319,6445609;;;;849,6;84;0;0;16329;79;404,61336822784807;20669,620253164558;23,49032231489987;76464;4,682711739849347;21,317710911079118
08023;Bigues i Riells del Fai;Vallès Oriental;2016;652,3203261;;;;1139,7;98;0;26,53061224489796;17845;79;825,7219317721518;22588,607594936708;43,86575462706641;102573;5,747996637713645;26,167344361149258
08029;Cabrera de Mar;Maresme;2016;800,06875;;;;;;;;22267;79;1012,745253164557;28186,07594936709;43,116832083352044;;;
08030;Cabrils;Maresme;2016;900,6295098;;;;1968,2;63;0;0;23750;79;1140,037354177215;30063,291139240504;45,50549102147369;177138;7,458442105263158;33,95402525
08033;Caldes de Montbui;Vallès Oriental;2016;565,5765605;;;;1362,7;134;0;29,850746268656714;17212;79;715,9196968;21787,341772151896;39,43131957936323;122643;7,125435742505229;32,43803755451402
08035;Calella;Maresme;2016;459,2059895;;;;1440;199;0;17,587939698492463;14277;79;581,2734044303797;18072,151898734177;38,59684719478882;129600;9,077537297751629;41,32484053016536
08040;Canet de Mar;Maresme;2016;529,8032932;;;;1520,6;135;0;25,185185185185183;16182;79;670,63708;20483,54430379747;39,28834209862811;136854;8,457174638487208;38,500683809672324
08041;Canovelles;Vallès Oriental;2016;474,1310638;;;;984,3;100;2;30;14098;79;600,1659035443038;17845,569620253165;40,357304338203996;88587;6,283657256348418;28,605901088297536
08043;Canyelles;Garraf;2016;853;;;;;;;;16885;79;1079,746835443038;21373,417721518985;60,62185371631625;;;
08044;Capellades;Anoia;2016;357,2514286;;;;916;20;5;25;16171;79;452,2169982278481;20469,620253164558;26,510525899449632;82440;5,098014965060911;23,208349196617423
08046;Cardedeu;Vallès Oriental;2016;565,7459403;;;;1652,9;155;0;7,741935483870968;17128;79;716,1341016455697;21681,012658227846;39,636567512844465;148761;8,685252218589444;39,53899071132123
08051;Castellar del Vallès;Vallès Occidental;2016;590,81961;;;;1402,1;246;0;14,634146341463413;17589;79;747,8729241;22264,556962025315;40,30834794473819;126188,99999999999;7,174313491386661;32,660550017062526
08054;Castellbisbal;Vallès Occidental;2016;614,6397059;;;;1502,3;69;0;1,4492753623188406;17453;79;778,0249441772152;22092,40506329114;42,26022157;135207;7,746920300234916;35,267301637681264
08056;Castelldefels;Baix Llobregat;2016;843,9717979;;;;2902,6;659;0;3,793626707132018;21234;79;1068,3187315189873;26878,481012658227;47,695495784119814;261234;12,302627860977678;56,00683509
08067;Centelles;Osona;2016;433,8379394;;;;1825,2;32;0;34,375;16752;79;549,1619486075949;21205,06329113924;31,07721628939828;164268;9,805873925501432;44,64054103425406
08068;Cervelló;Baix Llobregat;2016;679,0983607;;;;1445;93;0;21,50537634408602;20641;79;859,6181781012657;26127,848101265823;39,480550014049705;130050;6,300566833002277;28,682880728890854
08072;Corbera de Llobregat;Baix Llobregat;2016;642,4705882;;;;1335,6;131;0;23,66412213740458;17956;79;813,2539091;22729,11392405063;42,93632801514814;120203,99999999999;6,694364000891066;30,475614223719425
08073;Cornellà de Llobregat;Baix Llobregat;2016;566,3610008;;;;2149,6;542;1,8450184501845017;2,029520295202952;16370;79;716,9126592405064;20721,518987341773;41,516994560781924;193464;11,818204031765424;53,80153018887947
08074;Cubelles;Garraf;2016;580,7293354;;;;1493,3;255;0;0,7843137254901961;16957;79;735,1004245569619;21464,556962025315;41,09660921625288;134397;7,925753376186825;36,08142644960156
08075;Dosrius;Maresme;2016;711,0810811;;;;1338,3;71;0;22,535211267605636;17239;79;900,1026343037975;21821,51898734177;49,49807397876907;120447;6,986890190846337;31,807318820933535
08076;Esparreguera;Baix Llobregat;2016;506,4809295;;;;1342;187;0;0;16615;79;641,1151006329113;21031,645569620254;36,580025001504666;120780;7,2693349383087575;33,09312837088254
08077;Esplugues de Llobregat;Baix Llobregat;2016;740,4487785;;;;2323,3;381;4,4619422572178475;20,47244094488189;20003;79;937,2769348101266;25320,25316455696;44,42026367044943;209097,00000000003;10,453282007698846;47,58782011195886
08086;Franqueses del Vallès, les;Vallès Oriental;2016;512,065;;;;1415,4;114;0;14,035087719298245;15911;79;648,1835443037975;20140,506329113923;38,61969706492364;127386,00000000001;8,006159260888694;36,447468499774644
08088;Garriga, la;Vallès Oriental;2016;592,5646264;;;;1402,8;158;0;20,253164556962027;17620;79;750,0818055696202;22303,79746835443;40,356274215664016;126252;7,165266742338252;32,61936533783961
08089;Gavà;Baix Llobregat;2016;749,7905263;;;;2357,8;397;1,0075566750629723;9,571788413098236;18624;79;949,1019320253164;23574,683544303796;48,31124525128865;212202,00000000003;11,394007731958764;51,87040681609659
08091;Gelida;Alt Penedès;2016;459,1129697;;;;1105,6;60;0;0;16375;79;581,1556578481012;20727,848101265823;33,64491991694656;99503,99999999999;6,076580152671755;27,663197356415747
08092;Gironella;Berguedà;2016;280,5424615;;;;;;;;16232;79;355,1170398734177;20546,835443037973;20,739955261212422;;;
08096;Granollers;Vallès Oriental;2016;531,1517695;;;;1573,6;510;0,39215686274509803;6,078431372549019;16804;79;672,3440120253164;21270,886075949365;37,930381064032375;141624;8,427993334920258;38,36783800834852
08101;Hospitalet de Llobregat, l';Barcelonès;2016;554,7427528;;;;1675,2;2.089;574,4375299186213;7371,948300622307;15528;79;702,2060162025316;19655,696202531646;42,87038275;150768;9,709428129829984;44,20147843443256
08102;Igualada;Anoia;2016;368,4691898;;;;983,5;321;1,557632398753894;14,641744548286603;16061;79;466,41669594936707;20330,379746835442;27,53023023223958;88515;5,511176141;25,089235955586837
08105;Llagosta, la;Vallès Oriental;2016;492,9647853;;;;1313,8;61;3,278688524590164;16,39344262295082;15442;79;624,0060573417721;19546,835443037973;38,30836305918922;118242;7,657168760523248;34,85871416023403
08106;Llinars del Vallès;Vallès Oriental;2016;539,6864881;;;;1268;85;0;1,1764705882352942;16239;79;683,1474532911392;20555,696202531646;39,88076764086458;114120;7,027526325512655;31,992311923111572
08107;Lliçà d'Amunt;Vallès Oriental;2016;685,2083333;;;;1210,3;135;0;17,037037037037038;17667;79;867,3523206329114;22363,291139240504;46,54157468500595;108927;6,1655629139072845;28,068285024731114
08108;Lliçà de Vall;Vallès Oriental;2016;703,0202381;;;;1197,1;38;0;13,157894736842104;19228;79;889,8990355696202;24339,24050632911;43,87478082587893;107738,99999999999;5,603234865820677;25,508326728710244
08110;Malgrat de Mar;Maresme;2016;471,1471563;;;;1317,9;147;0;5,442176870748299;14606;79;596,3888054;18488,607594936708;38,70851619608381;118611,00000000001;8,120703820347803;36,96892442972363
08112;Manlleu;Osona;2016;360,5441796;;;;759,9;148;0;6,756756756756757;15246;79;456,3850374683544;19298,73417721519;28,37813298701299;68391;4,485832349468713;20,421431540993677
08113;Manresa;Bages;2016;363,8510656;;;;918,2;568;0,8802816901408451;22,183098591549296;15989;79;460,57096911392404;20239,24050632911;27,307603897679655;82638;5,168428294452436;23,528900852078376
08114;Martorell;Baix Llobregat;2016;501,1929345;;;;1195,8;170;0;1,1764705882352942;15478;79;634,4214360759493;19592,40506329114;38,85718577335574;107622;6,953223930740406;31,654055575133466
08118;Masnou, el;Maresme;2016;725,3383299;;;;1964,5;120;0;10,833333333333334;19495;79;918,1497846835442;24677,215189873416;44,64765303308541;176805;9,069248525262887;41,28710648512069
08119;Masquefa;Anoia;2016;506,495;;;;1318,9;64;0;6,25;15431;79;641,1329114;19532,91139240506;39,387855615319815;118701,00000000001;7,692372496921782;35,01897665710041
08120;Matadepera;Vallès Occidental;2016;877,5619828;;;;1902,1;82;0;0;26615;79;1110,8379529113924;33689,873417721516;39,566950191996995;171189;6,432049596092429;29,28144662
08121;Mataró;Maresme;2016;539,7209821;;;;1650,2;1.007;99,30486593843099;14895,729890764651;15164;79;683,1911165822785;19194,936708860758;42,71070815879715;148518;9,794117647058824;44,58702141588915
08123;Molins de Rei;Baix Llobregat;2016;629,7807027;;;;1912,3;185;0;31,351351351351354;19209;79;797,1907629113924;24315,18987341772;39,34285195689521;172107;8,959706387630797;40,788423723431485
08124;Mollet del Vallès;Vallès Oriental;2016;517,0498915;;;;1524,2;361;1,662049861495845;15,23545706371191;16184;79;654,4935335443037;20486,07594936709;38,33785651260504;137178;8,476149283242709;38,587064525379425
08125;Montcada i Reixac;Vallès Occidental;2016;535,4428139;;;;1372,3;212;0,9433962264150944;16,98113208;15889;79;677,7757137974684;20112,65823;40,43875490465101;123507;7,773113474730946;35,38654419472317
08126;Montgat;Maresme;2016;740,5837107;;;;2236,8;69;0;4,3478260869565215;18998;79;937,4477351;24048,101265822785;46,778632110748504;201312,00000000003;10,596483840404254;48,239736232605836
08135;Montmeló;Vallès Oriental;2016;526,87;;;;1209,4;48;0;10,416666666666668;16361;79;666,9240506329114;20710,12658227848;38,643359207872386;108846,00000000001;6,652771835462381;30,286268859743842
08136;Montornès del Vallès;Vallès Oriental;2016;497,2745833;;;;1205,8;117;0,8547008547008548;26,495726495726498;15620;79;629,4614978481012;19772,151898734177;38,20291292957747;108522;6,947631241997439;31,628595258876192
08138;Moià;Moianès;2016;412,1508876;;;;1279,4;34;0;32,35294117647059;14534;79;521,7099843037975;18397,46835443038;34,02924625842851;115146,00000000001;7,922526489610569;36,06673628
08140;Navarcles;Bages;2016;348,8341818;;;;914;29;0;34,48275862068966;16708;79;441,56225544303794;21149,367088607592;25,05392734977257;82260;4,923389992817812;22,41338147642772
08141;Navàs;Bages;2016;296,1111111;;;;1082;96;0;77,08333333333334;15966;79;374,8241912658228;20210,12658227848;22,255626538895154;97380;6,099210822998873;27,766221867545042
08147;Olesa de Montserrat;Baix Llobregat;2016;499,1781081;;;;1206,2;201;0;0;16211;79;631,8710229113923;20520,25316455696;36,951065925606066;108558;6,696564061439763;30,485629842311717
08155;Palafolls;Maresme;2016;462,144486;;;;1371,9;100;1;21;14860;79;584,9930202531644;18810,12658227848;37,319877738896366;123471,00000000001;8,308950201884254;37,82590264333023
08156;Palau-solità i Plegamans;Vallès Occidental;2016;631,9630822;;;;1604,3;93;0;12,903225806451612;17263;79;799,9532686;21851,898734177215;43,92954287435556;144387;8,363957597173146;38,076319883571834
08157;Pallejà;Baix Llobregat;2016;685,3608247;;;;1785,9;78;0;16,666666666666664;18639;79;867,5453477215189;23593,67088607595;44,12430868823434;160731;8,623370352486722;39,257277933447284
08159;Parets del Vallès;Vallès Oriental;2016;569,7339207;;;;1768,9;137;0;17,51824817518248;17132;79;721,1821781012658;21686,07594936709;39,90664865981788;159201;9,292610319869251;42,30394510994525
08161;Piera;Anoia;2016;475,9186977;;;;943,1;104;0;14,423076923076922;14585;79;602,4287312658228;18462,025316455696;39,15683491532396;84879;5,819609187521426;26,493355381946493
08163;Pineda de Mar;Maresme;2016;466,4056173;;;;1416,5;315;0;10,158730158730158;13869;79;590,3868573417722;17555,696202531646;40,35523402985075;127485;9,192083063;41,84630195
08167;Polinyà;Vallès Occidental;2016;563,7966102;;;;1299,3;49;0;6,122448979591836;16264;79;713,6665951898734;20587,341772151896;41,59837261682243;116937;7,189928676832268;32,73163703408294
08169;Prat de Llobregat, el;Baix Llobregat;2016;612,8484615;;;;1949,6;444;0;15,54054054054054;17419;79;775,7575462025316;22049,367088607592;42,21930959297319;175464;10,073138526895919;45,85724405289338
08172;Premià de Mar;Maresme;2016;628,1385959;;;;1729,8;260;0;2,307692307692308;17705;79;795,1121467088608;22411,39240506329;42,57364106636544;155682;8,793109291;40,03000233461263
08180;Ripollet;Vallès Occidental;2016;509,5488431;;;;1722,6;265;0,37735849056603776;10,566037735849058;15705;79;644,9985355696202;19879,74683544304;38,93400902387775;155034;9,871633238;44,939905609237236
08181;Roca del Vallès, la;Vallès Oriental;2016;610,2842963;;;;1493,3;89;0;0;18229;79;772,5117674683545;23074,683544303796;40,174510700532124;134397;7,372702836140216;33,56370334663962
08183;Roda de Ter;Osona;2016;374,1252083;;;;881,8;54;0;18,51851851851852;16073;79;473,57621303797464;20345,569620253165;27,931951095626207;79362;4,9375972127169785;22,478058830808347
08184;Rubí;Vallès Occidental;2016;537,0371662;;;;1320,9;646;0;6,037151702786378;15862;79;679,7938812658227;20078,481012658227;40,628205739503215;118881,00000000001;7,494704324801413;34,11910641445357
08187;Sabadell;Vallès Occidental;2016;542,0095385;;;;1479,5;2.061;2280,446385249879;16060,164968461913;17008;79;686,0880234177214;21529,11392405063;38,241500834901224;133155;7,828962841015993;35,64079444781901
08191;Sallent;Bages;2016;331,7540984;;;;897,7;37;0;18,91891891891892;16958;79;419,9418967088607;21465,822784810127;23,475935728269842;80793;4,764300035381531;21,689135802148474
08192;Santpedor;Bages;2016;411,5084762;;;;1393,9;52;0;26,923076923076923;17203;79;520,8968053164557;21775,949367088608;28,704887022031038;125451,00000000001;7,292390862058944;33,19808881786282
08194;Sant Adrià de Besòs;Barcelonès;2016;588,4647534;;;;1863,5;239;6,2761506276150625;6,2761506276150625;14673;79;744,8920929113923;18573,417721518985;48,12633436107135;167715;11,430177877734614;52,03506882266418
08196;Sant Andreu de la Barca;Baix Llobregat;2016;544,1990722;;;;1601,5;158;0;0,6329113924050633;16145;79;688,8595850632912;20436,708860759492;40,44836708826262;144135;8,927531743573862;40,64195095321252
08197;Sant Andreu de Llavaneres;Maresme;2016;770,4792647;;;;1990,6;129;0;14,728682170542637;20012;79;975,2902084810127;25331,645569620254;46,20103526;179154;8,952328602838296;40,75483688
08198;Sant Antoni de Vilamajor;Vallès Oriental;2016;556,0454545;;;;1295,9;67;0;14,925373134328357;17890;79;703,8550056962025;22645,569620253165;37,29762690888765;116631,00000000001;6,519340413638905;29,67883183715688
08200;Sant Boi de Llobregat;Baix Llobregat;2016;590,6861127;;;;1851,7;429;0;27,972027972027973;16674;79;747,7039401265822;21106,32911392405;42,51069540842029;166653;9,994782295789852;45,500532904396636
08202;Sant Celoni;Vallès Oriental;2016;466,8088652;;;;1100,4;125;0,8;11,200000000000001;15569;79;590,8972977;19707,59493670886;35,97987271115679;99036,00000000001;6,361102190249857;28,95846362132496
08205;Sant Cugat del Vallès;Vallès Occidental;2016;996,0672174;;;;2946,8;740;0,5405405405405406;28,513513513513512;24014;79;1260,8445789873417;30397,468354430377;49,77432584658949;265212;11,04405763304739;50,277283972678454
08208;Sant Esteve Sesrovires;Baix Llobregat;2016;662,8596491;;;;1419;68;0;1,4705882352941175;18308;79;839,0628469620252;23174,683544303796;43,447213181123004;127710;6,975639064889665;31,756098873199544
08209;Sant Fost de Campsentelles;Vallès Oriental;2016;709,1158182;;;;1392;51;0;11,76470588235294;18699;79;897,6149597468354;23669,620253164558;45,50719192684101;125280;6,699823519974331;30,50046829460748
08210;Sant Feliu de Codines;Vallès Oriental;2016;442,8624365;;;;1104,6;36;0;30,555555555555557;15512;79;560,5853626582278;19635,44303797468;34,25960055440949;99413,99999999999;6,408844765342959;29,175808286238702
08211;Sant Feliu de Llobregat;Baix Llobregat;2016;632,695416;;;;2122,6;441;0,6802721088435374;39,682539682539684;19126;79;800,8802734177215;24210,12658227848;39,696460273972605;191034;9,988183624385654;45,47049292388816
08213;Sant Fruitós de Bages;Bages;2016;409,4747748;;;;1575,7;63;1,5873015873015872;15,873015873015872;18974;79;518,3224997468354;24017,721518987342;25,89700273;141813;7,474069779698535;34,025169120910284
08214;Vilassar de Dalt;Maresme;2016;699,0248855;;;;1742,9;57;0;1,7543859649122806;20540;79;884,8416272151898;26000;40,83884433300876;156861;7,636854917234664;34,76623684
08217;Sant Joan Despí;Baix Llobregat;2016;697,1116009;;;;2368,7;210;8,571428571428571;28,57142857142857;19556;79;882,4197479746834;24754,430379746835;42,776330593168346;213182,99999999997;10,901155655553282;49,62673292147519
08218;Sant Joan de Vilatorrada;Bages;2016;384,5241045;;;;1022,8;67;0;7,462686567164178;16037;79;486,73937278481014;20300;28,77277080501341;92052;5,739976304795161;26,130832368085088
08219;Vilassar de Mar;Maresme;2016;752,1298525;;;;2414,9;181;0;3,867403314917127;19936;79;952,0631044303797;25235,44303797468;45,272663673756014;217341;10,901936195826645;49,63028627534928
08221;Sant Just Desvern;Baix Llobregat;2016;1003,178893;;;;2573,8;142;3,5211267605633805;10,56338028169014;26138;79;1269,8467;33086,075949367085;46,05611261764481;231642,00000000003;8,862269492692633;40,344849214949825
08230;Premià de Dalt;Maresme;2016;834,9519048;;;;1801,3;101;0;0,9900990099009901;20419;79;1056,9011453164555;25846,835443037973;49,06911630148391;162117;7,939517116411186;36,144084894421304
08231;Sant Pere de Ribes;Garraf;2016;604,720131;;;;2000,5;223;0;14,798206278026907;16068;79;765,4685202531646;20339,24050632911;45,162071023151604;180045;11,205190440627334;51,01082957640386
08234;Sant Pere de Vilamajor;Vallès Oriental;2016;761,3;;;;;;;;17796;79;963,6708860759493;22526,58227848101;51,335131490222516;;;
08235;Sant Pol de Mar;Maresme;2016;583,4485806;;;;;;;;18758;79;738,5425070886076;23744,303797468354;37,32478391726197;;;
08238;Sant Quirze del Vallès;Vallès Occidental;2016;737,9772772;;;;2183,1;189;0;9,523809523809524;22552;79;934,1484521518987;28546,835443037973;39,26803532458318;196479;8,712264988;39,661964413810466
08240;Sant Sadurní d'Anoia;Alt Penedès;2016;454,6769835;;;;1357,4;82;1,2195121951219512;28,04878048780488;17937;79;575,5404854430379;22705,06329113924;30,418262819869547;122166,00000000001;6,810837932764677;31,00585348385339
08244;Santa Coloma de Cervelló;Baix Llobregat;2016;691,7161644;;;;1844,4;42;0;9,523809523809524;18685;79;875,5900815189873;23651,898734177215;44,42383715707788;165996;8,883917580947283;40,44340059133778
08245;Santa Coloma de Gramenet;Barcelonès;2016;505,8164316;;;;1481,5;705;0;0,5673758865248227;14261;79;640,2739640506329;18051,898734177215;42,56221288268704;133335;9,349624850992216;42,56349969278815
08248;Santa Eulàlia de Ronçana;Vallès Oriental;2016;649,0006494;;;;1212,1;52;0;9,615384615384617;17396;79;821,5198093670887;22020,25316455696;44,768957190158666;109088,99999999999;6,270924350425385;28,547935443046455
08250;Santa Margarida de Montbui;Anoia;2016;325,1614167;;;;746,1;63;3,1746031746031744;11,11111111111111;11877;79;411,59673;15034,177215189873;32,85288373;67149;5,653700429401364;25,73806760432783
08251;Santa Margarida i els Monjos;Alt Penedès;2016;407,1039773;;;;933,4;48;0;4,166666666666666;15607;79;515,3214902531645;19755,696202531646;31,30164495162427;84006;5,382584737617735;24,50383277160961
08252;Barberà del Vallès;Vallès Occidental;2016;569,2471842;;;;1555,9;299;2,0066889632107023;17,725752508361204;16927;79;720,5660559493671;21426,58227848101;40,355445208247176;140031;8,272641342;37,66060915175316
08259;Santa Maria de Palautordera;Vallès Oriental;2016;520,1937762;;;;1044,6;61;0;11,475409836065573;16037;79;658,4731344303797;20300;38,92452026189437;94013,99999999999;5,862318389;26,687785971550333
08260;Santa Perpètua de Mogoda;Vallès Occidental;2016;523,5344518;;;;1483,6;171;0;18,128654970760234;16288;79;662,7018377;20617,721518987342;38,57080932;133524;8,197691552062869;37,31940558243586
08262;Sant Vicenç de Castellet;Bages;2016;369,9483575;;;;884,1;62;0;24,193548387096776;14163;79;468,2890601265822;17927,848101265823;31,34491484854904;79569;5,618089387841559;25,575950879791044
08263;Sant Vicenç dels Horts;Baix Llobregat;2016;584,5280576;;;;1608,4;175;1,7142857142857144;23,42857142857143;16196;79;739,9089336708861;20501,265822784808;43,309068234131885;144756;8,937762410471722;40,68852533392875
08264;Sant Vicenç de Montalt;Maresme;2016;1148,232404;;;;2501,9;66;0;19,696969696969695;22761;79;1453,4587392405065;28811,39240506329;60,53683426914459;225171;9,892843021;45,03646163
08266;Cerdanyola del Vallès;Vallès Occidental;2016;643,8817494;;;;2088,3;431;0,23201856148491878;6,0324825986078885;18653;79;815,0401891;23611,39240506329;41,422725528333245;187947,00000000003;10,075966332493435;45,87011743600761
08267;Sentmenat;Vallès Occidental;2016;511,1577333;;;;1446,6;61;0;21,311475409836063;16572;79;647,0351054;20977,215189873416;37,01359401158581;130193,99999999999;7,856263577118029;35,765079100006815
08270;Sitges;Garraf;2016;847,1086718;;;;3871,2;341;0;6,451612903225806;19681;79;1072,2894579746835;24912,65823;51,65034328336975;348408;17,70275900614806;80,59054662922892
08274;Súria;Bages;2016;365,559375;;;;1051,2;38;0;13,157894736842104;17251;79;462,73338607594934;21836,708860759492;25,428743261260216;94608;5,484203814271637;24,966446363798898
08278;Taradell;Osona;2016;410,1577273;;;;1825,2;20;0;20;17230;79;519,1869965822784;21810,12658227848;28,56583126871735;164268;9,533836331979106;43,40210930968219
08279;Terrassa;Vallès Occidental;2016;481,3304761;;;;1237,5;2.166;0;6879,039704524469;16578;79;609,2790837;20984,810126582277;34,841149192906265;111375;6,7182410423452765;30,584312750430165
08281;Teià;Maresme;2016;969,0982278;;;;2026,9;37;0;8,108108108108109;23230;79;1226,7066174683544;29405,06329113924;50,061036304778305;182421;7,852819629789066;35,74940077564466
08282;Tiana;Maresme;2016;896,1287209;;;;2267,4;58;0;22,413793103448278;23635;79;1134,3401530379747;29917,72151898734;45,49839073746561;204066;8,634059657;39,30594023
08283;Tona;Osona;2016;438,6672662;;;;1495,1;54;0;48,148148148148145;16960;79;555,2750205;21468,354430379746;31,03777826886792;134559;7,933903301886793;36,118528404552194
08284;Tordera;Maresme;2016;428,3086667;;;;1101,6;175;0;24;13262;79;542,1628692405063;16787,341772151896;38,75511989443523;99143,99999999999;7,475795505956868;34,03302537
08285;Torelló;Osona;2016;354,1275758;;;;861,6;112;0;19,642857142857142;17072;79;448,26275417721513;21610,12658227848;24,891816480787256;77544;4,542174320524836;20,677924342144287
08289;Torrelles de Llobregat;Baix Llobregat;2016;676,8861644;;;;1655,7;35;0;28,57142857142857;18068;79;856,8179296202532;22870,886075949365;44,95591085233562;149013;8,247343369493027;37,54544193679404
08291;Vacarisses;Vallès Occidental;2016;675,4897959;;;;1205,2;72;0;0;15966;79;855,0503746;20210,12658227848;50,76962013528748;108468;6,793686583990981;30,927773192943896
08295;Vallirana;Baix Llobregat;2016;628,4586705;;;;1377,2;102;0,9803921568627451;26,47058823529412;17064;79;795,5173044303798;21600;44,19540580168776;123948;7,263713080168777;33,06753526302768
08298;Vic;Osona;2016;455,2643099;;;;1330,9;429;1,6317016317016315;25,874125874125873;16599;79;576,2839365822784;21011,39240506329;32,91265569492138;119781,00000000001;7,216157599855414;32,85104233374256
08300;Viladecavalls;Vallès Occidental;2016;692,3583333;;;;1445,9;80;0;0;18427;79;876,4029535443038;23325,31646;45,08764313;130131,00000000001;7,061974276876324;32,14913376255994
08301;Viladecans;Baix Llobregat;2016;624,4081385;;;;1896,7;572;0;4,020979020979021;16897;79;790,3900487341771;21388,607594936708;44,344544368822866;170703;10,102562585074274;45,991194977256086
08302;Vilanova del Camí;Anoia;2016;346,0074172;;;;788,6;63;1,5873015873015872;11,11111111111111;13404;79;437,9840724050633;16967,088607594935;30,976492139659804;70974;5,294986571172784;24,105048372236322
08305;Vilafranca del Penedès;Alt Penedès;2016;445,0738652;;;;1167,4;316;3,481012658227848;24,050632911392405;15971;79;563,3846394936709;20216,45569620253;33,441151977960054;105066,00000000001;6,578548619372614;29,948372967065406
08307;Vilanova i la Geltrú;Garraf;2016;543,4195743;;;;1620,7;449;0,6681514476614699;17,37193763919822;16408;79;687,8728788607594;20769,620253164558;39,74302103607996;145863;8,889748902974159;40,46994726858474
08902;Vilanova del Vallès;Vallès Oriental;2016;743,6551724;;;;1466,3;40;0;17,5;20069;79;941,3356612658228;25403,79746835443;44,46590298;131967;6,575663959340276;29,93524075819532
08904;Badia del Vallès;Vallès Occidental;2016;247,2317143;;;;745,2;53;1,8867924528301887;1,8867924528301887;12492;79;312,95153708860755;15812,65823;23,74944421709894;67068;5,368876080691643;24,441425089573002
17008;Anglès;Selva;2016;353,3083471;;;;712,9;41;0;14,634146341463413;14523;79;447,2257558227848;18383,54430379747;29,193005337740136;64161;4,417888866;20,112123682493763
17009;Arbúcies;Selva;2016;337,917907;;;;860,4;25;0;20;13668;79;427,74418607594936;17301,265822784808;29,667946180860405;77436;5,665496049165935;25,791766321252535
17015;Banyoles;Pla de l'Estany;2016;426,6815445;;;;1174,9;132;4,545454545454546;36,36363636363637;16032;79;540,1032208860759;20293,67088607595;31,93724135479042;105741,00000000001;6,595621257485031;30,02609493330835
17020;Bescanó;Gironès;2016;585,6818182;;;;;;;;17454;79;741,3693901265822;22093,67088607595;40,266883341354415;;;
17022;Bisbal d'Empordà, la;Baix Empordà;2016;381,9257143;;;;578,5;116;0;10,344827586206897;12949;79;483,4502712658227;16391,139240506327;35,393532872036445;52065;4,020773804927021;18,30428571608626
17023;Blanes;Selva;2016;430,7759071;;;;1951,6;419;0;0,9546539379474941;13787;79;545,2859583544304;17451,898734177215;37,49409505476173;175644;12,739827373612824;57,99715466074532
17033;Caldes de Malavella;Selva;2016;534,6095327;;;;1899,9;95;0;22,105263157894736;15821;79;676,7209274683545;20026,58227848101;40,54936092788067;170991;10,807850325516718;49,201967067268185
17034;Calonge i Sant Antoni;Baix Empordà;2016;0;;;;1943,6;318;0;20,754716981132077;13935;79;0;17639,24050632911;0;174924;12,552852529601722;57,145965030951665
17044;Cassà de la Selva;Gironès;2016;460,7904255;;;;1032,5;75;13,333333333333334;40;15961;79;583,2790196202532;20203,79746835443;34,64372599461187;92925;5,822003633857528;26,504255927959335
17047;Castelló d'Empúries;Alt Empordà;2016;438,2877368;;;;1939,8;429;0;7,6923076923076925;11489;79;554,7946035443038;14543,037974683544;45,77816034119593;174582;15,195578379319349;69,17678580561008
17048;Castell d'Aro, Platja d'Aro i s'Agaró;Baix Empordà;2016;519,8734127;;;;2117,1;386;0;0;12591;79;658,0676110126582;15937,974683544304;49,547144407910416;190539;15,132952108649034;68,89168417908293
17049;Celrà;Gironès;2016;497,4719101;;;;1278,9;18;5,555555555555555;16,666666666666664;15358;79;629,7112786075949;19440,506329113923;38,87005418153405;115101,00000000001;7,494530537830448;34,11831526167437
17062;Escala, l';Alt Empordà;2016;473,1032026;;;;1936,1;319;0;4,075235109717868;12603;79;598,8648134177215;15953,164556962025;45,04672245655796;174249;13,825993810997382;62,94184982881169
17066;Figueres;Alt Empordà;2016;422,1966229;;;;1027,8;352;0,2840909090909091;9,659090909090908;12906;79;534,4261049367088;16336,708860759492;39,25584592;92502;7,167364016736402;32,62891302981914
17079;Girona;Gironès;2016;515,4606004;;;;1603,2;889;2,4746906636670416;24,409448818897637;17276;79;652,4817726582278;21868,354430379746;35,80416302847881;144288;8,351933317897661;38,021580210547015
17089;Llagostera;Gironès;2016;414,8044025;;;;1066,3;68;0;30,88235294117647;14888;79;525,0688639240506;18845,569620253165;33,43399267866739;95967;6,445929607737775;29,344634383866712
17092;Llançà;Alt Empordà;2016;454,6660194;;;;;;;;14809;79;575,5266068;18745,569620253165;36,842408216625024;;;
17095;Lloret de Mar;Selva;2016;424,8477793;;;;1766;436;0;1,146788990825688;11300;79;537,7819991;14303,797468354429;45,116578332743366;158940;14,065486725663717;64,03212422615756
17103;Maçanet de la Selva;Selva;2016;487,4013043;;;;1005,9;88;0;19,318181818181817;13552;79;616,9636763291139;17154,430379746835;43,158320923848876;90531;6,680268595041323;30,41144589481673
17114;Olot;Garrotxa;2016;361,1415577;;;;993,8;336;1,1904761904761905;24,107142857142858;15967;79;457,1412123;20211,39240506329;27,141596370013154;89442;5,601678461827519;25,50124131063835
17117;Palafrugell;Baix Empordà;2016;404,7012371;;;;2070,6;317;0,6309148264984227;13,564668769716087;12495;79;512,2800469620253;15816,45569620253;38,86686550780312;186354;14,914285714285715;67,89622102867445
17118;Palamós;Baix Empordà;2016;484,4055068;;;;1815;231;0,8658008658008658;29,43722943722944;14729;79;613,1715275949367;18644,303797468354;39,46544967;163350;11,090365944734877;50,48809925582586
17141;Puigcerdà;Cerdanya;2016;432,9834228;;;;1998,8;71;0;8,450704225352112;12936;79;548,0802820253165;16374,683544303796;40,16543810760668;179892;13,90630797773655;63,30747433950704
17147;Ripoll;Ripollès;2016;333,3041739;;;;931,4;47;0;31,914893617021278;16361;79;421,9040175949367;20710,12658227848;24,446244647637677;83826;5,123525456879164;23,32448389
17152;Roses;Alt Empordà;2016;440,3501865;;;;2154,4;690;0;0,8695652173913043;12445;79;557,4052993670886;15753,164556962025;42,46044385697067;193896;15,58023302531137;70,92789862
17155;Salt;Gironès;2016;390,3696635;;;;844,7;233;6,008583690987124;15,879828326180256;11775;79;494,1388146;14905,06329113924;39,78289564;76023;6,4563057324840765;29,391870951054184
17160;Sant Feliu de Guíxols;Baix Empordà;2016;464,2567835;;;;1821,7;310;0;0;13956;79;587,6668146;17665,822784810127;39,91889797936371;163953;11,747850386930352;53,481250243101066
17164;Sant Hilari Sacalm;Selva;2016;328,8435593;;;;918;20;0;25;14727;79;416,25766999999996;18641,772151898735;26,79515659;82620;5,610103890812793;25,539597474627996
17180;Santa Coloma de Farners;Selva;2016;416,8170175;;;;1040,9;92;0;14,130434782608695;14679;79;527,6164778481012;18581,012658227846;34,07455691804619;93681,00000000001;6,3819742489270395;29,053482178459884
17181;Santa Cristina d'Aro;Baix Empordà;2016;505,2728571;;;;1712,5;64;0;0;14823;79;639,5858950632911;18763,291139240504;40,904501687917424;154125;10,397692774741955;47,33475409726932
17186;Sarrià de Ter;Gironès;2016;518,3333333;;;;1299,8;24;0;8,333333333333332;17270;79;656,1181434177215;21860,759493670885;36,01621308396063;116982;6,773711638679791;30,836838680365453
17193;Sils;Selva;2016;486,3825926;;;;1224,3;53;0;9,433962264150944;14823;79;615,6741678481012;18763,291139240504;39,37523518316131;110187;7,433515483;33,84054857885362
17199;Torroella de Montgrí;Baix Empordà;2016;449,5254592;;;;1300,9;376;0,26595744680851063;10,372340425531915;13419;79;569,0195686075949;16986,07594936709;40,19901267158506;117081,00000000001;8,725016767;39,72001598052029
17202;Tossa de Mar;Selva;2016;482,1114865;;;;2285,6;138;0;5,072463768115942;13449;79;610,2677044303797;17024,050632911392;43,016862502788314;205704;15,295114878429622;69,62991861220088
17213;Vidreres;Selva;2016;499,6238462;;;;1041,9;69;0;15,942028985507244;14823;79;632,4352483544303;18763,291139240504;40,44718447277879;93771,00000000001;6,326047358834245;28,79887900376345
17221;Vilafant;Alt Empordà;2016;508,9625;;;;988,2;14;0;7,142857142857142;15494;79;644,2563291;19612,65823;39,41880728023751;88938;5,74015748;26,13165715670541
25003;Agramunt;Urgell;2016;312,1692537;;;;832,1;16;12,5;18,75;14360;79;395,1509540506329;18177,215189873416;26,086567161559888;74889;5,215111420612813;23,74142245135674
25011;Alcarràs;Segrià;2016;340,1144138;;;;569;89;0;15,730337078651685;12009;79;430,52457443037974;15201,26582278481;33,98595191606296;51210;4,2643017736697475;19,41292940906463
25019;Almacelles;Segrià;2016;303,7564103;;;;711,2;43;4,651162790697675;27,906976744186046;12905;79;384,50178518987343;16335,443037974683;28,245462406819065;64008,00000000001;4,959938008523829;22,579763708877397
25023;Alpicat;Segrià;2016;468,6206897;;;;1022,6;42;2,380952380952381;9,523809523809524;17720;79;593,1907464556962;22430,379746835442;31,73503541986456;92034;5,1937923250564335;23,64436879074187
25040;Balaguer;Noguera;2016;291,1219757;;;;736,2;96;0;22,916666666666664;13227;79;368,50883;16743,037974683542;26,41161040598775;66258;5,009299161;22,804476830905624
25050;Bellpuig;Urgell;2016;323,2631579;;;;707,6;34;0;0;13188;79;409,1938707594937;16693,67088607595;29,41430008189263;63684;4,828935395814376;21,983383666396712
25058;Borges Blanques, les;Garrigues;2016;286,4114286;;;;575,5;50;0;24;13827;79;362,54611215189874;17502,53164556962;24,85670892601432;51795;3,7459318724235193;17,05308743849583
25072;Cervera;Segarra;2016;287,3132374;;;;816,7;43;0;4,651162790697675;13603;79;363,6876423;17218,98734177215;25,345577069764026;73503;5,403440417554951;24,598776765700066
25110;Guissona;Segarra;2016;350,2857447;;;;969,7;26;3,8461538461538463;3,8461538461538463;14039;79;443,3996768;17770,886075949365;29,941085094379936;87273;6,216468409430871;28,30002865911335
25120;Lleida;Segrià;2016;393,6267788;;;;979,1;1.063;7337,723424270932;30667,920978363123;15838;79;498,2617453164557;20048,101265822785;29,82397616870817;88119;5,563770678115923;25,328668831412987
25137;Mollerussa;Pla d'Urgell;2016;331,1186667;;;;646,8;141;0;7,801418439716312;13908;79;419,1375527848101;17605,06329113924;28,56934138912856;58211,99999999999;4,185504745470232;19,054211563267128
25203;Seu d'Urgell, la;Alt Urgell;2016;361,8720888;;;;1067,8;83;2,4096385542168677;6,024096385542169;13392;79;458,06593518987336;16951,898734177215;32,42581440860214;96102;7,176075268817204;32,66857038304713
25207;Solsona;Solsonès;2016;273,8562222;;;;1016,8;55;0;20;13612;79;346,65344582278476;17230,379746835442;24,14248212165736;91512;6,722891566;30,605483928588185
25217;Tàrrega;Urgell;2016;291,9395935;;;;768;128;0;17,96875;13723;79;369,5437892405063;17370,886075949365;25,528493201195072;69120;5,036799533629673;22,929670315010654
25234;Tremp;Pallars Jussà;2016;303,258961;;;;733,6;40;0;0;14941;79;383,87210253164557;18912,65823;24,356519188809315;66024;4,418981326551101;20,117097031452964
25243;Vielha e Mijaran;Val d'Aran;2016;540,9124074;;;;1554,3;135;0;12,592592592592592;14790;79;684,6992498734177;18721,518987341773;43,887416421906686;139887;9,458215010141988;43,05784864039547
43004;Alcanar;Montsià;2016;301,5081967;;;;1162,8;98;3,061224489795918;21,428571428571427;11805;79;381,65594518987336;14943,037974683544;30,648863705209656;104652;8,865057179161372;40,35753995859429
43005;Alcover;Alt Camp;2016;439,6686207;;;;951,3;10;0;50;15299;79;556,5425578481013;19365,822784810127;34,486067379567295;85617;5,596248120792208;25,47652007073067
43012;Altafulla;Tarragonès;2016;562,6183838;;;;1964,8;78;0;24,358974358974358;17142;79;712,1751693670885;21698,73417721519;39,38525612880643;176832;10,315715785789289;46,961559707150855
43013;Ametlla de Mar, l';Baix Ebre;2016;397,2898551;;;;1682;109;0;6,422018348623854;12102;79;502,8985507594937;15318,987341772152;39,39413535944472;151380;12,508676251859196;56,94485568013927
43014;Amposta;Montsià;2016;304,0111607;;;;662;198;0,5050505050505051;3,0303030303030303;12385;79;384,8242540506329;15677,215189873417;29,456067245861927;59580;4,810658054097699;21,90017737299551
43016;Arboç, l';Baix Penedès;2016;344,7315464;;;;729,1;45;8,888888889;17,77777777777778;12870;79;436,36904607594937;16291,139240506329;32,14280152913753;65619;5,0986013986013985;23,21101889344678
43037;Calafell;Baix Penedès;2016;465,3510124;;;;1393,4;536;1,3059701492537312;51,865671641791046;13395;79;589,0519144303797;16955,696202531646;41,68878050615902;125406,00000000001;9,362150055991043;42,62051979440893
43038;Cambrils;Baix Camp;2016;491,8426034;;;;1825,5;609;0;1,6420361247947455;15289;79;622,5855739240505;19353,164556962023;38,60364471711688;164295;10,745961148538164;48,920221007153906
43043;Catllar, el;Tarragonès;2016;510;;;;;;;;17508;79;645,5696202531645;22162,025316455696;34,95544893762851;;;
43044;Sénia, la;Montsià;2016;235,6385714;;;;584,3;37;0;8,108108108108109;11215;79;298,2766726582278;14196,20253164557;25,213222084707976;52586,99999999999;4,688987962550155;21,34628296688404
43047;Constantí;Tarragonès;2016;318,0047899;;;;604,8;37;0;21,62162162162162;11915;79;402,53770873417716;15082,278481012658;32,02733931;54431,99999999999;4,568359211078472;20,79712918712982
43051;Cunit;Baix Penedès;2016;479,5813693;;;;1397,9;257;0;10,505836575875486;13462;79;607,0650244303797;17040,506329113923;42,74978778487595;125811,00000000001;9,345639578;42,54535702231364
43086;Montblanc;Conca de Barberà;2016;343,095;;;;670,7;20;0;0;15799;79;434,2974683544304;19998,73417721519;26,059497436546618;60363,00000000001;3,820684853471739;17,393395048329317
43092;Mont-roig del Camp;Baix Camp;2016;446,3253988;;;;1324,9;379;0;0,791556728;12965;79;564,9688592405063;16411,39240506329;41,310488126494405;119241,00000000001;9,197146162745856;41,86935134953758
43093;Móra d'Ebre;Ribera d'Ebre;2016;309,2977143;;;;865,2;33;0;30,303030303030305;14925;79;391,5160940506329;18892,40506329114;24,86815793366834;77868;5,217286432160804;23,751324036161485
43100;Pallaresos, els;Tarragonès;2016;590,3846154;;;;;;;;17096;79;747,3222979746836;21640,506329113923;41,44019293869911;;;
43123;Reus;Baix Camp;2016;395,0539675;;;;1002,7;942;1,5923566878980893;10,29723991507431;14795;79;500,0683132911392;18727,848101265823;32,04222784724569;90243;6,099560662385941;27,76781448638071
43129;Riudoms;Baix Camp;2016;376,5742574;;;;1093,4;32;3,125;37,5;12894;79;476,6762751898734;16321,518987341771;35,04646416007445;98406,00000000001;7,631921824104236;34,74377928448867
43131;Roda de Berà;Tarragonès;2016;460,4491525;;;;1398,1;134;0,7462686567164178;20,89552239;13198;79;582,8470284810127;16706,32911392405;41,86535709956054;125828,99999999999;9,533944537051067;43,40260190554787
43133;Roquetes;Baix Ebre;2016;350,1527941;;;;646,7;40;0;0;13103;79;443,2313849367088;16586,07594936709;32,06772135541479;58203,00000000001;4,441959856521408;20,221705148775243
43136;Ràpita, la;Montsià;2016;293,4662553;;;;901,3;223;0;4,0358744394618835;12067;79;371,4762725316456;15274,683544303796;29,183683298251427;81117;6,7222176182978375;30,602415828578504
43145;Selva del Camp, la;Baix Camp;2016;401,165;;;;1309,7;29;0;0;14845;79;507,80379746835445;18791,139240506327;32,42829235432806;117873;7,940249242169081;36,14741784466989
43148;Tarragona;Tarragonès;2016;447,6699191;;;;1148,8;1.198;166,9449081803005;9098,497495826377;16309;79;566,6707836708861;20644,303797468354;32,93910742;103392;6,339567110184561;28,860426706651726
43153;Torredembarra;Tarragonès;2016;430,8436421;;;;1366,4;254;0,39370078740157477;16,535433070866144;13425;79;545,3716988607595;16993,67088607595;38,51116354;122976,00000000001;9,160223463687151;41,701263397872296
43155;Tortosa;Baix Ebre;2016;327,7840712;;;;697;237;0;3,375527426160337;13849;79;414,9165458227848;17530,379746835442;28,402114624882667;62730;4,529568921943823;20,62053916496539
43156;Ulldecona;Montsià;2016;241,6363636;;;;551,7;47;0;23,404255319148938;11217;79;305,8688146835443;14198,734177215189;25,850373212088794;49653,00000000001;4,426584648301685;20,151710610944427
43161;Valls;Alt Camp;2016;380,4935381;;;;1140,5;45;0;35,55555555555556;15726;79;481,63739;19906,32911392405;29,034226486074022;102645;6,527088897367417;29,71410625619019
43162;Vandellòs i l'Hospitalet de l'Infant;Baix Camp;2016;458,2589041;;;;1524,2;45;0;8,888888889;14639;79;580,0745621518987;18530,379746835442;37,56477115376733;137178;9,370722043855455;42,65954315723346
43163;Vendrell, el;Baix Penedès;2016;404,1712434;;;;1176,7;555;0;3,2432432432432434;14293;79;511,60916886075944;18092,40506329114;33,93307857552648;105903;7,409431190093053;33,73090655608414
43171;Vila-seca;Tarragonès;2016;422,5482561;;;;1756;300;0;1,3333333333333335;13645;79;534,8712102531646;17272,151898734177;37,16071141956761;158040;11,58226456577501;52,72743261296079
43901;Deltebre;Baix Ebre;2016;270,1447368;;;;748,8;107;0;16,822429906542055;11883;79;341,9553630379746;15041,772151898733;27,28045814693259;67392;5,671295127493058;25,81816621135815
43905;Salou;Tarragonès;2016;459,8286711;;;;1549;757;0,9247027741083224;13,606340819022458;12573;79;582,0616089873417;15915,189873417721;43,887250880458126;139410;11,088045812455261;50,47753701925012
43907;Canonja, la;Tarragonès;2016;350,8604301;;;;;-;;;13769;79;444,1271267088607;17429,11392405063;30,578292985692496;;;
08001;Abrera;Baix Llobregat;2015;558,0813776;;;;1232,4;80;0;1,25;17446;79;706,4321235443037;22083,544303797466;38,386888290725665;110916,00000000001;6,3576751117734736;28,942862091209953
08003;Alella;Maresme;2015;1029,76336;;;;2001,8;61;0;19,672131147540984;23142;79;1303,4979240506327;29293,670886075946;53,39711485610577;180162;7,785066113559761;35,44095772972872
08005;Ametlla del Vallès, l';Vallès Oriental;2015;808,9743667;;;;1285,2;47;0;31,914893617021278;21175;79;1024,0181856962024;26803,79746835443;45,845064464698936;115668;5,462479338842975;24,86754724025431
08006;Arenys de Mar;Maresme;2015;545,7554942;;;;1510,1;97;0;13,402061855670103;15982;79;690,8297394936709;20230,379746835442;40,977762047303216;135909;8,503879364;38,71330373975727
08007;Arenys de Munt;Maresme;2015;519,8265719;;;;1166;40;0;15;16512;79;658,0083188607595;20901,265822784808;37,77809388808139;104940;6,355377906976744;28,932404230363325
08009;Argentona;Maresme;2015;584,1446528;;;;1327,1;84;0;25;17076;79;739,4236111392405;21615,18987341772;41,050221560084324;119438,99999999999;6,994553759662684;31,842206670891027
08010;Artés;Bages;2015;308,4930144;;;;960,6;35;0;31,428571428571427;15660;79;390,49748658227844;19822,78481012658;23,639311448275862;86454;5,520689655172414;25,13254554988619
08015;Badalona;Barcelonès;2015;549,1629557;;;;1717,2;1.264;3322,784810126582;19224,68354;16128;79;695,1429818987341;20415,18987341772;40,860338965773806;154548;9,582589285714286;43,62405365123613
08019;Barcelona;Barcelonès;2015;734,936275;;;;2970,6;12.229;474,2824433723118;483,5391283015782;20556;79;930,2990823;26020,25316455696;42,903460303561005;267354;13,006129597197898;59,20947652310853
08020;Begues;Baix Llobregat;2015;841,6666677;;;;1562,1;42;0;0;20522;79;1065,4008451898733;25977,215189873416;49,215476134879644;140589;6,850648085;31,187086359896625
08022;Berga;Berguedà;2015;322,5885926;;;;862;73;0;0;16015;79;408,3399906329114;20272,151898734177;24,17148367905089;77580;4,844208554480175;22,052913630918294
08023;Bigues i Riells del Fai;Vallès Oriental;2015;594,1499009;;;;1173,1;63;0;38,095238095238095;18090;79;752,0884821518987;22898,73417721519;39,41292874958541;105578,99999999999;5,836318407960198;26,569422915173458
08029;Cabrera de Mar;Maresme;2015;748,6363782;;;;;;;;20424;79;947,6409851;25853,164556962023;43,98568614571093;;;
08030;Cabrils;Maresme;2015;1014,184782;;;;2044,4;44;0;0;23666;79;1283,7782050632911;29956,962025316454;51,424902324009125;183996;7,7746978788134875;35,39375708120314
08033;Caldes de Montbui;Vallès Oriental;2015;511,2256783;;;;1413,5;99;0;31,313131313131315;17089;79;647,1211118;21631,645569620254;35,898578849552344;127215;7,444262391011762;33,88947311177281
08035;Calella;Maresme;2015;454,0003148;;;;1477,8;176;0,5681818181818182;35,79545454545455;13912;79;574,6839427848101;17610,12658227848;39,16046418631397;133002;9,560235767682576;43,52229085614661
08040;Canet de Mar;Maresme;2015;495,6075012;;;;1402,9;101;2,9702970297029703;14,85148514851485;15860;79;627,3512673417721;20075,949367088608;37,49867600504413;126261,00000000001;7,960970996216899;36,24175215070942
08041;Canovelles;Vallès Oriental;2015;411,8639503;;;;1036,4;81;0;20,98765432098765;13659;79;521,3467725316456;17289,87341772152;36,18396224906655;93276,00000000001;6,828904019327917;31,08809805324943
08043;Canyelles;Garraf;2015;744,3750025;;;;;;;;17245;79;942,2468386;21829,11392405063;51,79762267323863;;;
08044;Capellades;Anoia;2015;332,0884918;;;;831,3;23;0;13,043478260869565;16146;79;420,36517949367084;20437,974683544304;24,681418937198067;74817;4,633779264214047;21,094949308890392
08046;Cardedeu;Vallès Oriental;2015;529,8955017;;;;1560,1;92;0;8,695652173913043;17003;79;670,7537996202531;21522,78481012658;37,39778875;140409;8,257895665;37,59348051093646
08051;Castellar del Vallès;Vallès Occidental;2015;537,935585;;;;1404,7;192;0;12,5;17057;79;680,9311202531644;21591,139240506327;37,84503148267573;126423;7,411795743682945;33,74167101750383
08054;Castellbisbal;Vallès Occidental;2015;602,3081761;;;;1431,4;68;0;16,176470588235293;17664;79;762,4154127848101;22359,493670886073;40,91767500679348;128826,00000000001;7,293138586956522;33,20149278208123
08056;Castelldefels;Baix Llobregat;2015;805,6494629;;;;2553,6;510;0;2,941176470588235;19299;79;1019,8094467088607;24429,11392405063;50,09479016943883;229824;11,908596300326442;54,21303453867367
08067;Centelles;Osona;2015;404,2288136;;;;1388,9;49;0;75,51020408163265;16227;79;511,68204253164555;20540,506329113923;29,893053325938258;125001,00000000001;7,703272323904605;35,068597341334126
08068;Cervelló;Baix Llobregat;2015;685,7142878;;;;1410,6;71;0;19,718309859154928;19184;79;867,9927693670885;24283,544303797466;42,892887060050036;126953,99999999999;6,617702251876563;30,12661708398059
08072;Corbera de Llobregat;Baix Llobregat;2015;567,3437098;;;;1249;103;0;26,21359223300971;17426;79;718,1565946835443;22058,227848101265;39,068773772523826;112410;6,450705841845518;29,366377848681346
08073;Cornellà de Llobregat;Baix Llobregat;2015;537,0308625;;;;1939,4;402;4,726368159;4,975124378109453;16309;79;679,7859018987342;20644,303797468354;39,51419676252376;174546;10,702434238763873;48,72206785766048
08074;Cubelles;Garraf;2015;545,1466048;;;;1587,5;175;0;1,7142857142857144;16912;79;690,0589934177215;21407,59493670886;38,681168741721855;142875;8,448143330179754;38,45956942332033
08075;Dosrius;Maresme;2015;659,8805894;;;;1254,3;37;0;27,027027027027028;16929;79;835,2918853164556;21429,11392405063;46,77516139642034;112887;6,6682615629984054;30,35678473858694
08076;Esparreguera;Baix Llobregat;2015;475,5699836;;;;1125,6;152;0;0;16763;79;601,9873210126582;21218,98734177215;34,04426297918034;101303,99999999999;6,043309670106782;27,511735859617524
08077;Esplugues de Llobregat;Baix Llobregat;2015;687,7249244;;;;2186,9;232;0;6,896551724137931;19362;79;870,5378789873417;24508,86075949367;42,623174738146886;196821;10,165323830182832;46,27691106527792
08086;Franqueses del Vallès, les;Vallès Oriental;2015;484,4055991;;;;1548,1;74;0;21,62162162162162;15918;79;613,1716444303797;20149,367088607592;36,51757249151903;139329;8,752921221258951;39,84704901528936
08088;Garriga, la;Vallès Oriental;2015;544,8508233;;;;1557,2;85;0;30,58823529411765;17238;79;689,6845864556961;21820,25316455696;37,92905139575357;140148;8,130177515;37,01205274738663
08089;Gavà;Baix Llobregat;2015;716,1539897;;;;2325;329;0,911854103;12,158054711246201;18423;79;906,5240375949367;23320,25316455696;46,64738574824946;209250;11,358085002442598;51,70687115438892
08091;Gelida;Alt Penedès;2015;434,0639556;;;;946,3;41;0;0;16243;79;549,4480450632911;20560,759493670885;32,06776745;85167;5,243304808225082;23,86977083582118
08092;Gironella;Berguedà;2015;259,5404265;;;;;;;;15882;79;328,5321854;20103,79746835443;19,61015689459766;;;
08096;Granollers;Vallès Oriental;2015;491,5313114;;;;1392,6;523;2,1032504780114722;8,986615679;16488;79;622,1915334177215;20870,886075949365;35,77374901018923;125333,99999999999;7,601528384279475;34,60541531938192
08101;Hospitalet de Llobregat, l';Barcelonès;2015;521,6810539;;;;1667,3;2.136;8661,048689138575;22846,44194756554;15654;79;660,3557644303797;19815,18987341772;39,99088186278268;150057;9,585856650057494;43,63892809416136
08102;Igualada;Anoia;2015;343,7477544;;;;973,4;199;2,0100502512562812;16,08040201005025;15656;79;435,12373974683544;19817,721518987342;26,347553990802247;87606;5,595682166581502;25,47394360458819
08105;Llagosta, la;Vallès Oriental;2015;470,1384645;;;;1217,5;50;2;16;15532;79;595,1119803797468;19660,759493670885;36,322827543136746;109575;7,054790110739119;32,11642835907614
08106;Llinars del Vallès;Vallès Oriental;2015;479,4652246;;;;1219,1;47;0;2,127659574468085;16014;79;606,9180058227848;20270,886075949365;35,92845444735856;109718,99999999999;6,851442487823154;31,190702822121104
08107;Lliçà d'Amunt;Vallès Oriental;2015;669,2668839;;;;1280,2;65;1,5384615384615385;20;18197;79;847,1732707594937;23034,177215189873;44,134761811287575;115218;6,331703027971644;28,824626033770397
08108;Lliçà de Vall;Vallès Oriental;2015;628,1282412;;;;1332,9;33;0;12,121212121212121;19021;79;795,0990395;24077,215189873416;39,62745856895011;119961,00000000001;6,3067662057725675;28,711102930873185
08110;Malgrat de Mar;Maresme;2015;470,0266127;;;;1340,7;128;0;21,09375;14345;79;594,9703958227848;18158,227848101265;39,31906136214709;120663;8,411502266;38,29276359250531
08112;Manlleu;Osona;2015;359,6476635;;;;680;113;0;8,849557522123893;14427;79;455,25020696202535;18262,025316455696;29,91454884591392;61200;4,242046163443543;19,311612332270332
08113;Manresa;Bages;2015;344,8966371;;;;889,7;473;1,0570824524312896;30,443974630021142;15574;79;436,5780216455696;19713,92405063291;26,57480188262489;80073;5,141453705;23,406100958742105
08114;Martorell;Baix Llobregat;2015;472,3369019;;;;1187,8;139;0;0,7194244604316548;15516;79;597,8948125316455;19640,506329113923;36,53030950502707;106902;6,889791183294664;31,365282520658127
08118;Masnou, el;Maresme;2015;673,8352123;;;;1877,8;127;0;7,874015748031496;19544;79;852,9559649367088;24739,24050632911;41,37342687065084;169002;8,647257470323373;39,366022332169756
08119;Masquefa;Anoia;2015;473,6772947;;;;1174,8;41;0;24,390243902439025;15885;79;599,5915123;20107,59493670886;35,78298732389047;105732;6,656090651558074;30,301377533099277
08120;Matadepera;Vallès Occidental;2015;896,0075206;;;;1705,3;70;0;1,4285714285714286;24297;79;1134,186734936709;30755,696202531642;44,25274827015681;153477;6,3167057661439685;28,756352069908925
08121;Mataró;Maresme;2015;503,3108393;;;;1365,1;794;0;11,838790931989925;14376;79;637,1023282;18197,46835443038;42,01259092654424;122858,99999999999;8,546118530884806;38,90559453037775
08123;Molins de Rei;Baix Llobregat;2015;593,8553571;;;;1832,7;152;0;19,078947368421055;19297;79;751,7156418987341;24426,58227848101;36,92938946572006;164943;8,547598072239207;38,91233003677368
08124;Mollet del Vallès;Vallès Oriental;2015;495,0093791;;;;1347,2;201;2,9850746268656714;14,427860696517413;16184;79;626,5941507594936;20486,07594936709;36,70361189569945;121248;7,491843796342066;34,10608406284685
08125;Montcada i Reixac;Vallès Occidental;2015;517,2781453;;;;1287,7;126;0;23,015873015873016;16216;79;654,7824624050633;20526,58227848101;38,279093140108536;115893;7,146830291070548;32,53543470956571
08126;Montgat;Maresme;2015;679,1770082;;;;2237,9;71;2,8169014084507045;18,30985915492958;19122;79;859,7177318987342;24205,06329113924;42,62171372;201411;10,532946344524632;47,95048631836293
08135;Montmeló;Vallès Oriental;2015;477,6836776;;;;1246,1;44;2,272727272727273;13,636363636363635;16474;79;604,6628830379747;20853,164556962023;34,795460308364696;112148,99999999999;6,807636275342964;30,991278166997656
08136;Montornès del Vallès;Vallès Oriental;2015;529,9594964;;;;1183,2;80;1,25;28,749999999999996;15376;79;670,8348055696202;19463,291139240504;41,36000232049948;106488;6,925598335067638;31,528292022940658
08138;Moià;Moianès;2015;391,0507268;;;;1196,4;36;0;52,77777777777778;14697;79;495,00092;18603,79746835443;31,92902443764033;107676,00000000001;7,326393141457442;33,352881767504904
08140;Navarcles;Bages;2015;358,8988161;;;;1187;33;3,0303030303030303;12,121212121212121;16048;79;454,30229886075944;20313,92405063291;26,836900505982054;106830;6,656904287138584;30,305081550996565
08141;Navàs;Bages;2015;289,8411873;;;;812,6;34;0;8,823529411764707;15715;79;366,8875788607595;19892,40506329114;22,13232102;73134;4,653770283168947;21,18595699558438
08147;Olesa de Montserrat;Baix Llobregat;2015;460,0449772;;;;1187,3;169;0;0;16169;79;582,3354141772152;20467,088607594935;34,142740592491805;106857;6,608757498917682;30,085896734674066
08155;Palafolls;Maresme;2015;451,4240468;;;;1301,5;54;0;25,925925925925924;14490;79;571,4228440506329;18341,772151898735;37,38501422774327;117135;8,083850931677018;36,80115428
08156;Palau-solità i Plegamans;Vallès Occidental;2015;594,0077223;;;;1497,1;48;0;2,083333333333333;17299;79;751,9085092405062;21897,468354430377;41,20522959477426;134739;7,788831724377132;35,45810040415927
08157;Pallejà;Baix Llobregat;2015;588,4074204;;;;1728;87;2,2988505747126435;19,54022988505747;18721;79;744,8195194936708;23697,468354430377;37,71640961914427;155520;8,307248544415362;37,818155969179266
08159;Parets del Vallès;Vallès Oriental;2015;531,6235715;;;;1562;93;0;16,129032258064516;17199;79;672,9412297468355;21770,886075949365;37,09217313797314;140580;8,173731030873888;37,21032702019194
08161;Piera;Anoia;2015;455,3602434;;;;964,6;68;0;5,882352941;14758;79;576,4053713924051;18681,012658227846;37,0261751;86814;5,882504404390839;26,779681366845765
08163;Pineda de Mar;Maresme;2015;459,0392264;;;;1327,5;238;1,2605042016806722;21,84873949579832;13157;79;581,0623118987342;16654,430379746835;41,86722441894049;119475;9,080717488789238;41,33931812283989
08167;Polinyà;Vallès Occidental;2015;521,7568844;;;;1488,9;42;4,761904761904762;26,190476190476193;16408;79;660,4517524050633;20769,620253164558;38,15871899561189;134001;8,166808873720136;37,17881439390129
08169;Prat de Llobregat, el;Baix Llobregat;2015;590,4938567;;;;1974,5;303;0,33003300330033003;2,310231023;17556;79;747,4605781012658;22222,78481012658;40,36184939849625;177705;10,12218045112782;46,080503912004914
08172;Premià de Mar;Maresme;2015;600,943063;;;;1692,2;192;0;0,5208333333333333;17375;79;760,6874215189873;21993,67088607595;41,503981329496405;152298;8,765352517985612;39,90364160620492
08180;Ripollet;Vallès Occidental;2015;502,8029982;;;;1536,5;191;0;16,75392670157068;15867;79;636,4594914;20084,810126582277;38,02631863868406;138285;8,715258082813387;39,67559026617312
08181;Roca del Vallès, la;Vallès Oriental;2015;575,9576517;;;;1335,2;58;0;3,4482758620689653;18056;79;729,0603186075949;22855,696202531646;38,27808939078423;120168;6,655294638901196;30,29775374230377
08183;Roda de Ter;Osona;2015;353,2074267;;;;809,2;27;0;25,925925925925924;15600;79;447,09800848101264;19746,835443037973;27,169802053846155;72828;4,668461538461538;21,252837886539762
08184;Rubí;Vallès Occidental;2015;495,9561722;;;;1180,7;499;0;11,422845691382765;15703;79;627,7926230379746;19877,215189873416;37,90023605;106263;6,767050882;30,806516061058588
08187;Sabadell;Vallès Occidental;2015;507,994116;;;;1402;1.507;2521,5660252156604;20106,171201061712;16651;79;643,0305265822785;21077,215189873416;36,60998974235782;126180;7,577923247852982;34,49795462089938
08191;Sallent;Bages;2015;341,596408;;;;921,2;19;0;26,31578947368421;16856;79;432,40051645569616;21336,708860759492;24,318681158044615;82908;4,9186046511627906;22,39159655015426
08192;Santpedor;Bages;2015;415,3702706;;;;1419,3;49;0;30,612244897959183;17332;79;525,7851526582278;21939,24050632911;28,75861555042696;127737;7,370009231479345;33,55144090370927
08194;Sant Adrià de Besòs;Barcelonès;2015;559,1490543;;;;1967,1;210;7,6190476190476195;7,6190476190476195;14898;79;707,7836130379746;18858,227848101265;45,03818399516714;177039;11,883407168747484;54,098362815336145
08196;Sant Andreu de la Barca;Baix Llobregat;2015;522,1690296;;;;1434,1;132;0;0;16307;79;660,9734551898734;20641,772151898735;38,42539004844545;129068,99999999999;7,914944502360949;36,03221982312198
08197;Sant Andreu de Llavaneres;Maresme;2015;766,8695252;;;;2308,3;83;0;26,506024096385545;19512;79;970,7209179746835;24698,73417721519;47,16294743;207747,00000000003;10,647140221402216;48,47034579089369
08198;Sant Antoni de Vilamajor;Vallès Oriental;2015;550,17916;;;;1172,6;50;0;0;17519;79;696,4293164556962;22175,949367088608;37,685655117301216;105533,99999999999;6,023973971117072;27,423711470283756
08200;Sant Boi de Llobregat;Baix Llobregat;2015;551,585601;;;;1702,6;210;0;10;16669;79;698,2096215189873;21100;39,70860406743056;153234;9,192753015;41,84935185611675
08202;Sant Celoni;Vallès Oriental;2015;434,554711;;;;956,7;112;0,8928571428571428;16,964285714285715;15304;79;550,0692544303797;19372,151898734177;34,07381424464192;86103;5,626176163094616;25,612765346840238
08205;Sant Cugat del Vallès;Vallès Occidental;2015;897,539207;;;;2618;634;0,6309148264984227;38,170347003154575;22719;79;1136,1255784810126;28758,227848101265;47,4073264;235620;10,371055064043311;47,21348782
08208;Sant Esteve Sesrovires;Baix Llobregat;2015;666,9117691;;;;1434,7;47;0;2,127659574468085;18570;79;844,1921127848101;23506,32911392405;43,096075547657506;129123;6,953311793214863;31,654455562776185
08209;Sant Fost de Campsentelles;Vallès Oriental;2015;721,0987758;;;;1451,2;45;0;15,555555555555555;18852;79;912,7832605;23863,291139240504;45,90062226607256;130608;6,928071292170592;31,539549983614947
08210;Sant Feliu de Codines;Vallès Oriental;2015;398,7275101;;;;1024,8;32;0;56,25;15491;79;504,71836721518986;19608,86075949367;30,887161069007814;92232;5,953908721192951;27,10474442174984
08211;Sant Feliu de Llobregat;Baix Llobregat;2015;596,5858551;;;;1943,6;314;0,9554140127388535;48,40764331210191;18710;79;755,1719684810126;23683,544303797466;38,26312272153928;174924;9,349225013361838;42,56167946051905
08213;Sant Fruitós de Bages;Bages;2015;433,4102244;;;;1237,8;34;5,882352941;38,23529411764706;22344;79;548,6205372151899;28283,544303797466;23,276596369495163;111402;4,985767991407089;22,697352862029323
08214;Vilassar de Dalt;Maresme;2015;656,7430632;;;;1726,6;43;0;0;19612;79;831,3203332;24825,31646;40,184156426677546;155394;7,923414236181929;36,07077768171338
08217;Sant Joan Despí;Baix Llobregat;2015;650,6415406;;;;2177,3;205;20,48780487804878;34,146341463414636;19652;79;823,5968868;24875,949367088608;39,72979079584775;195957,00000000003;9,971351516385102;45,393865953808785
08218;Sant Joan de Vilatorrada;Bages;2015;364,8247768;;;;969,7;51;0;17,647058823529413;15864;79;461,80351493670884;20081,012658227846;27,596427897125565;87273;5,501323751891074;25,044383657670977
08219;Vilassar de Mar;Maresme;2015;701,8219335;;;;2065,1;154;0;7,142857142857142;19596;79;888,3821943037974;24805,06329113924;42,977460716472756;185859;9,484537661;43,177680628181015
08221;Sant Just Desvern;Baix Llobregat;2015;941,5928288;;;;2450,3;216;1,3888888888888888;52,31481481481482;25068;79;1191,8896567088607;31731,64556962025;45,07385489707994;220527,00000000003;8,797151747247488;40,04840533
08230;Premià de Dalt;Maresme;2015;760,9074537;;;;1589,3;81;0;0;19820;79;963,1739920253165;25088,607594936708;46,069068841574165;143037;7,216801210898082;32,85397232706887
08231;Sant Pere de Ribes;Garraf;2015;567,6005842;;;;1746,5;178;0,5617977528089888;8,988764045;15834;79;718,4817521518986;20043,037974683542;43,01633832512315;157185;9,927055702917771;45,19221243
08234;Sant Pere de Vilamajor;Vallès Oriental;2015;641,2499925;;;;;;;;17798;79;811,7088512658227;22529,11392405063;43,23519446005169;;;
08235;Sant Pol de Mar;Maresme;2015;569,0186986;;;;;;;;18109;79;720,2768337;22922,78481012658;37,70624762935557;;;
08238;Sant Quirze del Vallès;Vallès Occidental;2015;703,0360211;;;;1846,4;157;0;4,458598726;22125;79;889,9190140506329;28006,32911392405;38,13076725;166176;7,510779661016949;34,192288235005314
08240;Sant Sadurní d'Anoia;Alt Penedès;2015;448,559505;;;;1428,9;56;3,571428571428571;25;17117;79;567,7968417721519;21667,088607594935;31,446597300928904;128601,00000000001;7,513057194601859;34,202656544064396
08244;Santa Coloma de Cervelló;Baix Llobregat;2015;631,1166506;;;;1744,8;29;3,4482758620689653;10,344827586206897;18954;79;798,8818362025315;23992,40506329114;39,956736346945235;157032;8,284900284900285;37,716417113111326
08245;Santa Coloma de Gramenet;Barcelonès;2015;483,2775363;;;;1515,8;589;0;0,1697792869269949;14339;79;611,7437168;18150,632911392404;40,44445523118767;136422;9,514052583862194;43,31204521
08248;Santa Eulàlia de Ronçana;Vallès Oriental;2015;636,1475344;;;;1408,9;30;0;16,666666666666664;17441;79;805,2500435443038;22077,215189873416;43,76910964279571;126801,00000000001;7,270282667278253;33,09744283936068
08250;Santa Margarida de Montbui;Anoia;2015;320,3929583;;;;694,8;75;0;24;11586;79;405,5607067088607;14665,822784810125;33,18414896944588;62531,99999999999;5,397203521491455;24,570383741604086
08251;Santa Margarida i els Monjos;Alt Penedès;2015;399,1033419;;;;953,5;33;0;30,303030303030305;15611;79;505,1941037;19760,759493670885;30,678624705656265;85815;5,497085388508103;25,025088810933905
08252;Barberà del Vallès;Vallès Occidental;2015;541,7100324;;;;1453,6;255;0,39215686274509803;23,52941176470588;17011;79;685,7089017721519;21532,91139240506;38,213628762565406;130823,99999999999;7,690553171477278;35,01069430789044
08259;Santa Maria de Palautordera;Vallès Oriental;2015;473,5503053;;;;1098,8;51;0;5,882352941;15766;79;599,4307662025316;19956,962025316454;36,04340773563364;98892;6,272485094507167;28,555040619061984
08260;Santa Perpètua de Mogoda;Vallès Occidental;2015;489,1835938;;;;1415,5;117;0;21,367521367521366;16484;79;619,2197389873418;20865,822784810127;35,61152102;127395;7,7284033001698615;35,18300431675755
08262;Sant Vicenç de Castellet;Bages;2015;342,0375735;;;;960,1;43;0;25,581395348837212;14266;79;432,9589537974683;18058,227848101265;28,77085996074583;86409;6,0569886443291745;27,57400841326449
08263;Sant Vicenç dels Horts;Baix Llobregat;2015;565,3491578;;;;1500,5;153;2,6143790849673203;21,568627450980394;15585;79;715,6318453164556;19727,848101265823;43,53025276612127;135045;8,665062560153995;39,447078732572315
08264;Sant Vicenç de Montalt;Maresme;2015;1049,361599;;;;1918,3;69;0;24,637681159420293;21610;79;1328,3058215189874;27354,430379746835;58,27088935;172647;7,989217954650624;36,370344412514285
08266;Cerdanyola del Vallès;Vallès Occidental;2015;618,0559299;;;;1919,3;295;0;3,050847457627119;18399;79;782,3492783544303;23289,87341772152;40,31018619924996;172737;9,388390673406164;42,73997833195319
08267;Sentmenat;Vallès Occidental;2015;440,4626963;;;;1593;99;0;27,27272727272727;16375;79;557,5477168;20727,848101265823;32,27818232427481;143370;8,755419847328245;39,85842383210048
08270;Sitges;Garraf;2015;756,6641717;;;;3849,9;371;0;7,277628032345014;18632;79;957,8027489873417;23584,810126582277;48,73320126878488;346491;18,59655431515672;84,65948596815527
08274;Súria;Bages;2015;328,3368688;;;;1231,7;64;0;73,4375;17197;79;415,61628962025316;21768,354430379746;22,91121954759551;110853;6,446066174332732;29,345256093541177
08278;Taradell;Osona;2015;387,2165656;;;;2414,5;25;0;40;16861;79;490,1475513924051;21343,037974683542;27,558263372279228;217305;12,888025621256153;58,67181660371828
08279;Terrassa;Vallès Occidental;2015;446,197962;;;;1162,3;1.603;124,76606363069244;8109,794136;16140;79;564,8075468354431;20430,379746835442;33,17456966542751;104607;6,481226765799256;29,505322176184578
08281;Teià;Maresme;2015;885,4107256;;;;1816,4;41;0;34,146341463414636;22425;79;1120,7730703797467;28386,07594936709;47,37983815919733;163476;7,2898996655518395;33,186747823603184
08282;Tiana;Maresme;2015;762,9466066;;;;2164,5;48;0;29,166666666666668;22644;79;965,7551982;28663,291139240504;40,431722660307365;194805;8,602941176470589;39,16427556801073
08283;Tona;Osona;2015;384,1412064;;;;1655,5;48;0;35,41666666666667;16982;79;486,2546916455696;21496,20253164557;27,144591195383345;148995;8,773701566364386;39,94165005293605
08284;Tordera;Maresme;2015;389,3166811;;;;1115,2;109;0;26,605504587155966;13261;79;492,80592544303795;16786,07594936709;35,229621998340996;100368;7,568659980393636;34,45578425706727
08285;Torelló;Osona;2015;350,6031214;;;;862,9;84;0;10,714285714285714;16281;79;443,8014194936709;20608,86075949367;25,841394612124564;77661;4,770038695;21,71526064227088
08289;Torrelles de Llobregat;Baix Llobregat;2015;607,5962959;;;;1279,3;31;0;19,35483870967742;18057;79;769,1092353164556;22856,962025316454;40,37855430470178;115137;6,376308356869912;29,02768860934065
08291;Vacarisses;Vallès Occidental;2015;562,8113148;;;;1117,5;68;0;0;16020;79;712,4193858227848;20278,481012658227;42,158150921348316;100575;6,278089888;28,580556039692073
08295;Vallirana;Baix Llobregat;2015;602,0832091;;;;1352,3;91;1,098901098901099;31,868131868131865;17334;79;762,1306444303797;21941,772151898735;41,68108058843891;121707;7,021287643;31,963910765345315
08298;Vic;Osona;2015;441,2361386;;;;1259;355;0,28169014084507044;18,028169014084508;15900;79;558,5267577;20126,58227848101;33,30084064905661;113310;7,126415094339623;32,44249598382714
08300;Viladecavalls;Vallès Occidental;2015;655,47735;;;;1388,9;56;0;1,7857142857142856;18167;79;829,7181645569619;22996,20253164557;43,296791985468154;125001,00000000001;6,880662740133209;31,323725934817464
08301;Viladecans;Baix Llobregat;2015;604,075957;;;;1707,3;424;0;1,8867924528301887;17090;79;764,6531101265823;21632,91139240506;42,41609996489175;153657;8,991047396138093;40,93110142732144
08302;Vilanova del Camí;Anoia;2015;324,4169468;;;;873,1;36;0;19,444444444444446;13289;79;410,6543630379747;16821,518987341773;29,29493085709986;78579;5,913086010986531;26,918901947744544
08305;Vilafranca del Penedès;Alt Penedès;2015;407,9204959;;;;1080,7;284;2,112676056338028;26,056338028169012;15527;79;516,3550581012657;19654,430379746835;31,526025315901336;97263;6,264120564178528;28,51696169
08307;Vilanova i la Geltrú;Garraf;2015;516,4729846;;;;1630,5;466;0,8583690987124464;18,45493562;16031;79;653,7632716455696;20292,40506329114;38,660568992576884;146745;9,153826960264487;41,67214377266759
08902;Vilanova del Vallès;Vallès Oriental;2015;757,1462103;;;;1390,4;30;0;26,666666666666668;19622;79;958,4129244303797;24837,974683544304;46,30391664254409;125136,00000000001;6,377331566608909;29,0323467
08904;Badia del Vallès;Vallès Occidental;2015;208,3451926;;;;610,9;27;11,11111111111111;11,11111111111111;12768;79;263,72809189873414;16162,025316455696;19,581315093984962;54981;4,306156015037594;19,603467855044432
17008;Anglès;Selva;2015;357,8817706;;;;603,1;31;0;19,35483870967742;14394;79;453,01489949367084;18220,25316455696;29,835912513547306;54279;3,7709462275948313;17,1669635
17009;Arbúcies;Selva;2015;306,2936986;;;;759,9;32;0;21,875;13346;79;387,7135425316456;16893,67088607595;27,540269617863032;68391;5,124456766072232;23,328723608121503
17015;Banyoles;Pla de l'Estany;2015;408,5461086;;;;1154,7;124;11,29032258064516;53,22580645;15550;79;517,1469729113924;19683,54430379747;31,527673975562703;103923;6,683151125401929;30,424568408508296
17020;Bescanó;Gironès;2015;505,3845714;;;;;;;;16997;79;639,7273055696203;21515,18987341772;35,68050159910573;;;
17022;Bisbal d'Empordà, la;Baix Empordà;2015;346,2396689;;;;762,6;49;0;22,448979591836736;12658;79;438,27806189873417;16022,78481012658;32,824111445726025;68634;5,4221835993047875;24,684103762597307
17023;Blanes;Selva;2015;424,5641455;;;;1920,6;340;0;1,4705882352941175;13358;79;537,4229689873417;16908,86075949367;38,14021369965563;172854;12,940110795029195;58,90893063911751
17033;Caldes de Malavella;Selva;2015;491,5223952;;;;1941;56;0;23,214285714285715;15936;79;622,1802470886075;20172,151898734177;37,01222855421686;174690;10,961972891566266;49,90359904686631
17034;Calonge i Sant Antoni;Baix Empordà;2015;471,952535;;;;1949,3;242;0;17,768595041322314;13920;79;597,4082721518987;17620,25316455696;40,68556336206897;175437;12,60323275862069;57,37531742706881
17044;Cassà de la Selva;Gironès;2015;442,3764275;;;;941,2;76;13,157894736842104;50;15749;79;559,9701614;19935,44303797468;33,70701079433615;84708;5,378627214426313;24,485816429796238
17047;Castelló d'Empúries;Alt Empordà;2015;480,4630659;;;;1977,6;401;0;6,982543640897755;10383;79;608,1810960759493;13143,037974683544;55,52881431956082;177984;17,141866512568622;78,03712359262205
17048;Castell d'Aro, Platja d'Aro i s'Agaró;Baix Empordà;2015;520,0160045;;;;2039,6;342;0;0,29239766081871343;12219;79;658,2481069620253;15467,088607594937;51,069580603977414;183564;15,022833292413454;68,39037612921868
17049;Celrà;Gironès;2015;485,9608537;;;;1023,2;23;4,3478260869565215;43,47826086956522;16003;79;615,1403211392404;20256,962025316454;36,44023148409673;92088;5,7544210460538645;26,19659102149909
17062;Escala, l';Alt Empordà;2015;457,5393301;;;;1802,9;309;0;6,148867313915858;12352;79;579,1637089873417;15635,443037974683;44,450064452720206;162261;13,136415155440414;59,80259222631682
17066;Figueres;Alt Empordà;2015;412,1398266;;;;1030;258;0;11,627906976744185;12479;79;521,6959830379747;15796,20253164557;39,63200512;92700;7,428479846141518;33,81762420291901
17079;Girona;Gironès;2015;485,6320964;;;;1514,4;641;2,496099844;28,081123244929795;16608;79;614,7241726582279;21022,78481012658;35,08902430635838;136296;8,206647399;37,36017643557591
17089;Llagostera;Gironès;2015;377,8635366;;;;887,9;57;0;54,385964912280706;13977;79;478,30827417721514;17692,40506329114;32,441600051513205;79911;5,717321313586607;26,027697137879237
17092;Llançà;Alt Empordà;2015;427,3797014;;;;;;;;13606;79;540,9869637974683;17222,78481012658;37,69334423636631;;;
17095;Lloret de Mar;Selva;2015;415,1197856;;;;1892,1;479;0;4,175365344467641;10773;79;525,4680830379747;13636,708860759492;46,24002067;170289;15,807017543859649;71,96031895339276
17103;Maçanet de la Selva;Selva;2015;496,5034345;;;;872,3;64;0;14,0625;13343;79;628,4853601265822;16889,87341772152;44,65293572659822;78507;5,883759274525969;26,78539407355458
17114;Olot;Garrotxa;2015;349,7854641;;;;1099,4;183;0;25,683060109289617;15494;79;442,76641025316457;19612,65823;27,09065166645153;98946,00000000001;6,386084936104299;29,072195788384875
17117;Palafrugell;Baix Empordà;2015;391,1019016;;;;1855,5;301;0;11,627906976744185;12066;79;495,0656982278481;15273,417721518987;38,896260726006965;166995;13,84012928891099;63,00620058
17118;Palamós;Baix Empordà;2015;467,1485757;;;;1812;197;0;28,934010152284262;14177;79;591,3273110126581;17945,569620253165;39,54139033928193;163080;11,503138886929534;52,36721860855894
17141;Puigcerdà;Cerdanya;2015;408,9616641;;;;1997,4;77;0;24,675324675324674;12214;79;517,6729925316456;15460,759493670885;40,17962968069428;179766;14,718028491894547;67,00277403394637
17147;Ripoll;Ripollès;2015;317,3576214;;;;1237,4;37;0;24,324324324324326;16205;79;401,71850810126585;20512,65823;23,500718647331073;111366,00000000001;6,872323356988585;31,28576148837483
17152;Roses;Alt Empordà;2015;454,6166542;;;;2142,4;668;0;1,347305389221557;11571;79;575,4641192405063;14646,835443037973;47,14717699766658;192816;16,663728286232825;75,86043345006578
17155;Salt;Gironès;2015;376,3499841;;;;925,7;250;3,2;23,599999999999998;11424;79;476,3923849367088;14460,759493670885;39,53256135504201;83313;7,292804622;33,199972429768806
17160;Sant Feliu de Guíxols;Baix Empordà;2015;458,7433284;;;;1613,6;284;0;0,35211267605633806;13428;79;580,6877574683544;16997,46835443038;40,995829168900805;145224;10,815013404825738;49,23457647447199
17164;Sant Hilari Sacalm;Selva;2015;315,9004268;;;;1003,5;17;0;5,882352941;14410;79;399,8739579746835;18240,506329113923;26,30676697848716;90315;6,267522553782095;28,532449006671822
17180;Santa Coloma de Farners;Selva;2015;403,7336256;;;;1381,2;65;0;13,846153846153847;14746;79;511,0552223;18665,822784810127;32,85503531262716;124308;8,429947104;38,37673240397372
17181;Santa Cristina d'Aro;Baix Empordà;2015;504,9804719;;;;1637,9;84;0;2,380952380952381;14313;79;639,2157872151898;18117,721518987342;42,337495024103966;147411;10,299098721442046;46,885911707951834
17186;Sarrià de Ter;Gironès;2015;506,5688165;;;;;;;;18181;79;641,22635;23013,92405063291;33,435046466090974;;;
17193;Sils;Selva;2015;491,434457;;;;1039,7;43;0;25,581395348837212;14705;79;622,0689329113924;18613,92405063291;40,10345789867392;93573;6,363345800748045;28,968677497953404
17199;Torroella de Montgrí;Baix Empordà;2015;418,1629486;;;;1553,5;140;0;15,714285714285714;12904;79;529,3201881012658;16334,177215189873;38,88682101053937;139815;10,835012399256044;49,325620468948415
17202;Tossa de Mar;Selva;2015;436,7768919;;;;2174,5;116;0;7,758620689655173;12940;79;552,8821416455696;16379,746835443037;40,50481223183926;195705;15,12403400309119;68,85108514016734
17213;Vidreres;Selva;2015;483,3684088;;;;1044,3;54;0;14,814814814814813;14705;79;611,8587453164556;18613,92405063291;39,44522887181231;93987;6,391499489969398;29,09684515832715
17221;Vilafant;Alt Empordà;2015;532,4242394;;;;1910,7;18;0;11,11111111111111;14745;79;673,9547334177215;18664,556962025315;43,33055864903358;171963;11,662461851475076;53,092525031069414
25003;Agramunt;Urgell;2015;318,0577019;;;;901,9;21;4,761904761904762;9,523809523809524;14455;79;402,6046859;18297,46835443038;26,403960033206502;81171;5,615427187824282;25,563831404258774
25011;Alcarràs;Segrià;2015;333,8517946;;;;630,7;68;0;29,411764705882355;12555;79;422,5972083544304;15892,405063291139;31,909371048984468;56763,00000000001;4,521146953405019;20,582198754411266
25019;Almacelles;Segrià;2015;303,0645258;;;;693,1;46;2,1739130434782608;34,78260869565217;13184;79;383,62598202531643;16688,607594936708;27,584756595873788;62379;4,731416868932039;21,539437534316658
25023;Alpicat;Segrià;2015;430,1851778;;;;1215,5;40;0;7,5;17536;79;544,5381997468354;22197,468354430377;29,437854320255475;109395;6,2383097627737225;28,399459861018727
25040;Balaguer;Noguera;2015;289,3769124;;;;775,9;82;1,2195121951219512;10,975609756097562;12959;79;366,2998891;16403,79746835443;26,796226165599197;69831;5,3886102322710085;24,531263405876857
25050;Bellpuig;Urgell;2015;315,167915;;;;;;;;13146;79;398,94672784810126;16640,506329113923;28,76932131446828;;;
25058;Borges Blanques, les;Garrigues;2015;286,4908011;;;;590,9;37;2,7027027027027026;62,16216216216216;14141;79;362,64658367088606;17900;24,311502815925323;53181;3,7607665653065556;17,120621318842133
25072;Cervera;Segarra;2015;272,3060918;;;;780,3;32;3,125;9,375;13450;79;344,69125544303796;17025,31646;24,294967298141263;70227;5,221338289962826;23,769769829555347
25110;Guissona;Segarra;2015;348,9808586;;;;902,2;21;9,523809523809524;28,57142857142857;15092;79;441,7479223;19103,79746835443;27,748279241982505;81198;5,380201431221839;24,492982939379313
25120;Lleida;Segrià;2015;385,7303995;;;;1051,4;831;8,303249097472925;31,889290012033694;15199;79;488,2663284810126;19239,24050632911;30,454403539706558;94626,00000000001;6,225804329232187;28,342529767545855
25137;Mollerussa;Pla d'Urgell;2015;328,1610238;;;;714,5;104;0,9615384615384616;4,807692307692308;13269;79;415,3937010126582;16796,20253164557;29,677686981686634;64305;4,846258195794709;22,06224447668504
25203;Seu d'Urgell, la;Alt Urgell;2015;362,1612419;;;;1151,9;81;2,4691358024691357;13,580246913580247;12928;79;458,4319517721519;16364,556962025315;33,61645190903465;103671,00000000001;8,019105816831685;36,50640677148975
25207;Solsona;Solsonès;2015;279,8457275;;;;758,9;32;0;18,75;13650;79;354,2350981012658;17278,481012658227;24,601822197802196;68301;5,003736263736264;22,77915213910744
25217;Tàrrega;Urgell;2015;287,7110825;;;;877,4;128;3,125;19,53125;13551;79;364,1912437;17153,164556962023;25,47806797;78966;5,827319017046713;26,52845383047902
25234;Tremp;Pallars Jussà;2015;264,7054165;;;;945,9;44;0;0;14742;79;335,07014746835443;18660,759493670885;21,547042450142452;85131;5,774725274725275;26,28902457306839
25243;Vielha e Mijaran;Val d'Aran;2015;489,1924983;;;;1460,7;93;0;17,20430107526882;14033;79;619,2310105063291;17763,291139240504;41,832181141594816;131463;9,368132259673626;42,64775334962251
43004;Alcanar;Montsià;2015;303,7830948;;;;993,9;109;0;17,431192660550458;11884;79;384,53556303797467;15043,037974683544;30,674832864355434;89451;7,527011107371256;34,26618073581958
43005;Alcover;Alt Camp;2015;377,0270405;;;;1215,4;7;0;14,285714285714285;15703;79;477,24941835443036;19877,215189873416;28,811847965356936;109386,00000000001;6,965930077055341;31,71189939917896
43012;Altafulla;Tarragonès;2015;533,59958;;;;;;;;17163;79;675,4425063291138;21725,31646;37,30813354308687;;;
43013;Ametlla de Mar, l';Baix Ebre;2015;357,9821314;;;;1716,6;72;0;5,555555555555555;11772;79;453,14193848101263;14901,26582278481;36,49155264;154494;13,123853211009175;59,74540487105271
43014;Amposta;Montsià;2015;272,5878837;;;;686,4;149;0;9,395973154362416;12215;79;345,04795405063294;15462,025316455696;26,77899798935735;61776;5,057388456815391;23,023399918032865
43016;Arboç, l';Baix Penedès;2015;335,5679086;;;;751,6;24;20,833333333333336;29,166666666666668;12538;79;424,76950455696203;15870,886075949365;32,116883898548416;67644;5,395118839;24,56089337215293
43037;Calafell;Baix Penedès;2015;449,1676095;;;;1307,7;458;1,9650655021834063;57,20524017467249;13445;79;568,5665943037975;17018,98734177215;40,089336660468575;117693;8,753663071773893;39,85042623680018
43038;Cambrils;Baix Camp;2015;470,0725793;;;;1803,4;558;0;1,6129032258064515;14758;79;595,0285814;18681,012658227846;38,22246206532051;162306;10,997831684510096;50,06684364189267
43043;Catllar, el;Tarragonès;2015;739,6551724;;;;;;;;17598;79;936,2723701265822;22275,949367088608;50,43676593249232;;;
43044;Sénia, la;Montsià;2015;239,0476238;;;;532,3;12;0;16,666666666666664;10982;79;302,5919288607595;13901,26582278481;26,120665503551265;47906,99999999999;4,362320160262247;19,859151116791725
43047;Constantí;Tarragonès;2015;307,803019;;;;768,5;42;0;26,190476190476193;11897;79;389,6240746835443;15059,493670886075;31,04678682020678;69165;5,813650500126082;26,46622888295181
43051;Cunit;Baix Penedès;2015;470,9041141;;;;1349,4;242;0;14,049586776859504;13881;79;596,0811570886076;17570,886075949365;40,70923830559758;121446,00000000001;8,749081478279663;39,82956885948376
43086;Montblanc;Conca de Barberà;2015;317,8417293;;;;1069,1;12;16,666666666666664;41,66666666666667;14933;79;402,33130291139236;18902,53164556962;25,54142336837876;96218,99999999999;6,443380432598941;29,33302944602505
43092;Mont-roig del Camp;Baix Camp;2015;427,066646;;;;1330,3;312;0;1,9230769230769231;13170;79;540,5906911392404;16670,886075949365;38,91267845102506;119727;9,090888382687927;41,38562039124441
43093;Móra d'Ebre;Ribera d'Ebre;2015;307,6532162;;;;708,8;47;0;51,06382978723404;14924;79;389,4344508860759;18891,139240506327;24,737594441168586;63791,99999999999;4,274457250067005;19,45916149
43100;Pallaresos, els;Tarragonès;2015;520,3846346;;;;;;;;16525;79;658,7147273417721;20917,721518987342;37,788899335552195;;;
43123;Reus;Baix Camp;2015;380,5189059;;;;1004;655;2,7480916030534353;10,687022900763358;14347;79;481,6695011392405;18160,759493670885;31,827050050881716;90360;6,298180804349341;28,672018503779707
43129;Riudoms;Baix Camp;2015;349,5065;;;;927;35;0;20;13356;79;442,4132911392405;16906,32911392405;31,40220125786164;83430;6,2466307277628035;28,437340460123075
43131;Roda de Berà;Tarragonès;2015;438,57274;;;;1331,6;116;0;22,413793103448278;14205;79;555,1553670886076;17981,012658227846;37,04943949313622;119843,99999999999;8,436747624076029;38,407691284788015
43133;Roquetes;Baix Ebre;2015;298,6817153;;;;633,8;38;0;0;13208;79;378,0781206329114;16718,98734177215;27,13643688370685;57041,99999999999;4,318746214415505;19,660783838936236
43136;Ràpita, la;Montsià;2015;261,4178753;;;;875,7;210;0;10,952380952380953;11798;79;330,90870291139237;14934,177215189873;26,58937534836413;78813;6,680200033904051;30,41113377513367
43145;Selva del Camp, la;Baix Camp;2015;421,1764647;;;;846,9;14;0;0;14705;79;533,1347654;18613,92405063291;34,370061723223394;76221;5,183339000340021;23,59678077620154
43148;Tarragona;Tarragonès;2015;431,5254732;;;;1233,4;949;0,42149631190727077;13,80400421496312;15759;79;546,2347762025316;19948,101265822785;32,85935451741862;111006,00000000001;7,043974872;32,06719275451627
43153;Torredembarra;Tarragonès;2015;429,085534;;;;1384,9;207;0,4830917874396135;21,256038647342994;13449;79;543,1462455696202;17024,050632911392;38,28557073388355;124641,00000000001;9,267677894267234;42,19044202
43155;Tortosa;Baix Ebre;2015;314,3282008;;;;700,2;171;0;4,678362573099415;13182;79;397,8837984810126;16686,07594936709;28,614310496131086;63018,00000000001;4,780609922621758;21,763385399496237
43156;Ulldecona;Montsià;2015;274,7799871;;;;604,7;48;0;10,416666666666668;10808;79;347,8227684810127;13681,012658227848;30,50851078090304;54423,00000000001;5,035436713545523;22,923466173865144
43161;Valls;Alt Camp;2015;381,3278099;;;;1050;69;0;10,144927536231885;15041;79;482,6934302531645;19039,24050632911;30,42306840502626;94500;6,282826939698158;28,60212113102102
43162;Vandellòs i l'Hospitalet de l'Infant;Baix Camp;2015;401,536229;;;;1494,9;33;12,121212121212121;30,303030303030305;14767;79;508,2737075949367;18692,40506329114;32,62974705762849;134541;9,110923003995396;41,47682657453582
43163;Vendrell, el;Baix Penedès;2015;377,4117429;;;;1148;472;0;9,745762711864407;13908;79;477,73638341772147;17605,06329113924;32,56356711820534;103320;7,428817946505609;33,81916338069059
43171;Vila-seca;Tarragonès;2015;415,6364329;;;;1801,8;264;0;1,5151515151515151;13306;79;526,1220669620253;16843,037974683542;37,48412140989027;162162;12,187133623929055;55,48105582044004
43901;Deltebre;Baix Ebre;2015;263,0311695;;;;665,7;92;0;32,608695652173914;11441;79;332,95084746835437;14482,278481012658;27,588270553273308;59913,00000000001;5,236692597;23,839669215338667
43905;Salou;Tarragonès;2015;444,416065;;;;1555,4;744;4,032258064516129;10,887096774193548;12049;79;562,5519810126582;15251,898734177215;44,260874595402115;139986;11,61805959000747;52,89038690548088
43907;Canonja, la;Tarragonès;2015;356,9361033;;;;;-;;;13742;79;451,8178523;17394,936708860758;31,168921842526565;;;
08001;Abrera;Baix Llobregat;2014;536,7186347;;;;1320,8;54;0;1,8518518518518516;17084;79,1;678,5317758533503;21597,977243994945;37,69974020369936;118872;6,958089440412081;31,676205460579787
08003;Alella;Maresme;2014;901,0407939;;;;2202,8;57;0;28,07017543859649;21707;79,1;1139,116047914033;27442,477876106197;49,81107259;198252,00000000003;9,133090708066524;41,57774346483449
08005;Ametlla del Vallès, l';Vallès Oriental;2014;753,6914202;;;;1334,4;43;0;60,46511627906976;19360;79,1;952,8336538558788;24475,34766118837;46,71641034297521;120096,00000000001;6,203305785123968;28,240106751595995
08006;Arenys de Mar;Maresme;2014;520,0583068;;;;1567,7;62;0;22,58064516129032;15249;79,1;657,4694144121365;19278,128950695325;40,92530448947471;141093;9,252606728310052;42,12183161510706
08007;Arenys de Munt;Maresme;2014;489,3254058;;;;1235,8;48;0;41,66666666666667;15354;79,1;618,6161893805311;19410,872313527183;38,24348618991794;111222;7,243845252051583;32,97708839382813
08009;Argentona;Maresme;2014;589,2030028;;;;1438,7;49;0;40,816326530612244;16925;79,1;744,8836950695323;21396,965865992417;41,775102118759236;129483;7,650398818;34,82789448162163
08010;Artés;Bages;2014;309,838143;;;;1100,3;29;0;37,93103448275862;14975;79,1;391,70435271807844;18931,73198482933;24,828432160267113;99027;6,612821368948247;30,104397212880862
08015;Badalona;Barcelonès;2014;538,4794261;;;;1878,1;997;1,7051153460381143;25,77733199598796;15520;79,1;680,7578079646017;19620,733249051835;41,63500717268041;169029;10,89104381443299;49,580699486628724
08019;Barcelona;Barcelonès;2014;688,2341194;;;;2754,5;10.606;1084,2919102394872;1093,7488214218367;19691;79,1;870,0810611883693;24893,805309734515;41,942051865319186;247905;12,589761820120867;57,313991941197784
08020;Begues;Baix Llobregat;2014;736,7099872;;;;1530,8;29;0;0;19835;79,1;931,3653441213654;25075,853350189635;44,570304241996475;137772;6,945903706;31,620730772618234
08022;Berga;Berguedà;2014;317,3549113;;;;759,9;98;0;1,0204081632653061;15691;79,1;401,2072203539824;19836,91529709229;24,270339274743485;68391;4,358613217768148;19,842275525714715
08023;Bigues i Riells del Fai;Vallès Oriental;2014;622,191634;;;;1208,8;41;0;63,41463414634146;16749;79,1;786,5886649810368;21174,46270543616;44,57758438115709;108792;6,495432563138098;29,569993054460873
08029;Cabrera de Mar;Maresme;2014;749,9761242;;;;;;;;19227;79,1;948,1366930467763;24307,206068268017;46,80768445623342;;;
08030;Cabrils;Maresme;2014;987,1895105;;;;1658,8;26;0;0;22004;79,1;1248,0271940581542;27817,951959544884;53,83691204326486;149292;6,784766406;30,887164719915972
08033;Caldes de Montbui;Vallès Oriental;2014;513,2577036;;;;1464,9;75;0;54,666666666666664;16566;79,1;648,8719388116309;20943,109987357777;37,17911652299891;131841;7,958529518290474;36,23063749673907
08035;Calella;Maresme;2014;448,9603513;;;;1509,8;173;1,1560693641618496;28,901734104046245;13474;79,1;567,5857791403288;17034,134007585337;39,98459414873089;135882;10,084755826035327;45,91013098
08040;Canet de Mar;Maresme;2014;489,7586381;;;;1265,3;63;1,5873015873015872;14,285714285714285;15041;79,1;619,1638914;19015,17067003793;39,073889084502355;113877;7,571105644571505;34,466917968648474
08041;Canovelles;Vallès Oriental;2014;420,6932113;;;;1160,2;85;2,3529411764705883;80;13829;79,1;531,8498246523388;17482,932996207335;36,505304328584856;104418;7,550654421867091;34,37381523723737
08043;Canyelles;Garraf;2014;0;;;;;;;;15646;79,1;0;19780,025284450065;0;;;
08044;Capellades;Anoia;2014;359,9807934;;;;711,6;24;0;12,5;15730;79,1;455,09581972187107;19886,21997471555;27,461980424666237;64044;4,071455816910363;18,53501195760534
08046;Cardedeu;Vallès Oriental;2014;495,68301;;;;1612,7;68;0;0;16233;79,1;626,6536156763591;20522,12389380531;36,64261763075217;145143;8,941230826094992;40,70431504845402
08051;Castellar del Vallès;Vallès Occidental;2014;526,9871983;;;;1312,3;137;0,7299270072992701;23,357664233576642;16390;79,1;666,2290749683946;20720,60682680152;38,583565464307505;118107;7,206040268456376;32,804983904794035
08054;Castellbisbal;Vallès Occidental;2014;569,6690971;;;;1264;36;0;2,7777777777777777;16489;79,1;720,1884919089761;20845,764854614416;41,458118534780766;113760;6,899144884468433;31,407864577519362
08056;Castelldefels;Baix Llobregat;2014;763,2081221;;;;2385,3;357;0;0;17485;79,1;964,8648825537296;22104,93046776233;52,37916765913641;214677,00000000003;12,277780955104378;55,89372132457772
08067;Centelles;Osona;2014;386,7297085;;;;1405,6;50;0;96;15822;79,1;488,9124001264223;20002,528445006323;29,331035912021235;126503,99999999999;7,995449374288964;36,39871250557569
08068;Cervelló;Baix Llobregat;2014;656,7249069;;;;1389,3;47;0;44,680851063829785;18052;79,1;830,2464056890013;22821,744627054362;43,65554444272102;125037;6,92649014;31,532351899396076
08072;Corbera de Llobregat;Baix Llobregat;2014;552,0802918;;;;1313,1;45;2,2222222222222223;40;17072;79,1;697,9523284450064;21582,80657395702;38,806018636363646;118178,99999999999;6,922387535145266;31,513675085503323
08073;Cornellà de Llobregat;Baix Llobregat;2014;513,7462452;;;;1682,8;289;3,1141868512110724;3,4602076124567476;15747;79,1;649,4895640960809;19907,71175726928;39,15002821108782;151452;9,617831967993904;43,784493446445914
08074;Cubelles;Garraf;2014;529,7046375;;;;1406,9;184;0;4,891304347826087;16177;79,1;669,6645227560051;20451,32743362832;39,29316715089325;126621,00000000001;7,827223836310813;35,63287775304095
08075;Dosrius;Maresme;2014;676,6892398;;;;1015,2;24;0;29,166666666666668;16653;79,1;855,4857646;21053,097345132745;48,76160978562421;91368;5,486578994775716;24,97725920348679
08076;Esparreguera;Baix Llobregat;2014;461,397263;;;;1206,4;119;0;7,563025210084033;15995;79,1;583,3088027812896;20221,23894;34,61561210378243;108576,00000000001;6,788121288;30,902437579790554
08077;Esplugues de Llobregat;Baix Llobregat;2014;636,5116296;;;;2109,8;162;0;3,7037037037037033;18703;79,1;804,6923256637169;23644,753476611884;40,839114341014806;189882,00000000003;10,15248890552318;46,21848098701118
08086;Franqueses del Vallès, les;Vallès Oriental;2014;495,363286;;;;1432,3;68;4,411764705882353;67,64705882352942;15106;79,1;626,2494134007586;19097,345132743365;39,35098260293923;128907;8,533496624;38,84813419967818
08088;Garriga, la;Vallès Oriental;2014;526,3148886;;;;1779,8;62;0;62,903225806451616;16523;79,1;665,3791259165614;20888,748419721873;38,22416427525268;160182;9,694486473400714;44,13345761017784
08089;Gavà;Baix Llobregat;2014;686,7677586;;;;2448,6;231;11,688311688311687;35,4978355;17238;79,1;868,2272548672566;21792,66750948167;47,80840644622346;220374;12,784197702749738;58,19914741667795
08091;Gelida;Alt Penedès;2014;413,8525982;;;;883,4;29;0;17,24137931034483;15847;79,1;523,2017676359039;20034,134007585337;31,338620422792957;79506;5,017101028585852;22,83999427701517
08092;Gironella;Berguedà;2014;0;;;;;;;;15471;79,1;0;19558,786346396966;0;;;
08096;Granollers;Vallès Oriental;2014;477,9848007;;;;1495,2;371;2,964959568733154;27,762803234501348;15780;79,1;604,2791412136537;19949,43109987358;36,34865404562738;134568;8,527756653992395;38,822003396623735
08101;Hospitalet de Llobregat, l';Barcelonès;2014;504,4360555;;;;1645;1.481;2633,3558406482107;24983,119513841997;15208;79,1;637,7194127686473;19226,29582806574;39,8029502;148050;9,735007890583903;44,31792846920326
08102;Igualada;Anoia;2014;327,0749366;;;;967,5;160;1,875;20;15149;79,1;413,4954950695323;19151,70670037927;25,908635812264833;87075;5,747904152089247;26,166923326946446
08105;Llagosta, la;Vallès Oriental;2014;462,9288091;;;;1324,3;32;3,125;28,125;14957;79,1;585,2450178255374;18908,97597977244;37,14077494952196;119187;7,9686434445410175;36,27668042399216
08106;Llinars del Vallès;Vallès Oriental;2014;503,4755066;;;;1489,6;24;0;0;15312;79,1;636,5050652338813;19357,77496839444;39,457328103448276;134064;8,755485893416928;39,85872450220438
08107;Lliçà d'Amunt;Vallès Oriental;2014;579,1524039;;;;1369,2;60;0;63,33333333333333;16772;79,1;732,1775017699115;21203,53982300885;41,43709066777963;123228;7,347245409015025;33,44781022698068
08108;Lliçà de Vall;Vallès Oriental;2014;0;;;;1520,4;17;0;76,47058823529412;18549;79,1;0;23450,06321112516;0;136836;7,377001455604075;33,58327250488344
08110;Malgrat de Mar;Maresme;2014;453,6861741;;;;1346;142;0,7042253521126761;45,07042253521127;13916;79,1;573,5602707;17592,920353982303;39,12211906582351;121140;8,705087668870364;39,629290182732504
08112;Manlleu;Osona;2014;348,460164;;;;778,8;84;0;17,857142857142858;13733;79,1;440,5311808;17361,56763590392;30,44871454161509;70092;5,103910289084687;23,235187238386366
08113;Manresa;Bages;2014;342,8765373;;;;899,1;384;2,083333333333333;72,91666666666666;15125;79,1;433,47223426042984;19121,365360303414;27,203427752727272;80919;5,350016529;24,355568326484374
08114;Martorell;Baix Llobregat;2014;454,56922;;;;1016,8;101;0;7,920792079207921;14934;79,1;574,6766371681416;18879,89886219975;36,52625311370028;91512;6,127762153475291;27,89619976134608
08118;Masnou, el;Maresme;2014;672,0906526;;;;1921,1;109;0;22,018348623853214;19018;79,1;849,6721272;24042,98356510746;42,407655017351985;172899;9,091334525186666;41,38765142312116
08119;Masquefa;Anoia;2014;467,364316;;;;1140,3;27;0;11,11111111111111;15018;79,1;590,8524854614412;18986,093552465234;37,344332081502195;102627;6,83359968;31,109474714996153
08120;Matadepera;Vallès Occidental;2014;856,39722;;;;1666,1;73;0;2,739726027;21862;79,1;1082,6766371681417;27638,432364096083;47,00744049034855;149949;6,858887567468667;31,224596015725652
08121;Mataró;Maresme;2014;484,051459;;;;1347,9;706;0;15,58073654390935;13918;79,1;611,9487471554994;17595,448798988622;41,7345704;121311,00000000001;8,716123006;39,679527768051045
08123;Molins de Rei;Baix Llobregat;2014;587,6526982;;;;1705;84;0;33,33333333333333;18808;79,1;742,9237651074591;23777,496839443746;37,493791888558064;153450;8,158762228838793;37,14218261750454
08124;Mollet del Vallès;Vallès Oriental;2014;477,5523026;;;;1877,9;210;6,666666666666667;39,04761904761905;15471;79,1;603,7323673830595;19558,786346396966;37,04109386077177;169011;10,924374636416522;49,73243567432248
08125;Montcada i Reixac;Vallès Occidental;2014;505,6818332;;;;1309,2;138;1,4492753623188406;48,55072463768116;15698;79,1;639,294353;19845,764854614416;38,65576505542108;117828;7,505924321569626;34,170184648779326
08126;Montgat;Maresme;2014;670,8055325;;;;1866,5;44;9,090909090909092;25;18541;79,1;848,0474494;23439,949431099874;43,41549209859231;167985;9,060190928;41,24587242114614
08135;Montmeló;Vallès Oriental;2014;443,3668728;;;;1052,8;25;8;60;15996;79,1;560,5143777496841;20222,503160556258;33,260830667666916;94752;5,9234808702175545;26,96622380233631
08136;Montornès del Vallès;Vallès Oriental;2014;495,6559487;;;;1372,4;124;3,225806451612903;73,38709677419355;14825;79,1;626,6194041719343;18742,09860935525;40,12054896728499;123516,00000000001;8,331602024;37,92902344468626
08138;Moià;Moianès;2014;367,0764357;;;;991,4;27;0;37,03703703703704;14315;79,1;464,06629039190904;18097,345132743365;30,771339353126088;89226;6,233042263360112;28,37547994596907
08140;Navarcles;Bages;2014;338,6855811;;;;1113,5;21;0;38,095238095238095;15692;79,1;428,1739331226296;19838,17951959545;25,89999345653836;100215;6,386375223043589;29,073517298953284
08141;Navàs;Bages;2014;330,2388711;;;;658,6;37;16,216216216216218;43,24324324324324;15373;79,1;417,4954122629583;19434,892541087233;25,77809440707734;59274;3,8557210694074024;17,552894920247258
08147;Olesa de Montserrat;Baix Llobregat;2014;447,9566672;;;;1048,4;95;0;9,473684210526317;15531;79,1;566,3168991150443;19634,6397;34,61129358315627;94356,00000000001;6,075333204558626;27,657520714146578
08155;Palafolls;Maresme;2014;420,1758634;;;;1224,9;53;0;64,15094339622641;13916;79,1;531,1957818;17592,920353982303;36,232468818626046;110241,00000000001;7,921888474;36,063831756930945
08156;Palau-solità i Plegamans;Vallès Occidental;2014;572,2521718;;;;1633,7;41;0;24,390243902439025;16892;79,1;723,4540730720609;21355,24652338812;40,65253410845371;147033;8,704297892493488;39,625694782156515
08157;Pallejà;Baix Llobregat;2014;596,7090769;;;;1555,1;43;2,3255813953488373;39,53488372093023;18102;79,1;754,3730429;22884,95575221239;39,55645189923765;139959;7,731687106397083;35,19795361018602
08159;Parets del Vallès;Vallès Oriental;2014;534,0741041;;;;1798,1;100;1;41;16551;79,1;675,1885007585336;20924,14664981037;38,72206664;161829;9,777596519847743;44,511810163653855
08161;Piera;Anoia;2014;446,9329842;;;;1171,1;51;0;25,49019607843137;14033;79,1;565,0227360303414;17740,834386852086;38,21845514430272;105398,99999999999;7,5107959809021585;34,19236253
08163;Pineda de Mar;Maresme;2014;443,0679825;;;;1420,4;276;1,0869565217391304;40,21739130434783;13080;79,1;560,1365139064476;16536,030341340076;40,648438761467894;127836,00000000001;9,773394495412845;44,49268074738376
08167;Polinyà;Vallès Occidental;2014;517,4576913;;;;1001,6;51;0;82,35294117647058;15787;79,1;654,1816577749684;19958,280657395702;39,33294670044973;90144;5,710014568949135;25,99443370452348
08169;Prat de Llobregat, el;Baix Llobregat;2014;577,1004061;;;;1731,7;299;0,33444816053511706;25,75250836120401;16770;79,1;729,5833199747156;21201,01137800253;41,295199005366726;155853;9,293559928;42,30826813519054
08172;Premià de Mar;Maresme;2014;586,3866392;;;;1636,3;138;0;0;16847;79,1;741,3231848;21298,356510745893;41,76790924437585;147267;8,741437644684513;39,79477085271193
08180;Ripollet;Vallès Occidental;2014;494,1545602;;;;1539,3;130;0,7692307692307693;24,615384615384617;15331;79,1;624,7213150442478;19381,795195954488;38,67885149305329;138537;9,036396842997847;41,13755154679104
08181;Roca del Vallès, la;Vallès Oriental;2014;541,5897487;;;;1495,2;50;0;4;17257;79,1;684,6899477876107;21816,68773704172;37,66052607289795;134568;7,797879121515907;35,499288033767314
08183;Roda de Ter;Osona;2014;354,0325288;;;;929,6;49;0;36,734693877551024;15157;79,1;447,5758897597978;19161,820480404553;28,02922969980867;83664;5,519825823052055;25,128613015824612
08184;Rubí;Vallès Occidental;2014;476,1088969;;;;1130;325;1,2307692307692308;20;15065;79,1;601,9075814159293;19045,512010113784;37,92437280318619;101700;6,750746764022569;30,732292727881177
08187;Sabadell;Vallès Occidental;2014;488,9710417;;;;1255,8;1.263;3562,9453681710215;30087,094220110852;16048;79,1;618,1681943109988;20288,24273072061;36,56313871;113022;7,0427467597208375;32,06160186
08191;Sallent;Bages;2014;321,3464667;;;;959,4;35;2,857142857142857;57,14285714285714;16706;79,1;406,2534345132744;21120,101137800255;23,082470970908656;86346;5,168562193223991;23,529510416677248
08192;Santpedor;Bages;2014;388,1068826;;;;1194,2;32;0;34,375;16809;79,1;490,65345461441217;21250,316055625794;27,70707710869177;107478;6,394074602891308;29,108568176074655
08194;Sant Adrià de Besòs;Barcelonès;2014;564,4749611;;;;1878,3;158;13,924050632911392;13,924050632911392;14661;79,1;713,6219482932996;18534,766118836917;46,20216583589114;169047;11,530386740331492;52,49126251602976
08196;Sant Andreu de la Barca;Baix Llobregat;2014;508,2528092;;;;1365,3;155;0;29,03225806451613;15729;79,1;642,5446386852086;19884,95575221239;38,77572452412741;122877;7,81213046;35,56416623331078
08197;Sant Andreu de Llavaneres;Maresme;2014;691,9682536;;;;1908,9;72;0;40,27777777777778;18591;79,1;874,8018376738307;23503,160556257902;44,66472509924157;171801;9,241084395675326;42,069377018331835
08198;Sant Antoni de Vilamajor;Vallès Oriental;2014;524,7829467;;;;1181,1;32;0;0;16843;79,1;663,4424104930469;21293,29962073325;37,388798672445525;106298,99999999999;6,311167844208276;28,731141075632127
08200;Sant Boi de Llobregat;Baix Llobregat;2014;536,5049537;;;;1768,9;224;0;30,80357142857143;15939;79,1;678,2616355246524;20150,44247787611;40,39186551477508;159201;9,988142292490119;45,47030476338429
08202;Sant Celoni;Vallès Oriental;2014;434,128262;;;;1111,1;76;0;23,684210526315788;14905;79,1;548,8347180783819;18843,236409608093;34,95162122777592;99998,99999999999;6,709090909090908;30,54265742198991
08205;Sant Cugat del Vallès;Vallès Occidental;2014;858,3157763;;;;2567,9;651;0,6144393241167435;45,622119815668206;21079;79,1;1085,1021192161822;26648,546144121367;48,86279859386119;231111;10,964040039850088;49,91300959186098
08208;Sant Esteve Sesrovires;Baix Llobregat;2014;642,1339092;;;;1397,6;35;0;8,571428571428571;17635;79,1;811,8001380530974;22294,56384323641;43,69496405103487;125783,99999999999;7,132633966543804;32,47080695559026
08209;Sant Fost de Campsentelles;Vallès Oriental;2014;658,4633744;;;;1568,7;19;0;26,31578947368421;17915;79,1;832,4442154235146;22648,546144121367;44,10583585152107;141183;7,880714485068379;35,87639011297463
08210;Sant Feliu de Codines;Vallès Oriental;2014;394,3125006;;;;1120,2;39;0;69,23076923076923;14797;79,1;498,49873653603044;18706,700379266753;31,977765811988917;100818;6,813408123;31,017554092642712
08211;Sant Feliu de Llobregat;Baix Llobregat;2014;583,6005565;;;;2005,4;229;0,43668122270742354;52,838427947598255;17892;79,1;737,8009563843237;22619,469026548675;39,14155308517774;180486;10,087525150905433;45,92273813167925
08213;Sant Fruitós de Bages;Bages;2014;388,1037907;;;;1373,6;37;0;35,13513513513514;17382;79,1;490,6495457648546;21974,71554993679;26,793496078702105;123623,99999999999;7,112185018985156;32,37771458161784
08214;Vilassar de Dalt;Maresme;2014;665,433593;;;;1591,9;31;0;0;18998;79,1;841,2561226295828;24017,69911504425;42,03180922202337;143271;7,541372776081693;34,331561207387885
08217;Sant Joan Despí;Baix Llobregat;2014;621,1696375;;;;2117,7;103;0;10,679611650485436;18816;79,1;785,2966340075855;23787,61061946903;39,61541055484694;190592,99999999997;10,129304846938775;46,11293721534529
08218;Sant Joan de Vilatorrada;Bages;2014;366,4675349;;;;769,2;37;0;40,54054054054054;15474;79,1;463,2965042983565;19562,57901390645;28,419351291198137;69228;4,473827065;20,366778339349803
08219;Vilassar de Mar;Maresme;2014;655,1722481;;;;2238,8;146;0;15,068493150684931;18844;79,1;828,2834994943112;23823,008849557526;41,72185829547867;201492,00000000003;10,692634260241988;48,67745415503034
08221;Sant Just Desvern;Baix Llobregat;2014;837,6568063;;;;2489,9;98;3,061224489795918;28,57142857142857;22931;79,1;1058,9845844500633;28989,88621997472;43,83533939034495;224091;9,772404169028826;44,488172357216904
08230;Premià de Dalt;Maresme;2014;744,0190048;;;;1623,6;54;0;0;19431;79,1;940,6055686;24565,10745891277;45,94837145592095;146124;7,520148216767022;34,234937916264755
08231;Sant Pere de Ribes;Garraf;2014;557,251225;;;;1647,5;181;0;20,994475138121548;15070;79,1;704,4895385587864;19051,833122629585;44,37302388852024;148275;9,839084273390842;44,79172877223462
08234;Sant Pere de Vilamajor;Vallès Oriental;2014;0;;;;;;;;17040;79,1;0;21542,35145385588;0;;;
08235;Sant Pol de Mar;Maresme;2014;539,2820726;;;;;;;;17404;79,1;681,7725317319848;22002,528445006323;37,18331918639393;;;
08238;Sant Quirze del Vallès;Vallès Occidental;2014;636,1409968;;;;1974,3;103;0;22,330097087378643;20764;79,1;804,2237633375476;26250,316055625794;36,76407224812176;177687;8,557455210942015;38,95720395704699
08240;Sant Sadurní d'Anoia;Alt Penedès;2014;452,9232816;;;;1173,4;32;0;43,75;16903;79,1;572,5958048040455;21369,152970922885;32,154525109152225;105606,00000000001;6,247766668638704;28,442511749869237
08244;Santa Coloma de Cervelló;Baix Llobregat;2014;657,8280876;;;;1674,7;27;0;18,51851851851852;17933;79,1;831,6410715549938;22671,302149178257;44,01905454302125;150723;8,404784475547872;38,262181332865794
08245;Santa Coloma de Gramenet;Barcelonès;2014;469,8887004;;;;1585,6;446;0,2242152466367713;5,381165919282512;13832;79,1;594,0438690265487;17486,725663716818;40,76535862348178;142704;10,316946211683053;46,967161133195845
08248;Santa Eulàlia de Ronçana;Vallès Oriental;2014;610,6633431;;;;1622,9;28;0;57,14285714285714;16333;79,1;772,0143402022757;20648,546144121367;44,86597757423621;146061;8,942692708;40,71097016153304
08250;Santa Margarida de Montbui;Anoia;2014;314,4771232;;;;841,6;52;3,8461538461538463;51,92307692307693;10998;79,1;397,5690558786347;13903,919089759798;34,312833955264594;75744;6,887070376432079;31,35289624164635
08251;Santa Margarida i els Monjos;Alt Penedès;2014;392,7453788;;;;811,9;33;0;51,515151515151516;15218;79,1;496,51754589127694;19238,938053097347;30,969539660927854;73071;4,801616507;21,859016374227064
08252;Barberà del Vallès;Vallès Occidental;2014;527,6503663;;;;1245,9;206;2,4271844660194173;43,203883495145625;16449;79,1;667,0674668773704;20795,19595448799;38,49355216487324;112131,00000000001;6,816888564654387;31,033398553595042
08259;Santa Maria de Palautordera;Vallès Oriental;2014;480,7521041;;;;1045,8;33;0;3,0303030303030303;15139;79,1;607,7776284450064;19139,064475347663;38,107043062289456;94122;6,217187396789749;28,30330179773832
08260;Santa Perpètua de Mogoda;Vallès Occidental;2014;495,9948209;;;;1371,7;154;3,2467532467532463;75,32467532467533;15809;79,1;627,0478140328698;19986,093552465234;37,649047066860646;123453;7,809032829400974;35,55006449268471
08262;Sant Vicenç de Castellet;Bages;2014;349,9906682;;;;1013,2;53;1,8867924528301887;22,641509433962266;13722;79,1;442,46607863463976;17347,661188369155;30,60696705;91188;6,645386969829471;30,252649786133183
08263;Sant Vicenç dels Horts;Baix Llobregat;2014;539,0597693;;;;1578,3;101;4,9504950495049505;36,633663366336634;14914;79,1;681,4914909;18854,61441213654;43,37345602521121;142047;9,524406597827545;43,35918111811731
08264;Sant Vicenç de Montalt;Maresme;2014;1005,473185;;;;2751,4;61;0;44,26229508196721;19929;79,1;1271,141826801517;25194,690265486726;60,54331988559386;247626;12,425410206232124;56,56579295153242
08266;Cerdanyola del Vallès;Vallès Occidental;2014;581,1381091;;;;1733,4;253;0,7905138339920948;7,5098814229249005;17641;79,1;734,6878749683945;22302,149178255375;39,53096371634261;156006;8,843376225837538;40,25883896632501
08267;Sentmenat;Vallès Occidental;2014;465,1535376;;;;1323;24;0;37,5;15756;79,1;588,0575697;19919,089759797727;35,42677361766946;119070;7,557121096725057;34,40325431289196
08270;Sitges;Garraf;2014;778,0294536;;;;3429;370;0;14,324324324324325;17664;79,1;983,6023434;22331,226295828066;52,855261793478256;308610;17,471127717391305;79,53606172261878
08274;Súria;Bages;2014;0;;;;965,6;25;0;28,000000000000004;16653;79,1;0;21053,097345132745;0;86904;5,218519186;23,756936058793187
08278;Taradell;Osona;2014;385,3197607;;;;1547,6;21;0;76,19047619047619;16161;79,1;487,1299123893806;20431,09987357775;28,611083029515505;139284;8,618526081;39,23522473471874
08279;Terrassa;Vallès Occidental;2014;440,858391;;;;1094,6;1.297;154,20200462606016;5936,777178103315;15476;79,1;557,3430986093553;19565,10745891277;34,183902119410696;98513,99999999999;6,365598345825794;28,978932048617505
08281;Teià;Maresme;2014;798,418031;;;;2046;23;0;26,08695652173913;20924;79,1;1009,3780417193427;26452,59165613148;45,78960223666603;184140;8,80042057;40,06328640814521
08282;Tiana;Maresme;2014;744,1691586;;;;2644,5;37;0;40,54054054054054;21263;79,1;940,7953965;26881,163084702912;41,997977252504356;238005;11,193387574660209;50,957097871659315
08283;Tona;Osona;2014;417,0522119;;;;1456,1;63;0;93,65079365079364;16140;79,1;527,2467912768648;20404,55120101138;31,007599397769514;131048,99999999999;8,119516728624534;36,963520279396334
08284;Tordera;Maresme;2014;390,8912996;;;;1180,6;207;0;79,22705314009661;12668;79,1;494,1735772;16015,170670037929;37,02790965582571;106253,99999999999;8,387590779917902;38,18390826091613
08285;Torelló;Osona;2014;348,4495355;;;;1094,2;82;0;13,414634146341465;15712;79,1;440,5177439949432;19863,46396965866;26,612744564663952;98478;6,267693482688391;28,53322714831564
08289;Torrelles de Llobregat;Baix Llobregat;2014;577,3134284;;;;1561,5;17;0;35,294117647058826;17520;79,1;729,8526275600507;22149,178255372946;39,54201564383561;140535;8,02140411;36,516869585199466
08291;Vacarisses;Vallès Occidental;2014;574,4492652;;;;1279,8;34;0;0;15356;79,1;726,2316879898863;19413,400758533502;44,89053908830425;115182;7,500781453503516;34,14677210904212
08295;Vallirana;Baix Llobregat;2014;588,197123;;;;1277,3;54;3,7037037037037033;50;16454;79,1;743,6120391908977;20801,517067003795;42,89756579555124;114957;6,986568615534217;31,80585487228139
08298;Vic;Osona;2014;425,5524005;;;;1193,7;265;1,1320754716981132;24,150943396226417;15581;79,1;537,9929209860936;19697,85082174463;32,77471796418715;107433;6,895128682369553;31,38958110416869
08300;Viladecavalls;Vallès Occidental;2014;0;;;;1300,1;39;0;15,384615384615385;17179;79,1;0;21718,07838;0;117008,99999999999;6,811164794225507;31,007341497320173
08301;Viladecans;Baix Llobregat;2014;592,6147827;;;;1674,8;307;0;4,234527687296417;16541;79,1;749,1969439949431;20911,504424778763;42,992427255909554;150732;9,112629224351611;41,484594020905604
08302;Vilanova del Camí;Anoia;2014;331,4277138;;;;716,6;32;0;34,375;12705;79,1;418,99837395701644;16061,946902654869;31,303680170011805;64494;5,076269185360094;23,10935309
08305;Vilafranca del Penedès;Alt Penedès;2014;403,8973644;;;;1172,4;219;1,369863014;45,20547945205479;15301;79,1;510,6161370417194;19343,868520859673;31,67615432193974;105516,00000000001;6,896019867982486;31,39363816305253
08307;Vilanova i la Geltrú;Garraf;2014;493,0760069;;;;1599,8;414;0,24154589371980675;38,88888888888889;15265;79,1;623,3577836915298;19298,356510745893;38,76129762725188;143982;9,432165083524403;42,939258209094135
08902;Vilanova del Vallès;Vallès Oriental;2014;674,1927759;;;;994,5;43;0;88,37209302325581;18061;79,1;852,3296788;22833,12262958281;44,79438187697248;89505;4,955705664138199;22,56049626319604
08904;Badia del Vallès;Vallès Occidental;2014;0;;;;1123,6;22;0;0;12047;79,1;0;15230,088495575223;0;101123,99999999999;8,394123018;38,213645809282184
17008;Anglès;Selva;2014;321,1440029;;;;945,6;23;13,043478260869565;47,82608695652174;13907;79,1;405,9974752;17581,542351453856;27,71070708851657;85104;6,119508161;27,85862405
17009;Arbúcies;Selva;2014;318,3254;;;;868,5;40;2,5;47,5;13068;79,1;402,4341340075854;16520,85967130215;29,23098255280074;78165;5,981404958677686;27,22991908002611
17015;Banyoles;Pla de l'Estany;2014;388,81244;;;;1030,8;105;4,761904761904762;51,42857142857142;14954;79,1;491,5454361567636;18905,18331226296;31,200677276982745;92772;6,203825063528153;28,24247072946134
17020;Bescanó;Gironès;2014;0;;;;;;;;16176;79,1;0;20450,06321112516;0;;;
17022;Bisbal d'Empordà, la;Baix Empordà;2014;339,1033668;;;;794,9;40;2,5;20;12204;79,1;428,7021072060683;15428,57142857143;33,34349722713864;71541;5,862094395280236;26,686766257378387
17023;Blanes;Selva;2014;418,3526283;;;;1753,7;319;0;5,015673981191222;13023;79,1;528,8908069532238;16463,969658659928;38,548963676572214;157833;12,119557705597789;55,173421276276756
17033;Caldes de Malavella;Selva;2014;502,8653923;;;;2231,5;60;0;65;15174;79,1;635,7337450063212;19183,312262958283;39,767923471727954;200835;13,23546856465006;60,253525800621354
17034;Calonge i Sant Antoni;Baix Empordà;2014;470,3189101;;;;1817;286;0;34,26573426573427;13454;79,1;594,5877498103666;17008,849557522124;41,949062889846886;163530;12,154749516872306;55,33362948486733
17044;Cassà de la Selva;Gironès;2014;427,0005428;;;;887,3;61;19,672131147540984;90,16393443;15198;79,1;539,8236950695323;19213,653603034138;33,71500535333597;79857;5,2544413738649824;23,920469255891195
17047;Castelló d'Empúries;Alt Empordà;2014;455,8776768;;;;1942,2;368;0;23,641304347826086;9850;79,1;576,3308176991151;12452,59165613148;55,53839717360406;174798;17,745989847715737;80,78735194934713
17048;Castell d'Aro, Platja d'Aro i s'Agaró;Baix Empordà;2014;484,3349028;;;;1936,5;339;0;2,6548672566371683;11951;79,1;612,3070831858407;15108,72313527181;48,63207123755334;174285;14,583298468747385;66,38942522153651
17049;Celrà;Gironès;2014;477,8116771;;;;1272,3;24;4,166666666666666;79,16666666666666;15140;79,1;604,0602744627055;19140,328697850822;37,87146714134742;114507;7,5632100396301185;34,430973790796095
17062;Escala, l';Alt Empordà;2014;463,4770796;;;;1748,8;356;0;6,460674157303371;12126;79,1;585,9381537294564;15329,962073324907;45,86611376546264;157392;12,979713013359722;59,08921691098502
17066;Figueres;Alt Empordà;2014;404,697173;;;;1101,4;289;0,34602076124567477;45,674740484429066;12009;79,1;511,62727307206075;15182,048040455122;40,43938775918062;99126,00000000001;8,254309268048965;37,577153692695575
17079;Girona;Gironès;2014;466,0231408;;;;1508,5;543;5,709023941;51,74953959484346;15848;79,1;589,1569415929205;20035,398230088496;35,28696169611308;135765;8,566696113074205;38,99927250432382
17089;Llagostera;Gironès;2014;363,5089172;;;;1380,3;74;0;85,13513513513513;13337;79,1;459,5561532237674;16860,93552465234;32,70680817575167;124227;9,314463522531303;42,40343025503042
17092;Llançà;Alt Empordà;2014;419,9907688;;;;;;;;13513;79,1;530,9617810366625;17083,43869;37,29659754014653;;;
17095;Lloret de Mar;Selva;2014;437,4858543;;;;2009,8;400;0;1,25;10104;79,1;553,0794618204804;12773,704171934261;51,95793994061758;180882;17,902019002375297;81,49766353748676
17103;Maçanet de la Selva;Selva;2014;465,0386418;;;;1057,3;48;0;50;12914;79,1;587,9123158027813;16326,169405815424;43,21251124051417;95157;7,368514790150225;33,54463756624208
17114;Olot;Garrotxa;2014;348,3637011;;;;1128,3;194;5,154639175257731;67,5257732;14953;79,1;440,4092302149179;18903,91909;27,956693728348824;101547;6,791078713301679;30,915901047798826
17117;Palafrugell;Baix Empordà;2014;393,9763352;;;;2107,4;247;0;12,145748987854251;11763;79,1;498,0737486725664;14871,049304677625;40,191413945422084;189666;16,123947972456005;73,40312210487586
17118;Palamós;Baix Empordà;2014;447,8170728;;;;1738,4;149;0;33,557046979865774;13620;79,1;566,1404207332491;17218,71049304678;39,455248704845815;156456;11,487224669603524;52,29477027024998
17141;Puigcerdà;Cerdanya;2014;442,9185628;;;;1632,1;56;1,7857142857142856;39,285714285714285;12191;79,1;559,9476141592921;15412,136536030343;43,59792267738496;146889;12,048970552046592;54,85207829873768
17147;Ripoll;Ripollès;2014;333,9886378;;;;1099,2;60;0;58,333333333333336;15909;79,1;422,2359517067004;20112,51580278129;25,19242977937017;98928;6,218366962096926;28,308671684593655
17152;Roses;Alt Empordà;2014;444,4166276;;;;2062;652;0;4,294478527607362;11178;79,1;561,8415013906448;14131,47914;47,70978288781536;185580;16,602254428341386;75,5805781
17155;Salt;Gironès;2014;376,199365;;;;853,4;257;11,284046692607005;35,797665369649806;10981;79,1;475,5997029077118;13882,42730720607;41,11094053364903;76806;6,994444950368819;31,841711324348275
17160;Sant Feliu de Guíxols;Baix Empordà;2014;433,8696673;;;;1720,1;300;0;0;13116;79,1;548,5077968394438;16581,542351453856;39,69530350411711;154809;11,80306495882891;53,73261064006848
17164;Sant Hilari Sacalm;Selva;2014;309,5101071;;;;1003,7;15;0;53,333333333333336;14127;79,1;391,28964235145395;17859,67130214918;26,290941354852414;90333;6,394351242301975;29,10982755724326
17180;Santa Coloma de Farners;Selva;2014;393,5368809;;;;1000,7;65;1,5384615384615385;53,84615384615385;13645;79,1;497,51818065739576;17250,316055625794;34,609326279223154;90063;6,600439722;30,048030646805163
17181;Santa Cristina d'Aro;Baix Empordà;2014;0;;;;1590,2;62;0;0;13871;79,1;0;17536,030341340076;0;143118;10,31778530747603;46,97098105689286
17186;Sarrià de Ter;Gironès;2014;0;;;;;;;;16601;79,1;0;20987,357774968397;0;;;
17193;Sils;Selva;2014;446,1195416;;;;930,3;82;0;73,17073170731707;14178;79,1;563,9943635903919;17924,14664981037;37,75874241218789;83727;5,905416842996191;26,883988607947153
17199;Torroella de Montgrí;Baix Empordà;2014;434,2075323;;;;1470,4;176;0;30,681818181818183;12853;79,1;548,9349333754742;16249,05183312263;40,53909894654945;132336;10,296117637905548;46,87234053796244
17202;Tossa de Mar;Selva;2014;459,3831224;;;;1653,2;171;0;2,923976608187134;12899;79,1;580,7624809102402;16307,206068268017;42,73662663;148788;11,534847662609504;52,51157055
17213;Vidreres;Selva;2014;519,4141151;;;;1107,8;62;0;58,06451612903226;14233;79,1;656,6550127686473;17993,67889;43,79237954893558;99702;7,004988407222651;31,889709659009952
17221;Vilafant;Alt Empordà;2014;0;;;;1157,5;11;0;9,090909090909092;14341;79,1;0;18130,21491782554;0;104175;7,264137786765219;33,069468709489456
25003;Agramunt;Urgell;2014;320,0155321;;;;492,3;13;23,076923076923077;30,76923076923077;13882;79,1;404,57083704171936;17549,936788874842;27,663062852614896;44307;3,191687076790088;14,529927572229168
25011;Alcarràs;Segrià;2014;340,9929204;;;;620;75;1,3333333333333335;62,66666666666667;12136;79,1;431,0909233881164;15342,604298356513;33,71716417930125;55800;4,5978905735003295;20,93156860640095
25019;Almacelles;Segrià;2014;292,4711931;;;;784,3;46;0;34,78260869565217;12772;79,1;369,74866384323644;16146,649810366625;27,479285289696207;70587;5,526699029126213;25,15990279581989
25023;Alpicat;Segrià;2014;0;;;;932,8;19;0;15,789473684210526;16664;79,1;0;21067,00379266751;0;83952;5,037926068170908;22,93479878308974
25040;Balaguer;Noguera;2014;294,1420818;;;;870,7;89;0;15,730337078651685;12522;79,1;371,8610389380532;15830,594184576486;28,188028921897462;78363;6,258025874460949;28,489216052001424
25050;Bellpuig;Urgell;2014;327,1377967;;;;;;;;12905;79,1;413,57496422250324;16314,79140328698;30,419632393645873;;;
25058;Borges Blanques, les;Garrigues;2014;290,8181176;;;;615,5;29;3,4482758620689653;58,620689655172406;13770;79,1;367,6588085967131;17408,34386852086;25,343626806100218;55395;4,022875816993464;18,313854975962478
25072;Cervera;Segarra;2014;274,0126338;;;;1068,4;34;0;23,52941176470588;13219;79,1;346,4129378002529;16711,757269279395;24,87443532491111;96156,00000000001;7,274075194795372;33,114708050145325
25110;Guissona;Segarra;2014;333,9160395;;;;867,6;22;4,545454545454546;31,818181818181817;14479;79,1;422,14417130214923;18304,677623261698;27,67451118171145;78084;5,392913875267629;24,55085543339495
25120;Lleida;Segrià;2014;375,1912968;;;;995,4;704;8,806818181818182;40,909090909090914;14646;79,1;474,3252804045512;18515,80278128951;30,74078630069644;89586;6,116755428103237;27,84609242982653
25137;Mollerussa;Pla d'Urgell;2014;319,4464645;;;;628,1;88;1,1363636363636365;13,636363636363635;12684;79,1;403,8514089759798;16035,398230088496;30,221992857142855;56529;4,456717123935667;20,288886555202104
25203;Seu d'Urgell, la;Alt Urgell;2014;350,276248;;;;1142,8;34;29,411764705882355;41,17647058823529;12772;79,1;442,8271150442478;16146,649810366625;32,910389727528965;102852;8,052928280613843;36,66038112337495
25207;Solsona;Solsonès;2014;289,2976968;;;;792;49;0;30,612244897959183;13340;79,1;365,73665840707963;16864,728192161823;26,023780821589206;71280;5,3433283358320836;24,325120804875862
25217;Tàrrega;Urgell;2014;295,9773973;;;;854,5;78;0;20,51282051282051;13160;79,1;374,1812860935525;16637,168141592923;26,988820422492406;76905;5,843844984802431;26,603687118948226
25234;Tremp;Pallars Jussà;2014;281,4811471;;;;617,9;39;0;0;14331;79,1;355,85480037926675;18117,572692793932;23,56970040611262;55611;3,8804689135440653;17,66555771
25243;Vielha e Mijaran;Val d'Aran;2014;528,12751;;;;1726,2;79;1,2658227848101267;32,91139240506329;13597;79,1;667,6706826801518;17189,633375474084;46,609767742884465;155358;11,425902772670442;52,015606712046306
43004;Alcanar;Montsià;2014;0;;;;931,1;76;1,3157894736842104;34,21052631578947;11470;79,1;0;14500,632111251582;0;83799;7,305928509154316;33,25971798985293
43005;Alcover;Alt Camp;2014;396,9807577;;;;1238,9;8;0;25;14526;79,1;501,87200720606836;18364,096080910243;32,79477552251136;111501,00000000001;7,675960346964065;34,94426152
43012;Altafulla;Tarragonès;2014;508,5728793;;;;;;;;16548;79,1;642,9492785082175;20920,353982300887;36,879831711385066;;;
43013;Ametlla de Mar, l';Baix Ebre;2014;340,8518407;;;;1709,2;98;0;7,142857142857142;10714;79,1;430,91256725663726;13544,8799;38,17642419637857;153828;14,357662871009893;65,36223527027741
43014;Amposta;Montsià;2014;275,6575394;;;;658,5;162;1,2345679012345678;28,39506172839506;11587;79,1;348,49246447534773;14648,546144121367;28,54829095365496;59265;5,114783809441616;23,28468816358365
43016;Arboç, l';Baix Penedès;2014;350,3092132;;;;686,6;31;77,41935483870968;83,87096774193549;12318;79,1;442,8687904;15572,692793931734;34,12656728689723;61794;5,01656113;22,837536427488725
43037;Calafell;Baix Penedès;2014;436,370774;;;;1326,4;489;1,2269938650306749;60,32719836400818;13323;79,1;551,6697522123894;16843,236409608093;39,30383012834947;119376,00000000001;8,960144111686558;40,790416430947545
43038;Cambrils;Baix Camp;2014;460,6061887;;;;1780,5;518;0;1,1583011583011582;14220;79,1;582,3087088495575;17977,24399494311;38,86972056540085;160245;11,268987341772151;51,30126041
43043;Catllar, el;Tarragonès;2014;0;;;;;;;;16827;79,1;0;21273,072060682684;0;;;
43044;Sénia, la;Montsià;2014;0;;;;406,1;13;7,6923076923076925;53,84615384615385;10572;79,1;0;13365,360303413401;0;36549;3,457150964812713;15,738432971790544
43047;Constantí;Tarragonès;2014;294,8726075;;;;697,1;24;0;50;11470;79,1;372,7845859671303;14500,632111251582;30,849793286835226;62739;5,469834350479512;24,90103040567768
43051;Cunit;Baix Penedès;2014;443,4568181;;;;1338,9;155;0;40,64516129032258;13840;79,1;560,6280886219976;17496,83944;38,45001313005781;120501,00000000001;8,706719653179192;39,63671967479603
43086;Montblanc;Conca de Barberà;2014;345,9560692;;;;557,7;12;0;41,66666666666667;15243;79,1;437,36544778761066;19270,54361567636;27,235274095650464;50193,00000000001;3,2928557370596345;14,990490675982542
43092;Mont-roig del Camp;Baix Camp;2014;399,9102354;;;;1376,7;303;0;6,9306930693069315;12251;79,1;505,5755188369153;15487,989886219977;39,17168251408048;123903;10,11370500367317;46,04192004250411
43093;Móra d'Ebre;Ribera d'Ebre;2014;301,5116983;;;;570;46;0;71,73913043478261;14583;79,1;381,17787395701646;18436,156763590392;24,810672561201397;51300;3,517794692450113;16,014509212688072
43100;Pallaresos, els;Tarragonès;2014;0;;;;;;;;16725;79,1;0;21144,121365360304;0;;;
43123;Reus;Baix Camp;2014;373,8444304;;;;1011,4;629;5,246422893481717;31,79650238473768;13911;79,1;472,6225415929204;17586,59924;32,24881866724175;91026;6,543454819926676;29,788610950327655
43129;Riudoms;Baix Camp;2014;406,8823412;;;;901;16;0;62,5;13105;79,1;514,3898118836916;16567,63590391909;37,25744444;81090;6,187714612743227;28,16912905233917
43131;Roda de Berà;Tarragonès;2014;402,8162342;;;;1321;110;0,9090909090909091;62,727272727272734;13654;79,1;509,2493479140329;17261,694058154237;35,402041968653876;118890;8,707338508861872;39,63953697
43133;Roquetes;Baix Ebre;2014;317,1594459;;;;689,5;41;0;14,634146341463413;12663;79,1;400,96010859671304;16008,849557522126;30,055384591329066;62055;4,900497512437811;22,309165093722488
43136;Ràpita, la;Montsià;2014;243,8763098;;;;900,3;174;0,5747126436781609;23,563218390804597;11263;79,1;308,3139188369153;14238,938053097347;25,983447727958804;81027;7,194086832992986;32,75056674316645
43145;Selva del Camp, la;Baix Camp;2014;387,6153738;;;;1111,1;20;0;0;14401;79,1;490,03207812895073;18206,068268015173;32,299038161238805;99998,99999999999;6,943892785223247;31,61157620128877
43148;Tarragona;Tarragonès;2014;429,7670684;;;;1279,7;819;0,7326007326007326;20,268620268620268;15433;79,1;543,3211989886221;19510,745891276867;33,41673570141904;115173;7,4627745739648805;33,9737485
43153;Torredembarra;Tarragonès;2014;419,8540522;;;;1366,3;206;0,48543689320388345;70,38834951;13183;79,1;530,7889408;16666,245259165615;38,217770055374345;122967;9,327694758400972;42,46366451178929
43155;Tortosa;Baix Ebre;2014;317,6984584;;;;715,1;178;0;14,606741573033707;13281;79,1;401,6415403286979;16790,13906447535;28,70553046306754;64359;4,845945335441608;22,060820202261695
43156;Ulldecona;Montsià;2014;0;;;;588,2;57;0;45,614035087719294;10475;79,1;0;13242,730720606827;0;52938,00000000001;5,053747016706445;23,00682252188825
43161;Valls;Alt Camp;2014;372,0321473;;;;1333,7;55;0;49,09090909090909;14705;79,1;470,33141251580287;18590,39190897598;30,359644798367906;120033;8,162733764025841;37,16026274792773
43162;Vandellòs i l'Hospitalet de l'Infant;Baix Camp;2014;395,1904762;;;;1110,6;150;0;12,666666666666668;14142;79,1;499,60869304677624;17878,63463969659;33,53334545608825;99953,99999999999;7,067882901994059;32,17603236
43163;Vendrell, el;Baix Penedès;2014;373,5317938;;;;1145,2;500;0;17,2;13398;79,1;472,2272993678888;16938,053097345135;33,45560177339901;103068;7,692789968652038;35,02087716735036
43171;Vila-seca;Tarragonès;2014;422,5837561;;;;1791,2;243;0,823045267;39,50617283950617;13081;79,1;534,2398939;16537,29456384324;38,766188159926614;161208;12,32382845348215;56,10334927375131
43901;Deltebre;Baix Ebre;2014;282,5822224;;;;848;82;0;60,97560975609756;11152;79,1;357,2468046;14098,609355246525;30,40698232424677;76320;6,843615494978479;31,155071
43905;Salou;Tarragonès;2014;438,3198485;;;;1592,1;575;6,260869565217392;48,347826086956516;11704;79,1;554,1338160556259;14796,460176991151;44,940517617908405;143289;12,242737525632263;55,73418861355004
43907;Canonja, la;Tarragonès;2014;394,0411303;;;;;-;;;12916;79,1;498,15566409608095;16328,697850821745;36,609581632084236;;;
08001;Abrera;Baix Llobregat;2013;522,1471966;;;;1376,8;36;0;8,333333333333332;16463;79;660,9458184810127;20839,24050632911;38,05968753690093;123912;7,526696227904999;34,26474726952773
08003;Alella;Maresme;2013;923,9093913;;;;2310,5;26;0;23,076923076923077;21789;79;1169,5055586075948;27581,012658227846;50,88307263114415;207945;9,543577034283354;43,446453161563085
08005;Ametlla del Vallès, l';Vallès Oriental;2013;708,1815909;;;;1312;40;0;90;19125;79;896,4323935443036;24208,86075949367;44,434923350588235;118080;6,174117647058823;28,107229836707052
08006;Arenys de Mar;Maresme;2013;544,0889132;;;;1546;64;1,5625;31,25;15208;79;688,7201432911392;19250,632911392404;42,931792204103104;139140;9,149132035770647;41,65077046
08007;Arenys de Munt;Maresme;2013;486,5531394;;;;1338,7;30;0;36,666666666666664;15468;79;615,8900498734178;19579,74683544304;37,746558525989144;120483;7,789177657098526;35,459675238178335
08009;Argentona;Maresme;2013;595,0007653;;;;1357,9;48;0;45,83333333333333;16207;79;753,1655256962025;20515,18987341772;44,05509461097057;122211,00000000001;7,540630591719628;34,32818246606188
08010;Artés;Bages;2013;314,846951;;;;1353,8;28;0;46,42857142857143;14931;79;398,5404443037974;18900;25,30415519;121842;8,160337552742616;37,14935417
08015;Badalona;Barcelonès;2013;541,1459864;;;;1786,9;840;2,857142857142857;21,19047619047619;15224;79;684,9949194936709;19270,886075949365;42,65470202837625;160821;10,563649500788229;48,090260245447766
08019;Barcelona;Barcelonès;2013;681,5566748;;;;2719;8.908;976,6502020655591;989,2231701841043;19474;79;862,7299681012657;24650,632911392404;41,99794648043545;244710;12,565985416452707;57,20575156082383
08020;Begues;Baix Llobregat;2013;793,7899101;;;;1795,8;23;0;0;19480;79;1004,7973545569621;24658,227848101265;48,89876242915811;161622;8,296817248;37,77066823900087
08022;Berga;Berguedà;2013;324,1060726;;;;1044,6;103;0;2,912621359223301;15564;79;410,2608513924051;19701,265822784808;24,98890305319969;94013,99999999999;6,040478026;27,49884500293965
08023;Bigues i Riells del Fai;Vallès Oriental;2013;563,5493402;;;;1305,2;34;0;100;16584;79;713,3535951898733;20992,40506329114;40,77781043;117468;7,083212735166425;32,24582032777652
08029;Cabrera de Mar;Maresme;2013;819,1929947;;;;;;;;19496;79;1036,9531578481012;24678,481012658227;50,42221961633155;;;
08030;Cabrils;Maresme;2013;880,6447316;;;;1744,9;26;0;0;21109;79;1114,7401665822783;26720,25316455696;50,0627068;157041;7,439528163;33,86792087827132
08033;Caldes de Montbui;Vallès Oriental;2013;512,3466304;;;;1537,7;72;0;91,66666666666666;16229;79;648,5400384810126;20543,037974683542;37,88378559861976;138393;8,527512477663443;38,82089180131717
08035;Calella;Maresme;2013;462,8087878;;;;1541,5;159;0,628930818;57,861635220125784;13387;79;585,8339086075949;16945,569620253165;41,48581051467842;138735;10,363412265630837;47,17869452672249
08040;Canet de Mar;Maresme;2013;494,2195972;;;;1519,7;67;7,462686567164178;43,28358208955223;15037;79;625,5944268354431;19034,177215189873;39,440281747689035;136773;9,095763782669415;41,40781530162013
08041;Canovelles;Vallès Oriental;2013;433,6422277;;;;2270,2;135;5,185185185185185;85,18518518518519;13498;79;548,9142122784809;17086,07594936709;38,55168715661579;204317,99999999997;15,136909171729142;68,90969843
08043;Canyelles;Garraf;2013;0;;;;;;;;15478;79;0;19592,40506329114;0;;;
08044;Capellades;Anoia;2013;338,24325;;;;821,1;30;0;10;15571;79;428,15601265822784;19710,12658227848;26,06716973861666;73899;4,745937961595273;21,60554377204928
08046;Cardedeu;Vallès Oriental;2013;509,0818922;;;;1760,4;84;0;1,1904761904761905;16167;79;644,4074584810127;20464,556962025315;37,78674278715903;158436;9,799962887363147;44,61363146
08051;Castellar del Vallès;Vallès Occidental;2013;521,1294196;;;;1466,3;111;0;29,72972972972973;16246;79;659,6574932;20564,556962025315;38,492878463621814;131967;8,123045672780993;36,97958554574799
08054;Castellbisbal;Vallès Occidental;2013;546,2536297;;;;1691,1;36;0;5,555555555555555;16155;79;691,4602907594937;20449,367088607592;40,57594278;152199;9,421169916;42,88920349582916
08056;Castelldefels;Baix Llobregat;2013;694,0694177;;;;2560,6;262;0;0;17307;79;878,5688832;21907,59493670886;48,12407125671694;230454;13,315652626105043;60,61855801629829
08067;Centelles;Osona;2013;415,3717219;;;;1646,5;38;2,631578947368421;97,36842105263158;15798;79;525,7869897468354;19997,468354430377;31,551213209266997;148185;9,379984808;42,70171123
08068;Cervelló;Baix Llobregat;2013;650,1175193;;;;1469,7;45;4,444444444444445;44,44444444444444;18056;79;822,9335687341772;22855,696202531646;43,20674696278246;132273;7,325708905626938;33,349766832732065
08072;Corbera de Llobregat;Baix Llobregat;2013;541,8437249;;;;1273,9;56;0;48,214285714285715;16710;79;685,8781327848101;21151,898734177215;38,91157808976661;114651,00000000001;6,861220825852784;31,23521800795511
08073;Cornellà de Llobregat;Baix Llobregat;2013;532,5749776;;;;1555,3;290;0,3448275862068966;0,6896551724137931;15519;79;674,1455412658228;19644,303797468354;41,18113107287841;139977;9,019717765;41,061621236331064
08074;Cubelles;Garraf;2013;545,4225625;;;;1531,5;120;0;15;16046;79;690,4083069620253;20311,39240506329;40,7894226;137835;8,589991275084133;39,10532206640307
08075;Dosrius;Maresme;2013;674,1690044;;;;2030,3;23;0;34,78260869565217;16174;79;853,3784865822784;20473,417721518985;50,018721731173486;182727;11,297576357116359;51,43140986606984
08076;Esparreguera;Baix Llobregat;2013;474,5771007;;;;1331,3;84;0;63,095238095238095;15679;79;600,7305072151898;19846,835443037973;36,32199252758467;119817;7,641877670769819;34,78910256571606
08077;Esplugues de Llobregat;Baix Llobregat;2013;671,4226682;;;;2470,6;290;6,206896551724138;12,068965517241379;18375;79;849,9021116455696;23259,493670886073;43,84801098;222354;12,100897959183673;55,08847411278918
08086;Franqueses del Vallès, les;Vallès Oriental;2013;500,7578264;;;;1978,9;92;4,3478260869565215;94,56521739130434;14994;79;633,8706663291139;18979,74683544304;40,07665677470988;178101;11,878151260504202;54,074435668261955
08088;Garriga, la;Vallès Oriental;2013;548,1097395;;;;1605,2;66;0;86,36363636363636;16492;79;693,8097968354431;20875,949367088608;39,88186317002183;144468;8,759883579917537;39,87874466
08089;Gavà;Baix Llobregat;2013;657,783665;;;;2363,1;232;3,8793103448275863;42,241379310344826;17044;79;832,6375506329114;21574,683544303796;46,31192197;212679;12,478232809199719;56,80626408069702
08091;Gelida;Alt Penedès;2013;424,9716242;;;;1230,7;39;0;20,51282051282051;15601;79;537,9387648101266;19748,101265822785;32,68802955;110763;7,099737196333568;32,321046757608784
08092;Gironella;Berguedà;2013;0;;;;;;;;15359;79;0;19441,772151898735;0;;;
08096;Granollers;Vallès Oriental;2013;489,4381924;;;;1469,1;313;0,9584664536741214;25,559105431309902;15491;79;619,5420156962025;19608,86075949367;37,91400367180944;132219;8,535213995223033;38,85595241021924
08101;Hospitalet de Llobregat, l';Barcelonès;2013;515,6487447;;;;1825,2;1.442;3675,4507628294036;30859,91678224688;15057;79;652,7199299999999;19059,493670886077;41,09573578003586;164268;10,909742976688584;49,66582608792084
08102;Igualada;Anoia;2013;353,4350864;;;;1118,1;159;2,515723270440252;20,754716981132077;15056;79;447,3861853164557;19058,227848101265;28,169640255047817;100628,99999999999;6,6836477151965985;30,426829098098484
08105;Llagosta, la;Vallès Oriental;2013;493,1055161;;;;1032,8;32;3,125;37,5;14557;79;624,1841975949367;18426,58227848101;40,648939982139176;92952;6,385381603352339;29,068993916240366
08106;Llinars del Vallès;Vallès Oriental;2013;500,0334939;;;;1680,4;18;0;0;15264;79;632,9537897468354;19321,518987341773;39,31080926886793;151236;9,908018867924529;45,105548592817655
08107;Lliçà d'Amunt;Vallès Oriental;2013;632,5641205;;;;1259,2;64;0;95,3125;16451;79;800,7140765822784;20824,050632911392;46,14169014649565;113328;6,888821348246307;31,360867415834058
08108;Lliçà de Vall;Vallès Oriental;2013;0;;;;1976,3;18;0;94,44444444444444;18289;79;0;23150,632911392404;0;177867;9,725354037946307;44,27397999422985
08110;Malgrat de Mar;Maresme;2013;475,018527;;;;1449,7;103;0;72,81553398058253;13797;79;601,2892746835442;17464,556962025315;41,31494037834312;130473;9,456621005;43,05059204380295
08112;Manlleu;Osona;2013;358,4068799;;;;763,7;85;2,3529411764705883;10,588235294117647;14147;79;453,67959481012656;17907,59493670886;30,401375265427298;68733;4,8584858980702625;22,117910218395924
08113;Manresa;Bages;2013;352,5666224;;;;986,3;538;2,416356877;99,25650557620817;15008;79;446,28686379746836;18997,468354430377;28,190294968017053;88767;5,914645522;26,926001512071217
08114;Martorell;Baix Llobregat;2013;448,3736628;;;;1277,2;109;0;24,770642201834864;14543;79;567,5615984810127;18408,86075949367;36,99707043663618;114948;7,904008801485251;35,98243582555186
08118;Masnou, el;Maresme;2013;665,738106;;;;2179,5;74;0;25,675675675675674;18420;79;842,7064632911392;23316,45569620253;43,37056065;196155;10,649022801302932;48,47891610150003
08119;Masquefa;Anoia;2013;497,2894754;;;;1206,5;19;0;26,31578947368421;14712;79;629,4803486075949;18622,78481012658;40,56194742251224;108585;7,380709624796085;33,60015368041512
08120;Matadepera;Vallès Occidental;2013;825,3017358;;;;1703,4;37;0;13,513513513513514;21175;79;1044,6857415189872;26803,79746835443;46,770346302715474;153306;7,239952774498229;32,95936816763865
08121;Mataró;Maresme;2013;496,4489931;;;;1355,9;597;0,16750418760469013;18,257956448911223;13840;79;628,4164469620252;17518,98734177215;43,044710384393056;122031,00000000001;8,817268786127169;40,13998671077447
08123;Molins de Rei;Baix Llobregat;2013;571,0867487;;;;1814,2;88;1,1363636363636365;32,95454545454545;18512;79;722,8946186075949;23432,91139240506;37,019452162921354;163278;8,820116681071736;40,15295154920704
08124;Mollet del Vallès;Vallès Oriental;2013;484,2631338;;;;1298,2;287;4,181184668989547;41,11498257839721;15213;79;612,9913086075949;19256,962025316454;38,19863015578781;116838;7,680141983829619;34,96329811934757
08125;Montcada i Reixac;Vallès Occidental;2013;513,6232439;;;;1605,8;126;2,380952380952381;53,96825396825397;15300;79;650,1560049367089;19367,088607594935;40,28417599215687;144522;9,445882352941176;43,001705098879754
08126;Montgat;Maresme;2013;670,4739579;;;;1707,2;36;5,555555555555555;27,77777777777778;18407;79;848,7012125316455;23300;43,709933692616936;153648;8,347259194871516;38,00030159914196
08135;Montmeló;Vallès Oriental;2013;476,9865462;;;;1307,8;25;4;96;15954;79;603,7804382278481;20194,936708860758;35,87713773599098;117702;7,377585558480632;33,58593159153163
08136;Montornès del Vallès;Vallès Oriental;2013;506,010321;;;;1652;86;11,627906976744185;93,02325581395348;14790;79;640,5193937;18721,518987341773;41,055604137931034;148680;10,052738336713995;45,76437364339787
08138;Moià;Moianès;2013;413,5878046;;;;1464,1;33;0;60,60606060606061;14353;79;523,5288665822785;18168,354430379746;34,57851080052951;131769;9,180589423813837;41,79397797748493
08140;Navarcles;Bages;2013;330,1891774;;;;1314;28;0;35,714285714285715;15495;79;417,9609840506329;19613,92405063291;25,571281889641817;118260;7,632139399806389;34,744769782340654
08141;Navàs;Bages;2013;324,2145918;;;;969,9;31;0;54,83870967741935;15149;79;410,3982174683544;19175,949367088608;25,68205889233613;87291;5,762162519;26,231833524346627
08147;Olesa de Montserrat;Baix Llobregat;2013;466,4760788;;;;1251,4;98;0;57,14285714285714;15368;79;590,4760491;19453,164556962023;36,42447257678293;112626,00000000001;7,328604893284749;33,362950609808465
08155;Palafolls;Maresme;2013;425,3860854;;;;1446,5;43;0;81,39534884;13659;79;538,4633992405063;17289,87341772152;37,37193809795739;130185;9,531078409839667;43,389554066022086
08156;Palau-solità i Plegamans;Vallès Occidental;2013;581,0709658;;;;1857,1;58;0;43,103448275862064;16542;79;735,5328681012658;20939,24050632911;42,152409561117146;167139;10,103917301414581;45,997362226686256
08157;Pallejà;Baix Llobregat;2013;596,1769752;;;;1413;44;2,272727272727273;38,63636363636363;18045;79;754,6543989873418;22841,772151898735;39,64601663840399;127170;7,047381546134663;32,082701397589304
08159;Parets del Vallès;Vallès Oriental;2013;527,8803334;;;;1367,4;138;0;57,971014492753625;16341;79;668,2029536708861;20684,810126582277;38,76484915733432;123066,00000000001;7,531118046631174;34,28487728361843
08161;Piera;Anoia;2013;452,6084344;;;;1319,4;34;0;23,52941176470588;13826;79;572,9220688607595;17501,265822784808;39,28324325763055;118746,00000000001;8,588601186170983;39,09899378586019
08163;Pineda de Mar;Maresme;2013;451,7707608;;;;1532,2;226;0,8849557522123894;57,96460177;12973;79;571,8617225316456;16421,518987341773;41,788708314191005;137898;10,62961535496801;48,39056508749902
08167;Polinyà;Vallès Occidental;2013;533,6086826;;;;1456,4;25;12;84;15339;79;675,4540286075949;19416,45569620253;41,74525191472716;131076;8,545276745550558;38,90176236273607
08169;Prat de Llobregat, el;Baix Llobregat;2013;575,8036933;;;;1675,9;202;0,49504950495049505;5,9405940594059405;16459;79;728,8654346;20834,177215189873;41,98094853636308;150831;9,164043988091622;41,71865606
08172;Premià de Mar;Maresme;2013;588,6151383;;;;1722,3;123;0;0,8130081300813009;16755;79;745,0824535443038;21208,86075949367;42,156858606982986;155007;9,251387645478962;42,11628182754514
08180;Ripollet;Vallès Occidental;2013;505,1219408;;;;1748,1;134;1,4925373134328357;47,76119402985074;15123;79;639,3948617721519;19143,037974683542;40,08109032334855;157329;10,403292997421147;47,360248711233425
08181;Roca del Vallès, la;Vallès Oriental;2013;547,3641429;;;;1324,9;56;0;0;17029;79;692,8660036708861;21555,696202531646;38,571670179106235;119241,00000000001;7,002231487462565;31,877158978610293
08183;Roda de Ter;Osona;2013;387,9365;;;;1039,6;21;0;57,14285714285714;15133;79;491,05886075949365;19155,696202531646;30,762162162162166;93563,99999999999;6,182779356373487;28,14666165002891
08184;Rubí;Vallès Occidental;2013;493,4823978;;;;1256,8;333;0,9009009009009009;24,324324324324326;14877;79;624,6612630379747;18831,645569620254;39,80499276;113112;7,603145795523291;34,61277847
08187;Sabadell;Vallès Occidental;2013;492,5741873;;;;1501,2;1.278;3599,3740219092333;34037,55868544601;15854;79;623,5116294936709;20068,354430379746;37,28327392;135108;8,522013372;38,79585751543842
08191;Sallent;Bages;2013;302,7361031;;;;1126,3;28;0;25;16241;79;383,21025708860753;20558,227848101265;22,368285433162978;101367;6,241426020565236;28,41364640215441
08192;Santpedor;Bages;2013;418,0059123;;;;1476,7;73;0;61,64383561643836;16674;79;529,1214079746835;21106,32911392405;30,083189082403738;132903;7,970672903922274;36,28591939294839
08194;Sant Adrià de Besòs;Barcelonès;2013;550,6774305;;;;2007,8;180;22,22222222222222;23,333333333333332;14688;79;697,0600386;18592,40506329114;44,989986151960785;180702;12,302696078431373;56,00714564
08196;Sant Andreu de la Barca;Baix Llobregat;2013;534,5195783;;;;1371,7;118;0;33,89830508474576;15406;79;676,6070611392405;19501,265822784808;41,634654937037524;123453;8,013306503959496;36,48000581363447
08197;Sant Andreu de Llavaneres;Maresme;2013;680,4278322;;;;2005,1;49;0;46,93877551020408;18002;79;861,3010534177215;22787,341772151896;45,35681583379624;180459;10,02438617931341;45,63530247
08198;Sant Antoni de Vilamajor;Vallès Oriental;2013;535,6438019;;;;1153,2;63;0;1,5873015873015872;16918;79;678,0301289873418;21415,18987341772;37,99341307;103788;6,134767703038184;27,928092025626217
08200;Sant Boi de Llobregat;Baix Llobregat;2013;550,9350379;;;;1963,2;243;0,411522634;44,03292181069959;15310;79;697,3861239240506;19379,74683544304;43,182367438275634;176688;11,54069235793599;52,53817810448746
08202;Sant Celoni;Vallès Oriental;2013;443,9657967;;;;1273,6;81;1,2345679012345678;20,98765432098765;14652;79;561,9820211392405;18546,835443037973;36,36083511056511;114623,99999999999;7,823095823095822;35,614085267566054
08205;Sant Cugat del Vallès;Vallès Occidental;2013;868,6724452;;;;2658,9;607;6,919275123558484;53,87149917627677;20828;79;1099,585373670886;26364,556962025315;50,04834522;239301;11,489389283656616;52,30462452120145
08208;Sant Esteve Sesrovires;Baix Llobregat;2013;641,0296809;;;;1308,5;18;0;11,11111111111111;17303;79;811,4299758227847;21902,53164556962;44,456777268681726;117765;6,8060451944749465;30,984034884928434
08209;Sant Fost de Campsentelles;Vallès Oriental;2013;676,95189;;;;1300,2;27;0;55,55555555555556;17512;79;856,9011265822785;22167,088607594935;46,38774943;117018;6,682160804020101;30,420060041113555
08210;Sant Feliu de Codines;Vallès Oriental;2013;438,0383992;;;;1208,3;31;0;100;14452;79;554,4789863291139;18293,67088607595;36,371857115970116;108747;7,524702463326875;34,25567079861464
08211;Sant Feliu de Llobregat;Baix Llobregat;2013;597,6694795;;;;2109,7;177;0,5649717514124294;36,15819209039548;17604;79;756,5436449367088;22283,544303797466;40,74093248125426;189872,99999999997;10,785787321063394;49,10152681450538
08213;Sant Fruitós de Bages;Bages;2013;378,1837529;;;;1118,2;38;2,631578947368421;36,84210526315789;17396;79;478,71361126582275;22020,25316455696;26,087635288572088;100638;5,785123016785468;26,336359551534162
08214;Vilassar de Dalt;Maresme;2013;674,646572;;;;1521;28;0;0;18593;79;853,9830025316455;23535,44303797468;43,54197205399881;136890;7,362448233206045;33,517019998826804
08217;Sant Joan Despí;Baix Llobregat;2013;646,198492;;;;2330,9;75;0;10,666666666666668;18507;79;817,9727746835442;23426,58227848101;41,89972390987194;209781;11,335224509644998;51,602800392869085
08218;Sant Joan de Vilatorrada;Bages;2013;370,0845375;;;;1283,3;44;0;43,18181818181818;15263;79;468,4614398734177;19320,25316455696;29,096602568302433;115497;7,567123108170085;34,44878776
08219;Vilassar de Mar;Maresme;2013;693,9331873;;;;2270,1;82;0;3,6585365853658534;18731;79;878,3964396202531;23710,12658227848;44,456773517697926;204309;10,90753296673963;49,65576517539414
08221;Sant Just Desvern;Baix Llobregat;2013;824,1177622;;;;2746,3;90;2,2222222222222223;36,666666666666664;22154;79;1043,1870407594936;28043,037974683542;44,63940212331859;247167,00000000003;11,156766272456442;50,79038200766035
08230;Premià de Dalt;Maresme;2013;712,1535894;;;;1558,7;40;0;2,5;19160;79;901,4602397468354;24253,164556962023;44,602521256784975;140283;7,321659707724426;33,331333148340825
08231;Sant Pere de Ribes;Garraf;2013;558,2064389;;;;2098,5;153;0;19,607843137254903;14894;79;706,5904289873417;18853,164556962023;44,97433373707533;188865;12,680609641466363;57,72757016
08234;Sant Pere de Vilamajor;Vallès Oriental;2013;0;;;;;;;;16712;79;0;21154,430379746835;0;;;
08235;Sant Pol de Mar;Maresme;2013;468,7505934;;;;;;;;17119;79;593,3551815189874;21669,620253164558;32,85826929610374;;;
08238;Sant Quirze del Vallès;Vallès Occidental;2013;674,2102608;;;;2185,7;79;0;41,77215189873418;20667;79;853,4307098734178;26160,759493670885;39,147061158368416;196712,99999999997;9,518217448105675;43,33100545583312
08240;Sant Sadurní d'Anoia;Alt Penedès;2013;446,6666018;;;;1424,3;41;2,4390243902439024;43,90243902439025;16435;79;565,4007617721519;20803,79746835443;32,61332048433222;128187;7,799634925463949;35,50728120589926
08244;Santa Coloma de Cervelló;Baix Llobregat;2013;660,6794731;;;;1864,6;57;0;73,68421052631578;17819;79;836,3031305063291;22555,696202531646;44,492696993097255;167814;9,417700207643527;42,87340789425006
08245;Santa Coloma de Gramenet;Barcelonès;2013;481,1753068;;;;1768,5;319;0,9404388714733543;16,614420062695924;13534;79;609,0826668;17131,645569620254;42,66368909117777;159165;11,760381262006797;53,53829615734542
08248;Santa Eulàlia de Ronçana;Vallès Oriental;2013;582,4292439;;;;1414,9;24;0;95,83333333333334;15791;79;737,2522074683543;19988,607594936708;44,26034403647647;127341,00000000001;8,064150465455008;36,71146931874662
08250;Santa Margarida de Montbui;Anoia;2013;311,6594292;;;;815,9;41;0;12,195121951219512;10763;79;394,50560658227846;13624,050632911392;34,74786909226052;73431;6,822540183963579;31,059127147048184
08251;Santa Margarida i els Monjos;Alt Penedès;2013;358,8263782;;;;855,5;35;0;42,857142857142854;14875;79;454,2106053164557;18829,11392405063;28,94733807327732;76995;5,176134453781513;23,56398259230466
08252;Barberà del Vallès;Vallès Occidental;2013;542,9719709;;;;1398,4;178;3,3707865168539324;40,44943820224719;16102;79;687,3062922784809;20382,278481012658;40,464933864116254;125856,00000000001;7,816171904111291;35,582564620666545
08259;Santa Maria de Palautordera;Vallès Oriental;2013;497,111378;;;;1147,2;51;0;9,803921568627452;14797;79;629,2549088607594;18730,379746835442;40,314499804014325;103248;6,977630600797459;31,765165198250067
08260;Santa Perpètua de Mogoda;Vallès Occidental;2013;516,3110883;;;;1566;114;42,98245614035088;97,36842105263158;15712;79;653,5583396202532;19888,607594936708;39,43312792515275;140940;8,970213849;40,836258192526316
08262;Sant Vicenç de Castellet;Bages;2013;356,2728466;;;;987,6;59;0;66,10169491525424;13541;79;450,9782868;17140,506329113923;31,572809683184406;88884;6,564064692415626;29,882435923557328
08263;Sant Vicenç dels Horts;Baix Llobregat;2013;548,3743885;;;;1784,2;80;10;51,24999999999999;14652;79;694,1447955696202;18546,835443037973;44,91190733005733;160578;10,95945945945946;49,892156826626376
08264;Sant Vicenç de Montalt;Maresme;2013;964,3061603;;;;1886,2;50;0;50;20542;79;1220,6407092405063;26002,53164556962;56,33177842274364;169758;8,263947035342225;37,621028940287175
08266;Cerdanyola del Vallès;Vallès Occidental;2013;578,8022436;;;;1984,9;197;2,030456852791878;13,705583756345177;17463;79;732,6610678481012;22105,06329113924;39,773389012197214;178641;10,229685621027315;46,56991352350444
08267;Sentmenat;Vallès Occidental;2013;497,7998507;;;;1243,3;30;0;46,666666666666664;15368;79;630,1263932911392;19453,164556962023;38,87036835242061;111897;7,281168662155127;33,14700055
08270;Sitges;Garraf;2013;737,9144703;;;;3407,9;379;0;25,593667546174142;16991;79;934,0689497468353;21507,59493670886;52,115670905773634;306711;18,051380142428343;82,17761946513961
08274;Súria;Bages;2013;0;;;;596,4;25;4;40;16337;79;0;20679,74683544304;0;53676;3,285548142;14,95722337229591
08278;Taradell;Osona;2013;397,5128068;;;;2656,7;10;0;90;16289;79;503,1807681012658;20618,98734177215;29,284509065013204;239102,99999999997;14,67880164528209;66,82419661502874
08279;Terrassa;Vallès Occidental;2013;440,5250973;;;;1179,4;1.405;213,52313167259786;10889,67971530249;15084;79;557,6267054;19093,67088607595;35,045751575179004;106146,00000000001;7,036992840095467;32,03540755496406
08281;Teià;Maresme;2013;722,0865157;;;;1614,5;22;0;22,727272727272727;21489;79;914,0335641772151;27201,265822784808;40,323133642328635;145305;6,761831634789893;30,782755810734123
08282;Tiana;Maresme;2013;811,3186629;;;;2314,2;21;0;9,523809523809524;21170;79;1026,9856492405063;26797,468354430377;45,98877635710912;208277,99999999997;9,838356164;44,788414107956456
08283;Tona;Osona;2013;422,3906273;;;;1781,1;22;0;95,45454545454545;15889;79;534,6716801265823;20112,65823;31,900607512115297;160299;10,088677701554534;45,92798503623219
08284;Tordera;Maresme;2013;407,5261691;;;;1154,9;240;0;91,66666666666666;12565;79;515,8559102531646;15905,06329113924;38,92012757023478;103941,00000000001;8,272264226024673;37,65889235713002
08285;Torelló;Osona;2013;344,2481779;;;;928,3;31;0;19,35483870967742;15509;79;435,75718721518984;19631,645569620254;26,63600576955316;83547;5,387001096137727;24,52393792850144
08289;Torrelles de Llobregat;Baix Llobregat;2013;601,8267096;;;;1446,1;23;0;52,17391304347826;17430;79;761,8059615189873;22063,291139240504;41,43385264027539;130148,99999999999;7,466953528;33,992772894878165
08291;Vacarisses;Vallès Occidental;2013;539,2205796;;;;1295,2;44;0;0;14987;79;682,5576956962025;18970,886075949365;43,17506475745646;116568;7,777940882097818;35,40852062214688
08295;Vallirana;Baix Llobregat;2013;564,4020754;;;;1325,4;39;0;64,1025641;16172;79;714,4330068354429;20470,886075949365;41,879946232995295;119286,00000000001;7,376082117239674;33,579087282608285
08298;Vic;Osona;2013;425,9937256;;;;1052,4;359;24,79108635097493;53,20334262;15250;79;539,2325640506328;19303,79746835443;33,52081775213115;94716,00000000001;6,210885245901641;28,274611705711646
08300;Viladecavalls;Vallès Occidental;2013;0;;;;1442;38;0;5,263157894736842;17285;79;0;21879,74683544304;0;129780;7,508244142;34,18074546714012
08301;Viladecans;Baix Llobregat;2013;606,4241264;;;;1863,4;284;0;13,732394366197184;16169;79;767,6254764556961;20467,088607594935;45,00642907291731;167706;10,372070010513946;47,218108292252715
08302;Vilanova del Camí;Anoia;2013;331,1056289;;;;1287,8;65;0;7,6923076923076925;12467;79;419,1210492405063;15781,012658227848;31,87027790807732;115902;9,296703296703297;42,322578094797066
08305;Vilafranca del Penedès;Alt Penedès;2013;402,3706036;;;;1182,9;222;0,9009009009009009;35,585585585585584;15155;79;509,3298779746835;19183,54430379747;31,86042390762125;106461,00000000001;7,0248102936324655;31,979947381866285
08307;Vilanova i la Geltrú;Garraf;2013;501,8994359;;;;1693;248;0,8064516129032258;24,596774193548388;14895;79;635,3157416455696;18854,430379746835;40,43499987109768;152370;10,229607250755286;46,56955674843564
08902;Vilanova del Vallès;Vallès Oriental;2013;706,8117682;;;;1544,9;33;0;96,96969696969697;17969;79;894,6984407594936;22745,569620253165;47,202077012632856;139041;7,737826256330346;35,22590165200191
08904;Badia del Vallès;Vallès Occidental;2013;0;;;;;8;0;0;11807;79;0;14945,569620253164;0;;;
17008;Anglès;Selva;2013;348,1743435;;;;927,2;22;0;45,45454545454545;13704;79;440,7270170886076;17346,835443037973;30,48812114711033;83448;6,089316987740806;27,721180888823582
17009;Arbúcies;Selva;2013;309,3635892;;;;1214,2;35;0;40;12866;79;391,59947999999997;16286,075949367088;28,85405775221514;109278;8,493548888543447;38,66627499
17015;Banyoles;Pla de l'Estany;2013;391,6704016;;;;1226,2;132;6,0606060606060606;51,515151515151516;14707;79;495,7853184810126;18616,45569620253;31,957875971986134;110358;7,503773713197797;34,16039415769198
17020;Bescanó;Gironès;2013;0;;;;;;;;15743;79;0;19927,848101265823;0;;;
17022;Bisbal d'Empordà, la;Baix Empordà;2013;379,3329;;;;1030,1;46;0;45,65217391304348;12128;79;480,16822784810125;15351,898734177215;37,532938654353565;92708,99999999999;7,644211741424801;34,79972825575064
17023;Blanes;Selva;2013;423,2902413;;;;2094,1;341;0;22,58064516129032;12785;79;535,8104320253165;16183,544303797467;39,73001873758311;188469;14,74141572154869;67,10924272740347
17033;Caldes de Malavella;Selva;2013;566,7894491;;;;2032,6;63;0;57,14285714285714;14893;79;717,4549988607594;18851,898734177215;45,66892761162962;182934;12,283220304841201;55,91848357595593
17034;Calonge i Sant Antoni;Baix Empordà;2013;500,831925;;;;1805,9;242;0;45,867768595041326;13475;79;633,9644620253165;17056,962025316454;44,60098775510205;162531;12,061669758812616;54,90989053098215
17044;Cassà de la Selva;Gironès;2013;462,673881;;;;1248,8;41;9,756097561;97,56097561;15188;79;585,6631405063291;19225,31646;36,55574514090071;112392;7,400052673163024;33,68821152726406
17047;Castelló d'Empúries;Alt Empordà;2013;442,7692556;;;;2150,8;364;0;24,45054945054945;9439;79;560,4674121518988;11948,101265822785;56,290190350672745;193572,00000000003;20,507680898400256;93,35975330884253
17048;Castell d'Aro, Platja d'Aro i s'Agaró;Baix Empordà;2013;503,9837957;;;;2085,5;320;0;0,625;12071;79;637,9541717721519;15279,746835443037;50,10194307348189;187695;15,549250269240328;70,78685183691202
17049;Celrà;Gironès;2013;486,6385747;;;;1498,3;60;1,6666666666666667;100;15035;79;615,9981958227847;19031,645569620254;38,840458240106415;134847;8,968872630528766;40,830152389874215
17062;Escala, l';Alt Empordà;2013;484,7199375;;;;1837,6;308;0;15,259740259740258;12116;79;613,5695411392405;15336,708860759492;48,007917216903266;165384;13,650049521294157;62,140876010066826
17066;Figueres;Alt Empordà;2013;405,3179565;;;;1225;376;0,26595744680851063;54,78723404255319;12041;79;513,0607044303797;15241,772151898733;40,39378355618304;110250;9,156216261;41,683020894192204
17079;Girona;Gironès;2013;471,8046464;;;;1603,4;533;7,317073170731707;84,42776735459663;15607;79;597,2210713924051;19755,696202531646;36,27638724162235;144306;9,246235663484335;42,092827797298966
17089;Llagostera;Gironès;2013;386,4920844;;;;1175,8;44;2,272727272727273;100;13631;79;489,23048658227844;17254,430379746835;34,02468647054508;105822;7,763333577873964;35,34202191243892
17092;Llançà;Alt Empordà;2013;402,8402698;;;;;;;;13377;79;509,9243921518987;16932,91139240506;36,13727470733348;;;
17095;Lloret de Mar;Selva;2013;439,4641889;;;;2156;388;0;5,412371134020619;9525;79;556,2837834177215;12056,962025316456;55,365567105511815;194040;20,371653543307087;92,74049848536107
17103;Maçanet de la Selva;Selva;2013;460,3230779;;;;989,1;36;0;52,77777777777778;12526;79;582,6874403797468;15855,696202531644;44,09928895736867;89019;7,106737984991218;32,35291734820767
17114;Olot;Garrotxa;2013;347,4255356;;;;1106,7;215;17,674418604651162;93,48837209302326;14807;79;439,77915898734176;18743,037974683542;28,15632084;99603;6,7267508610792195;30,623053092726295
17117;Palafrugell;Baix Empordà;2013;414,4633676;;;;1628,9;254;0,7874015748031495;19,68503937007874;11735;79;524,6371741772152;14854,430379746835;42,38227874904133;146601;12,492628887942054;56,8718012
17118;Palamós;Baix Empordà;2013;476,5743531;;;;1810,7;144;0,6944444444444444;38,88888888888889;13691;79;603,2586748101265;17330,379746835442;41,77117987875246;162963;11,902928931414799;54,187234246279694
17141;Puigcerdà;Cerdanya;2013;436,2284609;;;;1942,8;71;0;50,70422535211267;12225;79;552,1879251898735;15474,683544303796;42,81997162208589;174852;14,30282208588957;65,11257651093439
17147;Ripoll;Ripollès;2013;351,656019;;;;941,7;34;0;64,70588235294117;15811;79;445,1342012658228;20013,92405063291;26,689470798810955;84753;5,360382012522927;24,402756450600684
17152;Roses;Alt Empordà;2013;444,1672382;;;;2045,8;707;0;6,506364922206506;10956;79;562,2370103797468;13868,354430379746;48,64920462212486;184122;16,805585980284775;76,50623047544684
17155;Salt;Gironès;2013;387,3230632;;;;1076,6;166;4,819277108433735;34,33734939759036;10769;79;490,28235848101264;13631,645569620252;43,15978046615284;96893,99999999999;8,997492803417215;40,96044368384157
17160;Sant Feliu de Guíxols;Baix Empordà;2013;436,5101731;;;;1812,5;218;0;0;12909;79;552,5445229113924;16340,506329113923;40,577287762026494;163125;12,636532651638392;57,52691281285356
17164;Sant Hilari Sacalm;Selva;2013;316,2173536;;;;1047,8;14;0;71,42857142857143;13794;79;400,2751311392405;17460,759493670885;27,50912167029143;94302;6,836450630709004;31,122453462832127
17180;Santa Coloma de Farners;Selva;2013;392,0635917;;;;1135;33;0;27,27272727272727;13639;79;496,2830274683544;17264,556962025315;34,494927050370265;102150;7,489552019942811;34,095650914392195
17181;Santa Cristina d'Aro;Baix Empordà;2013;487,4831034;;;;1461,3;67;0;0;13814;79;617,0672194936709;17486,07594936709;42,34687448096135;131517;9,520558853337194;43,34166454
17186;Sarrià de Ter;Gironès;2013;0;;;;;;;;16319;79;0;20656,962025316454;0;;;
17193;Sils;Selva;2013;470,933267;;;;1227,5;147;0;70,74829931972789;14005;79;596,1180594936709;17727,848101265823;40,35129742234916;110475;7,888254194930382;35,910714103884395
17199;Torroella de Montgrí;Baix Empordà;2013;454,0672085;;;;1423;143;0;39,16083916083916;12674;79;574,7686183544304;16043,037974683544;42,992003329651254;128070;10,104939245699859;46,00201455509146
17202;Tossa de Mar;Selva;2013;448,6944625;;;;2089,7;99;0;4,040404040404041;12577;79;567,9676740506329;15920,253164556962;42,81095293;188072,99999999997;14,953725053669395;68,07576580576385
17213;Vidreres;Selva;2013;488,51;;;;1102,4;39;0;46,15384615384615;14278;79;618,3670886;18073,417721518985;41,057010785824346;99216,00000000001;6,948872391;31,63424550152363
17221;Vilafant;Alt Empordà;2013;510,6730577;;;;1221,8;11;0;18,181818181818183;14450;79;646,4215920253165;18291,139240506327;42,40883524152249;109962;7,6098269896193775;34,64319412777956
25003;Agramunt;Urgell;2013;0;;;;552,1;29;0;10,344827586206897;13884;79;0;17574,683544303796;0;49689;3,578867761452031;16,29253999949819
25011;Alcarràs;Segrià;2013;346,915175;;;;819,3;142;0;76,76056338028168;12489;79;439,13313291139235;15808,86075949367;33,33319000720634;73737;5,904155656978141;26,878247148632227
25019;Almacelles;Segrià;2013;0;;;;779,7;33;9,090909090909092;42,42424242424242;12577;79;0;15920,253164556962;0;70173;5,579470461954361;25,400140976577536
25023;Alpicat;Segrià;2013;0;;;;1231,8;41;4,878048780487805;26,82926829268293;16731;79;0;21178,481012658227;0;110862;6,626143087681549;30,165043386417135
25040;Balaguer;Noguera;2013;288,6450592;;;;824,5;92;1,0869565217391304;7,608695652173914;12438;79;365,3734926582278;15744,303797468354;27,84805202122528;74205;5,965991316931983;27,15974957631192
25050;Bellpuig;Urgell;2013;319,1006244;;;;;;;;13085;79;403,92484101265825;16563,291139240504;29,264100059610243;;;
25058;Borges Blanques, les;Garrigues;2013;274,3528163;;;;887,4;53;0;75,47169811320755;13873;79;347,28204594936705;17560,759493670885;23,731231857565053;79866;5,756937936999928;26,20804898785782
25072;Cervera;Segarra;2013;284,5181047;;;;969,5;30;3,3333333333333335;30;13144;79;360,1494996202531;16637,974683544304;25,975481256847228;87255;6,638390139987827;30,220797217761547
25110;Guissona;Segarra;2013;339,5171156;;;;824,5;12;8,333333333333332;58,333333333333336;13751;79;429,7685007594937;17406,32911392405;29,628429839284415;74205;5,396334812013672;24,56642900372101
25120;Lleida;Segrià;2013;376,692053;;;;1240,3;800;8,5;52,75;14500;79;476,82538354430375;18354,430379746835;31,17451473103448;111627;7,698413793103448;35,046479226697635
25137;Mollerussa;Pla d'Urgell;2013;312,2498661;;;;987,5;90;0;27,77777777777778;12592;79;395,25299506329117;15939,240506329113;29,75697580368488;88875;7,058052731893266;32,13128120897176
25203;Seu d'Urgell, la;Alt Urgell;2013;355,6990458;;;;1133,9;37;13,513513513513514;21,62162162162162;12743;79;450,25195670886075;16130,379746835442;33,495947183551756;102051,00000000001;8,008396767;36,45765458594561
25207;Solsona;Solsonès;2013;287,8037611;;;;1286,9;26;0;30,76923076923077;13723;79;364,3085583544303;17370,886075949365;25,16683766814836;115821,00000000001;8,439918385192744;38,42212594842084
25217;Tàrrega;Urgell;2013;306,7211556;;;;1037,6;130;0;34,61538461538461;13036;79;388,2546273417721;16501,265822784808;28,234534114759125;93383,99999999999;7,163547100337526;32,611536790391334
25234;Tremp;Pallars Jussà;2013;318,93046;;;;792,8;43;0;0;14529;79;403,70944303797467;18391,139240506327;26,34156184183357;71352;4,911005575056783;22,357002298656646
25243;Vielha e Mijaran;Val d'Aran;2013;471,6332885;;;;1835,2;78;0;52,56410256410257;13466;79;597,0041626582278;17045,569620253165;42,02880931;165168;12,26555770087628;55,83807583228535
43004;Alcanar;Montsià;2013;0;;;;1045,7;98;0;31,63265306122449;11370;79;0;14392,405063291139;0;94113;8,277308707;37,68185699722455
43005;Alcover;Alt Camp;2013;341,1306459;;;;1030,5;21;0;33,33333333333333;14050;79;431,81094417721516;17784,810126582277;29,135713528825626;92745;6,601067615658363;30,050889090093445
43012;Altafulla;Tarragonès;2013;508,7576841;;;;;;;;16720;79;643,9970684810127;21164,556962025315;36,513709385167466;;;
43013;Ametlla de Mar, l';Baix Ebre;2013;368,2758638;;;;1559,4;111;0;22,52252252252252;10501;79;466,1719794936709;13292,405063291139;42,08466208551567;140346;13,365012855918485;60,84326693884691
43014;Amposta;Montsià;2013;287,5445696;;;;739,9;178;3,3707865168539324;41,01123595505618;11480;79;363,9804678481012;14531,645569620252;30,056923651567946;66591;5,800609756097561;26,406861826701117
43016;Arboç, l';Baix Penedès;2013;0;;;;737,2;28;39,285714285714285;50;12250;79;0;15506,32911392405;0;66348;5,416163265306122;24,65669662184177
43037;Calafell;Baix Penedès;2013;447,5004886;;;;1405,1;372;1,3440860215053763;58,602150537634415;13341;79;566,4563146835443;16887,341772151896;40,25189913;126458,99999999999;9,478974589610973;43,15235514396461
43038;Cambrils;Baix Camp;2013;473,1709712;;;;1845,6;457;0;4,595185995623632;14010;79;598,9505964556962;17734,177215189873;40,52856284368308;166104;11,85610278372591;53,97406155170265
43043;Catllar, el;Tarragonès;2013;0;;;;;;;;16860;79;0;21341,772151898735;0;;;
43044;Sénia, la;Montsià;2013;0;;;;789,7;45;2,2222222222222223;35,55555555555556;10725;79;0;13575,949367088608;0;71073;6,626853146853147;30,168275880106858
43047;Constantí;Tarragonès;2013;324,0356767;;;;759,9;98;0;88,77551020408163;11195;79;410,17174265822786;14170,886075949367;34,73361429566771;68391;6,109066547565877;27,811089350066066
43051;Cunit;Baix Penedès;2013;473,5453724;;;;1394,3;145;0,6896551724137931;57,931034482758626;13542;79;599,4245220253165;17141,772151898735;41,962372388125836;125487;9,266504209;42,185098904427946
43086;Montblanc;Conca de Barberà;2013;336,3245612;;;;697,1;11;0;27,27272727272727;14934;79;425,72729265822784;18903,79746835443;27,024874343109683;62739;4,201084773001205;19,125138526390987
43092;Mont-roig del Camp;Baix Camp;2013;414,2129528;;;;1488,9;329;0,303951368;12,76595744680851;12024;79;524,3201934177215;15220,253164556962;41,33861804391217;134001;11,144461077844312;50,73436348761913
43093;Móra d'Ebre;Ribera d'Ebre;2013;307,8383071;;;;998,8;58;0;70,68965517;14505;79;389,66874316455693;18360,759493670885;25,46749179731127;89892;6,197311271975181;28,212817158416254
43100;Pallaresos, els;Tarragonès;2013;0;;;;;;;;16885;79;0;21373,417721518985;0;;;
43123;Reus;Baix Camp;2013;381,2356755;;;;1083,2;584;9,760273973;42,465753424657535;13725;79;482,57680443037975;17373,417721518985;33,33208091803279;97488;7,102950819672131;32,33567654844677
43129;Riudoms;Baix Camp;2013;391,6837962;;;;852,1;21;4,761904761904762;80,95238095238095;13404;79;495,80227367088605;16967,088607594935;35,06569348254253;76689;5,721351835273053;26,046045800130074
43131;Roda de Berà;Tarragonès;2013;458,5757414;;;;1241,8;82;0;98,78048780487805;13743;79;580,4756220253165;17396,20253164557;40,041540397293176;111762;8,132285527177473;37,02164932328279
43133;Roquetes;Baix Ebre;2013;308,8606837;;;;771,5;29;3,4482758620689653;3,4482758620689653;12696;79;390,96289075949363;16070,886075949365;29,192881257088843;69435;5,469045368620038;24,897438622085446
43136;Ràpita, la;Montsià;2013;297,7096607;;;;978,4;244;0,819672131;27,86885245901639;11353;79;376,84767177215184;14370,886075949367;31,467593837752133;88056;7,756187791773099;35,30949123133074
43145;Selva del Camp, la;Baix Camp;2013;400,3508772;;;;1397,1;18;0;0;14411;79;506,7732623;18241,772151898735;33,337107254180836;125738,99999999999;8,725209909097217;39,720895244899566
43148;Tarragona;Tarragonès;2013;436,730546;;;;1287,4;941;4,888416578108395;31,137088204038253;15219;79;552,8234759493671;19264,556962025315;34,43568271239897;115866,00000000001;7,613246599645182;34,658761658306446
43153;Torredembarra;Tarragonès;2013;416,3097977;;;;1504,9;155;2,5806451612903225;90,96774193548387;13538;79;526,9744274683544;17136,708860759492;36,90144461811198;135441;10,004505835426208;45,544798624457144
43155;Tortosa;Baix Ebre;2013;320,61908;;;;697,9;159;0;5,660377358490567;13404;79;405,8469367088607;16967,088607594935;28,70358818263205;62811;4,685989256938227;21,332631573654236
43156;Ulldecona;Montsià;2013;0;;;;724,9;39;0;23,076923076923077;10226;79;0;12944,303797468354;0;65241;6,379913945;29,04410279121194
43161;Valls;Alt Camp;2013;368,0523557;;;;1199,1;37;0;5,405405405405405;14469;79;465,8890578481013;18315,18987341772;30,524765142027782;107918,99999999999;7,458635703918722;33,954906592714536
43162;Vandellòs i l'Hospitalet de l'Infant;Baix Camp;2013;405,6565254;;;;1303;326;5,828220858895705;15,644171779141105;14301;79;513,4892726582278;18102,53164556962;34,03872669603524;117270;8,200125865324104;37,33048761977939
43163;Vendrell, el;Baix Penedès;2013;387,5050248;;;;1304,1;581;0;28,57142857142857;13501;79;490,5126896202531;17089,87341772152;34,44233980890304;117368,99999999999;8,693356047700169;39,575882814840035
43171;Vila-seca;Tarragonès;2013;417,5823241;;;;1672,6;250;3,2;96,39999999999999;13036;79;528,5852203797468;16501,265822784808;38,43961252838294;150534;11,547560601411476;52,569445292606545
43901;Deltebre;Baix Ebre;2013;287,6461339;;;;756,7;55;0;54,54545454545454;10875;79;364,1090302531645;13765,822784810125;31,740263051034486;68103;6,262344827586207;28,508877777787202
43905;Salou;Tarragonès;2013;449,4111376;;;;1634,8;613;3,4257748776508974;89,55954323001632;11479;79;568,8748577;14530,379746835442;46,98086637511978;147132;12,817492812962803;58,35072103
43907;Canonja, la;Tarragonès;2013;388,5976327;;;;;-;;;12723;79;491,8957375949367;16105,06329113924;36,65150980429144;;;
08001;Abrera;Baix Llobregat;2012;491,9703329;;;;;;;;16938;77,7;633,1664516087516;21799,2278;34,854433786751684;;;
08003;Alella;Maresme;2012;858,4871876;;;;;;;;21417;77,7;1104,8741153153153;27563,706563706564;48,10125718447962;;;
08005;Ametlla del Vallès, l';Vallès Oriental;2012;806,2870924;;;;;;;;19399;77,7;1037,6925256113257;24966,537966537966;49,87599932367648;;;
08006;Arenys de Mar;Maresme;2012;527,2570741;;;;;;;;15338;77,7;678,5805329472329;19740,02574002574;41,25104243838831;;;
08007;Arenys de Munt;Maresme;2012;523,3689534;;;;;;;;15823;77,7;673,5765166023166;20364,221364221365;39,691761617897996;;;
08009;Argentona;Maresme;2012;610,3425785;;;;;;;;16537;77,7;785,5116840411839;21283,14028314028;44,289235907359256;;;
08010;Artés;Bages;2012;378,9666452;;;;;;;;14953;77,7;487,7305601029601;19244,530244530244;30,412624506119172;;;
08015;Badalona;Barcelonès;2012;580,3073927;;;;;;;;15186;77,7;746,8563612612613;19544,401544401542;45,85597729751087;;;
08019;Barcelona;Barcelonès;2012;720,1318472;;;;;;;;19195;77,7;926,8106141570141;24703,989703989704;45,01996439906225;;;
08020;Begues;Baix Llobregat;2012;872,9513087;;;;;;;;20107;77,7;1123,489457786358;25877,734877734878;52,09835233699707;;;
08022;Berga;Berguedà;2012;350,3314764;;;;;;;;15452;77,7;450,87706100386094;19886,743886743887;27,206689857623612;;;
08023;Bigues i Riells del Fai;Vallès Oriental;2012;611,4054054;;;;;;;;16630;77,7;786,8795436293435;21402,8314;44,11824933734215;;;
08029;Cabrera de Mar;Maresme;2012;0;;;;;;;;19972;77,7;0;25703,989703989704;0;;;
08030;Cabrils;Maresme;2012;942,1705077;;;;;;;;21067;77,7;1212,5746559845559;27113,256113256113;53,66709114919068;;;
08033;Caldes de Montbui;Vallès Oriental;2012;517,7273327;;;;;;;;16515;77,7;666,3157435006435;21254,826254826254;37,61869811;;;
08035;Calella;Maresme;2012;468,6632062;;;;;;;;13293;77,7;603,1701495495495;17108,108108108107;42,307669257503946;;;
08040;Canet de Mar;Maresme;2012;511,6834691;;;;;;;;15063;77,7;658,5372832689833;19386,100386100385;40,76347095000996;;;
08041;Canovelles;Vallès Oriental;2012;486,6970862;;;;;;;;13173;77,7;626,3797763191764;16953,667953667955;44,335876675017076;;;
08043;Canyelles;Garraf;2012;0;;;;;;;;16024;77,7;0;20622,90862290862;0;;;
08044;Capellades;Anoia;2012;379,3234773;;;;;;;;16101;77,7;488,18980347490344;20722,007722007722;28,270801363890442;;;
08046;Cardedeu;Vallès Oriental;2012;537,5255849;;;;;;;;16404;77,7;691,7961195624196;21111,969111969112;39,321549736649594;;;
08051;Castellar del Vallès;Vallès Occidental;2012;564,5217503;;;;;;;;16523;77,7;726,5402191763192;21265,122265122263;40,998977205108034;;;
08054;Castellbisbal;Vallès Occidental;2012;637,0642239;;;;;;;;16485;77,7;819,9024761;21216,216216216217;46,37410183075523;;;
08056;Castelldefels;Baix Llobregat;2012;764,7512576;;;;;;;;17254;77,7;984,2358527670527;22205,920205920203;53,18775409296396;;;
08067;Centelles;Osona;2012;437,6606802;;;;;;;;15788;77,7;563,2698586872586;20319,17631917632;33,265316458069414;;;
08068;Cervelló;Baix Llobregat;2012;672,7969579;;;;;;;;18652;77,7;865,8905507078507;24005,148005148003;43,28524284151834;;;
08072;Corbera de Llobregat;Baix Llobregat;2012;591,6386099;;;;;;;;17060;77,7;761,4396523809523;21956,241956241956;41,615845948417345;;;
08073;Cornellà de Llobregat;Baix Llobregat;2012;559,5832511;;;;;;;;15473;77,7;720,1843643500644;19913,770913770913;43,39817109287146;;;
08074;Cubelles;Garraf;2012;580,6389561;;;;;;;;16211;77,7;747,2830837837837;20863,577863577862;42,981108341249765;;;
08075;Dosrius;Maresme;2012;696,5952686;;;;;;;;16292;77,7;896,5190072072072;20967,824967824967;51,30826923152468;;;
08076;Esparreguera;Baix Llobregat;2012;505,9392431;;;;;;;;15653;77,7;651,144457;20145,431145431146;38,78662823228774;;;
08077;Esplugues de Llobregat;Baix Llobregat;2012;693,3507628;;;;;;;;18375;77,7;892,3433241;23648,648648648646;45,28004981551021;;;
08086;Franqueses del Vallès, les;Vallès Oriental;2012;534,3366237;;;;;;;;15104;77,7;687,6919223938224;19438,867438867437;42,45259193;;;
08088;Garriga, la;Vallès Oriental;2012;559,6964493;;;;;;;;16768;77,7;720,3300505791506;21580,43758043758;40,054612306774814;;;
08089;Gavà;Baix Llobregat;2012;679,4379365;;;;;;;;16908;77,7;874,4374987129986;21760,61776061776;48,221287189496095;;;
08091;Gelida;Alt Penedès;2012;401,9122414;;;;;;;;14583;77,7;517,2615719;18768,339768339767;33,07239180415553;;;
08092;Gironella;Berguedà;2012;298,0801821;;;;;;;;15604;77,7;383,629578;20082,36808236808;22,923366990515255;;;
08096;Granollers;Vallès Oriental;2012;526,8794917;;;;;;;;15716;77,7;678,0945839124839;20226,512226512226;40,23004517943497;;;
08101;Hospitalet de Llobregat, l';Barcelonès;2012;565,6242573;;;;;;;;15047;77,7;727,9591471;19365,508365508365;45,10860030305044;;;
08102;Igualada;Anoia;2012;375,6327202;;;;;;;;15224;77,7;483,4397943371943;19593,307593307592;29,608464545454545;;;
08105;Llagosta, la;Vallès Oriental;2012;528,8492006;;;;;;;;14687;77,7;680,6296018018018;18902,187902187903;43,209575864369846;;;
08106;Llinars del Vallès;Vallès Oriental;2012;532,2198806;;;;;;;;15293;77,7;684,9676712998713;19682,11068211068;41,761842458641205;;;
08107;Lliçà d'Amunt;Vallès Oriental;2012;656,5550057;;;;;;;;16955;77,7;844,9871373230374;21821,10682110682;46,46806292185197;;;
08108;Lliçà de Vall;Vallès Oriental;2012;0;;;;;;;;18311;77,7;0;23566,280566280566;0;;;
08110;Malgrat de Mar;Maresme;2012;493,2600366;;;;;;;;13605;77,7;634,8263019305019;17509,652509652507;43,50694920396913;;;
08112;Manlleu;Osona;2012;378,002546;;;;;;;;13878;77,7;486,4897631917632;17861,00386100386;32,68504504971898;;;
08113;Manresa;Bages;2012;375,6107649;;;;;;;;15203;77,7;483,41153783783784;19566,280566280566;29,64762993356574;;;
08114;Martorell;Baix Llobregat;2012;487,1071072;;;;;;;;14668;77,7;626,9074738738739;18877,734877734878;39,850595080447235;;;
08118;Masnou, el;Maresme;2012;691,5811798;;;;;;;;18391;77,7;890,0658684684684;23669,24066924067;45,12519253;;;
08119;Masquefa;Anoia;2012;509,457161;;;;;;;;15222;77,7;655,6720218790218;19590,73359073359;40,162172723689395;;;
08120;Matadepera;Vallès Occidental;2012;836,3146185;;;;;;;;22018;77,7;1076,3379903474904;28337,194337194338;45,57986839;;;
08121;Mataró;Maresme;2012;530,2947809;;;;;;;;14078;77,7;682,4900655083654;18118,404118404116;45,20199866;;;
08123;Molins de Rei;Baix Llobregat;2012;611,2329997;;;;;;;;18512;77,7;786,6576572715574;23824,967824967825;39,62184527009507;;;
08124;Mollet del Vallès;Vallès Oriental;2012;522,8918835;;;;;;;;15262;77,7;672,9625270270269;19642,213642213643;41,113239431267196;;;
08125;Montcada i Reixac;Vallès Occidental;2012;552,5267174;;;;;;;;15429;77,7;711,1025963963964;19857,142857142855;42,97310654;;;
08126;Montgat;Maresme;2012;748,679067;;;;;;;;18291;77,7;963,5509227799228;23540,54054054054;49,11786563883878;;;
08135;Montmeló;Vallès Oriental;2012;535,1052821;;;;;;;;15955;77,7;688,6811867438867;20534,105534105533;40,24608828078972;;;
08136;Montornès del Vallès;Vallès Oriental;2012;526,7215345;;;;;;;;14957;77,7;677,8912927927927;19249,67824967825;42,25886483920572;;;
08138;Moià;Moianès;2012;397,4151176;;;;;;;;14905;77,7;511,47376782496775;19182,754182754183;31,99584979000335;;;
08140;Navarcles;Bages;2012;363,0822882;;;;;;;;15568;77,7;467,28737220077215;20036,036036036036;27,986815637204522;;;
08141;Navàs;Bages;2012;318,5117325;;;;;;;;15729;77,7;409,92500965250963;20243,243243243243;24,299960518786953;;;
08147;Olesa de Montserrat;Baix Llobregat;2012;500,0340753;;;;;;;;15505;77,7;643,5444984555984;19954,954954954956;38,69983169042244;;;
08155;Palafolls;Maresme;2012;462,2650145;;;;;;;;13729;77,7;594,9356685971686;17669,24066924067;40,40483774491951;;;
08156;Palau-solità i Plegamans;Vallès Occidental;2012;580,6770832;;;;;;;;16883;77,7;747,3321534105534;21728,44272844273;41,27302611147308;;;
08157;Pallejà;Baix Llobregat;2012;603,0910439;;;;;;;;18096;77,7;776,1789496782498;23289,57528957529;39,992774794429714;;;
08159;Parets del Vallès;Vallès Oriental;2012;576,3634797;;;;;;;;16393;77,7;741,7805401544401;21097,812097812097;42,19094586957848;;;
08161;Piera;Anoia;2012;473,0044554;;;;;;;;14115;77,7;608,7573428571428;18166,023166023166;40,212918631243355;;;
08163;Pineda de Mar;Maresme;2012;477,1450244;;;;;;;;13060;77,7;614,0862604890605;16808,23680823681;43,84180929;;;
08167;Polinyà;Vallès Occidental;2012;553,3862388;;;;;;;;15653;77,7;712,2088015444015;20145,431145431146;42,42403926148342;;;
08169;Prat de Llobregat, el;Baix Llobregat;2012;603,4483741;;;;;;;;16217;77,7;776,6388341055341;20871,29987129987;44,65302145402973;;;
08172;Premià de Mar;Maresme;2012;625,0503542;;;;;;;;16655;77,7;804,4406102960103;21435,006435006435;45,03515010747523;;;
08180;Ripollet;Vallès Occidental;2012;562,4935616;;;;;;;;15160;77,7;723,9299377091377;19510,939510939512;44,52455632717678;;;
08181;Roca del Vallès, la;Vallès Oriental;2012;596,3162429;;;;;;;;17450;77,7;767,4597721;22458,172458172456;41,00742071518625;;;
08183;Roda de Ter;Osona;2012;383,3361;;;;;;;;14946;77,7;493,3540541;19235,521235521235;30,777687675632276;;;
08184;Rubí;Vallès Occidental;2012;544,6640722;;;;;;;;15030;77,7;700,9833619047619;19343,62934362934;43,486153469061875;;;
08187;Sabadell;Vallès Occidental;2012;533,1131105;;;;;;;;16005;77,7;686,1172593307592;20598,4556;39,97099235238987;;;
08191;Sallent;Bages;2012;343,7886721;;;;;;;;16222;77,7;442,45646344916344;20877,734877734878;25,43129124152386;;;
08192;Santpedor;Bages;2012;457,0237331;;;;;;;;17143;77,7;588,1901326898327;22063,063063063062;31,99139472204398;;;
08194;Sant Adrià de Besòs;Barcelonès;2012;616,8519281;;;;;;;;14872;77,7;793,8892253539253;19140,28314028314;49,77288284830554;;;
08196;Sant Andreu de la Barca;Baix Llobregat;2012;576,7762053;;;;;;;;15466;77,7;742,3117185328185;19904,761904761905;44,75180695461011;;;
08197;Sant Andreu de Llavaneres;Maresme;2012;674,770301;;;;;;;;17986;77,7;868,4302458172458;23148,005148005148;45,01970205715556;;;
08198;Sant Antoni de Vilamajor;Vallès Oriental;2012;558,0915214;;;;;;;;17125;77,7;718,2645063063063;22039,897039897038;39,10714310540146;;;
08200;Sant Boi de Llobregat;Baix Llobregat;2012;586,2996145;;;;;;;;15622;77,7;754,5683584298583;20105,534105534105;45,03645739341953;;;
08202;Sant Celoni;Vallès Oriental;2012;447,3604341;;;;;;;;15041;77,7;575,7534544401544;19357,786357786357;35,69127856658467;;;
08205;Sant Cugat del Vallès;Vallès Occidental;2012;855,0022461;;;;;;;;20811;77,7;1100,3889911196911;26783,783783783783;49,300980025947815;;;
08208;Sant Esteve Sesrovires;Baix Llobregat;2012;701,0404124;;;;;;;;17400;77,7;902,2399129987131;22393,822393822393;48,34761464827586;;;
08209;Sant Fost de Campsentelles;Vallès Oriental;2012;676,2343083;;;;;;;;17698;77,7;870,3144251;22777,348777348776;45,851574751949364;;;
08210;Sant Feliu de Codines;Vallès Oriental;2012;421,3706259;;;;;;;;14828;77,7;542,3045378378378;19083,65508365508;34,100671100620445;;;
08211;Sant Feliu de Llobregat;Baix Llobregat;2012;612,596926;;;;;;;;17592;77,7;788,4130321750322;22640,926640926642;41,78696630286494;;;
08213;Sant Fruitós de Bages;Bages;2012;447,6351554;;;;;;;;17013;77,7;576,1070211068211;21895,752895752896;31,573631133838827;;;
08214;Vilassar de Dalt;Maresme;2012;688,3659274;;;;;;;;18843;77,7;885,9278344916345;24250,96525096525;43,83798295812768;;;
08217;Sant Joan Despí;Baix Llobregat;2012;686,154584;;;;;;;;18621;77,7;883,0818326898327;23965,250965250965;44,21811400032222;;;
08218;Sant Joan de Vilatorrada;Bages;2012;405,2958536;;;;;;;;15243;77,7;521,6162851994852;19617,760617760618;31,906778476677815;;;
08219;Vilassar de Mar;Maresme;2012;716,0019103;;;;;;;;18706;77,7;921,4953801;24074,646074646073;45,93190913931359;;;
08221;Sant Just Desvern;Baix Llobregat;2012;695,5909761;;;;;;;;21652;77,7;895,2264814671814;27866,151866151864;38,55113482911509;;;
08230;Premià de Dalt;Maresme;2012;711,3897839;;;;;;;;19648;77,7;915,5595674388674;25287,001287001287;43,448073120928335;;;
08231;Sant Pere de Ribes;Garraf;2012;591,6435232;;;;;;;;15133;77,7;761,4459758043757;19476,190476190477;46,91549777572194;;;
08234;Sant Pere de Vilamajor;Vallès Oriental;2012;0;;;;;;;;16694;77,7;0;21485,199485199486;0;;;
08235;Sant Pol de Mar;Maresme;2012;597,9339407;;;;;;;;17638;77,7;769,5417512226512;22700,1287;40,68039056809162;;;
08238;Sant Quirze del Vallès;Vallès Occidental;2012;641,7768255;;;;;;;;20774;77,7;825,9676003861003;26736,164736164734;37,07192599;;;
08240;Sant Sadurní d'Anoia;Alt Penedès;2012;459,9720717;;;;;;;;16852;77,7;591,9846482625483;21688,545688545688;32,75376727035367;;;
08244;Santa Coloma de Cervelló;Baix Llobregat;2012;674,6114286;;;;;;;;17917;77,7;868,2257768339767;23059,20205920206;45,18243647485628;;;
08245;Santa Coloma de Gramenet;Barcelonès;2012;528,2197457;;;;;;;;13511;77,7;679,8194925353924;17388,67438867439;46,914639541114646;;;
08248;Santa Eulàlia de Ronçana;Vallès Oriental;2012;627,7307788;;;;;;;;16594;77,7;807,8903202059203;21356,499356499357;45,39453625165723;;;
08250;Santa Margarida de Montbui;Anoia;2012;340,0325495;;;;;;;;11537;77,7;437,6223288288288;14848,133848133848;35,367865077576496;;;
08251;Santa Margarida i els Monjos;Alt Penedès;2012;400,9364931;;;;;;;;15395;77,7;516,0057826254827;19813,38481338481;31,25195139460864;;;
08252;Barberà del Vallès;Vallès Occidental;2012;557,0907619;;;;;;;;16265;77,7;716,9765275418275;20933,075933075932;41,101070659698735;;;
08259;Santa Maria de Palautordera;Vallès Oriental;2012;535,9189049;;;;;;;;14975;77,7;689,7283203346203;19272,84427284427;42,94508753789649;;;
08260;Santa Perpètua de Mogoda;Vallès Occidental;2012;563,0650854;;;;;;;;15999;77,7;724,6654895752896;20590,73359073359;42,23252094;;;
08262;Sant Vicenç de Castellet;Bages;2012;358,3980247;;;;;;;;13709;77,7;461,258719;17643,500643500643;31,37191842147495;;;
08263;Sant Vicenç dels Horts;Baix Llobregat;2012;588,3349537;;;;;;;;14824;77,7;757,1878425997426;19078,50707850708;47,62560337560713;;;
08264;Sant Vicenç de Montalt;Maresme;2012;1006,522707;;;;;;;;20536;77,7;1295,3960193050193;26429,85842985843;58,81511727697701;;;
08266;Cerdanyola del Vallès;Vallès Occidental;2012;624,2947386;;;;;;;;17348;77,7;803,468132;22326,898326898325;43,18386478671892;;;
08267;Sentmenat;Vallès Occidental;2012;420,6434163;;;;;;;;15260;77,7;541,3686181467182;19639,639639639638;33,07811924;;;
08270;Sitges;Garraf;2012;795,3770743;;;;;;;;16469;77,7;1023,6513182754182;21195,624195624194;57,95448959621107;;;
08274;Súria;Bages;2012;0;;;;;;;;16354;77,7;0;21047,619047619046;0;;;
08278;Taradell;Osona;2012;412,4868277;;;;;;;;16308;77,7;530,8710781;20988,416988416986;30,35223161883738;;;
08279;Terrassa;Vallès Occidental;2012;486,03183;;;;;;;;15506;77,7;625,5235907335907;19956,241956241956;37,61371056365279;;;
08281;Teià;Maresme;2012;777,2013416;;;;;;;;21958;77,7;1000,2591268983268;28259,97425997426;42,47388696238273;;;
08282;Tiana;Maresme;2012;785,9166767;;;;;;;;20620;77,7;1011,4757743886744;26537,96653796654;45,737148983511155;;;
08283;Tona;Osona;2012;447,4807831;;;;;;;;15887;77,7;575,9083437580438;20446,589446589445;33,79976961;;;
08284;Tordera;Maresme;2012;416,676033;;;;;;;;12677;77,7;536,2625907335907;16315,315315315314;39,44239485682733;;;
08285;Torelló;Osona;2012;364,0783371;;;;;;;;15713;77,7;468,5692884169884;20222,65122265122;27,804620665690827;;;
08289;Torrelles de Llobregat;Baix Llobregat;2012;626,5585667;;;;;;;;17500;77,7;806,3816817245818;22522,522522522522;42,96401600228572;;;
08291;Vacarisses;Vallès Occidental;2012;582,491214;;;;;;;;15047;77,7;749,6669420849421;19365,508365508365;46,45374206;;;
08295;Vallirana;Baix Llobregat;2012;631,3019277;;;;;;;;16562;77,7;812,4863934362934;21315,315315315314;45,74099222557662;;;
08298;Vic;Osona;2012;444,8387942;;;;;;;;15364;77,7;572,5081006435006;19773,487773487774;34,743982884665456;;;
08300;Viladecavalls;Vallès Occidental;2012;646,6225491;;;;;;;;17119;77,7;832,2040528957529;22032,175032175033;45,32665803610024;;;
08301;Viladecans;Baix Llobregat;2012;629,2920058;;;;;;;;16264;77,7;809,8996213642213;20931,78893178893;46,43079236104279;;;
08302;Vilanova del Camí;Anoia;2012;346,3228403;;;;;;;;12767;77,7;445,71794118404114;16431,14543114543;32,55168860029764;;;
08305;Vilafranca del Penedès;Alt Penedès;2012;439,3890824;;;;;;;;15438;77,7;565,4943145431146;19868,72586872587;34,15383462;;;
08307;Vilanova i la Geltrú;Garraf;2012;531,4353968;;;;;;;;15039;77,7;683,9580396396397;19355,212355212356;42,40457984;;;
08902;Vilanova del Vallès;Vallès Oriental;2012;711,7164284;;;;;;;;18172;77,7;915,9799593307594;23387,387387387385;46,998663552718476;;;
08904;Badia del Vallès;Vallès Occidental;2012;0;;;;;;;;12034;77,7;0;15487,773487773487;0;;;
17008;Anglès;Selva;2012;372,8496535;;;;;;;;13910;77,7;479,85798391248386;17902,187902187903;32,16531877785766;;;
17009;Arbúcies;Selva;2012;364,5737663;;;;;;;;12845;77,7;469,20690643500643;16531,53153153153;34,059051736862585;;;
17015;Banyoles;Pla de l'Estany;2012;418,0503816;;;;;;;;14857;77,7;538,0313791505791;19120,97812097812;33,765932417042464;;;
17020;Bescanó;Gironès;2012;0;;;;;;;;15823;77,7;0;20364,221364221365;0;;;
17022;Bisbal d'Empordà, la;Baix Empordà;2012;384,3278791;;;;;;;;12515;77,7;494,630475;16106,821106821106;36,85125488773472;;;
17023;Blanes;Selva;2012;444,5949672;;;;;;;;12826;77,7;572,194295;16507,078507078506;41,59628572;;;
17033;Caldes de Malavella;Selva;2012;532,7046465;;;;;;;;14687;77,7;685,5915656370656;18902,187902187903;43,524584721181995;;;
17034;Calonge i Sant Antoni;Baix Empordà;2012;517,4284233;;;;;;;;13169;77,7;665,9310467181466;16948,51994851995;47,14967787683195;;;
17044;Cassà de la Selva;Gironès;2012;486,0017346;;;;;;;;14909;77,7;625,4848579150579;19187,902187902186;39,11745131;;;
17047;Castelló d'Empúries;Alt Empordà;2012;473,1037528;;;;;;;;9157;77,7;608,8851387387388;11785,070785070784;61,998962909249755;;;
17048;Castell d'Aro, Platja d'Aro i s'Agaró;Baix Empordà;2012;511,4566679;;;;;;;;12068;77,7;658,2453898326899;15531,531531531531;50,857474434869076;;;
17049;Celrà;Gironès;2012;517,8789653;;;;;;;;14884;77,7;666,5108948519949;19155,727155727156;41,75320870464929;;;
17062;Escala, l';Alt Empordà;2012;498,8827951;;;;;;;;11907;77,7;642,0627993564993;15324,324324324323;50,27793349458302;;;
17066;Figueres;Alt Empordà;2012;425,6555374;;;;;;;;12108;77,7;547,8192244530245;15583,011583011583;42,18588081268583;;;
17079;Girona;Gironès;2012;493,0930202;;;;;;;;15661;77,7;634,6113516087516;20155,727155727156;37,782493087286895;;;
17089;Llagostera;Gironès;2012;379,387922;;;;;;;;13381;77,7;488,27274388674385;17221,36422136422;34,02327975487632;;;
17092;Llançà;Alt Empordà;2012;377,1950804;;;;;;;;13367;77,7;485,4505539253539;17203,346203346202;33,86205554574699;;;
17095;Lloret de Mar;Selva;2012;451,7697125;;;;;;;;9513;77,7;581,4282014157014;12243,243243243243;56,98766477451909;;;
17103;Maçanet de la Selva;Selva;2012;0;;;;;;;;12420;77,7;0;15984,555984555984;0;;;
17114;Olot;Garrotxa;2012;375,1813419;;;;;;;;14930;77,7;482,8588698841699;19214,929214929216;30,15523176691226;;;
17117;Palafrugell;Baix Empordà;2012;452,7433224;;;;;;;;11838;77,7;582,6812386100386;15235,521235521235;45,89389988849468;;;
17118;Palamós;Baix Empordà;2012;487,0986101;;;;;;;;13576;77,7;626,8965381;17472,32947232947;43,055269012964054;;;
17141;Puigcerdà;Cerdanya;2012;465,5814103;;;;;;;;12160;77,7;599,2038742599742;15649,935649935649;45,945533911184214;;;
17147;Ripoll;Ripollès;2012;359,4729261;;;;;;;;15870;77,7;462,64211853281853;20424,710424710425;27,18131766351607;;;
17152;Roses;Alt Empordà;2012;446,041172;;;;;;;;10655;77,7;574,0555624195624;13712,998712998713;50,23457591740967;;;
17155;Salt;Gironès;2012;431,8785581;;;;;;;;10933;77,7;555,8282601029601;14070,78507078507;47,40275036312083;;;
17160;Sant Feliu de Guíxols;Baix Empordà;2012;446,8298125;;;;;;;;12787;77,7;575,0705437580438;16456,885456885455;41,932883006178145;;;
17164;Sant Hilari Sacalm;Selva;2012;331,7035479;;;;;;;;14013;77,7;426,90289305019303;18034,749034749035;28,405356274887605;;;
17180;Santa Coloma de Farners;Selva;2012;392,0109715;;;;;;;;13689;77,7;504,5186248391248;17617,760617760618;34,36431921981153;;;
17181;Santa Cristina d'Aro;Baix Empordà;2012;456,3102985;;;;;;;;13269;77,7;587,2719414414414;17077,220077220078;41,267040334614514;;;
17186;Sarrià de Ter;Gironès;2012;552,2197389;;;;;;;;16466;77,7;710,7075146718147;21191,76319176319;40,24436333535771;;;
17193;Sils;Selva;2012;521,6714086;;;;;;;;14536;77,7;671,3917742599742;18707,850707850706;43,06588403412218;;;
17199;Torroella de Montgrí;Baix Empordà;2012;513,2099533;;;;;;;;12627;77,7;660,5018703989705;16250,96525096525;48,772625640294606;;;
17202;Tossa de Mar;Selva;2012;502,0423655;;;;;;;;12404;77,7;646,1291705276706;15963,963963963963;48,569077603998714;;;
17213;Vidreres;Selva;2012;522,0806581;;;;;;;;14123;77,7;671,9184789;18176,319176319175;44,36003609148198;;;
17221;Vilafant;Alt Empordà;2012;549,5892643;;;;;;;;13914;77,7;707,3220904761904;17907,335907335906;47,39881538;;;
25003;Agramunt;Urgell;2012;0;;;;;;;;13436;77,7;0;17292,14929214929;0;;;
25011;Alcarràs;Segrià;2012;355,351755;;;;;;;;12036;77,7;457,338166;15490,34749034749;35,42888883;;;
25019;Almacelles;Segrià;2012;317,9173096;;;;;;;;12415;77,7;409,1599866151866;15978,120978120978;30,72901905114781;;;
25023;Alpicat;Segrià;2012;0;;;;;;;;16704;77,7;0;21498,069498069497;0;;;
25040;Balaguer;Noguera;2012;320,1562651;;;;;;;;12583;77,7;412,0415252252252;16194,337194337193;30,532267195422396;;;
25050;Bellpuig;Urgell;2012;368,5710988;;;;;;;;13101;77,7;474,3514785070785;16861,00386100386;33,75966098465766;;;
25058;Borges Blanques, les;Garrigues;2012;337,6901338;;;;;;;;13869;77,7;434,6076368082368;17849,42084942085;29,218268120268228;;;
25072;Cervera;Segarra;2012;322,7346927;;;;;;;;13932;77,7;415,3599648648648;17930,50193050193;27,797992480620152;;;
25110;Guissona;Segarra;2012;353,5615772;;;;;;;;13965;77,7;455,0342048906049;17972,972972972973;30,38123112352309;;;
25120;Lleida;Segrià;2012;395,7333334;;;;;;;;14518;77,7;509,3093093951094;18684,684684684686;32,709739639068744;;;
25137;Mollerussa;Pla d'Urgell;2012;351,0616625;;;;;;;;12867;77,7;451,81681145431145;16559,84555984556;32,74065399860107;;;
25203;Seu d'Urgell, la;Alt Urgell;2012;379,2128218;;;;;;;;13005;77,7;488,04738970398967;16737,451737451738;34,99080247289504;;;
25207;Solsona;Solsonès;2012;320,8581755;;;;;;;;13440;77,7;412,9448848133848;17297,297297297297;28,648051383928575;;;
25217;Tàrrega;Urgell;2012;332,9429116;;;;;;;;13237;77,7;428,4979557271557;17036,036036036036;30,182933740273477;;;
25234;Tremp;Pallars Jussà;2012;307,4777931;;;;;;;;14277;77,7;395,7243154440154;18374,517374517374;25,84389939903341;;;
25243;Vielha e Mijaran;Val d'Aran;2012;488,7792591;;;;;;;;13747;77,7;629,0595355212355;17692,40669240669;42,66640801047501;;;
43004;Alcanar;Montsià;2012;0;;;;;;;;11469;77,7;0;14760,61776061776;0;;;
43005;Alcover;Alt Camp;2012;0;;;;;;;;13826;77,7;0;17794,079794079793;0;;;
43012;Altafulla;Tarragonès;2012;529,192394;;;;;;;;17399;77,7;681,0712921492922;22392,535392535392;36,49812476579113;;;
43013;Ametlla de Mar, l';Baix Ebre;2012;0;;;;;;;;10272;77,7;0;13220,077220077219;0;;;
43014;Amposta;Montsià;2012;324,6542306;;;;;;;;11788;77,7;417,83041261261263;15171,17117117117;33,04929391923991;;;
43016;Arboç, l';Baix Penedès;2012;362,5322516;;;;;;;;12657;77,7;466,5794743886744;16289,575289575288;34,37139147665323;;;
43037;Calafell;Baix Penedès;2012;492,1746193;;;;;;;;13489;77,7;633,4293684684685;17360,36036036036;43,78453133;;;
43038;Cambrils;Baix Camp;2012;487,740829;;;;;;;;13923;77,7;627,7230746460747;17918,91891891892;42,03756336996337;;;
43043;Catllar, el;Tarragonès;2012;0;;;;;;;;17098;77,7;0;22005,148005148003;0;;;
43044;Sénia, la;Montsià;2012;0;;;;;;;;11102;77,7;0;14288,288288288288;0;;;
43047;Constantí;Tarragonès;2012;350,9471266;;;;;;;;11245;77,7;451,6694036036036;14472,329472329471;37,45100506180524;;;
43051;Cunit;Baix Penedès;2012;506,0871988;;;;;;;;13489;77,7;651,3348761904762;17360,36036036036;45,02221354881756;;;
43086;Montblanc;Conca de Barberà;2012;339,617475;;;;;;;;14945;77,7;437,08812741312744;19234,234234234234;27,26938574774172;;;
43092;Mont-roig del Camp;Baix Camp;2012;434,4962526;;;;;;;;11523;77,7;559,1972362934363;14830,11583011583;45,24824291590732;;;
43093;Móra d'Ebre;Ribera d'Ebre;2012;329,1585059;;;;;;;;14777;77,7;423,62742072072075;19018,018018018018;26,73006747513027;;;
43100;Pallaresos, els;Tarragonès;2012;0;;;;;;;;16878;77,7;0;21722,007722007722;0;;;
43123;Reus;Baix Camp;2012;404,1542219;;;;;;;;13657;77,7;520,1470037323037;17576,576576576575;35,51183029069341;;;
43129;Riudoms;Baix Camp;2012;466,5523394;;;;;;;;12994;77,7;600,4534612612613;16723,294723294723;43,08625575496383;;;
43131;Roda de Berà;Tarragonès;2012;475,670716;;;;;;;;14187;77,7;612,1888236808237;18258,68725868726;40,23435956861916;;;
43133;Roquetes;Baix Ebre;2012;340,439017;;;;;;;;12779;77,7;438,145453;16446,589446589445;31,96860633852414;;;
43136;Ràpita, la;Montsià;2012;313,0412006;;;;;;;;11695;77,7;402,88442805662805;15051,480051480052;32,120516521590424;;;
43145;Selva del Camp, la;Baix Camp;2012;459,5829036;;;;;;;;14406;77,7;591,4837884169884;18540,54054054054;38,28262420658059;;;
43148;Tarragona;Tarragonès;2012;469,6041062;;;;;;;;15282;77,7;604,3810891;19667,95366795367;36,87507704750687;;;
43153;Torredembarra;Tarragonès;2012;441,4382081;;;;;;;;13823;77,7;568,1315419562419;17790,21879021879;38,32206103740143;;;
43155;Tortosa;Baix Ebre;2012;341,5255596;;;;;;;;13571;77,7;439,5438347490348;17465,894465894464;30,199003133151574;;;
43156;Ulldecona;Montsià;2012;0;;;;;;;;10097;77,7;0;12994,851994851995;0;;;
43161;Valls;Alt Camp;2012;387,3503294;;;;;;;;14488;77,7;498,52037245817246;18646,074646074645;32,08313054113749;;;
43162;Vandellòs i l'Hospitalet de l'Infant;Baix Camp;2012;0;;;;;;;;14342;77,7;0;18458,17245817246;0;;;
43163;Vendrell, el;Baix Penedès;2012;428,3741585;;;;;;;;13663;77,7;551,3180933075934;17584,298584298584;37,62343483861524;;;
43171;Vila-seca;Tarragonès;2012;456,467061;;;;;;;;13034;77,7;587,473695;16774,774774774774;42,02550814792082;;;
43901;Deltebre;Baix Ebre;2012;295,6171242;;;;;;;;10644;77,7;380,45961930501926;13698,8417;33,32774793686583;;;
43905;Salou;Tarragonès;2012;472,3001453;;;;;;;;11485;77,7;607,8508948519948;14781,20978120978;49,347860196778406;;;
43907;Canonja, la;Tarragonès;2012;400,6760787;;;;;;;;12731;77,7;515,670629;16384,813384813384;37,766969950514486;;;
08001;Abrera;Baix Llobregat;2011;525,675015;;;;;;;;17514;75,5;696,258298;23197,350993377484;36,01747276464543;;;
08003;Alella;Maresme;2011;860,2955606;;;;;;;;22768;75,5;1139,4643186754968;30156,29139072848;45,34235210470837;;;
08005;Ametlla del Vallès, l';Vallès Oriental;2011;835,0163754;;;;;;;;20309;75,5;1105,9819541721854;26899,33774834437;49,338699614949036;;;
08006;Arenys de Mar;Maresme;2011;564,9713908;;;;;;;;16061;75,5;748,3064778807947;21272,847682119205;42,211921359815705;;;
08007;Arenys de Munt;Maresme;2011;559,2124478;;;;;;;;15980;75,5;740,6787388;21165,562913907284;41,99342536670838;;;
08009;Argentona;Maresme;2011;602,7818078;;;;;;;;17398;75,5;798,3865004;23043,70860927152;41,57593800206921;;;
08010;Artés;Bages;2011;465,8653654;;;;;;;;15872;75,5;617,0402190728477;21022,51655629139;35,221675811491934;;;
08015;Badalona;Barcelonès;2011;619,6215341;;;;;;;;15789;75,5;820,6907736423841;20912,582781456953;47,09264937108113;;;
08019;Barcelona;Barcelonès;2011;752,8601372;;;;;;;;20654;75,5;997,1657446357616;27356,29139072848;43,74126874406895;;;
08020;Begues;Baix Llobregat;2011;829,0649416;;;;;;;;20856;75,5;1098,099260397351;27623,841059602648;47,702240598388954;;;
08022;Berga;Berguedà;2011;363,7617023;;;;;;;;15979;75,5;481,80357920529804;21164,238410596026;27,31798252456349;;;
08023;Bigues i Riells del Fai;Vallès Oriental;2011;692,3518722;;;;;;;;17302;75,5;917,0223472847682;22916,556291390727;48,01885600739799;;;
08029;Cabrera de Mar;Maresme;2011;0;;;;;;;;20567;75,5;0;27241,059602649006;0;;;
08030;Cabrils;Maresme;2011;949,5976565;;;;;;;;22186;75,5;1257,745240397351;29385,43046357616;51,36199350040565;;;
08033;Caldes de Montbui;Vallès Oriental;2011;556,8446711;;;;;;;;17069;75,5;737,5426107284768;22607,947019867548;39,14778869998242;;;
08035;Calella;Maresme;2011;494,4913048;;;;;;;;13730;75,5;654,9553705960266;18185,43046357616;43,21846800873998;;;
08040;Canet de Mar;Maresme;2011;547,5876858;;;;;;;;15817;75,5;725,2817030463576;20949,668874172185;41,54423866472782;;;
08041;Canovelles;Vallès Oriental;2011;510,1841615;;;;;;;;13880;75,5;675,7406112582781;18384,10596;44,10814076368876;;;
08043;Canyelles;Garraf;2011;0;;;;;;;;16861;75,5;0;22332,450331125827;0;;;
08044;Capellades;Anoia;2011;375,9909918;;;;;;;;16047;75,5;498,0013136423841;21254,30463576159;28,116731486259113;;;
08046;Cardedeu;Vallès Oriental;2011;577,5066983;;;;;;;;17177;75,5;764,9095341721854;22750,993377483443;40,34511486056937;;;
08051;Castellar del Vallès;Vallès Occidental;2011;565,4021295;;;;;;;;17333;75,5;748,8769927152318;22957,615894039736;39,143977118790744;;;
08054;Castellbisbal;Vallès Occidental;2011;617,2252162;;;;;;;;17082;75,5;817,5168426490065;22625,165562913906;43,35969204074464;;;
08056;Castelldefels;Baix Llobregat;2011;793,9298558;;;;;;;;18284;75,5;1051,5627229139072;24217,218543046358;52,106531774228834;;;
08067;Centelles;Osona;2011;442,3891736;;;;;;;;16255;75,5;585,9459252980132;21529,80132450331;32,65869014580129;;;
08068;Cervelló;Baix Llobregat;2011;639,4126091;;;;;;;;19084;75,5;846,9041180132451;25276,82119205298;40,206200530287155;;;
08072;Corbera de Llobregat;Baix Llobregat;2011;597,3197836;;;;;;;;17659;75,5;791,1520312582782;23389,403973509932;40,59027919587746;;;
08073;Cornellà de Llobregat;Baix Llobregat;2011;611,8776427;;;;;;;;16115;75,5;810,4339638410596;21344,370860927153;45,56333671982625;;;
08074;Cubelles;Garraf;2011;612,2859257;;;;;;;;17020;75,5;810,9747360264901;22543,046357615895;43,16939546650999;;;
08075;Dosrius;Maresme;2011;776,2688387;;;;;;;;16568;75,5;1028,1706472847682;21944,370860927153;56,22420367213906;;;
08076;Esparreguera;Baix Llobregat;2011;561,4188037;;;;;;;;16161;75,5;743,6010645033112;21405,298013245032;41,686935489140524;;;
08077;Esplugues de Llobregat;Baix Llobregat;2011;718,1900028;;;;;;;;19654;75,5;951,2450368;26031,78808;43,85000525898036;;;
08086;Franqueses del Vallès, les;Vallès Oriental;2011;532,0111107;;;;;;;;15793;75,5;704,6504777483444;20917,880794701985;40,423816427531186;;;
08088;Garriga, la;Vallès Oriental;2011;593,6543644;;;;;;;;17810;75,5;786,2971713907284;23589,403973509932;39,999171099382366;;;
08089;Gavà;Baix Llobregat;2011;736,1774485;;;;;;;;17858;75,5;975,0694682119205;23652,98013245033;49,46875003919811;;;
08091;Gelida;Alt Penedès;2011;492,4234267;;;;;;;;16390;75,5;652,2164592;21708,60927152318;36,052965957291036;;;
08092;Gironella;Berguedà;2011;344,3443216;;;;;;;;15782;75,5;456,0851941721854;20903,311258278147;26,182561520719805;;;
08096;Granollers;Vallès Oriental;2011;550,6891304;;;;;;;;16575;75,5;729,3895766887416;21953,64238410596;39,86889631855203;;;
08101;Hospitalet de Llobregat, l';Barcelonès;2011;589,2566348;;;;;;;;15669;75,5;780,4723639735099;20753,64238410596;45,12782958452996;;;
08102;Igualada;Anoia;2011;400,0947244;;;;;;;;16197;75,5;529,9267872847682;21452,98013245033;29,64213553621041;;;
08105;Llagosta, la;Vallès Oriental;2011;528,9119985;;;;;;;;15100;75,5;700,5456933774834;20000;42,032741602649004;;;
08106;Llinars del Vallès;Vallès Oriental;2011;554,2731946;;;;;;;;16092;75,5;734,1366816;21313,90728476821;41,33282585;;;
08107;Lliçà d'Amunt;Vallès Oriental;2011;0;;;;;;;;17324;75,5;0;22945,69536423841;0;;;
08108;Lliçà de Vall;Vallès Oriental;2011;0;;;;;;;;18586;75,5;0;24617,218543046358;0;;;
08110;Malgrat de Mar;Maresme;2011;513,9378664;;;;;;;;14234;75,5;680,7124058278146;18852,98013245033;43,32762678656737;;;
08112;Manlleu;Osona;2011;379,4551054;;;;;;;;14524;75,5;502,5895435761589;19237,08609271523;31,35128934728725;;;
08113;Manresa;Bages;2011;391,5915769;;;;;;;;16441;75,5;518,6643402649007;21776,158940397352;28,581588241591145;;;
08114;Martorell;Baix Llobregat;2011;528,0666187;;;;;;;;15494;75,5;699,4259850331126;20521,854304635763;40,89840857364141;;;
08118;Masnou, el;Maresme;2011;721,5516827;;;;;;;;19395;75,5;955,6975929801324;25688,741721854305;44,64356892188708;;;
08119;Masquefa;Anoia;2011;552,915625;;;;;;;;15675;75,5;732,3385761589403;20761,58940397351;42,328468899521525;;;
08120;Matadepera;Vallès Occidental;2011;855,8365386;;;;;;;;26472;75,5;1133,5583292715232;35062,25165562914;38,79585397098821;;;
08121;Mataró;Maresme;2011;566,5623129;;;;;;;;14804;75,5;750,4136594701987;19607,947019867548;45,92507264793299;;;
08123;Molins de Rei;Baix Llobregat;2011;635,4026128;;;;;;;;19355;75,5;841,5928646357617;25635,761589403974;39,39463370498579;;;
08124;Mollet del Vallès;Vallès Oriental;2011;568,1185852;;;;;;;;15815;75,5;752,4749472847682;20947,01986754967;43,10732230414164;;;
08125;Montcada i Reixac;Vallès Occidental;2011;565,3961875;;;;;;;;15951;75,5;748,8691225165563;21127,152317880795;42,53497743088207;;;
08126;Montgat;Maresme;2011;742,5714584;;;;;;;;18939;75,5;983,5383554966887;25084,76821192053;47,05030625059401;;;
08135;Montmeló;Vallès Oriental;2011;561,0301211;;;;;;;;16498;75,5;743,0862531125828;21851,655629139073;40,80713694508425;;;
08136;Montornès del Vallès;Vallès Oriental;2011;539,5475727;;;;;;;;15432;75,5;714,6325466225167;20439,735099337748;41,95548776827372;;;
08138;Moià;Moianès;2011;418,5464949;;;;;;;;15321;75,5;554,3662184;20292,71523178808;32,782180920305464;;;
08140;Navarcles;Bages;2011;378,5095029;;;;;;;;16070;75,5;501,3370899337748;21284,76821192053;28,264555288114497;;;
08141;Navàs;Bages;2011;355,46282;;;;;;;;16324;75,5;470,81168211920533;21621,192052980132;26,130567507963736;;;
08147;Olesa de Montserrat;Baix Llobregat;2011;529,9592177;;;;;;;;15975;75,5;701,9327386754966;21158,940397350994;39,80914311361502;;;
08155;Palafolls;Maresme;2011;482,3449333;;;;;;;;14356;75,5;638,8674613245033;19014,56953642384;40,31860685149067;;;
08156;Palau-solità i Plegamans;Vallès Occidental;2011;624,8713322;;;;;;;;17189;75,5;827,6441486092715;22766,887417218542;43,62357313630811;;;
08157;Pallejà;Baix Llobregat;2011;683,0266727;;;;;;;;18843;75,5;904,6710896688741;24957,615894039736;43,497957185161596;;;
08159;Parets del Vallès;Vallès Oriental;2011;601,0602797;;;;;;;;17092;75,5;796,1063307284768;22638,41059602649;42,199411165457526;;;
08161;Piera;Anoia;2011;501,8728848;;;;;;;;14283;75,5;664,7322977483444;18917,880794701985;42,16533373660995;;;
08163;Pineda de Mar;Maresme;2011;497,9104143;;;;;;;;13730;75,5;659,4839924503311;18185,43046357616;43,51729768099054;;;
08167;Polinyà;Vallès Occidental;2011;579,7668452;;;;;;;;16129;75,5;767,9031062251656;21362,91390728477;43,13473955235911;;;
08169;Prat de Llobregat, el;Baix Llobregat;2011;630,8695453;;;;;;;;16800;75,5;835,5888017218543;22251,655629139073;45,06211037857143;;;
08172;Premià de Mar;Maresme;2011;673,3634437;;;;;;;;17455;75,5;891,8721109;23119,205298013247;46,29253121970782;;;
08180;Ripollet;Vallès Occidental;2011;581,8952014;;;;;;;;15788;75,5;770,7221210596026;20911,258278145695;44,228163268305046;;;
08181;Roca del Vallès, la;Vallès Oriental;2011;618,5420729;;;;;;;;18107;75,5;819,2610237086093;23982,781456953642;40,99246078754073;;;
08183;Roda de Ter;Osona;2011;414,3321638;;;;;;;;15391;75,5;548,7843229139073;20385,43046357616;32,30450240790072;;;
08184;Rubí;Vallès Occidental;2011;577,618088;;;;;;;;15746;75,5;765,0570701986754;20855,629139072847;44,020176908421185;;;
08187;Sabadell;Vallès Occidental;2011;570,5134708;;;;;;;;16878;75,5;755,6469811920531;22354,966887417217;40,562635677212945;;;
08191;Sallent;Bages;2011;358,9226202;;;;;;;;16588;75,5;475,3941989403973;21970,860927152316;25,96498337593441;;;
08192;Santpedor;Bages;2011;448,495123;;;;;;;;17897;75,5;594,0332754966887;23704,635761589405;30,07175211487959;;;
08194;Sant Adrià de Besòs;Barcelonès;2011;630,7777162;;;;;;;;15445;75,5;835,4671737748345;20456,953642384105;49,00830426934283;;;
08196;Sant Andreu de la Barca;Baix Llobregat;2011;581,570895;;;;;;;;16032;75,5;770,2925761589403;21234,437086092716;43,530755613772456;;;
08197;Sant Andreu de Llavaneres;Maresme;2011;764,5436452;;;;;;;;19295;75,5;1012,6405896688742;25556,29139072848;47,548710766519825;;;
08198;Sant Antoni de Vilamajor;Vallès Oriental;2011;557,4755591;;;;;;;;17564;75,5;738,378224;23263,576158940396;38,08760367342291;;;
08200;Sant Boi de Llobregat;Baix Llobregat;2011;615,78363;;;;;;;;16337;75,5;815,6074569536424;21638,41059602649;45,231092367019656;;;
08202;Sant Celoni;Vallès Oriental;2011;463,0121207;;;;;;;;15706;75,5;613,2610870198675;20802,649006622516;35,37594198650198;;;
08205;Sant Cugat del Vallès;Vallès Occidental;2011;858,5081988;;;;;;;;22676;75,5;1137,096952;30034,437086092716;45,431726872464274;;;
08208;Sant Esteve Sesrovires;Baix Llobregat;2011;725,1029146;;;;;;;;18029;75,5;960,4012113907285;23879,470198675495;48,26243815630373;;;
08209;Sant Fost de Campsentelles;Vallès Oriental;2011;619,95887;;;;;;;;17997;75,5;821,1375761589404;23837,08609271523;41,337480913485585;;;
08210;Sant Feliu de Codines;Vallès Oriental;2011;445,5694405;;;;;;;;15231;75,5;590,1581993377483;20173,509933774836;35,10493917667914;;;
08211;Sant Feliu de Llobregat;Baix Llobregat;2011;633,8043159;;;;;;;;18297;75,5;839,4759150993377;24234,437086092716;41,56775313330054;;;
08213;Sant Fruitós de Bages;Bages;2011;436,8429592;;;;;;;;19447;75,5;578,5999459602649;25757,615894039736;26,955908419807685;;;
08214;Vilassar de Dalt;Maresme;2011;715,8853982;;;;;;;;19834;75,5;948,1925803973511;26270,19867549669;43,31261862660079;;;
08217;Sant Joan Despí;Baix Llobregat;2011;661,4312565;;;;;;;;19291;75,5;876,0678894039735;25550,993377483443;41,14444600072573;;;
08218;Sant Joan de Vilatorrada;Bages;2011;409,2825614;;;;;;;;15677;75,5;542,0961078145696;20764,238410596026;31,32863900491165;;;
08219;Vilassar de Mar;Maresme;2011;720,4660193;;;;;;;;19753;75,5;954,2596282119205;26162,91390728477;43,76850215967195;;;
08221;Sant Just Desvern;Baix Llobregat;2011;990,5214704;;;;;;;;24418;75,5;1311,9489674172185;32341,721854304637;48,678260483250064;;;
08230;Premià de Dalt;Maresme;2011;880,1998488;;;;;;;;20665;75,5;1165,8276143046357;27370,860927152316;51,11250029324946;;;
08231;Sant Pere de Ribes;Garraf;2011;616,9953622;;;;;;;;15937;75,5;817,2124002649007;21108,60927152318;46,457578881847276;;;
08234;Sant Pere de Vilamajor;Vallès Oriental;2011;0;;;;;;;;17673;75,5;0;23407,947019867548;0;;;
08235;Sant Pol de Mar;Maresme;2011;696,2891484;;;;;;;;18871;75,5;922,2372826490067;24994,701986754968;44,27677272428594;;;
08238;Sant Quirze del Vallès;Vallès Occidental;2011;711,5755527;;;;;;;;21928;75,5;942,4841757615894;29043,70860927152;38,94065410616563;;;
08240;Sant Sadurní d'Anoia;Alt Penedès;2011;472,4917284;;;;;;;;17501;75,5;625,8168588;23180,132450331126;32,39758151419919;;;
08244;Santa Coloma de Cervelló;Baix Llobregat;2011;685,4557884;;;;;;;;18380;75,5;907,8884614569536;24344,370860927153;44,752282158868326;;;
08245;Santa Coloma de Gramenet;Barcelonès;2011;561,5590236;;;;;;;;14061;75,5;743,7867862251657;18623,841059602648;47,924815327501605;;;
08248;Santa Eulàlia de Ronçana;Vallès Oriental;2011;0;;;;;;;;17138;75,5;0;22699,33774834437;0;;;
08250;Santa Margarida de Montbui;Anoia;2011;364,8292521;;;;;;;;12047;75,5;483,21755245033114;15956,291390728476;36,34059122769154;;;
08251;Santa Margarida i els Monjos;Alt Penedès;2011;432,7357871;;;;;;;;16023;75,5;573,1599829139072;21222,51655629139;32,40859667478001;;;
08252;Barberà del Vallès;Vallès Occidental;2011;570,1593883;;;;;;;;16916;75,5;755,1779977483444;22405,298013245032;40,44639784582644;;;
08259;Santa Maria de Palautordera;Vallès Oriental;2011;534,3190288;;;;;;;;15398;75,5;707,7073229139072;20394,701986754968;41,64065687491881;;;
08260;Santa Perpètua de Mogoda;Vallès Occidental;2011;564,0162231;;;;;;;;16297;75,5;747,0413550993378;21585,43046357616;41,53031034668958;;;
08262;Sant Vicenç de Castellet;Bages;2011;402,0409708;;;;;;;;14332;75,5;532,5045970860928;18982,781456953642;33,66237545073961;;;
08263;Sant Vicenç dels Horts;Baix Llobregat;2011;638,1339;;;;;;;;15336;75,5;845,2104636;20312,582781456953;49,93223004694836;;;
08264;Sant Vicenç de Montalt;Maresme;2011;1048,999979;;;;;;;;21284;75,5;1389,4039456953642;28190,72847682119;59,14301705;;;
08266;Cerdanyola del Vallès;Vallès Occidental;2011;642,7258384;;;;;;;;18008;75,5;851,2925012;23851,655629139073;42,82935395824079;;;
08267;Sentmenat;Vallès Occidental;2011;515,6084962;;;;;;;;16259;75,5;682,9251605298014;21535,099337748343;38,05462792545667;;;
08270;Sitges;Garraf;2011;810,9203034;;;;;;;;17861;75,5;1074,0666270198676;23656,953642384105;54,48207626000783;;;
08274;Súria;Bages;2011;0;;;;;;;;16641;75,5;0;22041,059602649006;0;;;
08278;Taradell;Osona;2011;429,7929513;;;;;;;;16765;75,5;569,2621871523179;22205,298013245032;30,76358732836266;;;
08279;Terrassa;Vallès Occidental;2011;514,7186489;;;;;;;;16226;75,5;681,7465548;21491,39072847682;38,06621340318008;;;
08281;Teià;Maresme;2011;659,6792825;;;;;;;;23638;75,5;873,7473940397351;31308,60927152318;33,48909125;;;
08282;Tiana;Maresme;2011;856,3436747;;;;;;;;22185;75,5;1134,2300327152318;29384,10596;46,32014467613252;;;
08283;Tona;Osona;2011;486,4125119;;;;;;;;13877;75,5;644,2549826490067;18380,132450331126;42,06204613965554;;;
08284;Tordera;Maresme;2011;461,9381671;;;;;;;;13224;75,5;611,8386319205298;17515,23178807947;41,918163983666055;;;
08285;Torelló;Osona;2011;367,6995199;;;;;;;;15961;75,5;487,01923165562914;21140,39735099338;27,644848310256247;;;
08289;Torrelles de Llobregat;Baix Llobregat;2011;579,6493129;;;;;;;;17730;75,5;767,7474343046358;23483,443708609273;39,231763986463626;;;
08291;Vacarisses;Vallès Occidental;2011;0;;;;;;;;15415;75,5;0;20417,218543046358;0;;;
08295;Vallirana;Baix Llobregat;2011;620,3973311;;;;;;;;17217;75,5;821,7183193377483;22803,973509933774;43,24079673113783;;;
08298;Vic;Osona;2011;465,9231747;;;;;;;;16099;75,5;617,1167876821193;21323,17880794702;34,72935024784148;;;
08300;Viladecavalls;Vallès Occidental;2011;0;;;;;;;;17866;75,5;0;23663,576158940396;0;;;
08301;Viladecans;Baix Llobregat;2011;645,3552991;;;;;;;;16887;75,5;854,7752305960265;22366,887417218542;45,859321307514655;;;
08302;Vilanova del Camí;Anoia;2011;383,9978626;;;;;;;;13239;75,5;508,6064405298013;17535,099337748343;34,806060512123274;;;
08305;Vilafranca del Penedès;Alt Penedès;2011;469,2821754;;;;;;;;16364;75,5;621,5657952317881;21674,172185430463;34,41326145685652;;;
08307;Vilanova i la Geltrú;Garraf;2011;553,1837692;;;;;;;;15815;75,5;732,6937340397351;20947,01986754967;41,974108317420175;;;
08902;Vilanova del Vallès;Vallès Oriental;2011;668,2089403;;;;;;;;18782;75,5;885,0449540397351;24876,82119205298;42,69251029496326;;;
08904;Badia del Vallès;Vallès Occidental;2011;0;;;;;;;;12104;75,5;0;16031,788079470198;0;;;
17008;Anglès;Selva;2011;0;;;;;;;;14570;75,5;0;19298,01324503311;0;;;
17009;Arbúcies;Selva;2011;380,9496679;;;;;;;;13212;75,5;504,5690965562914;17499,33774834437;34,60033314259764;;;
17015;Banyoles;Pla de l'Estany;2011;460,4848942;;;;;;;;15710;75,5;609,9137671523179;20807,947019867548;35,17389389178867;;;
17020;Bescanó;Gironès;2011;0;;;;;;;;16709;75,5;0;22131,12582781457;0;;;
17022;Bisbal d'Empordà, la;Baix Empordà;2011;427,5328846;;;;;;;;13305;75,5;566,2687213245033;17622,51655629139;38,559899400225476;;;
17023;Blanes;Selva;2011;461,385502;;;;;;;;13493;75,5;611,1066251655628;17871,523178807947;41,03332115911954;;;
17033;Caldes de Malavella;Selva;2011;566,3000086;;;;;;;;15072;75,5;750,0662365562913;19962,91390728477;45,08758030254777;;;
17034;Calonge i Sant Antoni;Baix Empordà;2011;517,8437448;;;;;;;;14215;75,5;685,8857547019867;18827,814569536422;43,71526512557158;;;
17044;Cassà de la Selva;Gironès;2011;495,7712552;;;;;;;;15574;75,5;656,6506691390729;20627,814569536422;38,19991692821368;;;
17047;Castelló d'Empúries;Alt Empordà;2011;461,9304127;;;;;;;;9890;75,5;611,8283612;13099,337748344371;56,04817949848331;;;
17048;Castell d'Aro, Platja d'Aro i s'Agaró;Baix Empordà;2011;502,3800321;;;;;;;;13218;75,5;665,404016;17507,28476821192;45,608718302315026;;;
17049;Celrà;Gironès;2011;525,3324847;;;;;;;;15182;75,5;695,8046154966887;20108,60927152318;41,52278893689896;;;
17062;Escala, l';Alt Empordà;2011;488,6349377;;;;;;;;12517;75,5;647,1985929801325;16578,807947019868;46,84524448669809;;;
17066;Figueres;Alt Empordà;2011;453,4025664;;;;;;;;12746;75,5;600,5332005298013;16882,11920529801;42,68657458653695;;;
17079;Girona;Gironès;2011;529,3693379;;;;;;;;16639;75,5;701,1514409271523;22038,41059602649;38,17796775527375;;;
17089;Llagostera;Gironès;2011;440,3788114;;;;;;;;13950;75,5;583,2831939072848;18476,82119205298;37,88204829247312;;;
17092;Llançà;Alt Empordà;2011;441,1520706;;;;;;;;14078;75,5;584,3073782781457;18646,35761589404;37,60352924563148;;;
17095;Lloret de Mar;Selva;2011;470,2212826;;;;;;;;10021;75,5;622,8096458278145;13272,847682119205;56,308306468416326;;;
17103;Maçanet de la Selva;Selva;2011;0;;;;;;;;12213;75,5;0;16176,15894039735;0;;;
17114;Olot;Garrotxa;2011;391,2211869;;;;;;;;15701;75,5;518,1737574834438;20796,026490066226;29,90035184;;;
17117;Palafrugell;Baix Empordà;2011;471,5574468;;;;;;;;12882;75,5;624,5793997350993;17062,251655629138;43,92710263623661;;;
17118;Palamós;Baix Empordà;2011;508,6363315;;;;;;;;14490;75,5;673,6905052980132;19192,052980132452;42,12309163561076;;;
17141;Puigcerdà;Cerdanya;2011;500,8827607;;;;;;;;13159;75,5;663,4208750993378;17429,139072847684;45,67667093548142;;;
17147;Ripoll;Ripollès;2011;386,035136;;;;;;;;16430;75,5;511,30481589403973;21761,58940397351;28,19489733414486;;;
17152;Roses;Alt Empordà;2011;451,1807517;;;;;;;;11073;75,5;597,5903996;14666,225165562913;48,89523182877269;;;
17155;Salt;Gironès;2011;452,6715409;;;;;;;;11378;75,5;599,5649548344371;15070,19867549669;47,741769122868696;;;
17160;Sant Feliu de Guíxols;Baix Empordà;2011;481,4882453;;;;;;;;13741;75,5;637,7327752317881;18200;42,04831485044757;;;
17164;Sant Hilari Sacalm;Selva;2011;347,1998822;;;;;;;;14565;75,5;459,8673936423841;19291,39072847682;28,605551571575695;;;
17180;Santa Coloma de Farners;Selva;2011;453,6389274;;;;;;;;14287;75,5;600,8462614569536;18923,17880794702;38,102240699937006;;;
17181;Santa Cristina d'Aro;Baix Empordà;2011;575,0933368;;;;;;;;14200;75,5;761,7130288741721;18807,947019867548;48,599436912676055;;;
17186;Sarrià de Ter;Gironès;2011;0;;;;;;;;17185;75,5;0;22761,58940397351;0;;;
17193;Sils;Selva;2011;518,0920789;;;;;;;;14849;75,5;686,2146740397352;19667,549668874173;41,86884603;;;
17199;Torroella de Montgrí;Baix Empordà;2011;481,5219872;;;;;;;;13179;75,5;637,7774664900662;17455,629139072847;43,84447868882313;;;
17202;Tossa de Mar;Selva;2011;542,9351123;;;;;;;;13443;75,5;719,1193540397351;17805,298013245032;48,465531113590714;;;
17213;Vidreres;Selva;2011;0;;;;;;;;14491;75,5;0;19193,37748344371;0;;;
17221;Vilafant;Alt Empordà;2011;556,9262208;;;;;;;;14593;75,5;737,6506236;19328,476821192053;45,7967152;;;
25003;Agramunt;Urgell;2011;0;;;;;;;;13776;75,5;0;18246,35761589404;0;;;
25011;Alcarràs;Segrià;2011;376,5547941;;;;;;;;12723;75,5;498,74807165562913;16851,655629139073;35,51566084414053;;;
25019;Almacelles;Segrià;2011;320,4519365;;;;;;;;12746;75,5;424,4396509933775;16882,11920529801;30,169647246194884;;;
25023;Alpicat;Segrià;2011;0;;;;;;;;17485;75,5;0;23158,940397350994;0;;;
25040;Balaguer;Noguera;2011;340,3688895;;;;;;;;13156;75,5;450,8197212;17425,165562913906;31,04611336272424;;;
25050;Bellpuig;Urgell;2011;0;;;;;;;;13383;75,5;0;17725,827814569537;0;;;
25058;Borges Blanques, les;Garrigues;2011;0;;;;;;;;14719;75,5;0;19495,364238410595;0;;;
25072;Cervera;Segarra;2011;325,779883;;;;;;;;13796;75,5;431,4965337748344;18272,847682119205;28,33689907219484;;;
25110;Guissona;Segarra;2011;339,0297403;;;;;;;;14347;75,5;449,04601364238414;19002,649006622516;28,356847310239075;;;
25120;Lleida;Segrià;2011;407,7312838;;;;;;;;15327;75,5;540,0414354966888;20300,66225165563;31,922590236836957;;;
25137;Mollerussa;Pla d'Urgell;2011;376,2398566;;;;;;;;13721;75,5;498,3309358940397;18173,509933774836;32,90487777275709;;;
25203;Seu d'Urgell, la;Alt Urgell;2011;395,3755483;;;;;;;;13686;75,5;523,6762229139073;18127,152317880795;34,666860876808414;;;
25207;Solsona;Solsonès;2011;323,4711503;;;;;;;;13927;75,5;428,43860966887416;18446,35761589404;27,87142818697494;;;
25217;Tàrrega;Urgell;2011;353,0887898;;;;;;;;13695;75,5;467,6672712582781;18139,07284768212;30,93877676232201;;;
25234;Tremp;Pallars Jussà;2011;337,2754136;;;;;;;;14567;75,5;446,72240211920524;19294,039735099337;27,784066473536072;;;
25243;Vielha e Mijaran;Val d'Aran;2011;534,6880509;;;;;;;;14073;75,5;708,1960939072848;18639,735099337748;45,59267114900874;;;
43004;Alcanar;Montsià;2011;0;;;;;;;;11464;75,5;0;15184,10596;0;;;
43005;Alcover;Alt Camp;2011;391,7561927;;;;;;;;14173;75,5;518,8823744;18772,185430463574;33,16922537500882;;;
43012;Altafulla;Tarragonès;2011;539,6887956;;;;;;;;18348;75,5;714,8195968211921;24301,98675496689;35,29684732504905;;;
43013;Ametlla de Mar, l';Baix Ebre;2011;432,0565333;;;;;;;;11028;75,5;572,2603090066225;14606,622516556292;47,01376858541894;;;
43014;Amposta;Montsià;2011;357,6312896;;;;;;;;12265;75,5;473,6838272847682;16245,033112582782;34,99042377;;;
43016;Arboç, l';Baix Penedès;2011;424,0086981;;;;;;;;13489;75,5;561,6009246357615;17866,225165562915;37,720397191785906;;;
43037;Calafell;Baix Penedès;2011;498,4600611;;;;;;;;14081;75,5;660,2120014569537;18650,331125827815;42,479374569987925;;;
43038;Cambrils;Baix Camp;2011;521,7610455;;;;;;;;14816;75,5;691,0742324503311;19623,841059602648;42,25926394438446;;;
43043;Catllar, el;Tarragonès;2011;0;;;;;;;;17438;75,5;0;23096,688741721853;0;;;
43044;Sénia, la;Montsià;2011;0;;;;;;;;11814;75,5;0;15647,682119205298;0;;;
43047;Constantí;Tarragonès;2011;409,6323096;;;;;;;;11958;75,5;542,5593504635762;15838,41059602649;41,10710583040642;;;
43051;Cunit;Baix Penedès;2011;503,7781779;;;;;;;;13894;75,5;667,2558648;18402,649006622516;43,510422734993526;;;
43086;Montblanc;Conca de Barberà;2011;388,9622419;;;;;;;;15431;75,5;515,1817773509933;20438,41059602649;30,247857577603526;;;
43092;Mont-roig del Camp;Baix Camp;2011;470,1428564;;;;;;;;12197;75,5;622,7057700662252;16154,966887417218;46,25493380995327;;;
43093;Móra d'Ebre;Ribera d'Ebre;2011;355,8059657;;;;;;;;15276;75,5;471,26617973509934;20233,112582781458;27,950193692065987;;;
43100;Pallaresos, els;Tarragonès;2011;0;;;;;;;;18004;75,5;0;23846,35761589404;0;;;
43123;Reus;Baix Camp;2011;435,0125756;;;;;;;;14380;75,5;576,1755968;19046,35761589404;36,30146667037552;;;
43129;Riudoms;Baix Camp;2011;453,2720408;;;;;;;;13160;75,5;600,3603189403974;17430,46357615894;41,331797033434654;;;
43131;Roda de Berà;Tarragonès;2011;482,9560397;;;;;;;;14976;75,5;639,6768737748345;19835,761589403974;38,698400616987186;;;
43133;Roquetes;Baix Ebre;2011;353,0013101;;;;;;;;13158;75,5;467,5514041059603;17427,814569536426;32,19346193342453;;;
43136;Ràpita, la;Montsià;2011;354,0300838;;;;;;;;12081;75,5;468,9140182781457;16001,324503311258;35,16564030792153;;;
43145;Selva del Camp, la;Baix Camp;2011;497,0879611;;;;;;;;14882;75,5;658,3946504635761;19711,258278145695;40,08235138556645;;;
43148;Tarragona;Tarragonès;2011;495,0216195;;;;;;;;16232;75,5;655,6577741721854;21499,33774834437;36,59597975603746;;;
43153;Torredembarra;Tarragonès;2011;483,8282164;;;;;;;;14497;75,5;640,8320747019867;19201,324503311258;40,04924189004622;;;
43155;Tortosa;Baix Ebre;2011;364,2883597;;;;;;;;14072;75,5;482,5011386754967;18638,41059602649;31,064953925525867;;;
43156;Ulldecona;Montsià;2011;0;;;;;;;;10255;75,5;0;13582,781456953642;0;;;
43161;Valls;Alt Camp;2011;408,3502558;;;;;;;;15212;75,5;540,8612659602649;20148,344370860927;32,212746973442016;;;
43162;Vandellòs i l'Hospitalet de l'Infant;Baix Camp;2011;0;;;;;;;;14624;75,5;0;19369,53642384106;0;;;
43163;Vendrell, el;Baix Penedès;2011;439,4985403;;;;;;;;14398;75,5;582,1172719205298;19070,19867549669;36,629965853590775;;;
43171;Vila-seca;Tarragonès;2011;486,3001018;;;;;;;;13485;75,5;644,1060950993377;17860,92715231788;43,27475878086763;;;
43901;Deltebre;Baix Ebre;2011;315,7901569;;;;;;;;11068;75,5;418,2651084768212;14659,602649006623;34,23818108782074;;;
43905;Salou;Tarragonès;2011;487,3157504;;;;;;;;12215;75,5;645,4513250331127;16178,807947019868;47,87383548751535;;;
43907;Canonja, la;Tarragonès;2011;416,9553595;;;;;;;;13003;75,5;552,2587543046358;17222,51655629139;38,479307190648306;;;
08001;Abrera;Baix Llobregat;2010;641,0860589;;;;;;;;17241;73,1;876,9987125854993;23585,499316005473;44,62057135200975;;;
08003;Alella;Maresme;2010;844,7143589;;;;;;;;24006;73,1;1155,559998495212;32839,94528043776;42,22516165458636;;;
08005;Ametlla del Vallès, l';Vallès Oriental;2010;815,9284679;;;;;;;;20484;73,1;1116,181214637483;28021,88782;47,79897293;;;
08006;Arenys de Mar;Maresme;2010;607,4837456;;;;;;;;16734;73,1;831,0311157318741;22891,928864569083;43,56283583;;;
08007;Arenys de Munt;Maresme;2010;554,5245714;;;;;;;;16557;73,1;758,5835450068399;22649,794801641587;40,19022079362203;;;
08009;Argentona;Maresme;2010;616,0880489;;;;;;;;17581;73,1;842,8017084815322;24050,61559507524;42,05139973152835;;;
08010;Artés;Bages;2010;398,5835193;;;;;;;;15649;73,1;545,2578923392613;21407,66073871409;30,564267567256692;;;
08015;Badalona;Barcelonès;2010;630,8803603;;;;;;;;15738;73,1;863,0374285909713;21529,41176470588;48,10372552802134;;;
08019;Barcelona;Barcelonès;2010;761,8745147;;;;;;;;20774;73,1;1042,2359982216142;28418,60465116279;44,009310563204004;;;
08020;Begues;Baix Llobregat;2010;859,4512195;;;;;;;;21034;73,1;1175,719863;28774,281805745555;49,03211293144433;;;
08022;Berga;Berguedà;2010;357,4975768;;;;;;;;15656;73,1;489,0527726402189;21417,236662106705;27,40144942258559;;;
08023;Bigues i Riells del Fai;Vallès Oriental;2010;630,246202;;;;;;;;17647;73,1;862,1699069767443;24140,90287277702;42,85688459228198;;;
08029;Cabrera de Mar;Maresme;2010;0;;;;;;;;21437;73,1;0;29325,58139534884;0;;;
08030;Cabrils;Maresme;2010;950,2982333;;;;;;;;23616;73,1;1299,9975831737347;32306,429548563614;48,28751185;;;
08033;Caldes de Montbui;Vallès Oriental;2010;547,8967183;;;;;;;;17290;73,1;749,5167145;23652,53077975376;38,026377209947945;;;
08035;Calella;Maresme;2010;504,1193514;;;;;;;;13751;73,1;689,6297556771547;18811,217510259918;43,992671200639954;;;
08040;Canet de Mar;Maresme;2010;553,0761836;;;;;;;;15932;73,1;756,6021663474693;21794,801641586866;41,657759246798896;;;
08041;Canovelles;Vallès Oriental;2010;527,9062539;;;;;;;;13954;73,1;722,1699779753762;19088,91928864569;45,39827323204816;;;
08043;Canyelles;Garraf;2010;0;;;;;;;;16757;73,1;0;22923,392612859097;0;;;
08044;Capellades;Anoia;2010;410,44753;;;;;;;;15935;73,1;561,4877291381669;21798,90560875513;30,909133103231877;;;
08046;Cardedeu;Vallès Oriental;2010;572,5033615;;;;;;;;17623;73,1;783,1783331053351;24108,071135430917;38,98337591783464;;;
08051;Castellar del Vallès;Vallès Occidental;2010;579,9938734;;;;;;;;17278;73,1;793,4252714090287;23636,114911080713;40,282014589651574;;;
08054;Castellbisbal;Vallès Occidental;2010;649,8260519;;;;;;;;16978;73,1;888,9549273597812;23225,718194254445;45,929512444339736;;;
08056;Castelldefels;Baix Llobregat;2010;794,9061917;;;;;;;;18254;73,1;1087,4229708618332;24971,272229822163;52,25635093897228;;;
08067;Centelles;Osona;2010;465,7649957;;;;;;;;16092;73,1;637,1614168262654;22013,679890560878;34,73266187173751;;;
08068;Cervelló;Baix Llobregat;2010;672,7024048;;;;;;;;19008;73,1;920,2495277701778;26002,735978112174;42,46858616161616;;;
08072;Corbera de Llobregat;Baix Llobregat;2010;609,0461246;;;;;;;;17822;73,1;833,1684331053351;24380,30095759234;41,00860450678936;;;
08073;Cornellà de Llobregat;Baix Llobregat;2010;619,4434134;;;;;;;;15905;73,1;847,3918103967169;21757,865937072504;46,73574951776172;;;
08074;Cubelles;Garraf;2010;617,2276307;;;;;;;;17543;73,1;844,3606439124487;23998,632010943915;42,220438741378324;;;
08075;Dosrius;Maresme;2010;743,3928714;;;;;;;;16605;73,1;1016,9533124487004;22715,45827633379;53,723062070460706;;;
08076;Esparreguera;Baix Llobregat;2010;539,460377;;;;;;;;15723;73,1;737,9758919288646;21508,89192886457;41,17232413661515;;;
08077;Esplugues de Llobregat;Baix Llobregat;2010;694,4126368;;;;;;;;19176;73,1;949,9488875512995;26232,558139534885;43,455108685857326;;;
08086;Franqueses del Vallès, les;Vallès Oriental;2010;599,4773232;;;;;;;;15995;73,1;820,0784175102599;21880,984952120383;44,97485388183807;;;
08088;Garriga, la;Vallès Oriental;2010;586,0345509;;;;;;;;18287;73,1;801,6888521203831;25016,41586867305;38,45581348;;;
08089;Gavà;Baix Llobregat;2010;679,237776;;;;;;;;17544;73,1;929,1898440492477;24000;46,459492202462386;;;
08091;Gelida;Alt Penedès;2010;516,4423192;;;;;;;;17021;73,1;706,4874408;23284,54172366621;36,409775162446394;;;
08092;Gironella;Berguedà;2010;356,0519228;;;;;;;;15333;73,1;487,0751337893297;20975,376196990426;27,865538861279592;;;
08096;Granollers;Vallès Oriental;2010;571,7180349;;;;;;;;16460;73,1;782,1040149110808;22517,099863201096;41,68053717375456;;;
08101;Hospitalet de Llobregat, l';Barcelonès;2010;606,1831585;;;;;;;;15359;73,1;829,2519268125855;21010,94391;47,36114266553812;;;
08102;Igualada;Anoia;2010;392,5301435;;;;;;;;15735;73,1;536,9769405;21525,30779753762;29,935568617731175;;;
08105;Llagosta, la;Vallès Oriental;2010;569,6332398;;;;;;;;14508;73,1;779,2520380300957;19846,785225718195;47,11606615384615;;;
08106;Llinars del Vallès;Vallès Oriental;2010;562,1039704;;;;;;;;16488;73,1;768,9520798905609;22555,403556771547;40,91004151382824;;;
08107;Lliçà d'Amunt;Vallès Oriental;2010;0;;;;;;;;17011;73,1;0;23270,861833105337;0;;;
08108;Lliçà de Vall;Vallès Oriental;2010;0;;;;;;;;18271;73,1;0;24994,528043775652;0;;;
08110;Malgrat de Mar;Maresme;2010;542,1239815;;;;;;;;13944;73,1;741,6196737346102;19075,239398084817;46,654387392426855;;;
08112;Manlleu;Osona;2010;400,3024304;;;;;;;;14154;73,1;547,6093439124487;19362,517099863202;33,938315421788886;;;
08113;Manresa;Bages;2010;419,6581857;;;;;;;;16121;73,1;574,0878053351573;22053,351573187414;31,238125602630106;;;
08114;Martorell;Baix Llobregat;2010;540,462672;;;;;;;;15447;73,1;739,3470205198358;21131,326949384405;41,98583585162167;;;
08118;Masnou, el;Maresme;2010;732,6639491;;;;;;;;19651;73,1;1002,2762641586867;26882,352941176472;44,740559712991704;;;
08119;Masquefa;Anoia;2010;534,6852164;;;;;;;;15308;73,1;731,4435244870041;20941,176470588234;41,91417949307551;;;
08120;Matadepera;Vallès Occidental;2010;959,4998593;;;;;;;;25347;73,1;1312,5853068399454;34674,41860465116;45,42548748017517;;;
08121;Mataró;Maresme;2010;579,3787905;;;;;;;;14903;73,1;792,5838447332422;20387,140902872776;46,65198608333893;;;
08123;Molins de Rei;Baix Llobregat;2010;635,7855473;;;;;;;;19829;73,1;869,7476707250341;27125,854993160054;38,476103523122696;;;
08124;Mollet del Vallès;Vallès Oriental;2010;573,9592786;;;;;;;;15672;73,1;785,1700117647058;21439,124487004105;43,94787738;;;
08125;Montcada i Reixac;Vallès Occidental;2010;586,1334698;;;;;;;;16012;73,1;801,8241720930232;21904,24076607387;43,927064936297775;;;
08126;Montgat;Maresme;2010;718,6134271;;;;;;;;19048;73,1;983,0553038303693;26057,455540355677;45,27174047249055;;;
08135;Montmeló;Vallès Oriental;2010;564,6103896;;;;;;;;16262;73,1;772,3808339261285;22246,23803009576;41,66353877;;;
08136;Montornès del Vallès;Vallès Oriental;2010;588,0542762;;;;;;;;15418;73,1;804,4518142270862;21091,655266757865;45,76891499805422;;;
08138;Moià;Moianès;2010;448,7646309;;;;;;;;15452;73,1;613,9051038303694;21138,166894664842;34,85099385710588;;;
08140;Navarcles;Bages;2010;415,5844519;;;;;;;;15755;73,1;568,5149820793433;21552,66757865937;31,65352854839733;;;
08141;Navàs;Bages;2010;378,2746184;;;;;;;;15546;73,1;517,4755381668947;21266,757865937074;29,199121451177152;;;
08147;Olesa de Montserrat;Baix Llobregat;2010;560,8078791;;;;;;;;15748;73,1;767,1790411764706;21543,09165526676;42,73364585471171;;;
08155;Palafolls;Maresme;2010;533,6283015;;;;;;;;14312;73,1;729,9976764705883;19578,659370725036;44,742451215763005;;;
08156;Palau-solità i Plegamans;Vallès Occidental;2010;633,5044867;;;;;;;;17000;73,1;866,6272047879618;23255,813953488374;44,71796376705882;;;
08157;Pallejà;Baix Llobregat;2010;638,8153397;;;;;;;;18439;73,1;873,8923935704514;25224,35020519836;41,57375170236997;;;
08159;Parets del Vallès;Vallès Oriental;2010;610,0194646;;;;;;;;17200;73,1;834,4999515731874;23529,411764705885;42,55949753023256;;;
08161;Piera;Anoia;2010;546,9291982;;;;;;;;14461;73,1;748,1931575923393;19782,48974008208;45,38517653274324;;;
08163;Pineda de Mar;Maresme;2010;514,7722685;;;;;;;;13742;73,1;704,2028296853625;18798,90560875513;44,95173353223694;;;
08167;Polinyà;Vallès Occidental;2010;585,6184105;;;;;;;;16068;73,1;801,1195766073871;21980,848153214774;43,73550489171023;;;
08169;Prat de Llobregat, el;Baix Llobregat;2010;610,4893002;;;;;;;;16458;73,1;835,1426815321478;22514,36388508892;44,512526445497635;;;
08172;Premià de Mar;Maresme;2010;691,1704994;;;;;;;;17709;73,1;945,5136790697675;24225,718194254445;46,83520239878028;;;
08180;Ripollet;Vallès Occidental;2010;594,3674046;;;;;;;;15632;73,1;813,0881047879617;21384,40492;45,62697578812692;;;
08181;Roca del Vallès, la;Vallès Oriental;2010;643,1257692;;;;;;;;18072;73,1;879,7890139534884;24722,298221614226;42,70423434262949;;;
08183;Roda de Ter;Osona;2010;414,3968288;;;;;;;;15256;73,1;566,8903266757866;20870,041039671683;32,595450613529096;;;
08184;Rubí;Vallès Occidental;2010;603,3244195;;;;;;;;15711;73,1;825,3412031463748;21492,47606019152;46,081681840748516;;;
08187;Sabadell;Vallès Occidental;2010;605,6189985;;;;;;;;16771;73,1;828,4801621067031;22942,544459644323;43,33330143;;;
08191;Sallent;Bages;2010;0;;;;;;;;15968;73,1;0;21844,04924760602;0;;;
08192;Santpedor;Bages;2010;458,0550689;;;;;;;;18045;73,1;626,6143213406293;24685,362517099864;30,46085246217789;;;
08194;Sant Adrià de Besòs;Barcelonès;2010;666,0661861;;;;;;;;15404;73,1;911,1712532147743;21072,50341997264;51,887783908075825;;;
08196;Sant Andreu de la Barca;Baix Llobregat;2010;568,5138558;;;;;;;;16004;73,1;777,7207329685363;21893,296853625172;42,62788221444639;;;
08197;Sant Andreu de Llavaneres;Maresme;2010;716,5855234;;;;;;;;19727;73,1;980,2811538;26986,320109439126;43,59013677;;;
08198;Sant Antoni de Vilamajor;Vallès Oriental;2010;588,612921;;;;;;;;18222;73,1;805,2160341997264;24927,49658002736;38,76278702667106;;;
08200;Sant Boi de Llobregat;Baix Llobregat;2010;631,9833443;;;;;;;;16137;73,1;864,5462986320109;22075,239398084817;46,99634462;;;
08202;Sant Celoni;Vallès Oriental;2010;518,9570833;;;;;;;;15704;73,1;709,9276105335158;21482,900136798908;39,65540626337239;;;
08205;Sant Cugat del Vallès;Vallès Occidental;2010;867,934756;;;;;;;;23643;73,1;1187,3252476060193;32343,365253077976;44,05201147062555;;;
08208;Sant Esteve Sesrovires;Baix Llobregat;2010;647,8698354;;;;;;;;17820;73,1;886,2788445964434;24377,564979480165;43,62759834343435;;;
08209;Sant Fost de Campsentelles;Vallès Oriental;2010;0;;;;;;;;17838;73,1;0;24402,188782489742;0;;;
08210;Sant Feliu de Codines;Vallès Oriental;2010;467,4640621;;;;;;;;15877;73,1;639,4857210670315;21719,562243502052;35,331414909617685;;;
08211;Sant Feliu de Llobregat;Baix Llobregat;2010;677,3051061;;;;;;;;18143;73,1;926,5459727770178;24819,425444596443;44,79778026346249;;;
08213;Sant Fruitós de Bages;Bages;2010;459,2169737;;;;;;;;17783;73,1;628,2037943912449;24326,949384404925;30,988042987122533;;;
08214;Vilassar de Dalt;Maresme;2010;735,5959333;;;;;;;;21127;73,1;1006,2871864569083;28901,504787961698;41,781375489184455;;;
08217;Sant Joan Despí;Baix Llobregat;2010;755,378774;;;;;;;;19390;73,1;1033,3498960328318;26525,30779753762;46,74855744198041;;;
08218;Sant Joan de Vilatorrada;Bages;2010;438,2913543;;;;;;;;15709;73,1;599,5777760601916;21489,740082079345;33,48078331911643;;;
08219;Vilassar de Mar;Maresme;2010;732,5456486;;;;;;;;20029;73,1;1002,1144303693571;27399,452804377564;43,889099721403966;;;
08221;Sant Just Desvern;Baix Llobregat;2010;995,2475462;;;;;;;;25097;73,1;1361,4877512995897;34332,42134062928;47,587243711997445;;;
08230;Premià de Dalt;Maresme;2010;988,2031373;;;;;;;;21171;73,1;1351,8510770177838;28961,69630642955;56,01264771;;;
08231;Sant Pere de Ribes;Garraf;2010;625,961084;;;;;;;;16431;73,1;856,3079124487004;22477,428180574556;45,715616870549574;;;
08234;Sant Pere de Vilamajor;Vallès Oriental;2010;0;;;;;;;;17631;73,1;0;24119,015047879617;0;;;
08235;Sant Pol de Mar;Maresme;2010;658,28159;;;;;;;;19011;73,1;900,5220109439125;26006,839945280437;41,551623165535744;;;
08238;Sant Quirze del Vallès;Vallès Occidental;2010;720,4421795;;;;;;;;22049;73,1;985,5570170998632;30162,79069767442;39,209515869200416;;;
08240;Sant Sadurní d'Anoia;Alt Penedès;2010;514,0537525;;;;;;;;18078;73,1;703,2199076607387;24730,506155950752;34,12238649186857;;;
08244;Santa Coloma de Cervelló;Baix Llobregat;2010;0;;;;;;;;18567;73,1;0;25399,452804377564;0;;;
08245;Santa Coloma de Gramenet;Barcelonès;2010;577,8362532;;;;;;;;13947;73,1;790,4736705882353;19079,343365253077;49,71703619703162;;;
08248;Santa Eulàlia de Ronçana;Vallès Oriental;2010;0;;;;;;;;17533;73,1;0;23984,952120383037;0;;;
08250;Santa Margarida de Montbui;Anoia;2010;387,1889227;;;;;;;;12926;73,1;529,6702088919288;17682,62653898769;35,945126662540616;;;
08251;Santa Margarida i els Monjos;Alt Penedès;2010;460,6992418;;;;;;;;14435;73,1;630,2315209302326;19746,922024623804;38,29851681052996;;;
08252;Barberà del Vallès;Vallès Occidental;2010;651,2827093;;;;;;;;17079;73,1;890,9476187;23363,88508891929;45,76024656947128;;;
08259;Santa Maria de Palautordera;Vallès Oriental;2010;519,5654386;;;;;;;;15517;73,1;710,7598339261286;21227,086183310534;40,18035227943545;;;
08260;Santa Perpètua de Mogoda;Vallès Occidental;2010;540,2435995;;;;;;;;16333;73,1;739,0473317373461;22343,365253077976;39,69217653829669;;;
08262;Sant Vicenç de Castellet;Bages;2010;408,7744746;;;;;;;;14929;73,1;559,1990076607387;20422,708618331053;32,85748338937638;;;
08263;Sant Vicenç dels Horts;Baix Llobregat;2010;629,6115568;;;;;;;;15216;73,1;861,3017192886457;20815,32147742818;49,65390826498423;;;
08264;Sant Vicenç de Montalt;Maresme;2010;1000,488672;;;;;;;;23390;73,1;1368,6575540355677;31997,264021887826;51,32904687473279;;;
08266;Cerdanyola del Vallès;Vallès Occidental;2010;631,6952055;;;;;;;;18117;73,1;864,1521279069768;24783,857729138166;41,84104689518132;;;
08267;Sentmenat;Vallès Occidental;2010;545,6779082;;;;;;;;15990;73,1;746,4814065663476;21874,145006839946;40,95143776360226;;;
08270;Sitges;Garraf;2010;712,4140168;;;;;;;;18312;73,1;974,5745784;25050,61559507524;46,685060078636965;;;
08274;Súria;Bages;2010;0;;;;;;;;15850;73,1;0;21682,62653898769;0;;;
08278;Taradell;Osona;2010;420,6370705;;;;;;;;16454;73,1;575,4269090287278;22508,89192886457;30,677311571654307;;;
08279;Terrassa;Vallès Occidental;2010;530,0378939;;;;;;;;16250;73,1;725,0860381668947;22229,822161422708;39,141259857230764;;;
08281;Teià;Maresme;2010;827,1497273;;;;;;;;23498;73,1;1131,5317746922026;32145,006839945283;42,24102786;;;
08282;Tiana;Maresme;2010;798,3352843;;;;;;;;23205;73,1;1092,113932010944;31744,18604651163;41,28430688;;;
08283;Tona;Osona;2010;476,586381;;;;;;;;16036;73,1;651,9649534883721;21937,072503419975;35,66373517086555;;;
08284;Tordera;Maresme;2010;423,390163;;;;;;;;13330;73,1;579,1931094391244;18235,29411764706;38,114643330832706;;;
08285;Torelló;Osona;2010;379,9576005;;;;;;;;15767;73,1;519,7778393;21569,08344733242;28,917937502378386;;;
08289;Torrelles de Llobregat;Baix Llobregat;2010;652,3484742;;;;;;;;18090;73,1;892,4055734610124;24746,922024623804;43,27353062686568;;;
08291;Vacarisses;Vallès Occidental;2010;0;;;;;;;;15867;73,1;0;21705,88235294118;0;;;
08295;Vallirana;Baix Llobregat;2010;691,6846883;;;;;;;;16743;73,1;946,2170838577291;22904,24076607387;49,57424750403153;;;
08298;Vic;Osona;2010;462,4435216;;;;;;;;16161;73,1;632,6176766073871;22108,071135430917;34,33774060516057;;;
08300;Viladecavalls;Vallès Occidental;2010;0;;;;;;;;17730;73,1;0;24254,445964432285;0;;;
08301;Viladecans;Baix Llobregat;2010;662,217926;;;;;;;;16672;73,1;905,9068755;22807,113543091655;47,664438051823424;;;
08302;Vilanova del Camí;Anoia;2010;393,9849922;;;;;;;;13047;73,1;538,9671575923393;17848,153214774284;36,236835336859045;;;
08305;Vilafranca del Penedès;Alt Penedès;2010;479,7406102;;;;;;;;16634;73,1;656,2799045143639;22755,12995896033;34,60915788385235;;;
08307;Vilanova i la Geltrú;Garraf;2010;559,4805527;;;;;;;;16013;73,1;765,3632731874145;21905,60875512996;41,92697578467495;;;
08902;Vilanova del Vallès;Vallès Oriental;2010;0;;;;;;;;19287;73,1;0;26384,40492;0;;;
08904;Badia del Vallès;Vallès Occidental;2010;0;;;;;;;;11772;73,1;0;16103,967168262654;0;;;
17008;Anglès;Selva;2010;439,8011705;;;;;;;;14942;73,1;601,6431880984952;20440,492476060193;35,32066688528979;;;
17009;Arbúcies;Selva;2010;381,0916807;;;;;;;;13369;73,1;521,3292485636115;18288,645690834473;34,20674821153415;;;
17015;Banyoles;Pla de l'Estany;2010;487,1840434;;;;;;;;15702;73,1;666,4624396716827;21480,16415868673;37,23225398547956;;;
17020;Bescanó;Gironès;2010;0;;;;;;;;16790;73,1;0;22968,536251709986;0;;;
17022;Bisbal d'Empordà, la;Baix Empordà;2010;439,4711337;;;;;;;;13566;73,1;601,1917014;18558,13953488372;38,87404986289253;;;
17023;Blanes;Selva;2010;458,6058902;;;;;;;;13227;73,1;627,3678388508891;18094,391244870043;41,606340684962575;;;
17033;Caldes de Malavella;Selva;2010;532,393804;;;;;;;;15114;73,1;728,3088974008209;20675,78659370725;42,27025041683208;;;
17034;Calonge i Sant Antoni;Baix Empordà;2010;511,499655;;;;;;;;14245;73,1;699,7259302325582;19487,00410396717;43,088774025974026;;;
17044;Cassà de la Selva;Gironès;2010;497,343432;;;;;;;;15908;73,1;680,3603720930233;21761,969904240766;37,51647714357556;;;
17047;Castelló d'Empúries;Alt Empordà;2010;453,0218295;;;;;;;;9876;73,1;619,7289049247606;13510,259917920657;55,045179769137306;;;
17048;Castell d'Aro, Platja d'Aro i s'Agaró;Baix Empordà;2010;571,4064753;;;;;;;;14109;73,1;781,6778047879617;19300,957592339262;48,599317482458005;;;
17049;Celrà;Gironès;2010;540,7398;;;;;;;;15672;73,1;739,7261285909713;21439,124487004105;41,40427258805513;;;
17062;Escala, l';Alt Empordà;2010;521,6351612;;;;;;;;12803;73,1;713,5911917920656;17514,36388508892;48,89183733812388;;;
17066;Figueres;Alt Empordà;2010;454,7629195;;;;;;;;13372;73,1;622,1106969904241;18292,749658002736;40,81031284774156;;;
17079;Girona;Gironès;2010;547,6768061;;;;;;;;17239;73,1;749,2158770177839;23582,76334;38,12356675677243;;;
17089;Llagostera;Gironès;2010;444,8022943;;;;;;;;14397;73,1;608,4846707250342;19694,938440492475;37,07458172952698;;;
17092;Llançà;Alt Empordà;2010;456,5548471;;;;;;;;14524;73,1;624,5620343365254;19868,673050615595;37,721413971357755;;;
17095;Lloret de Mar;Selva;2010;476,9473783;;;;;;;;9957;73,1;652,4587938440493;13621,067031463748;57,48085306417595;;;
17103;Maçanet de la Selva;Selva;2010;0;;;;;;;;12898;73,1;0;17644,32284541724;0;;;
17114;Olot;Garrotxa;2010;387,9008169;;;;;;;;15439;73,1;530,6440723666211;21120,383036935706;30,149684583198393;;;
17117;Palafrugell;Baix Empordà;2010;494,1714636;;;;;;;;13065;73,1;676,0211540355677;17872,777017783857;45,388882994259475;;;
17118;Palamós;Baix Empordà;2010;527,6545546;;;;;;;;14319;73,1;721,8256560875512;19588,235294117647;44,219950102660796;;;
17141;Puigcerdà;Cerdanya;2010;482,1578921;;;;;;;;13650;73,1;659,5867196990424;18673,050615595075;42,387507;;;
17147;Ripoll;Ripollès;2010;376,0977603;;;;;;;;15979;73,1;514,4976201094391;21859,097127222984;28,244402801176545;;;
17152;Roses;Alt Empordà;2010;485,0909879;;;;;;;;11126;73,1;663,5991626538988;15220,246238030097;52,31971827071724;;;
17155;Salt;Gironès;2010;491,5941503;;;;;;;;11615;73,1;672,4954176470588;15889,192886456909;50,78889198105898;;;
17160;Sant Feliu de Guíxols;Baix Empordà;2010;488,90639;;;;;;;;14197;73,1;668,8185909712722;19421,340629274968;41,32476354159329;;;
17164;Sant Hilari Sacalm;Selva;2010;359,1343844;;;;;;;;14458;73,1;491,2919075239398;19778,385772913818;29,807806147461612;;;
17180;Santa Coloma de Farners;Selva;2010;457,2340657;;;;;;;;14362;73,1;625,4911979480164;19647,058823529413;38,20365400640579;;;
17181;Santa Cristina d'Aro;Baix Empordà;2010;502,2350696;;;;;;;;15480;73,1;687,0520787961697;21176,470588235294;38,93295113178294;;;
17186;Sarrià de Ter;Gironès;2010;0;;;;;;;;17372;73,1;0;23764,70588235294;0;;;
17193;Sils;Selva;2010;0;;;;;;;;14718;73,1;0;20134,06292749658;0;;;
17199;Torroella de Montgrí;Baix Empordà;2010;490,3524897;;;;;;;;13286;73,1;670,7968395348837;18175,10259917921;44,28894984494957;;;
17202;Tossa de Mar;Selva;2010;0;;;;;;;;13879;73,1;0;18986,320109439126;0;;;
17213;Vidreres;Selva;2010;0;;;;;;;;14571;73,1;0;19932,968536251712;0;;;
17221;Vilafant;Alt Empordà;2010;0;;;;;;;;14700;73,1;0;20109,439124487006;0;;;
25003;Agramunt;Urgell;2010;0;;;;;;;;13956;73,1;0;19091,655266757865;0;;;
25011;Alcarràs;Segrià;2010;0;;;;;;;;12904;73,1;0;17652,53077975376;0;;;
25019;Almacelles;Segrià;2010;0;;;;;;;;12739;73,1;0;17426,812585499316;0;;;
25023;Alpicat;Segrià;2010;0;;;;;;;;18340;73,1;0;25088,91928864569;0;;;
25040;Balaguer;Noguera;2010;363,3810581;;;;;;;;13274;73,1;497,10131067031466;18158,686730506157;32,85047986439656;;;
25050;Bellpuig;Urgell;2010;373,6625776;;;;;;;;13591;73,1;511,1663168262654;18592,33926128591;32,99206041645206;;;
25058;Borges Blanques, les;Garrigues;2010;0;;;;;;;;14849;73,1;0;20313,26949384405;0;;;
25072;Cervera;Segarra;2010;309,5405069;;;;;;;;14115;73,1;423,4480258549932;19309,165526675788;26,315877313496284;;;
25110;Guissona;Segarra;2010;327,7825599;;;;;;;;14219;73,1;448,4029547195623;19451,436388508893;27,662920872072583;;;
25120;Lleida;Segrià;2010;406,5761741;;;;;;;;15857;73,1;556,1917566;21692,20246;30,768203879674587;;;
25137;Mollerussa;Pla d'Urgell;2010;375,7557505;;;;;;;;13825;73,1;514,0297544459644;18912,448700410398;32,615327349005426;;;
25203;Seu d'Urgell, la;Alt Urgell;2010;403,1940278;;;;;;;;13817;73,1;551,5650175;18901,504787961698;35,01721309690961;;;
25207;Solsona;Solsonès;2010;347,4202843;;;;;;;;13808;73,1;475,2671467852257;18889,19288645691;30,19295634125145;;;
25217;Tàrrega;Urgell;2010;363,8279532;;;;;;;;13772;73,1;497,71265827633385;18839,945280437758;31,701535277374383;;;
25234;Tremp;Pallars Jussà;2010;366,6363655;;;;;;;;14936;73,1;501,5545355677155;20432,284541723668;29,45659069362614;;;
25243;Vielha e Mijaran;Val d'Aran;2010;0;;;;;;;;14157;73,1;0;19366,621067031465;0;;;
43004;Alcanar;Montsià;2010;0;;;;;;;;11758;73,1;0;16084,815321477428;0;;;
43005;Alcover;Alt Camp;2010;0;;;;;;;;13911;73,1;0;19030,095759233925;0;;;
43012;Altafulla;Tarragonès;2010;0;;;;;;;;19237;73,1;0;26316,005471956225;0;;;
43013;Ametlla de Mar, l';Baix Ebre;2010;0;;;;;;;;11067;73,1;0;15139,534883720931;0;;;
43014;Amposta;Montsià;2010;348,8379041;;;;;;;;12723;73,1;477,20643515731877;17404,924760601916;32,90147645366658;;;
43016;Arboç, l';Baix Penedès;2010;379,6001719;;;;;;;;13089;73,1;519,2888808481532;17905,60875512996;34,80175768049507;;;
43037;Calafell;Baix Penedès;2010;517,2436907;;;;;;;;14550;73,1;707,5837082079344;19904,24076607387;42,65927345979381;;;
43038;Cambrils;Baix Camp;2010;511,9184646;;;;;;;;15276;73,1;700,2988571819426;20897,400820793435;40,213547886881386;;;
43043;Catllar, el;Tarragonès;2010;0;;;;;;;;17884;73,1;0;24465,116279069767;0;;;
43044;Sénia, la;Montsià;2010;0;;;;;;;;11878;73,1;0;16248,974008207935;0;;;
43047;Constantí;Tarragonès;2010;403,1255923;;;;;;;;12486;73,1;551,4713985;17080,711354309165;38,743449524267184;;;
43051;Cunit;Baix Penedès;2010;557,9287164;;;;;;;;14392;73,1;763,2403781121751;19688,098495212038;46,519904091161756;;;
43086;Montblanc;Conca de Barberà;2010;382,1053794;;;;;;;;15576;73,1;522,7159772913817;21307,79754;29,438010739599385;;;
43092;Mont-roig del Camp;Baix Camp;2010;469,4220579;;;;;;;;12942;73,1;642,1642378932969;17704,51436388509;43,525457385257305;;;
43093;Móra d'Ebre;Ribera d'Ebre;2010;369,9977984;;;;;;;;14843;73,1;506,1529389876881;20305,061559507525;29,91291235464529;;;
43100;Pallaresos, els;Tarragonès;2010;0;;;;;;;;18422;73,1;0;25201,09439124487;0;;;
43123;Reus;Baix Camp;2010;451,9932527;;;;;;;;14570;73,1;618,3218231190151;19931,600547195623;37,22662342072752;;;
43129;Riudoms;Baix Camp;2010;418,0960055;;;;;;;;13348;73,1;571,9507599179207;18259,917920656637;37,587294471081805;;;
43131;Roda de Berà;Tarragonès;2010;528,3818;;;;;;;;15402;73,1;722,8205198358413;21069,767441860466;41,16726139462407;;;
43133;Roquetes;Baix Ebre;2010;352,1622413;;;;;;;;13930;73,1;481,7540920656635;19056,08755129959;30,33702006891601;;;
43136;Ràpita, la;Montsià;2010;382,440404;;;;;;;;11969;73,1;523,1742872777018;16373,461012311902;38,34309339126076;;;
43145;Selva del Camp, la;Baix Camp;2010;464,0496817;;;;;;;;15211;73,1;634,8148860465117;20808,481532147744;36,609007825915455;;;
43148;Tarragona;Tarragonès;2010;508,6753555;;;;;;;;16464;73,1;695,8623194254446;22522,571819425444;37,07546322886298;;;
43153;Torredembarra;Tarragonès;2010;501,9668794;;;;;;;;14557;73,1;686,6851975376197;19913,816689466486;41,379422633784436;;;
43155;Tortosa;Baix Ebre;2010;364,3724729;;;;;;;;14877;73,1;498,4575552667579;20351,573187414502;29,39080241177657;;;
43156;Ulldecona;Montsià;2010;0;;;;;;;;10675;73,1;0;14603,28317373461;0;;;
43161;Valls;Alt Camp;2010;433,0815904;;;;;;;;15193;73,1;592,4508760601915;20783,857729138166;34,20640482327387;;;
43162;Vandellòs i l'Hospitalet de l'Infant;Baix Camp;2010;0;;;;;;;;14824;73,1;0;20279,069767441862;0;;;
43163;Vendrell, el;Baix Penedès;2010;465,9141009;;;;;;;;14389;73,1;637,3653911080711;19683,994528043775;38,85585663214956;;;
43171;Vila-seca;Tarragonès;2010;476,1616892;;;;;;;;13660;73,1;651,3839798;18686,730506155953;41,82972379502197;;;
43901;Deltebre;Baix Ebre;2010;0;;;;;;;;11285;73,1;0;15437,756497948018;0;;;
43905;Salou;Tarragonès;2010;479,4747699;;;;;;;;12018;73,1;655,9162378932969;16440,492476060193;47,875663494757866;;;
43907;Canonja, la;Tarragonès;2010;0;;;;;;;;13003;73,1;0;17787,96169630643;0;;;
08001;Abrera;Baix Llobregat;2009;625,9732972;;;;;;;;14900;71,6;874,2643815642459;20810,05586592179;50,41395682147651;;;
08003;Alella;Maresme;2009;893,1416041;;;;;;;;26900;71,6;1247,404475;37569,832402234635;39,842748138289956;;;
08005;Ametlla del Vallès, l';Vallès Oriental;2009;806,547;;;;;;;;23000;71,6;1126,4622905027934;32122,905027932964;42,08071304347826;;;
08006;Arenys de Mar;Maresme;2009;623,0556766;;;;;;;;17300;71,6;870,1894924581005;24162,011173184357;43,217734793063585;;;
08007;Arenys de Munt;Maresme;2009;600,8426313;;;;;;;;17700;71,6;839,1656861731844;24720,670391061452;40,735093647457624;;;
08009;Argentona;Maresme;2009;686,9527155;;;;;;;;18400;71,6;959,4311668994413;25698,32402234637;44,801264054347826;;;
08010;Artés;Bages;2009;0;;;;;;;;15800;71,6;0;22067,039106145254;0;;;
08015;Badalona;Barcelonès;2009;668,7630439;;;;;;;;14700;71,6;934,0265976256983;20530,726256983242;54,59290154285714;;;
08019;Barcelona;Barcelonès;2009;792,8708761;;;;;;;;19900;71,6;1107,3615587988827;27793,296089385476;47,81130911;;;
08020;Begues;Baix Llobregat;2009;0;;;;;;;;19600;71,6;0;27374,301675977655;0;;;
08022;Berga;Berguedà;2009;407,3124308;;;;;;;;17100;71,6;568,8721101;23882,68156424581;28,583328477192982;;;
08023;Bigues i Riells del Fai;Vallès Oriental;2009;0;;;;;;;;17100;71,6;0;23882,68156424581;0;;;
08029;Cabrera de Mar;Maresme;2009;0;;;;;;;;21437;71,6;0;29939,944134078214;0;;;
08030;Cabrils;Maresme;2009;949,3712301;;;;;;;;26400;71,6;1325,9374722067041;36871,50837988827;43,15323773181818;;;
08033;Caldes de Montbui;Vallès Oriental;2009;589,308288;;;;;;;;16700;71,6;823,0562681564245;23324,022346368714;42,34550572;;;
08035;Calella;Maresme;2009;541,0868197;;;;;;;;14200;71,6;755,7078487430167;19832,402234636873;45,72564673521127;;;
08040;Canet de Mar;Maresme;2009;609,0321343;;;;;;;;16600;71,6;850,6035395251398;23184,35754189944;44,02641934698796;;;
08041;Canovelles;Vallès Oriental;2009;618,2973224;;;;;;;;13500;71,6;863,5437463687151;18854,748603351956;54,95976199111111;;;
08043;Canyelles;Garraf;2009;0;;;;;;;;16757;71,6;0;23403,631284916202;0;;;
08044;Capellades;Anoia;2009;0;;;;;;;;16300;71,6;0;22765,363128491623;0;;;
08046;Cardedeu;Vallès Oriental;2009;623,3031257;;;;;;;;17400;71,6;870,5350917597766;24301,67597765363;42,986422462068965;;;
08051;Castellar del Vallès;Vallès Occidental;2009;665,4986745;;;;;;;;17900;71,6;929,4674224860336;25000;44,61443628;;;
08054;Castellbisbal;Vallès Occidental;2009;689,3648913;;;;;;;;16100;71,6;962,8001275139665;22486,033519553075;51,38123413416149;;;
08056;Castelldefels;Baix Llobregat;2009;806,24602;;;;;;;;16600;71,6;1126,0419273743018;23184,35754189944;58,282844819277116;;;
08067;Centelles;Osona;2009;499,1441271;;;;;;;;16800;71,6;697,1286691340782;23463,687150837988;35,65315193571429;;;
08068;Cervelló;Baix Llobregat;2009;697,9758081;;;;;;;;16700;71,6;974,8265476256984;23324,022346368714;50,15395028263473;;;
08072;Corbera de Llobregat;Baix Llobregat;2009;635,4342343;;;;;;;;17500;71,6;887,4779808659217;24441,340782122905;43,57263320914286;;;
08073;Cornellà de Llobregat;Baix Llobregat;2009;654,0029233;;;;;;;;14700;71,6;913,4119040502794;20530,726256983242;53,387993738775506;;;
08074;Cubelles;Garraf;2009;645,3952882;;;;;;;;15400;71,6;901,3900673184357;21508,37988826816;50,29054193766234;;;
08075;Dosrius;Maresme;2009;0;;;;;;;;16605;71,6;0;23191,340782122905;0;;;
08076;Esparreguera;Baix Llobregat;2009;580,4198204;;;;;;;;15000;71,6;810,6422073;20949,720670391063;46,43358563200001;;;
08077;Esplugues de Llobregat;Baix Llobregat;2009;756,7864175;;;;;;;;17800;71,6;1056,9642702513966;24860,335195530726;51,01930904494382;;;
08086;Franqueses del Vallès, les;Vallès Oriental;2009;606,8147996;;;;;;;;15500;71,6;847,5067033519554;21648,044692737432;46,97921029161291;;;
08088;Garriga, la;Vallès Oriental;2009;622,0547129;;;;;;;;18400;71,6;868,7914984636873;25698,32402234637;40,568785623913044;;;
08089;Gavà;Baix Llobregat;2009;753,9314166;;;;;;;;16100;71,6;1052,9768388268158;22486,033519553075;56,193645957763984;;;
08091;Gelida;Alt Penedès;2009;554,8507448;;;;;;;;17200;71,6;774,9312078212291;24022,346368715083;38,71051707906977;;;
08092;Gironella;Berguedà;2009;0;;;;;;;;17900;71,6;0;25000;0;;;
08096;Granollers;Vallès Oriental;2009;605,4516424;;;;;;;;16300;71,6;845,6028525139665;22765,363128491623;44,573127047852765;;;
08101;Hospitalet de Llobregat, l';Barcelonès;2009;656,2350191;;;;;;;;14100;71,6;916,5293562849163;19692,73743;55,84978885957447;;;
08102;Igualada;Anoia;2009;440,8768516;;;;;;;;17200;71,6;615,7497927374302;24022,346368715083;30,758850111627904;;;
08105;Llagosta, la;Vallès Oriental;2009;602,3478391;;;;;;;;13000;71,6;841,2679317039107;18156,424581005587;55,60133899384616;;;
08106;Llinars del Vallès;Vallès Oriental;2009;601,003954;;;;;;;;16500;71,6;839,3909972;23044,69273743017;43,70937847272727;;;
08107;Lliçà d'Amunt;Vallès Oriental;2009;0;;;;;;;;15100;71,6;0;21089,385474860337;0;;;
08108;Lliçà de Vall;Vallès Oriental;2009;0;;;;;;;;18400;71,6;0;25698,32402234637;0;;;
08110;Malgrat de Mar;Maresme;2009;567,2540869;;;;;;;;15100;71,6;792,2543113128492;21089,385474860337;45,07979498543046;;;
08112;Manlleu;Osona;2009;443,5758392;;;;;;;;15000;71,6;619,5193284916202;20949,720670391063;35,48606714;;;
08113;Manresa;Bages;2009;450,5163845;;;;;;;;17400;71,6;629,2128275139665;24301,67597765363;31,070095482758624;;;
08114;Martorell;Baix Llobregat;2009;563,6629445;;;;;;;;15000;71,6;787,2387493;20949,720670391063;45,09303556;;;
08118;Masnou, el;Maresme;2009;815,0965469;;;;;;;;20400;71,6;1138,4029984636873;28491,620111731845;47,94685569999999;;;
08119;Masquefa;Anoia;2009;616,4882242;;;;;;;;14700;71,6;861,0170729050279;20530,726256983242;50,325569322448985;;;
08120;Matadepera;Vallès Occidental;2009;814,9009286;;;;;;;;30700;71,6;1138,1297885474862;42877,09497206704;31,85280503;;;
08121;Mataró;Maresme;2009;599,4191947;;;;;;;;16000;71,6;837,1776462290504;22346,36872;44,95643960250001;;;
08123;Molins de Rei;Baix Llobregat;2009;682,2690965;;;;;;;;18800;71,6;952,8897995810057;26256,983240223464;43,54909126595744;;;
08124;Mollet del Vallès;Vallès Oriental;2009;622,6955497;;;;;;;;14700;71,6;869,6865219273743;20530,726256983242;50,83228977142858;;;
08125;Montcada i Reixac;Vallès Occidental;2009;632,3739586;;;;;;;;15800;71,6;883,2038527932962;22067,039106145254;48,02840191898734;;;
08126;Montgat;Maresme;2009;715,0960203;;;;;;;;17400;71,6;998,7374585195531;24301,67597765363;49,31696691724138;;;
08135;Montmeló;Vallès Oriental;2009;718,6472672;;;;;;;;15300;71,6;1003,6973005586592;21368,715083798885;56,36449154509804;;;
08136;Montornès del Vallès;Vallès Oriental;2009;677,704837;;;;;;;;13700;71,6;946,5151354748604;19134,078212290504;59,36100762043795;;;
08138;Moià;Moianès;2009;482,625;;;;;;;;15800;71,6;674,0572625698325;22067,039106145254;36,65506329113924;;;
08140;Navarcles;Bages;2009;427,295833;;;;;;;;17300;71,6;596,7818896648046;24162,011173184357;29,639017317919077;;;
08141;Navàs;Bages;2009;404,6027521;;;;;;;;17500;71,6;565,0876425977654;24441,340782122905;27,74418871542857;;;
08147;Olesa de Montserrat;Baix Llobregat;2009;576,5479258;;;;;;;;15100;71,6;805,2345332402235;21089,385474860337;45,81837820927153;;;
08155;Palafolls;Maresme;2009;0;;;;;;;;14400;71,6;0;20111,73184357542;0;;;
08156;Palau-solità i Plegamans;Vallès Occidental;2009;685,3358362;;;;;;;;17100;71,6;957,1729555865923;23882,68156424581;48,093742891228075;;;
08157;Pallejà;Baix Llobregat;2009;705,8846192;;;;;;;;16600;71,6;985,8723731843576;23184,35754189944;51,02780379759035;;;
08159;Parets del Vallès;Vallès Oriental;2009;606,3062581;;;;;;;;16200;71,6;846,7964498603353;22625,69832402235;44,91157467407408;;;
08161;Piera;Anoia;2009;579,8354392;;;;;;;;14200;71,6;809,8260324022347;19832,402234636873;49,00017796056338;;;
08163;Pineda de Mar;Maresme;2009;547,0454906;;;;;;;;14600;71,6;764,0300148044693;20391,061452513968;44,962643063013694;;;
08167;Polinyà;Vallès Occidental;2009;641,8362103;;;;;;;;15100;71,6;896,4192881284915;21089,385474860337;51,006851149668876;;;
08169;Prat de Llobregat, el;Baix Llobregat;2009;677,407913;;;;;;;;15200;71,6;946,1004372;21229,05027932961;53,47957207894737;;;
08172;Premià de Mar;Maresme;2009;716,0912799;;;;;;;;17100;71,6;1000,1274858938548;23882,68156424581;50,252019642105274;;;
08180;Ripollet;Vallès Occidental;2009;629,5031721;;;;;;;;14800;71,6;879,1943744413409;20670,391061452516;51,04079773783784;;;
08181;Roca del Vallès, la;Vallès Oriental;2009;636,9668408;;;;;;;;17300;71,6;889,6184927374302;24162,011173184357;44,18267103815029;;;
08183;Roda de Ter;Osona;2009;0;;;;;;;;15500;71,6;0;21648,044692737432;0;;;
08184;Rubí;Vallès Occidental;2009;623,8872541;;;;;;;;15200;71,6;871,3509135;21229,05027932961;49,254256902631575;;;
08187;Sabadell;Vallès Occidental;2009;635,1518601;;;;;;;;17200;71,6;887,0836034916201;24022,346368715083;44,312920472093026;;;
08191;Sallent;Bages;2009;0;;;;;;;;17100;71,6;0;23882,68156424581;0;;;
08192;Santpedor;Bages;2009;503,5922102;;;;;;;;17400;71,6;703,3410756983241;24301,67597765363;34,730497255172416;;;
08194;Sant Adrià de Besòs;Barcelonès;2009;716,6828109;;;;;;;;13700;71,6;1000,953647;19134,078212290504;62,77513672116789;;;
08196;Sant Andreu de la Barca;Baix Llobregat;2009;632,3574694;;;;;;;;14300;71,6;883,1808231843576;19972,067039106147;53,06496246713287;;;
08197;Sant Andreu de Llavaneres;Maresme;2009;834,7184652;;;;;;;;22000;71,6;1165,8079122905028;30726,256983240226;45,530098101818176;;;
08198;Sant Antoni de Vilamajor;Vallès Oriental;2009;675,5803727;;;;;;;;19500;71,6;943,5480065642458;27234,63687150838;41,57417678153846;;;
08200;Sant Boi de Llobregat;Baix Llobregat;2009;660,7139689;;;;;;;;14800;71,6;922,7848727653633;20670,391061452516;53,57140288378379;;;
08202;Sant Celoni;Vallès Oriental;2009;538,596378;;;;;;;;15400;71,6;752,2295782122904;21508,37988826816;41,96854893506493;;;
08205;Sant Cugat del Vallès;Vallès Occidental;2009;878,1089646;;;;;;;;22800;71,6;1226,4091684357543;31843,575418994416;46,216261294736846;;;
08208;Sant Esteve Sesrovires;Baix Llobregat;2009;697,7373721;;;;;;;;15800;71,6;974,4935365;22067,039106145254;52,992711805063294;;;
08209;Sant Fost de Campsentelles;Vallès Oriental;2009;558,536473;;;;;;;;18000;71,6;780,0788729;25139,664804469274;37,23576486666666;;;
08210;Sant Feliu de Codines;Vallès Oriental;2009;474,2050686;;;;;;;;17000;71,6;662,2975818435755;23743,016759776536;33,47329896;;;
08211;Sant Feliu de Llobregat;Baix Llobregat;2009;695,6014924;;;;;;;;16800;71,6;971,5104642458101;23463,687150837988;49,685820885714286;;;
08213;Sant Fruitós de Bages;Bages;2009;521,6195889;;;;;;;;18700;71,6;728,5189789106146;26117,31843575419;33,472914795721934;;;
08214;Vilassar de Dalt;Maresme;2009;809,3810244;;;;;;;;21600;71,6;1130,4204251396648;30167,59776536313;44,96561246666666;;;
08217;Sant Joan Despí;Baix Llobregat;2009;680,1276419;;;;;;;;17100;71,6;949,8989412011173;23882,68156424581;47,728255571929814;;;
08218;Sant Joan de Vilatorrada;Bages;2009;473,177416;;;;;;;;16100;71,6;660,8623128;22486,033519553075;35,26788194;;;
08219;Vilassar de Mar;Maresme;2009;754,7730817;;;;;;;;20000;71,6;1054,1523487430168;27932,96089385475;45,2863849;;;
08221;Sant Just Desvern;Baix Llobregat;2009;1048,284961;;;;;;;;25500;71,6;1464,0851410614528;35614,52513966481;49,33105699;;;
08230;Premià de Dalt;Maresme;2009;1050,988965;;;;;;;;21900;71,6;1467,8616829608939;30586,592178770952;57,58843643835616;;;
08231;Sant Pere de Ribes;Garraf;2009;660,7830181;;;;;;;;16400;71,6;922,8813101955309;22905,027932960897;48,34997693414635;;;
08234;Sant Pere de Vilamajor;Vallès Oriental;2009;0;;;;;;;;17631;71,6;0;24624,301675977655;0;;;
08235;Sant Pol de Mar;Maresme;2009;0;;;;;;;;22500;71,6;0;31424,581005586595;0;;;
08238;Sant Quirze del Vallès;Vallès Occidental;2009;797,5201909;;;;;;;;20900;71,6;1113,8550152234636;29189,944134078214;45,79063297033493;;;
08240;Sant Sadurní d'Anoia;Alt Penedès;2009;545,4725721;;;;;;;;18000;71,6;761,8332012569832;25139,664804469274;36,36483814;;;
08244;Santa Coloma de Cervelló;Baix Llobregat;2009;0;;;;;;;;16600;71,6;0;23184,35754189944;0;;;
08245;Santa Coloma de Gramenet;Barcelonès;2009;608,0691084;;;;;;;;13000;71,6;849,2585312849162;18156,424581005587;56,129456160000004;;;
08248;Santa Eulàlia de Ronçana;Vallès Oriental;2009;0;;;;;;;;17100;71,6;0;23882,68156424581;0;;;
08250;Santa Margarida de Montbui;Anoia;2009;0;;;;;;;;13900;71,6;0;19413,40782122905;0;;;
08251;Santa Margarida i els Monjos;Alt Penedès;2009;492,8336273;;;;;;;;14800;71,6;688,3151219273743;20670,391061452516;39,95948329459459;;;
08252;Barberà del Vallès;Vallès Occidental;2009;672,2754088;;;;;;;;16200;71,6;938,9321351955308;22625,69832402235;49,79817842962963;;;
08259;Santa Maria de Palautordera;Vallès Oriental;2009;0;;;;;;;;15200;71,6;0;21229,05027932961;0;;;
08260;Santa Perpètua de Mogoda;Vallès Occidental;2009;650,6997477;;;;;;;;15700;71,6;908,7985303072626;21927,37430167598;49,735012563057325;;;
08262;Sant Vicenç de Castellet;Bages;2009;434,7883287;;;;;;;;16000;71,6;607,2462691340783;22346,36872;32,60912465250001;;;
08263;Sant Vicenç dels Horts;Baix Llobregat;2009;677,6118;;;;;;;;14100;71,6;946,3851955307263;19692,73743;57,66908936170213;;;
08264;Sant Vicenç de Montalt;Maresme;2009;0;;;;;;;;22700;71,6;0;31703,910614525143;0;;;
08266;Cerdanyola del Vallès;Vallès Occidental;2009;689,1259792;;;;;;;;18000;71,6;962,4664514;25139,664804469274;45,941731946666664;;;
08267;Sentmenat;Vallès Occidental;2009;572,6250102;;;;;;;;16400;71,6;799,7556008379889;22905,027932960897;41,89939099024391;;;
08270;Sitges;Garraf;2009;875,3520641;;;;;;;;18900;71,6;1222,5587487430168;26396,648044692738;55,577908831746036;;;
08274;Súria;Bages;2009;0;;;;;;;;17000;71,6;0;23743,016759776536;0;;;
08278;Taradell;Osona;2009;460,566276;;;;;;;;16900;71,6;643,2489888268157;23603,351955307262;32,70293084023669;;;
08279;Terrassa;Vallès Occidental;2009;557,2875054;;;;;;;;16500;71,6;778,3345047486034;23044,69273743017;40,53000039272727;;;
08281;Teià;Maresme;2009;995,5943726;;;;;;;;26500;71,6;1390,4949337988828;37011,17318435754;45,08351875924529;;;
08282;Tiana;Maresme;2009;921,4579384;;;;;;;;23200;71,6;1286,952427932961;32402,234636871508;47,66161750344828;;;
08283;Tona;Osona;2009;0;;;;;;;;15900;71,6;0;22206,703910614528;0;;;
08284;Tordera;Maresme;2009;508,4280867;;;;;;;;14500;71,6;710,0950931564246;20251,396648044694;42,07680717517241;;;
08285;Torelló;Osona;2009;417,9468667;;;;;;;;16600;71,6;583,7246741620112;23184,35754189944;30,21302650843373;;;
08289;Torrelles de Llobregat;Baix Llobregat;2009;0;;;;;;;;16900;71,6;0;23603,351955307262;0;;;
08291;Vacarisses;Vallès Occidental;2009;0;;;;;;;;14400;71,6;0;20111,73184357542;0;;;
08295;Vallirana;Baix Llobregat;2009;753,8487313;;;;;;;;16200;71,6;1052,8613565642459;22625,69832402235;55,84064676296296;;;
08298;Vic;Osona;2009;499,434733;;;;;;;;16400;71,6;697,5345432960894;22905,027932960897;36,544004853658535;;;
08300;Viladecavalls;Vallès Occidental;2009;0;;;;;;;;16900;71,6;0;23603,351955307262;0;;;
08301;Viladecans;Baix Llobregat;2009;724,0894307;;;;;;;;15000;71,6;1011,2980875698324;20949,720670391063;57,92715446;;;
08302;Vilanova del Camí;Anoia;2009;457,5439342;;;;;;;;13900;71,6;639,0278410614526;19413,40782122905;39,500195758273385;;;
08305;Vilafranca del Penedès;Alt Penedès;2009;527,7049557;;;;;;;;17200;71,6;737,0180945530727;24022,346368715083;36,81662481627907;;;
08307;Vilanova i la Geltrú;Garraf;2009;594,9288908;;;;;;;;16900;71,6;830,9062720670391;23603,351955307262;42,243471536094674;;;
08902;Vilanova del Vallès;Vallès Oriental;2009;0;;;;;;;;19287;71,6;0;26937,15083798883;0;;;
08904;Badia del Vallès;Vallès Occidental;2009;0;;;;;;;;12400;71,6;0;17318,435754189944;0;;;
17008;Anglès;Selva;2009;423,1560263;;;;;;;;17100;71,6;591,0000367318436;23882,68156424581;29,695159740350874;;;
17009;Arbúcies;Selva;2009;392,044642;;;;;;;;16900;71,6;547,5483826815642;23603,351955307262;27,837489372781064;;;
17015;Banyoles;Pla de l'Estany;2009;532,8957321;;;;;;;;18600;71,6;744,2677822625699;25977,653631284917;34,380369812903226;;;
17020;Bescanó;Gironès;2009;0;;;;;;;;16790;71,6;0;23449,720670391063;0;;;
17022;Bisbal d'Empordà, la;Baix Empordà;2009;466,6221492;;;;;;;;18100;71,6;651,7069122905028;25279,329608938548;30,936275085082876;;;
17023;Blanes;Selva;2009;503,7633592;;;;;;;;15500;71,6;703,5801106145252;21648,044692737432;39,00103426064516;;;
17033;Caldes de Malavella;Selva;2009;0;;;;;;;;17300;71,6;0;24162,011173184357;0;;;
17034;Calonge i Sant Antoni;Baix Empordà;2009;545,2688655;;;;;;;;17700;71,6;761,5486948324022;24720,670391061452;36,96738071;;;
17044;Cassà de la Selva;Gironès;2009;556,4517276;;;;;;;;18200;71,6;777,1672173184359;25418,99441340782;36,6891249;;;
17047;Castelló d'Empúries;Alt Empordà;2009;479,6798091;;;;;;;;13000;71,6;669,9438674581006;18156,424581005587;44,27813622461538;;;
17048;Castell d'Aro, Platja d'Aro i s'Agaró;Baix Empordà;2009;511,7315192;;;;;;;;16600;71,6;714,7088256983241;23184,35754189944;36,99263994216867;;;
17049;Celrà;Gironès;2009;0;;;;;;;;15672;71,6;0;21888,268156424583;0;;;
17062;Escala, l';Alt Empordà;2009;528,6643434;;;;;;;;17200;71,6;738,3580215083799;24022,346368715083;36,88355884186046;;;
17066;Figueres;Alt Empordà;2009;490,807123;;;;;;;;17500;71,6;685,4848087;24441,340782122905;33,65534557714285;;;
17079;Girona;Gironès;2009;546,4433798;;;;;;;;20200;71,6;763,1890779329609;28212,290502793297;32,46198295841584;;;
17089;Llagostera;Gironès;2009;451,2503767;;;;;;;;17000;71,6;630,2379562849162;23743,016759776536;31,85296776705882;;;
17092;Llançà;Alt Empordà;2009;472,225541;;;;;;;;18900;71,6;659,5328784916202;26396,648044692738;29,982574031746033;;;
17095;Lloret de Mar;Selva;2009;498,5232481;;;;;;;;15000;71,6;696,2615196927375;20949,720670391063;39,88185985;;;
17103;Maçanet de la Selva;Selva;2009;0;;;;;;;;13800;71,6;0;19273,743016759778;0;;;
17114;Olot;Garrotxa;2009;424,8362228;;;;;;;;18100;71,6;593,3466798882681;25279,329608938548;28,16593742320442;;;
17117;Palafrugell;Baix Empordà;2009;555,1568039;;;;;;;;16800;71,6;775,3586646648045;23463,687150837988;39,654057421428575;;;
17118;Palamós;Baix Empordà;2009;541,865515;;;;;;;;16300;71,6;756,7954120111732;22765,363128491623;39,891939754601225;;;
17141;Puigcerdà;Cerdanya;2009;530,5275342;;;;;;;;18700;71,6;740,9602432960894;26117,31843575419;34,04454764919786;;;
17147;Ripoll;Ripollès;2009;383,3352763;;;;;;;;18300;71,6;535,3844641061453;25558,659217877095;25,136739429508193;;;
17152;Roses;Alt Empordà;2009;467,6339512;;;;;;;;13800;71,6;653,1200436;19273,743016759778;40,66382184347827;;;
17155;Salt;Gironès;2009;499,607869;;;;;;;;12800;71,6;697,7763533519553;17877,09497206704;46,83823772;;;
17160;Sant Feliu de Guíxols;Baix Empordà;2009;510,7566282;;;;;;;;17400;71,6;713,3472460893855;24301,67597765363;35,224595048275866;;;
17164;Sant Hilari Sacalm;Selva;2009;0;;;;;;;;17400;71,6;0;24301,67597765363;0;;;
17180;Santa Coloma de Farners;Selva;2009;510,9591761;;;;;;;;17200;71,6;713,6301342178771;24022,346368715083;35,64831461162791;;;
17181;Santa Cristina d'Aro;Baix Empordà;2009;0;;;;;;;;15480;71,6;0;21620,111731843575;0;;;
17186;Sarrià de Ter;Gironès;2009;0;;;;;;;;17372;71,6;0;24262,569832402234;0;;;
17193;Sils;Selva;2009;0;;;;;;;;16300;71,6;0;22765,363128491623;0;;;
17199;Torroella de Montgrí;Baix Empordà;2009;512,756505;;;;;;;;16300;71,6;716,1403701117318;22765,363128491623;37,74894515337423;;;
17202;Tossa de Mar;Selva;2009;0;;;;;;;;17900;71,6;0;25000;0;;;
17213;Vidreres;Selva;2009;0;;;;;;;;16000;71,6;0;22346,36872;0;;;
17221;Vilafant;Alt Empordà;2009;551,2613355;;;;;;;;16700;71,6;769,9180663407822;23324,022346368714;39,61159297005988;;;
25003;Agramunt;Urgell;2009;0;;;;;;;;18200;71,6;0;25418,99441340782;0;;;
25011;Alcarràs;Segrià;2009;0;;;;;;;;17300;71,6;0;24162,011173184357;0;;;
25019;Almacelles;Segrià;2009;0;;;;;;;;16700;71,6;0;23324,022346368714;0;;;
25023;Alpicat;Segrià;2009;0;;;;;;;;20700;71,6;0;28910,614525139667;0;;;
25040;Balaguer;Noguera;2009;340,3933307;;;;;;;;15800;71,6;475,40967974860337;22067,039106145254;25,85265803;;;
25050;Bellpuig;Urgell;2009;0;;;;;;;;13591;71,6;0;18981,843575418996;0;;;
25058;Borges Blanques, les;Garrigues;2009;0;;;;;;;;17700;71,6;0;24720,670391061452;0;;;
25072;Cervera;Segarra;2009;0;;;;;;;;16300;71,6;0;22765,363128491623;0;;;
25110;Guissona;Segarra;2009;0;;;;;;;;14300;71,6;0;19972,067039106147;0;;;
25120;Lleida;Segrià;2009;432,2729591;;;;;;;;17800;71,6;603,7331831005587;24860,335195530726;29,141997242696625;;;
25137;Mollerussa;Pla d'Urgell;2009;391,4379946;;;;;;;;15500;71,6;546,7011097765363;21648,044692737432;30,304877001290325;;;
25203;Seu d'Urgell, la;Alt Urgell;2009;440,1929449;;;;;;;;16700;71,6;614,7946158;23324,022346368714;31,630630771257483;;;
25207;Solsona;Solsonès;2009;355,9990627;;;;;;;;16700;71,6;497,2053948324023;23324,022346368714;25,580770972455092;;;
25217;Tàrrega;Urgell;2009;0;;;;;;;;17500;71,6;0;24441,340782122905;0;;;
25234;Tremp;Pallars Jussà;2009;0;;;;;;;;19700;71,6;0;27513,96648044693;0;;;
25243;Vielha e Mijaran;Val d'Aran;2009;0;;;;;;;;20200;71,6;0;28212,290502793297;0;;;
43004;Alcanar;Montsià;2009;0;;;;;;;;16300;71,6;0;22765,363128491623;0;;;
43005;Alcover;Alt Camp;2009;0;;;;;;;;16500;71,6;0;23044,69273743017;0;;;
43012;Altafulla;Tarragonès;2009;0;;;;;;;;19237;71,6;0;26867,31843575419;0;;;
43013;Ametlla de Mar, l';Baix Ebre;2009;0;;;;;;;;14600;71,6;0;20391,061452513968;0;;;
43014;Amposta;Montsià;2009;370,5192983;;;;;;;;17500;71,6;517,4850534916202;24441,340782122905;25,40703759771429;;;
43016;Arboç, l';Baix Penedès;2009;0;;;;;;;;15600;71,6;0;21787,709497206706;0;;;
43037;Calafell;Baix Penedès;2009;570,6590536;;;;;;;;18000;71,6;797,0098513966481;25139,664804469274;38,04393690666667;;;
43038;Cambrils;Baix Camp;2009;578,9872536;;;;;;;;17000;71,6;808,6414156424581;23743,016759776536;40,869688489411764;;;
43043;Catllar, el;Tarragonès;2009;0;;;;;;;;17884;71,6;0;24977,653631284917;0;;;
43044;Sénia, la;Montsià;2009;0;;;;;;;;17200;71,6;0;24022,346368715083;0;;;
43047;Constantí;Tarragonès;2009;0;;;;;;;;13800;71,6;0;19273,743016759778;0;;;
43051;Cunit;Baix Penedès;2009;491,2700958;;;;;;;;16200;71,6;686,1314187150838;22625,69832402235;36,39037746666666;;;
43086;Montblanc;Conca de Barberà;2009;437,2464154;;;;;;;;17100;71,6;610,6793511173184;23882,68156424581;30,683958975438596;;;
43092;Mont-roig del Camp;Baix Camp;2009;492,5338979;;;;;;;;15300;71,6;687,8965054469274;21368,715083798885;38,63010963921569;;;
43093;Móra d'Ebre;Ribera d'Ebre;2009;0;;;;;;;;18700;71,6;0;26117,31843575419;0;;;
43100;Pallaresos, els;Tarragonès;2009;0;;;;;;;;18422;71,6;0;25729,05027932961;0;;;
43123;Reus;Baix Camp;2009;463,1299128;;;;;;;;17100;71,6;646,8294872;23882,68156424581;32,50034475789473;;;
43129;Riudoms;Baix Camp;2009;0;;;;;;;;16800;71,6;0;23463,687150837988;0;;;
43131;Roda de Berà;Tarragonès;2009;0;;;;;;;;16800;71,6;0;23463,687150837988;0;;;
43133;Roquetes;Baix Ebre;2009;365,4399986;;;;;;;;15800;71,6;510,39105949720675;22067,039106145254;27,754936602531643;;;
43136;Ràpita, la;Montsià;2009;0;;;;;;;;16700;71,6;0;23324,022346368714;0;;;
43145;Selva del Camp, la;Baix Camp;2009;517,0168071;;;;;;;;16400;71,6;722,0905127094973;22905,027932960897;37,83049808048781;;;
43148;Tarragona;Tarragonès;2009;520,937803;;;;;;;;19100;71,6;727,5667639664805;26675,977653631286;32,72907662827225;;;
43153;Torredembarra;Tarragonès;2009;532,3653987;;;;;;;;18000;71,6;743,5270931564246;25139,664804469274;35,49102658;;;
43155;Tortosa;Baix Ebre;2009;389,2155405;;;;;;;;17800;71,6;543,5971236;24860,335195530726;26,239249921348318;;;
43156;Ulldecona;Montsià;2009;0;;;;;;;;16700;71,6;0;23324,022346368714;0;;;
43161;Valls;Alt Camp;2009;441,1449437;;;;;;;;17800;71,6;616,1242230446927;24860,335195530726;29,74010856404494;;;
43162;Vandellòs i l'Hospitalet de l'Infant;Baix Camp;2009;0;;;;;;;;15900;71,6;0;22206,703910614528;0;;;
43163;Vendrell, el;Baix Penedès;2009;495,8745477;;;;;;;;18100;71,6;692,5622174581006;25279,329608938548;32,87566062099447;;;
43171;Vila-seca;Tarragonès;2009;468,7899359;;;;;;;;14500;71,6;654,7345473463687;20251,396648044694;38,79640848827586;;;
43901;Deltebre;Baix Ebre;2009;0;;;;;;;;17600;71,6;0;24581,00558659218;0;;;
43905;Salou;Tarragonès;2009;364,5980989;;;;;;;;14800;71,6;509,21522192737433;20670,391061452516;29,562008018918924;;;
43907;Canonja, la;Tarragonès;2009;0;;;;;;;;13003;71,6;0;18160,614525139667;0;;;
08001;Abrera;Baix Llobregat;2008;0;;;;;;;;14900;71,5;0;20839,16083916084;0;;;
08003;Alella;Maresme;2008;1061,733168;;;;;;;;26900;71,5;1484,9414937062938;37622,37762237762;47,36356139776952;;;
08005;Ametlla del Vallès, l';Vallès Oriental;2008;0;;;;;;;;23900;71,5;0;33426,57342657343;0;;;
08006;Arenys de Mar;Maresme;2008;618,4863369;;;;;;;;17600;71,5;865,0158558041958;24615,384615384617;42,169522970454544;;;
08007;Arenys de Munt;Maresme;2008;0;;;;;;;;18100;71,5;0;25314,685314685317;0;;;
08009;Argentona;Maresme;2008;710,0112939;;;;;;;;18200;71,5;993,0227886713288;25454,545454545456;46,813931465934076;;;
08010;Artés;Bages;2008;543,3389729;;;;;;;;15900;71,5;759,9146474125876;22237,76223776224;41,00671493584906;;;
08015;Badalona;Barcelonès;2008;697,6230921;;;;;;;;14700;71,5;975,6966323076923;20559,44055944056;56,94882384489796;;;
08019;Barcelona;Barcelonès;2008;813,0226616;;;;;;;;19800;71,5;1137,0946316083916;27692,307692307695;49,27410070303031;;;
08020;Begues;Baix Llobregat;2008;911,0175175;;;;;;;;20400;71,5;1274,1503741258744;28531,468531468534;53,58926573529412;;;
08022;Berga;Berguedà;2008;418,8764228;;;;;;;;17000;71,5;585,8411507692308;23776,22377622378;29,567747491764706;;;
08023;Bigues i Riells del Fai;Vallès Oriental;2008;0;;;;;;;;17700;71,5;0;24755,244755244756;0;;;
08029;Cabrera de Mar;Maresme;2008;0;;;;;;;;21437;71,5;0;29981,818181818184;0;;;
08030;Cabrils;Maresme;2008;0;;;;;;;;27400;71,5;0;38321,67832167832;0;;;
08033;Caldes de Montbui;Vallès Oriental;2008;626,9624687;;;;;;;;16500;71,5;876,8705855944057;23076,923076923078;45,59727045090909;;;
08035;Calella;Maresme;2008;575,6524195;;;;;;;;14200;71,5;805,108279;19860,13986013986;48,64668333802816;;;
08040;Canet de Mar;Maresme;2008;669,5892231;;;;;;;;16800;71,5;936,4884239;23496,503496503497;47,82780165;;;
08041;Canovelles;Vallès Oriental;2008;597,0817926;;;;;;;;13300;71,5;835,0794302097902;18601,398601398603;53,872041437593985;;;
08043;Canyelles;Garraf;2008;0;;;;;;;;16757;71,5;0;23436,363636363636;0;;;
08044;Capellades;Anoia;2008;0;;;;;;;;16400;71,5;0;22937,06293706294;0;;;
08046;Cardedeu;Vallès Oriental;2008;629,2908;;;;;;;;17200;71,5;880,1269930069931;24055,944055944055;43,90400930232558;;;
08051;Castellar del Vallès;Vallès Occidental;2008;686,2578173;;;;;;;;17700;71,5;959,8011430769232;24755,244755244756;46,52595371525424;;;
08054;Castellbisbal;Vallès Occidental;2008;779,3012782;;;;;;;;16300;71,5;1089,9318576223777;22797,202797202797;57,371873241717786;;;
08056;Castelldefels;Baix Llobregat;2008;906,1429261;;;;;;;;16700;71,5;1267,3327637762238;23356,64335664336;65,11206654610778;;;
08067;Centelles;Osona;2008;494,8598805;;;;;;;;16800;71,5;692,111721;23496,503496503497;35,34713432142857;;;
08068;Cervelló;Baix Llobregat;2008;0;;;;;;;;16800;71,5;0;23496,503496503497;0;;;
08072;Corbera de Llobregat;Baix Llobregat;2008;668,6931761;;;;;;;;18100;71,5;935,2352113286713;25314,685314685317;44,33324924419889;;;
08073;Cornellà de Llobregat;Baix Llobregat;2008;690,9389711;;;;;;;;14700;71,5;966,3482113286714;20559,44055944056;56,403181314285725;;;
08074;Cubelles;Garraf;2008;684,9580675;;;;;;;;15600;71,5;957,9833111888112;21818,18181818182;52,68908211538462;;;
08075;Dosrius;Maresme;2008;0;;;;;;;;16605;71,5;0;23223,776223776225;0;;;
08076;Esparreguera;Baix Llobregat;2008;624,6847882;;;;;;;;15300;71,5;873,6850184615384;21398,6014;48,994885349019604;;;
08077;Esplugues de Llobregat;Baix Llobregat;2008;824,4780619;;;;;;;;17800;71,5;1153,1161704895105;24895,104895104898;55,58279068988764;;;
08086;Franqueses del Vallès, les;Vallès Oriental;2008;672,7599478;;;;;;;;15500;71,5;940,9230039160839;21678,321678321678;52,08464112;;;
08088;Garriga, la;Vallès Oriental;2008;638,8061497;;;;;;;;18300;71,5;893,4351744055945;25594,405594405594;41,88892784918033;;;
08089;Gavà;Baix Llobregat;2008;787,7680456;;;;;;;;16400;71,5;1101,7734903496505;22937,06293706294;57,64156431219513;;;
08091;Gelida;Alt Penedès;2008;0;;;;;;;;17300;71,5;0;24195,804195804198;0;;;
08092;Gironella;Berguedà;2008;0;;;;;;;;17700;71,5;0;24755,244755244756;0;;;
08096;Granollers;Vallès Oriental;2008;629,3041108;;;;;;;;16100;71,5;880,1456095104895;22517,48251748252;46,904654221118015;;;
08101;Hospitalet de Llobregat, l';Barcelonès;2008;696,8108424;;;;;;;;14100;71,5;974,5606187412587;19720,279720279723;59,30305041702126;;;
08102;Igualada;Anoia;2008;459,5891;;;;;;;;17400;71,5;642,781958;24335,664335664336;31,695800000000002;;;
08105;Llagosta, la;Vallès Oriental;2008;0;;;;;;;;12900;71,5;0;18041,95804195804;0;;;
08106;Llinars del Vallès;Vallès Oriental;2008;608,5258586;;;;;;;;16300;71,5;851,0851169;22797,202797202797;44,79944971288343;;;
08107;Lliçà d'Amunt;Vallès Oriental;2008;0;;;;;;;;14800;71,5;0;20699,3007;0;;;
08108;Lliçà de Vall;Vallès Oriental;2008;0;;;;;;;;18700;71,5;0;26153,846153846156;0;;;
08110;Malgrat de Mar;Maresme;2008;576,9655507;;;;;;;;15100;71,5;806,9448261538462;21118,88111888112;45,85156694304636;;;
08112;Manlleu;Osona;2008;489,8810158;;;;;;;;15000;71,5;685,1482738461539;20979,02097902098;39,19048126;;;
08113;Manresa;Bages;2008;482,791449;;;;;;;;17400;71,5;675,2327958041958;24335,664335664336;33,295962;;;
08114;Martorell;Baix Llobregat;2008;614,700325;;;;;;;;15000;71,5;859,7207342657343;20979,02097902098;49,176026;;;
08118;Masnou, el;Maresme;2008;831,9294166;;;;;;;;21000;71,5;1163,5376455944056;29370,629370629373;47,53882380571429;;;
08119;Masquefa;Anoia;2008;613,745606;;;;;;;;14900;71,5;858,3854629370629;20839,16083916084;49,42917632214765;;;
08120;Matadepera;Vallès Occidental;2008;988,4798803;;;;;;;;30600;71,5;1382,4893430769232;42797,2028;38,76391687450981;;;
08121;Mataró;Maresme;2008;650,751948;;;;;;;;16000;71,5;910,1425846153846;22377,622377622378;48,80639609999999;;;
08123;Molins de Rei;Baix Llobregat;2008;715,5883385;;;;;;;;19000;71,5;1000,8228510489511;26573,426573426575;45,19505295789474;;;
08124;Mollet del Vallès;Vallès Oriental;2008;556,0847642;;;;;;;;14600;71,5;777,740929;20419,58041958042;45,70559705753425;;;
08125;Montcada i Reixac;Vallès Occidental;2008;666,8082446;;;;;;;;15500;71,5;932,5989434965035;21678,321678321678;51,62386409806452;;;
08126;Montgat;Maresme;2008;732,3821536;;;;;;;;17700;71,5;1024,3107043356645;24755,244755244756;49,65302736271187;;;
08135;Montmeló;Vallès Oriental;2008;0;;;;;;;;15300;71,5;0;21398,6014;0;;;
08136;Montornès del Vallès;Vallès Oriental;2008;661,0212574;;;;;;;;13700;71,5;924,5052551048951;19160,83916083916;57,89967218;;;
08138;Moià;Moianès;2008;505,9764446;;;;;;;;16400;71,5;707,6593630769231;22937,06293706294;37,02266667804878;;;
08140;Navarcles;Bages;2008;477,6226509;;;;;;;;16800;71,5;668,0037075524476;23496,503496503497;34,11590363571428;;;
08141;Navàs;Bages;2008;422,4449825;;;;;;;;17600;71,5;590,8321433566433;24615,384615384617;28,80306698863636;;;
08147;Olesa de Montserrat;Baix Llobregat;2008;624,0248297;;;;;;;;15400;71,5;872,7619995804197;21538,46153846154;48,62531140519481;;;
08155;Palafolls;Maresme;2008;0;;;;;;;;14600;71,5;0;20419,58041958042;0;;;
08156;Palau-solità i Plegamans;Vallès Occidental;2008;740,5753147;;;;;;;;17200;71,5;1035,769670909091;24055,944055944055;51,66804521162791;;;
08157;Pallejà;Baix Llobregat;2008;633,4937768;;;;;;;;16900;71,5;886,0052822377622;23636,363636363636;44,981806636686386;;;
08159;Parets del Vallès;Vallès Oriental;2008;683,643519;;;;;;;;16200;71,5;956,1447818181819;22657,34265734266;50,640260666666656;;;
08161;Piera;Anoia;2008;604,5937817;;;;;;;;14400;71,5;845,5857086713287;20139,860139860142;50,38281514166667;;;
08163;Pineda de Mar;Maresme;2008;580,1373919;;;;;;;;14600;71,5;811,3809676923078;20419,58041958042;47,68252536164383;;;
08167;Polinyà;Vallès Occidental;2008;624,0782026;;;;;;;;15200;71,5;872,8366469930071;21258,74125874126;49,26933178421053;;;
08169;Prat de Llobregat, el;Baix Llobregat;2008;579,295778;;;;;;;;15100;71,5;810,2038853146854;21118,88111888112;46,03675056953642;;;
08172;Premià de Mar;Maresme;2008;746,6502141;;;;;;;;17200;71,5;1044,2660337062937;24055,944055944055;52,09187540232557;;;
08180;Ripollet;Vallès Occidental;2008;683,5413436;;;;;;;;14600;71,5;956,0018791608392;20419,58041958042;56,18148029589042;;;
08181;Roca del Vallès, la;Vallès Oriental;2008;679,5061731;;;;;;;;17200;71,5;950,3582840559441;24055,944055944055;47,40740742558139;;;
08183;Roda de Ter;Osona;2008;0;;;;;;;;15100;71,5;0;21118,88111888112;0;;;
08184;Rubí;Vallès Occidental;2008;685,2237488;;;;;;;;14900;71,5;958,3548934265734;20839,16083916084;55,185805272483215;;;
08187;Sabadell;Vallès Occidental;2008;663,6860585;;;;;;;;17200;71,5;928,2322496503496;24055,944055944055;46,3036785;;;
08191;Sallent;Bages;2008;0;;;;;;;;17100;71,5;0;23916,083916083917;0;;;
08192;Santpedor;Bages;2008;547,0095818;;;;;;;;17600;71,5;765,0483661538461;24615,384615384617;37,29610785;;;
08194;Sant Adrià de Besòs;Barcelonès;2008;705,4844762;;;;;;;;13600;71,5;986,6915751048952;19020,979020979023;62,248630252941176;;;
08196;Sant Andreu de la Barca;Baix Llobregat;2008;690,9427049;;;;;;;;14500;71,5;966,3534334265735;20279,72027972028;57,181465233103445;;;
08197;Sant Andreu de Llavaneres;Maresme;2008;799,9829435;;;;;;;;22700;71,5;1118,8572636363638;31748,25174825175;42,289847233480174;;;
08198;Sant Antoni de Vilamajor;Vallès Oriental;2008;744,4398241;;;;;;;;19400;71,5;1041,1745791608391;27132,867132867133;46,047824171134025;;;
08200;Sant Boi de Llobregat;Baix Llobregat;2008;709,5919923;;;;;;;;14800;71,5;992,4363528671329;20699,3007;57,534485862162164;;;
08202;Sant Celoni;Vallès Oriental;2008;547,0400142;;;;;;;;15300;71,5;765,0909289510489;21398,6014;42,905099152941176;;;
08205;Sant Cugat del Vallès;Vallès Occidental;2008;935,2179386;;;;;;;;22700;71,5;1307,997116923077;31748,25174825175;49,43883375859031;;;
08208;Sant Esteve Sesrovires;Baix Llobregat;2008;0;;;;;;;;15700;71,5;0;21958,04195804196;0;;;
08209;Sant Fost de Campsentelles;Vallès Oriental;2008;0;;;;;;;;18300;71,5;0;25594,405594405594;0;;;
08210;Sant Feliu de Codines;Vallès Oriental;2008;460,9065495;;;;;;;;16700;71,5;644,6245447552448;23356,64335664336;33,11903349700599;;;
08211;Sant Feliu de Llobregat;Baix Llobregat;2008;735,243637;;;;;;;;17000;71,5;1028,3127790209792;23776,22377622378;51,899550847058826;;;
08213;Sant Fruitós de Bages;Bages;2008;540,7911557;;;;;;;;18700;71,5;756,3512667132867;26153,846153846156;34,70317576684492;;;
08214;Vilassar de Dalt;Maresme;2008;806,2159044;;;;;;;;21700;71,5;1127,5746914685315;30349,65034965035;44,58336798525346;;;
08217;Sant Joan Despí;Baix Llobregat;2008;775,9312324;;;;;;;;17300;71,5;1085,218506853147;24195,804195804198;53,821819588439304;;;
08218;Sant Joan de Vilatorrada;Bages;2008;521,7070788;;;;;;;;16000;71,5;729,6602501;22377,622377622378;39,12803090999999;;;
08219;Vilassar de Mar;Maresme;2008;728,949541;;;;;;;;20400;71,5;1019,5098475524476;28531,468531468534;42,87938476470588;;;
08221;Sant Just Desvern;Baix Llobregat;2008;1082,317383;;;;;;;;24900;71,5;1513,7306055944057;34825,17482517483;52,159873879518074;;;
08230;Premià de Dalt;Maresme;2008;936,2376;;;;;;;;21600;71,5;1309,423216783217;30209,79020979021;52,013200000000005;;;
08231;Sant Pere de Ribes;Garraf;2008;729,1931193;;;;;;;;16600;71,5;1019,8505165034966;23216,783216783217;52,71275561204819;;;
08234;Sant Pere de Vilamajor;Vallès Oriental;2008;0;;;;;;;;17631;71,5;0;24658,74125874126;0;;;
08235;Sant Pol de Mar;Maresme;2008;0;;;;;;;;22500;71,5;0;31468,53146853147;0;;;
08238;Sant Quirze del Vallès;Vallès Occidental;2008;753,3333226;;;;;;;;20900;71,5;1053,6130386013986;29230,76923076923;43,25358790047847;;;
08240;Sant Sadurní d'Anoia;Alt Penedès;2008;575,6399744;;;;;;;;18200;71,5;805,0908732867134;25454,545454545456;37,95428402637363;;;
08244;Santa Coloma de Cervelló;Baix Llobregat;2008;0;;;;;;;;16900;71,5;0;23636,363636363636;0;;;
08245;Santa Coloma de Gramenet;Barcelonès;2008;635,400753;;;;;;;;12900;71,5;888,6723818181819;18041,95804195804;59,10704679069768;;;
08248;Santa Eulàlia de Ronçana;Vallès Oriental;2008;0;;;;;;;;17600;71,5;0;24615,384615384617;0;;;
08250;Santa Margarida de Montbui;Anoia;2008;0;;;;;;;;13800;71,5;0;19300,6993;0;;;
08251;Santa Margarida i els Monjos;Alt Penedès;2008;0;;;;;;;;14700;71,5;0;20559,44055944056;0;;;
08252;Barberà del Vallès;Vallès Occidental;2008;719,8143491;;;;;;;;16000;71,5;1006,7333553846154;22377,622377622378;53,98607618;;;
08259;Santa Maria de Palautordera;Vallès Oriental;2008;0;;;;;;;;15400;71,5;0;21538,46153846154;0;;;
08260;Santa Perpètua de Mogoda;Vallès Occidental;2008;763,670641;;;;;;;;15500;71,5;1068,0708265734268;21678,321678321678;59,12288833548387;;;
08262;Sant Vicenç de Castellet;Bages;2008;485,8892868;;;;;;;;15800;71,5;679,5654360839161;22097,9021;36,902983807594936;;;
08263;Sant Vicenç dels Horts;Baix Llobregat;2008;741,790122;;;;;;;;14200;71,5;1037,4687020979022;19860,13986013986;62,686489183098594;;;
08264;Sant Vicenç de Montalt;Maresme;2008;0;;;;;;;;23700;71,5;0;33146,85314685315;0;;;
08266;Cerdanyola del Vallès;Vallès Occidental;2008;765,8364085;;;;;;;;17500;71,5;1071,099872027972;24475,524475524475;52,51449658285714;;;
08267;Sentmenat;Vallès Occidental;2008;555,7209704;;;;;;;;16300;71,5;777,2321264335666;22797,202797202797;40,91197328;;;
08270;Sitges;Garraf;2008;903,7359756;;;;;;;;19500;71,5;1263,9663994405594;27272,727272727276;55,614521575384614;;;
08274;Súria;Bages;2008;0;;;;;;;;16700;71,5;0;23356,64335664336;0;;;
08278;Taradell;Osona;2008;426,4452209;;;;;;;;17000;71,5;596,4268823776224;23776,22377622378;30,10201559294117;;;
08279;Terrassa;Vallès Occidental;2008;606,6617805;;;;;;;;16500;71,5;848,4780146853146;23076,923076923078;44,120856763636354;;;
08281;Teià;Maresme;2008;0;;;;;;;;26200;71,5;0;36643,356643356645;0;;;
08282;Tiana;Maresme;2008;910,2641145;;;;;;;;23300;71,5;1273,0966636363637;32587,41258741259;46,88055525321889;;;
08283;Tona;Osona;2008;0;;;;;;;;16100;71,5;0;22517,48251748252;0;;;
08284;Tordera;Maresme;2008;574,0403382;;;;;;;;14700;71,5;802,8536198601398;20559,44055944056;46,86043577142856;;;
08285;Torelló;Osona;2008;455,4722078;;;;;;;;16600;71,5;637,0240668531469;23216,783216783217;32,92570177;;;
08289;Torrelles de Llobregat;Baix Llobregat;2008;0;;;;;;;;17500;71,5;0;24475,524475524475;0;;;
08291;Vacarisses;Vallès Occidental;2008;0;;;;;;;;14700;71,5;0;20559,44055944056;0;;;
08295;Vallirana;Baix Llobregat;2008;720,8657577;;;;;;;;16800;71,5;1008,203856923077;23496,503496503497;51,49041126428572;;;
08298;Vic;Osona;2008;531,9362456;;;;;;;;16500;71,5;743,9667770629371;23076,923076923078;38,68627240727273;;;
08300;Viladecavalls;Vallès Occidental;2008;0;;;;;;;;16900;71,5;0;23636,363636363636;0;;;
08301;Viladecans;Baix Llobregat;2008;721,922739;;;;;;;;15100;71,5;1009,6821524475524;21118,88111888112;57,371343496688745;;;
08302;Vilanova del Camí;Anoia;2008;499,5450037;;;;;;;;13900;71,5;698,6643408391609;19440,559440559442;43,12618736978417;;;
08305;Vilafranca del Penedès;Alt Penedès;2008;556,0523672;;;;;;;;17300;71,5;777,6956184615385;24195,804195804198;38,57010639537573;;;
08307;Vilanova i la Geltrú;Garraf;2008;618,8736241;;;;;;;;16900;71,5;865,5575162237762;23636,363636363636;43,94368929;;;
08902;Vilanova del Vallès;Vallès Oriental;2008;0;;;;;;;;19287;71,5;0;26974,825174825175;0;;;
08904;Badia del Vallès;Vallès Occidental;2008;0;;;;;;;;12000;71,5;0;16783,216783216783;0;;;
17008;Anglès;Selva;2008;0;;;;;;;;17000;71,5;0;23776,22377622378;0;;;
17009;Arbúcies;Selva;2008;411,7624861;;;;;;;;16800;71,5;575,891589;23496,503496503497;29,411606150000004;;;
17015;Banyoles;Pla de l'Estany;2008;568,661596;;;;;;;;18300;71,5;795,3309034965035;25594,405594405594;37,289284983606564;;;
17020;Bescanó;Gironès;2008;0;;;;;;;;16790;71,5;0;23482,517482517484;0;;;
17022;Bisbal d'Empordà, la;Baix Empordà;2008;526,425601;;;;;;;;17900;71,5;736,2595818181819;25034,965034965036;35,29110174301676;;;
17023;Blanes;Selva;2008;524,1102537;;;;;;;;16200;71,5;733,0213338;22657,34265734266;38,82298175555556;;;
17033;Caldes de Malavella;Selva;2008;0;;;;;;;;17800;71,5;0;24895,104895104898;0;;;
17034;Calonge i Sant Antoni;Baix Empordà;2008;582,872549;;;;;;;;17700;71,5;815,2063622377624;24755,244755244756;39,516782983050845;;;
17044;Cassà de la Selva;Gironès;2008;584,0854185;;;;;;;;18300;71,5;816,9026832167832;25594,405594405594;38,300683180327866;;;
17047;Castelló d'Empúries;Alt Empordà;2008;488,4796714;;;;;;;;13700;71,5;683,1883516083916;19160,83916083916;42,786540560583944;;;
17048;Castell d'Aro, Platja d'Aro i s'Agaró;Baix Empordà;2008;0;;;;;;;;16800;71,5;0;23496,503496503497;0;;;
17049;Celrà;Gironès;2008;0;;;;;;;;15672;71,5;0;21918,88111888112;0;;;
17062;Escala, l';Alt Empordà;2008;484,3144646;;;;;;;;17400;71,5;677,3628875524475;24335,664335664336;33,40099755862069;;;
17066;Figueres;Alt Empordà;2008;507,4186868;;;;;;;;18100;71,5;709,676485;25314,685314685317;33,64101790939227;;;
17079;Girona;Gironès;2008;569,3430095;;;;;;;;20000;71,5;796,2839293706294;27972,027972027972;34,16058057000001;;;
17089;Llagostera;Gironès;2008;473,2002706;;;;;;;;16200;71,5;661,8185602797204;22657,34265734266;35,05187189629629;;;
17092;Llançà;Alt Empordà;2008;461,9466258;;;;;;;;19600;71,5;646,0791969230769;27412,587412587414;28,28244647755102;;;
17095;Lloret de Mar;Selva;2008;554,9303884;;;;;;;;15700;71,5;776,1264173426573;21958,04195804196;42,41506153375796;;;
17103;Maçanet de la Selva;Selva;2008;0;;;;;;;;14000;71,5;0;19580,41958041958;0;;;
17114;Olot;Garrotxa;2008;433,1090355;;;;;;;;17900;71,5;605,7469027972028;25034,965034965036;29,035242603351954;;;
17117;Palafrugell;Baix Empordà;2008;637,3562472;;;;;;;;16500;71,5;891,4073387412587;23076,923076923078;46,353181614545456;;;
17118;Palamós;Baix Empordà;2008;605,8538123;;;;;;;;16300;71,5;847,3479892307693;22797,202797202797;44,602734647852756;;;
17141;Puigcerdà;Cerdanya;2008;0;;;;;;;;19100;71,5;0;26713,286713286714;0;;;
17147;Ripoll;Ripollès;2008;408,7008183;;;;;;;;18200;71,5;571,6095361;25454,545454545456;26,9473067;;;
17152;Roses;Alt Empordà;2008;472,5135509;;;;;;;;15100;71,5;660,8581131468532;21118,88111888112;37,55074576688742;;;
17155;Salt;Gironès;2008;573,1001192;;;;;;;;12900;71,5;801,5386282517483;18041,95804195804;53,311638995348844;;;
17160;Sant Feliu de Guíxols;Baix Empordà;2008;574,6141147;;;;;;;;17400;71,5;803,6561044755244;24335,664335664336;39,628559634482755;;;
17164;Sant Hilari Sacalm;Selva;2008;410,4354903;;;;;;;;17600;71,5;574,0356507692309;24615,384615384617;27,98423798;;;
17180;Santa Coloma de Farners;Selva;2008;0;;;;;;;;17600;71,5;0;24615,384615384617;0;;;
17181;Santa Cristina d'Aro;Baix Empordà;2008;0;;;;;;;;15480;71,5;0;21650,34965034965;0;;;
17186;Sarrià de Ter;Gironès;2008;0;;;;;;;;17372;71,5;0;24296,503496503497;0;;;
17193;Sils;Selva;2008;0;;;;;;;;16300;71,5;0;22797,202797202797;0;;;
17199;Torroella de Montgrí;Baix Empordà;2008;517,3585736;;;;;;;;16100;71,5;723,5784246153846;22517,48251748252;38,56088747329193;;;
17202;Tossa de Mar;Selva;2008;0;;;;;;;;18800;71,5;0;26293,706293706295;0;;;
17213;Vidreres;Selva;2008;0;;;;;;;;17100;71,5;0;23916,083916083917;0;;;
17221;Vilafant;Alt Empordà;2008;0;;;;;;;;16600;71,5;0;23216,783216783217;0;;;
25003;Agramunt;Urgell;2008;0;;;;;;;;17600;71,5;0;24615,384615384617;0;;;
25011;Alcarràs;Segrià;2008;0;;;;;;;;17800;71,5;0;24895,104895104898;0;;;
25019;Almacelles;Segrià;2008;0;;;;;;;;16100;71,5;0;22517,48251748252;0;;;
25023;Alpicat;Segrià;2008;0;;;;;;;;21200;71,5;0;29650,34965034965;0;;;
25040;Balaguer;Noguera;2008;404,0230283;;;;;;;;15600;71,5;565,0671724475525;21818,18181818182;31,078694484615383;;;
25050;Bellpuig;Urgell;2008;0;;;;;;;;13591;71,5;0;19008,39160839161;0;;;
25058;Borges Blanques, les;Garrigues;2008;0;;;;;;;;18000;71,5;0;25174,825174825175;0;;;
25072;Cervera;Segarra;2008;0;;;;;;;;16400;71,5;0;22937,06293706294;0;;;
25110;Guissona;Segarra;2008;0;;;;;;;;14800;71,5;0;20699,3007;0;;;
25120;Lleida;Segrià;2008;458,3900042;;;;;;;;17700;71,5;641,1049009790211;24755,244755244756;31,077288420338984;;;
25137;Mollerussa;Pla d'Urgell;2008;424,8389722;;;;;;;;15800;71,5;594,1803806993007;22097,9021;32,26625105316456;;;
25203;Seu d'Urgell, la;Alt Urgell;2008;465,8343519;;;;;;;;17000;71,5;651,5165760839161;23776,22377622378;32,88242484;;;
25207;Solsona;Solsonès;2008;0;;;;;;;;16700;71,5;0;23356,64335664336;0;;;
25217;Tàrrega;Urgell;2008;0;;;;;;;;17300;71,5;0;24195,804195804198;0;;;
25234;Tremp;Pallars Jussà;2008;0;;;;;;;;19700;71,5;0;27552,447552447553;0;;;
25243;Vielha e Mijaran;Val d'Aran;2008;0;;;;;;;;20800;71,5;0;29090,909090909092;0;;;
43004;Alcanar;Montsià;2008;0;;;;;;;;16000;71,5;0;22377,622377622378;0;;;
43005;Alcover;Alt Camp;2008;0;;;;;;;;16500;71,5;0;23076,923076923078;0;;;
43012;Altafulla;Tarragonès;2008;0;;;;;;;;19237;71,5;0;26904,895104895106;0;;;
43013;Ametlla de Mar, l';Baix Ebre;2008;0;;;;;;;;15200;71,5;0;21258,74125874126;0;;;
43014;Amposta;Montsià;2008;394,3463977;;;;;;;;17400;71,5;551,5334233566434;24335,664335664336;27,196303289655173;;;
43016;Arboç, l';Baix Penedès;2008;0;;;;;;;;15400;71,5;0;21538,46153846154;0;;;
43037;Calafell;Baix Penedès;2008;614,4813598;;;;;;;;18100;71,5;859,4144892307692;25314,685314685317;40,73909567734806;;;
43038;Cambrils;Baix Camp;2008;589,6653946;;;;;;;;16700;71,5;824,7068455944056;23356,64335664336;42,37116607904191;;;
43043;Catllar, el;Tarragonès;2008;0;;;;;;;;17884;71,5;0;25012,587412587414;0;;;
43044;Sénia, la;Montsià;2008;0;;;;;;;;16200;71,5;0;22657,34265734266;0;;;
43047;Constantí;Tarragonès;2008;0;;;;;;;;13400;71,5;0;18741,25874125874;0;;;
43051;Cunit;Baix Penedès;2008;604,8747785;;;;;;;;16800;71,5;845,9787111888113;23496,503496503497;43,20534132142858;;;
43086;Montblanc;Conca de Barberà;2008;0;;;;;;;;16700;71,5;0;23356,64335664336;0;;;
43092;Mont-roig del Camp;Baix Camp;2008;534,8596632;;;;;;;;16100;71,5;748,055473;22517,48251748252;39,86531651180125;;;
43093;Móra d'Ebre;Ribera d'Ebre;2008;0;;;;;;;;18100;71,5;0;25314,685314685317;0;;;
43100;Pallaresos, els;Tarragonès;2008;0;;;;;;;;18422;71,5;0;25765,034965034967;0;;;
43123;Reus;Baix Camp;2008;493,4900956;;;;;;;;17500;71,5;690,1959379;24475,524475524475;33,83932084114286;;;
43129;Riudoms;Baix Camp;2008;0;;;;;;;;16800;71,5;0;23496,503496503497;0;;;
43131;Roda de Berà;Tarragonès;2008;0;;;;;;;;16700;71,5;0;23356,64335664336;0;;;
43133;Roquetes;Baix Ebre;2008;393,5296593;;;;;;;;15300;71,5;550,3911318881119;21398,6014;30,865071317647057;;;
43136;Ràpita, la;Montsià;2008;0;;;;;;;;16200;71,5;0;22657,34265734266;0;;;
43145;Selva del Camp, la;Baix Camp;2008;0;;;;;;;;16200;71,5;0;22657,34265734266;0;;;
43148;Tarragona;Tarragonès;2008;533,0717022;;;;;;;;18800;71,5;745,5548282517483;26293,706293706295;34,025853331914895;;;
43153;Torredembarra;Tarragonès;2008;531,762416;;;;;;;;17800;71,5;743,7236587412588;24895,104895104898;35,84915164044944;;;
43155;Tortosa;Baix Ebre;2008;390,6078663;;;;;;;;16900;71,5;546,3047081118882;23636,363636363636;27,735469796449703;;;
43156;Ulldecona;Montsià;2008;0;;;;;;;;16300;71,5;0;22797,202797202797;0;;;
43161;Valls;Alt Camp;2008;488,6865979;;;;;;;;17700;71,5;683,4777593006993;24755,244755244756;33,131294772881354;;;
43162;Vandellòs i l'Hospitalet de l'Infant;Baix Camp;2008;0;;;;;;;;15700;71,5;0;21958,04195804196;0;;;
43163;Vendrell, el;Baix Penedès;2008;528,8727789;;;;;;;;18000;71,5;739,6822082517482;25174,825174825175;35,25818526;;;
43171;Vila-seca;Tarragonès;2008;560,581382;;;;;;;;14600;71,5;784,0299048951049;20419,58041958042;46,07518208219178;;;
43901;Deltebre;Baix Ebre;2008;0;;;;;;;;17600;71,5;0;24615,384615384617;0;;;
43905;Salou;Tarragonès;2008;518,749633;;;;;;;;15700;71,5;725,5239622377622;21958,04195804196;39,649653477707005;;;
43907;Canonja, la;Tarragonès;2008;0;;;;;;;;13003;71,5;0;18186,013986013986;0;;;
