codi;municipi;comarca;any;Lloguer_Mitja;Població;Poblacio_Estrangera_Total;Percentatge_Poblacio_Estrangera;Preu / m2 Habitatge total;Compres totals;Rati_VPO;Rati_Obra_Nova;RFDB_Nominal;IPC_Index;Lloguer_Real;RFDB_Real;Tasa_Esforç_Lloguer;Preu_Vivenda_Mig;Anys_Salari_Compra;Tasa_Esforç_Compra;provincia;distancia_km;costa
08001;Abrera;Baix Llobregat;2025;790,4648387;132078;10870;8,23;2106,55;129;2,32558139534884e+00;4,49612403100775e+01;19389;100,0;790,464838700000;19389,0000000000;48,9224718366084;189589,5;9,77819897880242;44,5145528150373;Barcelona;35;0
08003;Alella;Maresme;2025;1432,9348720;102506;13910;13,57;4057,15;79;0,00000000000000e+00;7,59493670900000e+00;26404;100,0;1432,934872000000;26404,0000000000;65,1235360702924;365143,5;13,82909786396001;62,9559808083351;Barcelona;18;0
08005;Ametlla del Vallès, l';Vallès Oriental;2025;1047,7635710;94745;6310;6,66;2181,27;108;9,25925925925926e-01;3,24074074074074e+01;24932;100,0;1047,763571000000;24932,0000000000;50,4298205198139;196314,3;7,87398925076207;35,8457739638893;Barcelona;35;0
08006;Arenys de Mar;Maresme;2025;856,6663905;169792;22820;13,44;2702,89;194;1,03092783505155e+00;2,47422680412371e+01;19760;100,0;856,666390500000;19760,0000000000;52,0242747267207;243260,1;12,31073380566802;56,0437368243647;Barcelona;40;1
08007;Arenys de Munt;Maresme;2025;805,8302222;95232;7590;7,97;2414,06;96;0,00000000000000e+00;2,18750000000000e+01;19320;100,0;805,830222200000;19320,0000000000;50,0515665962733;217265,4;11,24562111801242;51,1948873489761;Barcelona;45;0
08009;Argentona;Maresme;2025;914,9388542;128947;8330;6,46;3035,81;110;0,00000000000000e+00;2,00000000000000e+01;19805;100,0;914,938854200000;19805,0000000000;55,4368404463519;273222,9;13,79565261297652;62,8037236907878;Barcelona;35;0
08010;Artés;Bages;2025;511,1222222;62115;8460;13,62;1268,15;59;1,69491525423729e+00;3,22033898305085e+01;18387;100,0;511,122222200000;18387,0000000000;33,3576258573992;114133,5;6,20729319627998;28,2582591562346;Barcelona;72;0
08015;Badalona;Barcelonès;2025;949,2385285;2306294;425050;18,43;3063,76;2537;1,93141505715412e+03;4,08750492707923e+04;17971;100,0;949,238528500000;17971,0000000000;63,3846883423293;275738,4;15,34352011574203;69,8502799995626;Barcelona;10;1
08019;Barcelona;Barcelonès;2025;1125,4949030;17129667;4376630;25,55;4748,34;12023;4,65773933294519e+02;4,74507194543791e+02;23003;100,0;1125,494903000000;23003,0000000000;58,7138148763205;427350,6;18,57803765000000;84,5751901594197;Barcelona;0;1
08020;Begues;Baix Llobregat;2025;1248,5406900;75465;6090;8,07;2966,92;59;0,00000000000000e+00;1,18644067796610e+01;23630;100,0;1248,540690000000;23630,0000000000;63,4045208633094;267022,8;11,30016081252645;51,4431754148278;Barcelona;32;0
08022;Berga;Berguedà;2025;457,3897200;175385;31850;18,16;1203,79;148;0,00000000000000e+00;7,43243243243243e+00;17940;100,0;457,389720000000;17940,0000000000;30,5946301003344;108341,1;6,03908026755853;27,4924818064408;Barcelona;108;0
08023;Bigues i Riells del Fai;Vallès Oriental;2025;802,7843478;101306;5430;5,36;1692,89;97;0,00000000000000e+00;9,27835051546392e+00;20739;100,0;802,784347800000;20739,0000000000;46,4507072356430;152360,1;7,34654997800000;33,4446443283032;Barcelona;41;0
08029;Cabrera de Mar;Maresme;2025;1270,0526530;50543;4190;8,29;3794,16;37;0,00000000000000e+00;3,51351351351351e+01;24788;100,0;1270,052653000000;24788,0000000000;61,4839109085041;341474,4;13,77579473939003;62,7133221388786;Barcelona;28;1
08030;Cabrils;Maresme;2025;1401,7487230;77528;11040;14,24;2805,82;55;0,00000000000000e+00;1,81818181818182e+00;24516;100,0;1401,748723000000;24516,0000000000;68,6122722956437;252523,8;10,30036710719530;46,8916859435473;Barcelona;27;0
08033;Caldes de Montbui;Vallès Oriental;2025;786,4640741;185492;19050;10,27;2313,94;157;0,00000000000000e+00;3,18471337579618e+01;19644;100,0;786,464074100000;19644,0000000000;48,0430100244349;208254,6;10,60143555284056;48,2622785499844;Barcelona;34;0
08035;Calella;Maresme;2025;688,3219087;207750;47180;22,71;2275,52;280;0,00000000000000e+00;2,75000000000000e+01;16319;100,0;688,321908700000;16319,0000000000;50,6150064611802;204796,8;12,54959249954041;57,1311239768212;Barcelona;50;1
08040;Canet de Mar;Maresme;2025;751,5169412;151974;16170;10,64;2331,33;162;1,23456790123457e+00;2,83950617283951e+01;17957;100,0;751,516941200000;17957,0000000000;50,2211020459988;209819,7;11,68456312301609;53,1931394920172;Barcelona;43;1
08041;Canovelles;Vallès Oriental;2025;667,4867442;174471;36290;20,80;1713,71;157;0,00000000000000e+00;1,46496815286624e+01;15931;100,0;667,486744200000;15931,0000000000;50,2783311179461;154233,9;9,68136965664428;44,0737442382639;Barcelona;31;0
08043;Canyelles;Garraf;2025;813,0160000;54917;5920;10,78;1470,11;60;0,00000000000000e+00;2,50000000000000e+01;18350;100,0;813,016000000000;18350,0000000000;53,1672588555858;132309,9;7,21034877384196;32,8245980700000;Barcelona;46;0
08044;Capellades;Anoia;2025;548,8617647;55991;5140;9,18;1153,22;48;0,00000000000000e+00;4,16666666666667e+00;18346;100,0;548,861764700000;18346,0000000000;35,9006932100000;103789,8;5,65735310149351;25,7546961332742;Barcelona;60;0
08046;Cardedeu;Vallès Oriental;2025;858,4231132;190608;13800;7,24;2737,92;145;0,00000000000000e+00;4,13793103448276e+00;19642;100,0;858,423113200000;19642,0000000000;52,4441368414622;246412,8;12,54519906323185;57,1111231716606;Barcelona;39;0
08051;Castellar del Vallès;Vallès Occidental;2025;835,1225385;253861;13150;5,18;2308,37;244;0,00000000000000e+00;1,59836065573771e+01;20422;100,0;835,122538500000;20422,0000000000;49,0719344922143;207753,3;10,17301439623935;46,3119218182440;Barcelona;34;0
08054;Castellbisbal;Vallès Occidental;2025;796,1567059;130574;9780;7,49;2246,65;96;0,00000000000000e+00;2,08333333333333e+00;19231;100,0;796,156705900000;19231,0000000000;49,6795822931725;202198,5;10,51419582965004;47,8651259379387;Barcelona;29;0
08056;Castelldefels;Baix Llobregat;2025;1113,2812040;697019;168330;24,15;4702,85;610;0,00000000000000e+00;1,14754098360656e+01;21142;100,0;1113,281204000000;21142,0000000000;63,1887922050894;423256,5;20,01970012297796;91,1382556641997;Barcelona;22;1
08067;Centelles;Osona;2025;619,0693827;78552;5750;7,32;1827,63;66;0,00000000000000e+00;3,48484848484849e+01;18807;100,0;619,069382700000;18807,0000000000;39,5003594002233;164486,7;8,74603605040676;39,8157047664962;Barcelona;54;0
08068;Cervelló;Baix Llobregat;2025;991,2923810;97236;8090;8,32;2119,23;128;0,00000000000000e+00;1,40625000000000e+01;20781;100,0;991,292381000000;20781,0000000000;57,2422336364949;190730,7;9,17812906019922;41,7827773477673;Barcelona;25;0
08072;Corbera de Llobregat;Baix Llobregat;2025;835,3420192;160400;17660;11,01;2015,68;156;0,00000000000000e+00;1,73076923076923e+01;21132;100,0;835,342019200000;21132,0000000000;47,4356626462237;181411,2;8,58466780200000;39,0810873369669;Barcelona;30;0
08073;Cornellà de Llobregat;Baix Llobregat;2025;790,6573988;922348;170450;18,48;3023,96;677;0,00000000000000e+00;6,35155096011817e+00;18101;100,0;790,657398800000;18101,0000000000;52,4163791260151;272156,4;15,03543450638086;68,4477422562429;Barcelona;12;0
08074;Cubelles;Garraf;2025;639,6956475;176505;24340;13,79;2684,99;298;0,00000000000000e+00;1,97986577181208e+01;18171;100,0;639,695647500000;18171,0000000000;42,2450485388806;241649,1;13,29861317483903;60,5409871308045;Barcelona;50;1
08075;Dosrius;Maresme;2025;1017,7312500;63102;4190;6,64;2152,25;80;0,00000000000000e+00;2,00000000000000e+01;19560;100,0;1017,731250000000;19560,0000000000;62,4375000000000;193702,5;9,90299079754601;45,0826586613581;Barcelona;39;0
08076;Esparreguera;Baix Llobregat;2025;709,9407407;226421;20310;8,97;2240,34;311;0,00000000000000e+00;6,43086816720257e-01;18887;100,0;709,940740700000;18887,0000000000;45,1066283073013;201630,6;10,67562873934452;48,6000377351172;Barcelona;39;0
08077;Esplugues de Llobregat;Baix Llobregat;2025;1420,3853280;484379;77210;15,94;4470,81;408;0,00000000000000e+00;3,28431372549020e+01;22009;100,0;1420,385328000000;22009,0000000000;77,4438817574628;402372,9;18,28219819164887;83,2284021568158;Barcelona;8;0
08086;Franqueses del Vallès, les;Vallès Oriental;2025;697,6628718;208516;25710;12,33;2681,03;185;3,24324324324324e+00;2,54054054054054e+01;18472;100,0;697,662871800000;18472,0000000000;45,3224039714162;241292,7;13,06261909917713;59,4666409482548;Barcelona;35;0
08088;Garriga, la;Vallès Oriental;2025;877,8872845;173927;16610;9,55;2707,20;152;0,00000000000000e+00;4,14473684210526e+01;20947;100,0;877,887284500000;20947,0000000000;50,2919148995083;243648,0;11,63164176254356;52,9522187763614;Barcelona;38;0
08089;Gavà;Baix Llobregat;2025;1078,7545930;481927;64530;13,39;3688,26;407;1,22850122850123e+00;2,94840294840295e+01;20261;100,0;1078,754593000000;20261,0000000000;63,8914916144317;331943,4;16,38336705986871;74,5841089811806;Barcelona;20;1
08091;Gelida;Alt Penedès;2025;665,7875000;81897;9500;11,60;1744,42;109;0,00000000000000e+00;4,49541284403670e+01;18453;100,0;665,787500000000;18453,0000000000;43,2962120000000;156997,8;8,50798244200000;38,7319827076002;Barcelona;35;0
08092;Gironella;Berguedà;2025;437,4118391;50824;6170;12,14;942,46;53;0,00000000000000e+00;9,43396226415094e+00;17765;100,0;437,411839100000;17765,0000000000;29,5465357117929;84821,4;4,77463551927948;21,7361873547751;Barcelona;94;0
08096;Granollers;Vallès Oriental;2025;782,5999429;651359;110210;16,92;2558,37;663;4,52488687782805e-01;2,62443438914027e+01;19180;100,0;782,599942900000;19180,0000000000;48,9635000771637;230253,3;12,00486444212721;54,6512883819311;Barcelona;30;0
08101;Hospitalet de Llobregat, l';Barcelonès;2025;831,9308790;2921470;798730;27,34;3068,06;2844;3,69198312236287e+03;2,80239099900000e+04;16747;100,0;831,930879000000;16747,0000000000;59,6116949184929;276125,4;16,48805159132979;75,0606778375460;Barcelona;0;0
08102;Igualada;Anoia;2025;565,4519184;424453;64050;15,09;1581,57;339;0,00000000000000e+00;6,48967551622419e+00;18102;100,0;565,451918400000;18102,0000000000;37,4843830600000;142341,3;7,86329134902221;35,7970725299093;Barcelona;65;0
08105;Llagosta, la;Vallès Oriental;2025;714,0463636;132570;18520;13,97;2247,98;113;8,84955752212389e-01;1,68141592900000e+01;17212;100,0;714,046363600000;17212,0000000000;49,7824562119452;202318,2;11,75448524285382;53,5114549510504;Barcelona;19;0
08106;Llinars del Vallès;Vallès Oriental;2025;765,2459200;109261;9910;9,07;2598,75;165;0,00000000000000e+00;4,60606060606061e+01;19866;100,0;765,245920000000;19866,0000000000;46,2244590758079;233887,5;11,77325581395349;53,5969066360075;Barcelona;41;0
08107;Lliçà d'Amunt;Vallès Oriental;2025;789,8018367;165183;6310;3,82;1780,60;154;0,00000000000000e+00;2,07792207792208e+01;20186;100,0;789,801836700000;20186,0000000000;46,9514616090360;160254,0;7,93886852273853;36,1411322180277;Barcelona;32;0
08108;Lliçà de Vall;Vallès Oriental;2025;935,7095455;68928;3150;4,57;2138,16;65;0,00000000000000e+00;4,46153846153846e+01;21543;100,0;935,709545500000;21543,0000000000;52,1214062386854;192434,4;8,93257206517198;40,6648966574747;Barcelona;28;0
08110;Malgrat de Mar;Maresme;2025;660,1359060;196315;27700;14,11;2317,51;285;0,00000000000000e+00;3,47368421052632e+01;16442;100,0;660,135906000000;16442,0000000000;48,1792414061550;208575,9;12,68555528524510;57,7500848527710;Barcelona;62;1
08112;Manlleu;Osona;2025;508,7996053;213172;53570;25,13;1071,04;191;0,00000000000000e+00;1,57068062827225e+00;16479;100,0;508,799605300000;16479,0000000000;37,0507631749499;96393,6;5,84948115783725;26,6293453943399;Barcelona;78;0
08113;Manresa;Bages;2025;590,7036323;806831;177180;21,96;1500,54;917;5,45256270447110e-01;9,05125408942203e+00;17645;100,0;590,703632300000;17645,0000000000;40,1725337920091;135048,6;7,65364692547464;34,8426812575884;Barcelona;55;0
08114;Martorell;Baix Llobregat;2025;778,2015745;289970;48570;16,75;2335,88;239;0,00000000000000e+00;2,34309623430962e+01;17287;100,0;778,201574500000;17287,0000000000;54,0198929484584;210229,2;12,16111528894545;55,3626092077972;Barcelona;32;0
08118;Masnou, el;Maresme;2025;1022,6592470;247356;31810;12,86;3756,32;190;1,57894736842105e+00;1,15789473684211e+01;22480;100,0;1022,659247000000;22480,0000000000;54,5903512633452;338068,8;15,03864768683274;68,4623700308708;Barcelona;19;1
08119;Masquefa;Anoia;2025;668,6258730;101048;7710;7,63;1868,00;102;0,00000000000000e+00;1,47058823529412e+01;17127;100,0;668,625873000000;17127,0000000000;46,8471447188649;168120,0;9,81607987388334;44,6870028856910;Barcelona;46;0
08120;Matadepera;Vallès Occidental;2025;1264,2353450;98174;4300;4,38;2779,34;42;0,00000000000000e+00;2,38095238095238e+00;29265;100,0;1264,235345000000;29265,0000000000;51,8394810866222;250140,6;8,54743208610969;38,9115743967683;Barcelona;32;0
08121;Mataró;Maresme;2025;770,7701433;1313610;227780;17,34;2456,94;1280;1,56250000000000e+02;1,95312500000000e+04;17469;100,0;770,770143300000;17469,0000000000;52,9466009479650;221124,6;12,65811437403400;57,6251620600000;Barcelona;31;1
08123;Molins de Rei;Baix Llobregat;2025;880,4383333;272872;24040;8,81;3358,17;210;4,76190476190476e-01;3,71428571428571e+01;21698;100,0;880,438333300000;21698,0000000000;48,6923218711402;302235,3;13,92917780440594;63,4115875928119;Barcelona;18;0
08124;Mollet del Vallès;Vallès Oriental;2025;741,6453218;527488;75800;14,37;2414,03;601;5,32445923460898e+00;2,91181364392679e+01;18103;100,0;741,645321800000;18103,0000000000;49,1617072396840;217262,7;12,00147489366403;54,6358577045221;Barcelona;23;0
08125;Montcada i Reixac;Vallès Occidental;2025;725,9420325;374409;53840;14,38;2255,40;318;1,25786163522013e+00;2,73584905660377e+01;17556;100,0;725,942032500000;17556,0000000000;49,6200979152427;202986,0;11,56220095693780;52,6360944660096;Barcelona;14;0
08126;Montgat;Maresme;2025;1156,9782000;128339;16530;12,88;3849,74;113;1,76991150442478e+00;8,84955752212389e+00;21077;100,0;1156,978200000000;21077,0000000000;65,8715111300000;346476,6;16,43861080798975;74,8356022000000;Barcelona;15;1
08135;Montmeló;Vallès Oriental;2025;715,1820968;88672;7280;8,21;2646,44;58;0,00000000000000e+00;2,58620689655172e+01;18643;100,0;715,182096800000;18643,0000000000;46,0343569253875;238179,6;12,77581934238052;58,1610055292028;Barcelona;24;0
08136;Montornès del Vallès;Vallès Oriental;2025;711,5854255;170625;21550;12,63;2289,92;150;3,33333333333333e+00;1,33333333333333e+01;17821;100,0;711,585425500000;17821,0000000000;47,9155216093373;206092,8;11,56460355760058;52,6470321340125;Barcelona;26;0
08138;Moià;Moianès;2025;524,5766667;68090;9730;14,29;1638,37;71;0,00000000000000e+00;1,83098591549296e+01;17819;100,0;524,576666700000;17819,0000000000;35,3270104966609;147453,3;8,27506032900000;37,6716214156937;Barcelona;55;0
08140;Navarcles;Bages;2025;532,8762500;62788;5180;8,25;1486,16;58;0,00000000000000e+00;3,44827586206897e+01;19157;100,0;532,876250000000;19157,0000000000;33,3795218458005;133754,4;6,98201179725427;31,7851102823594;Barcelona;60;0
08141;Navàs;Bages;2025;454,9028571;62437;7380;11,82;1037,79;53;1,88679245283019e+00;1,32075471698113e+01;18716;100,0;454,902857100000;18716,0000000000;29,1666717525112;93401,1;4,99044133361829;22,7186279188301;Barcelona;80;0
08147;Olesa de Montserrat;Baix Llobregat;2025;680,1369872;250000;25100;10,04;2113,41;253;0,00000000000000e+00;1,18577075098814e+00;18211;100,0;680,136987200000;18211,0000000000;44,8171096900000;190206,9;10,44461589149415;47,5483682365847;Barcelona;38;0
08155;Palafolls;Maresme;2025;622,7111111;100268;7470;7,45;2225,39;136;0,00000000000000e+00;2,35294117647059e+01;17053;100,0;622,711111100000;17053,0000000000;43,8194648050196;200285,1;11,74486014191051;53,4676373661128;Barcelona;60;0
08156;Palau-solità i Plegamans;Vallès Occidental;2025;846,4560674;155848;11860;7,61;2521,66;174;0,00000000000000e+00;3,67816092000000e+01;20270;100,0;846,456067400000;20270,0000000000;50,1108673349778;226949,4;11,19631968426246;50,9704460913091;Barcelona;28;0
08157;Pallejà;Baix Llobregat;2025;947,2307595;119722;8620;7,20;2877,82;95;0,00000000000000e+00;1,89473684210526e+01;20764;100,0;947,230759500000;20764,0000000000;54,7426753708341;259003,8;12,47369485648238;56,7856053749020;Barcelona;22;0
08159;Parets del Vallès;Vallès Oriental;2025;846,2792437;188999;15290;8,09;2652,06;161;1,24223602484472e+00;1,24223602484472e+01;19700;100,0;846,279243700000;19700,0000000000;51,5500046900000;238685,4;12,11601015228426;55,1572712900000;Barcelona;25;0
08161;Piera;Anoia;2025;660,0988750;178921;17570;9,82;1584,39;228;4,38596491228070e-01;2,01754385964912e+01;16673;100,0;660,098875000000;16673,0000000000;47,5090655550891;142595,1;8,55245606669466;38,9344457097346;Barcelona;50;0
08163;Pineda de Mar;Maresme;2025;660,8641259;300648;51020;16,97;2369,45;382;5,23560209424084e-01;9,68586387400000e+00;15624;100,0;660,864125900000;15624,0000000000;50,7576133600000;213250,5;13,64890552995392;62,1356680711565;Barcelona;55;1
08167;Polinyà;Vallès Occidental;2025;785,3487755;85714;6480;7,56;2545,98;63;0,00000000000000e+00;9,52380952380952e+00;18506;100,0;785,348775500000;18506,0000000000;50,9250259699557;229138,2;12,38183291905328;56,3674104625011;Barcelona;25;0
08169;Prat de Llobregat, el;Baix Llobregat;2025;849,8471619;662658;73290;11,06;3221,37;548;2,55474452554745e+00;1,47810218978102e+01;18987;100,0;849,847161900000;18987,0000000000;53,7113074356138;289923,3;15,26956865223574;69,5136212411208;Barcelona;11;1
08172;Premià de Mar;Maresme;2025;886,2580465;293496;43320;14,76;2998,85;187;0,00000000000000e+00;9,62566844900000e+00;19107;100,0;886,258046500000;19107,0000000000;55,6607345894175;269896,5;14,12552991050400;64,3054665388422;Barcelona;22;1
08180;Ripollet;Vallès Occidental;2025;714,5670320;397622;56860;14,30;2735,70;387;2,58397932816538e-01;6,45994832041344e+00;17365;100,0;714,567032000000;17365,0000000000;49,3798121739131;246213,0;14,17869277281889;64,5474866743952;Barcelona;16;0
08181;Roca del Vallès, la;Vallès Oriental;2025;825,5801299;110307;6100;5,53;2386,97;122;0,00000000000000e+00;9,83606557377049e+00;21049;100,0;825,580129900000;21049,0000000000;47,0661863214404;214827,3;10,20605729488337;46,4623472554886;Barcelona;36;0
08183;Roda de Ter;Osona;2025;539,6274359;69465;12330;17,75;1314,25;60;0,00000000000000e+00;1,66666666666667e+00;18015;100,0;539,627435900000;18015,0000000000;35,9452080532889;118282,5;6,56577851790175;29,8902379917381;Barcelona;79;0
08184;Rubí;Vallès Occidental;2025;772,1902410;828218;127380;15,38;2301,42;854;2,34192037000000e-01;1,83840749414520e+01;17572;100,0;772,190241000000;17572,0000000000;52,7332283860687;207127,8;11,78737764625541;53,6611952694472;Barcelona;24;0
08187;Sabadell;Vallès Occidental;2025;808,2540374;2245353;340620;15,17;2405,61;2524;2,77337559400000e+03;3,88272583201268e+04;19107;100,0;808,254037400000;19107,0000000000;50,7617545862773;216504,9;11,33118228921338;51,5843984729160;Barcelona;26;0
08191;Sallent;Bages;2025;504,6603636;70446;7580;10,76;1116,68;71;0,00000000000000e+00;2,25352112676056e+01;18605;100,0;504,660363600000;18605,0000000000;32,5499831400161;100501,2;5,40183821553346;24,5914828553736;Barcelona;68;0
08192;Santpedor;Bages;2025;614,7123333;77362;4340;5,61;2144,57;55;0,00000000000000e+00;2,90909090909091e+01;19733;100,0;614,712333300000;19733,0000000000;37,3817868524806;193011,3;9,78114326255511;44,5279564566379;Barcelona;65;0
08194;Sant Adrià de Besòs;Barcelonès;2025;901,5139912;389889;74040;18,99;2991,04;290;1,03448275862069e+00;8,27586206896552e+00;16636;100,0;901,513991200000;16636,0000000000;65,0286601009858;269193,6;16,18138975715316;73,6646217291149;Barcelona;8;1
08196;Sant Andreu de la Barca;Baix Llobregat;2025;737,4468342;270648;29230;10,80;2585,08;183;0,00000000000000e+00;0,00000000000000e+00;18230;100,0;737,446834200000;18230,0000000000;48,5428524980801;232657,2;12,76232583653319;58,0995773070933;Barcelona;27;0
08197;Sant Andreu de Llavaneres;Maresme;2025;1158,3781360;119104;16210;13,61;3054,39;164;0,00000000000000e+00;2,01219512195122e+01;22108;100,0;1158,378136000000;22108,0000000000;62,8755999300000;274895,1;12,43419124298896;56,6057679945163;Barcelona;36;1
08198;Sant Antoni de Vilamajor;Vallès Oriental;2025;838,6123404;67173;4420;6,58;2056,94;67;0,00000000000000e+00;7,46268656716418e+00;20921;100,0;838,612340400000;20921,0000000000;48,1016590258592;185124,6;8,84874527986234;40,2832812014924;Barcelona;44;0
08200;Sant Boi de Llobregat;Baix Llobregat;2025;809,8093284;852998;105260;12,34;3010,36;752;6,64893617021277e-01;1,68882978723404e+01;18638;100,0;809,809328400000;18638,0000000000;52,1392420903530;270932,4;14,53655971670780;66,1766503894140;Barcelona;15;0
08202;Sant Celoni;Vallès Oriental;2025;673,6048634;189101;23770;12,57;1848,08;170;5,88235294117647e-01;3,82352941176471e+01;18073;100,0;673,604863400000;18073,0000000000;44,7256037226802;166327,2;9,20307641200000;41,8963483874168;Barcelona;52;0
08205;Sant Cugat del Vallès;Vallès Occidental;2025;1391,0509790;979607;149390;15,25;5251,95;663;4,52488687782805e-01;3,18250377073906e+01;26038;100,0;1391,050979000000;26038,0000000000;64,1086556110300;472675,5;18,15329518000000;82,6415804200000;Barcelona;17;0
08208;Sant Esteve Sesrovires;Baix Llobregat;2025;887,8369643;81070;6210;7,66;2101,79;86;0,00000000000000e+00;2,20930232558140e+01;21392;100,0;887,836964300000;21392,0000000000;49,8038686032162;189161,1;8,84260938668661;40,2553479858327;Barcelona;38;0
08209;Sant Fost de Campsentelles;Vallès Oriental;2025;958,0617143;94017;5500;5,85;2624,89;83;0,00000000000000e+00;1,44578313253012e+01;20327;100,0;958,061714300000;20327,0000000000;56,5589637998721;236240,1;11,62198553647857;52,9082594965292;Barcelona;22;0
08210;Sant Feliu de Codines;Vallès Oriental;2025;670,6315385;68231;8140;11,93;1617,45;68;0,00000000000000e+00;3,67647058823529e+01;18436;100,0;670,631538500000;18436,0000000000;43,6514344868735;145570,5;7,89599153829464;35,9459378072047;Barcelona;39;0
08211;Sant Feliu de Llobregat;Baix Llobregat;2025;956,4237534;466859;48600;10,41;3479,14;453;1,36865342163355e+01;2,62693156732892e+01;21081;100,0;956,423753400000;21081,0000000000;54,4427922812011;313122,6;14,85330866657179;67,6186273719232;Barcelona;16;0
08213;Sant Fruitós de Bages;Bages;2025;537,5028070;93191;6570;7,05;1542,66;120;4,16666666666667e+00;5,00000000000000e+01;20894;100,0;537,502807000000;20894,0000000000;30,8702674643438;138839,4;6,64494113142529;30,2506201386252;Barcelona;57;0
08214;Vilassar de Dalt;Maresme;2025;1103,2266670;94340;8000;8,48;2683,39;67;0,00000000000000e+00;5,97014925373134e+00;22733;100,0;1103,226667000000;22733,0000000000;58,2356926230590;241505,1;10,62354726608894;48,3629405460595;Barcelona;26;0
08217;Sant Joan Despí;Baix Llobregat;2025;1102,6343020;358175;39650;11,07;3826,43;257;1,40077821011673e+01;2,99610894941634e+01;21658;100,0;1102,634302000000;21658,0000000000;61,0934140917906;344378,7;15,90076184319882;72,3870831840132;Barcelona;11;0
08218;Sant Joan de Vilatorrada;Bages;2025;591,9604819;111143;11670;10,50;1559,23;95;0,00000000000000e+00;2,10526315789474e+01;18226;100,0;591,960481900000;18226,0000000000;38,9746833249204;140330,7;7,69947876700000;35,0513274425026;Barcelona;58;0
08219;Vilassar de Mar;Maresme;2025;1052,6845230;212387;18860;8,88;3910,57;118;0,00000000000000e+00;1,69491525423729e+00;22807;100,0;1052,684523000000;22807,0000000000;55,3874436620336;351951,3;15,43172271670978;70,2518160439521;Barcelona;24;1
08221;Sant Just Desvern;Baix Llobregat;2025;1455,6638360;210503;28060;13,33;4586,41;129;1,00775193798450e+01;1,86046511600000e+01;30352;100,0;1455,663836000000;30352,0000000000;57,5512850289931;412776,9;13,59966064839220;61,9114842632894;Barcelona;10;0
08230;Premià de Dalt;Maresme;2025;1194,7155560;106046;11050;10,42;2885,78;70;0,00000000000000e+00;1,14285714285714e+01;23552;100,0;1194,715556000000;23552,0000000000;60,8720561820652;259720,2;11,02752207880435;50,2020070424101;Barcelona;24;0
08231;Sant Pere de Ribes;Garraf;2025;906,2366270;326190;58910;18,06;2696,86;408;7,35294117647059e-01;3,01470588235294e+01;17972;100,0;906,236627000000;17972,0000000000;60,5099016470065;242717,4;13,50530825728912;61,4819517383236;Barcelona;42;0
08234;Sant Pere de Vilamajor;Vallès Oriental;2025;857,4329630;50693;3660;7,22;1940,62;66;0,00000000000000e+00;7,57575757575758e+00;19448;100,0;857,432963000000;19448,0000000000;52,9061885849445;174655,8;8,98065610859728;40,8837958325944;Barcelona;46;0
08235;Sant Pol de Mar;Maresme;2025;859,0941791;57775;7840;13,57;3141,17;78;0,00000000000000e+00;2,43589743589744e+01;20677;100,0;859,094179100000;20677,0000000000;49,8579588392900;282705,3;13,67245248000000;62,2428638959367;Barcelona;48;1
08238;Sant Quirze del Vallès;Vallès Occidental;2025;966,2826271;201616;12480;6,19;2973,41;180;0,00000000000000e+00;1,66666666666667e+01;24946;100,0;966,282627100000;24946,0000000000;46,4819671498437;267606,9;10,72744728613806;48,8359379702259;Barcelona;25;0
08240;Sant Sadurní d'Anoia;Alt Penedès;2025;659,2862500;129234;11980;9,27;2021,08;91;1,09890109890110e+00;1,75824175824176e+01;19542;100,0;659,286250000000;19542,0000000000;40,4842646607307;181897,2;9,30801350936444;42,3740670305352;Barcelona;42;0
08244;Santa Coloma de Cervelló;Baix Llobregat;2025;937,0265789;82751;3790;4,58;2884,32;87;1,14942528735632e+00;1,14942528735632e+01;21199;100,0;937,026578900000;21199,0000000000;53,0417422840700;259588,8;12,24533232699656;55,7460012615260;Barcelona;18;0
08245;Santa Coloma de Gramenet;Barcelonès;2025;674,9214254;1232662;293620;23,82;2553,46;963;0,00000000000000e+00;2,90758047767394e+00;15925;100,0;674,921425400000;15925,0000000000;50,8575014430141;229811,4;14,43085714285714;65,6954469677450;Barcelona;9;0
08248;Santa Eulàlia de Ronçana;Vallès Oriental;2025;869,0971875;79605;3630;4,56;1969,31;74;0,00000000000000e+00;1,62162162162162e+01;19397;100,0;869,097187500000;19397,0000000000;53,7669033871217;177237,9;9,13738722482858;41,5973030506785;Barcelona;38;0
08250;Santa Margarida de Montbui;Anoia;2025;510,7373585;106031;14240;13,43;1288,61;94;0,00000000000000e+00;1,06382978723404e+01;13469;100,0;510,737358500000;13469,0000000000;45,5033655208256;115974,9;8,61050560546440;39,1987120910034;Barcelona;66;0
08251;Santa Margarida i els Monjos;Alt Penedès;2025;665,4374468;77761;10140;13,04;1629,79;73;0,00000000000000e+00;3,15068493150685e+01;18332;100,0;665,437446800000;18332,0000000000;43,5590735413485;146681,1;8,00136919048658;36,4256620462176;Barcelona;52;0
08252;Barberà del Vallès;Vallès Occidental;2025;806,0687379;340459;32650;9,59;2623,82;328;9,14634146341463e-01;9,14634146341463e+00;19180;100,0;806,068737900000;19180,0000000000;50,4318292700000;236143,8;12,31198123044838;56,0494156366274;Barcelona;19;0
08259;Santa Maria de Palautordera;Vallès Oriental;2025;754,7982609;100630;9580;9,52;1936,96;88;0,00000000000000e+00;3,40909090909091e+01;19072;100,0;754,798260900000;19072,0000000000;47,4915013150168;174326,4;9,14043624161074;41,6111834819192;Barcelona;54;0
08260;Santa Perpètua de Mogoda;Vallès Occidental;2025;739,5907273;260971;26880;10,30;2325,68;226;8,84955752212389e-01;2,92035398230088e+01;18415;100,0;739,590727300000;18415,0000000000;48,1948885560684;209311,2;11,36634265544393;51,7444635301887;Barcelona;20;0
08262;Sant Vicenç de Castellet;Bages;2025;561,4437778;101646;15440;15,19;1573,05;136;0,00000000000000e+00;3,60294117647059e+01;16436;100,0;561,443777800000;16436,0000000000;40,9912711949379;141574,5;8,61368337800000;39,2131786733964;Barcelona;52;0
08263;Sant Vicenç dels Horts;Baix Llobregat;2025;805,1751639;287536;29760;10,35;2435,38;235;0,00000000000000e+00;2,00000000000000e+01;17829;100,0;805,175163900000;17829,0000000000;54,1931794649167;219184,2;12,29369005552751;55,9661463685516;Barcelona;21;0
08264;Sant Vicenç de Montalt;Maresme;2025;1582,7662960;68304;9180;13,44;3448,77;82;0,00000000000000e+00;2,31707317073171e+01;23591;100,0;1582,766296000000;23591,0000000000;80,5103452672629;310389,3;13,15710652367428;59,8967882000000;Barcelona;38;1
08266;Cerdanyola del Vallès;Vallès Occidental;2025;902,1361488;582572;68860;11,82;3298,60;478;4,18410041841004e-01;9,83263598326360e+00;20898;100,0;902,136148800000;20898,0000000000;51,8022479931094;296874,0;14,20585701981051;64,6711499696514;Barcelona;18;0
08267;Sentmenat;Vallès Occidental;2025;736,8048333;95259;6430;6,75;1992,09;104;0,00000000000000e+00;1,73076923076923e+01;18756;100,0;736,804833300000;18756,0000000000;47,1404243953935;179288,1;9,55897312859885;43,5165427818539;Barcelona;32;0
08270;Sitges;Garraf;2025;1290,8503690;326866;89790;27,47;5233,07;389;1,54241645244216e+00;1,97943444730077e+01;23059;100,0;1290,850369000000;23059,0000000000;67,1763928531159;470976,3;20,42483628951819;92,9826091409322;Barcelona;38;1
08274;Súria;Bages;2025;486,0212963;61935;6720;10,85;1156,24;59;1,69491525423729e+00;2,54237288135593e+01;19001;100,0;486,021296300000;19001,0000000000;30,6944663733488;104061,6;5,47663807168044;24,9320038607479;Barcelona;72;0
08278;Taradell;Osona;2025;601,6247619;68410;6280;9,18;2595,80;49;0,00000000000000e+00;3,06122448979592e+01;22274;100,0;601,624761900000;22274,0000000000;32,4122166777409;233622,0;10,48855167459819;47,7483827527236;Barcelona;75;0
08279;Terrassa;Vallès Occidental;2025;752,8635608;2327163;346980;14,91;2182,97;3355;8,94187779433681e+02;1,15052160953800e+04;18684;100,0;752,863560800000;18684,0000000000;48,3534721130379;196467,3;10,51526974951830;47,8700148814751;Barcelona;28;0
08281;Teià;Maresme;2025;1360,5467860;68952;7040;10,21;3656,28;93;0,00000000000000e+00;4,08602150537634e+01;26046;100,0;1360,546786000000;26046,0000000000;62,6835653536052;329065,2;12,63400138217001;57,5153893892984;Barcelona;22;0
08282;Tiana;Maresme;2025;1331,0238810;93664;5470;5,84;3831,57;88;1,13636363636364e+00;4,31818181818182e+01;26539;100,0;1331,023881000000;26539,0000000000;60,1842065337805;344841,3;12,99375635856664;59,1531482375277;Barcelona;17;0
08283;Tona;Osona;2025;639,4789583;85116;9150;10,75;2544,22;125;0,00000000000000e+00;4,64000000000000e+01;20036;100,0;639,478958300000;20036,0000000000;38,2997978618487;228979,8;11,42841884607706;52,0270609566151;Barcelona;61;0
08284;Tordera;Maresme;2025;629,6977692;190497;22250;11,68;1746,76;271;2,95202952029520e+00;1,91881918819188e+01;15538;100,0;629,697769200000;15538,0000000000;48,6315692521560;157208,4;10,11767280216244;46,0599831618774;Barcelona;65;0
08285;Torelló;Osona;2025;551,3607801;153341;27080;17,66;1462,87;156;0,00000000000000e+00;3,84615384615385e+00;18869;100,0;551,360780100000;18869,0000000000;35,0645469400000;131658,3;6,97749218294557;31,7645350608606;Barcelona;82;0
08289;Torrelles de Llobregat;Baix Llobregat;2025;790,5848936;61614;3740;6,07;2126,37;55;0,00000000000000e+00;3,81818181818182e+01;20515;100,0;790,584893600000;20515,0000000000;46,2443028184255;191373,3;9,32845722641969;42,4671355930142;Barcelona;25;0
08291;Vacarisses;Vallès Occidental;2025;993,3084211;77165;3920;5,08;2004,80;90;0,00000000000000e+00;1,11111111111111e+00;18570;100,0;993,308421100000;18570,0000000000;64,1879432051696;180432,0;9,71631664000000;44,2328378840550;Barcelona;42;0
08295;Vallirana;Baix Llobregat;2025;885,6122500;162466;12120;7,46;2062,61;170;0,00000000000000e+00;3,94117647058824e+01;19166;100,0;885,612250000000;19166,0000000000;55,4489564854430;185634,9;9,68563602200000;44,0931665625407;Barcelona;28;0
08298;Vic;Osona;2025;679,8521642;503974;152200;30,20;1942,87;487;6,16016427104723e-01;3,08008213552361e+01;17726;100,0;679,852164200000;17726,0000000000;46,0240661762383;174858,3;9,86450975967505;44,9074764834952;Barcelona;70;0
08300;Viladecavalls;Vallès Occidental;2025;944,3816667;78125;2250;2,88;2218,28;63;0,00000000000000e+00;4,76190476190476e+00;20806;100,0;944,381666700000;20806,0000000000;54,4678458200000;199645,2;9,59555897337307;43,6830972284361;Barcelona;32;0
08301;Viladecans;Baix Llobregat;2025;890,4987793;675453;67140;9,94;3317,91;927;0,00000000000000e+00;4,08845738942826e+01;18933;100,0;890,498779300000;18933,0000000000;56,4410571573443;298611,9;15,77203295832673;71,8010541251976;Barcelona;18;1
08302;Vilanova del Camí;Anoia;2025;513,3454667;128902;11150;8,65;1348,66;84;0,00000000000000e+00;9,52380952380952e+00;15730;100,0;513,345466700000;15730,0000000000;39,1617647832168;121379,4;7,71642720915448;35,1284840173468;Barcelona;64;0
08305;Vilafranca del Penedès;Alt Penedès;2025;721,0146640;425479;68800;16,17;2070,07;428;2,10280373831776e+00;3,31775700934579e+01;17997;100,0;721,014664000000;17997,0000000000;48,0756568761460;186306,3;10,35207534589098;47,1270840089151;Barcelona;48;0
08307;Vilanova i la Geltrú;Garraf;2025;844,1918561;713025;100180;14,05;3030,94;1006;2,98210735586481e+02;3,68787276341948e+04;18972;100,0;844,191856100000;18972,0000000000;53,3960693295383;272784,6;14,37827324478178;65,4560625255619;Barcelona;45;1
08902;Vilanova del Vallès;Vallès Oriental;2025;1030,2476920;56944;2870;5,04;2764,89;38;0,00000000000000e+00;1,84210526315789e+01;20847;100,0;1030,247692000000;20847,0000000000;59,3033640523816;248840,1;11,93649445963448;54,3400389173585;Barcelona;30;0
08904;Badia del Vallès;Vallès Occidental;2025;377,2468750;130597;8750;6,70;1644,42;70;5,71428571428571e+00;7,14285714285714e+00;15259;100,0;377,246875000000;15259,0000000000;29,6674913166000;147997,8;9,69904974100000;44,1542315607866;Barcelona;20;0
17008;Anglès;Selva;2025;538,2091525;59046;13120;22,22;1248,92;64;0,00000000000000e+00;4,37500000000000e+01;16378;100,0;538,209152500000;16378,0000000000;39,4340568445476;112402,8;6,86303577970448;31,2434804558009;Girona;101;0
17009;Arbúcies;Selva;2025;500,8994340;66349;15340;23,12;1278,67;75;1,33333333333333e+00;2,66666666666667e+01;15778;100,0;500,899434000000;15778,0000000000;38,0960401064774;115080,3;7,29371910254785;33,2041355378695;Girona;78;0
17015;Banyoles;Pla de l'Estany;2025;680,2817083;208830;39970;19,14;1785,10;153;9,15032679700000e+00;2,61437908496732e+01;18991;100,0;680,281708300000;18991,0000000000;42,9855220873045;160659,0;8,45974408900000;38,5123810510971;Girona;118;0
17020;Bescanó;Gironès;2025;844,5312500;50877;2900;5,70;1546,52;23;0,00000000000000e+00;4,78260869565217e+01;18675;100,0;844,531250000000;18675,0000000000;54,2670682730924;139186,8;7,45310843373494;33,9297440897779;Girona;98;0
17022;Bisbal d'Empordà, la;Baix Empordà;2025;526,5757143;117284;25650;21,87;1286,79;69;4,34782608695652e+00;2,17391304347826e+01;15454;100,0;526,575714300000;15454,0000000000;40,8884985867737;115811,1;7,49392390319658;34,1155536008095;Girona;120;0
17023;Blanes;Selva;2025;615,6839456;424453;83490;19,67;2470,44;448;0,00000000000000e+00;3,57142857142857e+00;15669;100,0;615,683945600000;15669,0000000000;47,1517477005552;222339,6;14,18977599080988;64,5979422331019;Girona;70;1
17033;Caldes de Malavella;Selva;2025;704,0623529;86439;9370;10,84;2713,23;92;1,08695652173913e+00;2,82608695652174e+01;17653;100,0;704,062352900000;17653,0000000000;47,8601270877471;244190,7;13,83281595196284;62,9729071400000;Girona;85;0
17034;Calonge i Sant Antoni;Baix Empordà;2025;738,3669903;122695;27680;22,56;3031,23;366;0,00000000000000e+00;3,08743169398907e+01;16501;100,0;738,366990300000;16501,0000000000;53,6961631634446;272810,7;16,53297981940489;75,2652103885680;Girona;112;1
17044;Cassà de la Selva;Gironès;2025;661,4644872;111662;19820;17,75;1505,80;83;1,20481927710843e+00;3,61445783132530e+01;17921;100,0;661,464487200000;17921,0000000000;44,2920252575191;135522,0;7,56218960995480;34,4263283575446;Girona;96;0
17047;Castelló d'Empúries;Alt Empordà;2025;617,7258416;122762;55820;45,47;2913,23;524;0,00000000000000e+00;3,62595419847328e+00;13339;100,0;617,725841600000;13339,0000000000;55,5717077681985;262190,7;19,65594872179324;89,4823033774152;Girona;142;1
17048;Castell d'Aro, Platja d'Aro i s'Agaró;Baix Empordà;2025;860,1434921;128900;45360;35,19;3472,16;369;0,00000000000000e+00;3,17073170731707e+01;13690;100,0;860,143492100000;13690,0000000000;75,3960694317020;312494,4;22,82647187728269;103,9158837087514;Girona;107;1
17049;Celrà;Gironès;2025;688,8204348;56138;11250;20,04;1966,17;25;0,00000000000000e+00;2,40000000000000e+01;17221;100,0;688,820434800000;17221,0000000000;47,9986366506010;176955,3;10,27555310376866;46,7787219643439;Girona;109;0
17062;Escala, l';Alt Empordà;2025;680,4919802;106427;30140;28,32;2797,64;293;0,00000000000000e+00;6,14334470989761e+00;14478;100,0;680,491980200000;14478,0000000000;56,4021533526730;251787,6;17,39104848736013;79,1715067445152;Girona;140;1
17066;Figueres;Alt Empordà;2025;581,4535489;495593;145060;29,27;1343,19;464;2,15517241379310e-01;4,95689655172414e+00;14496;100,0;581,453548900000;14496,0000000000;48,1335719288079;120887,1;8,33934188700000;37,9642586221488;Girona;138;0
17079;Girona;Gironès;2025;823,5162950;1083622;237530;21,92;2544,97;1003;6,87936191400000e+03;2,83150548354935e+04;18853;100,0;823,516295000000;18853,0000000000;52,4170982867448;229047,3;12,14911685142948;55,3079871775378;Girona;102;0
17089;Llagostera;Gironès;2025;637,9889773;95797;16640;17,37;1500,14;88;0,00000000000000e+00;3,18181818181818e+01;16539;100,0;637,988977300000;16539,0000000000;46,2897861273354;135012,6;8,16328677670960;37,1627802986926;Girona;90;0
17092;Llançà;Alt Empordà;2025;607,2864000;50323;7800;15,50;2612,95;144;0,00000000000000e+00;1,66666666666667e+01;16282;100,0;607,286400000000;16282,0000000000;44,7576268300000;235165,5;14,44328092371944;65,7520053432246;Girona;160;1
17095;Lloret de Mar;Selva;2025;617,5645455;419387;161380;38,48;2289,00;647;0,00000000000000e+00;2,10200927357032e+01;12941;100,0;617,564545500000;12941,0000000000;57,2658569353218;206010,0;15,91917162506761;72,4708924017524;Girona;75;1
17103;Maçanet de la Selva;Selva;2025;573,3218750;80627;11320;14,04;1434,80;136;7,35294117647059e-01;2,79411764705882e+01;15356;100,0;573,321875000000;15356,0000000000;44,8024387861422;129132,0;8,40922115134149;38,2823789826954;Girona;78;0
17114;Olot;Garrotxa;2025;549,5378696;395212;109790;27,78;1835,50;300;1,66666666666667e+00;3,86666666666667e+01;17350;100,0;549,537869600000;17350,0000000000;38,0083829118156;165195,0;9,52132564841498;43,3451553158563;Girona;112;0
17117;Palafrugell;Baix Empordà;2025;661,6099015;245532;60720;24,73;2704,99;336;0,00000000000000e+00;1,27976190476190e+01;15146;100,0;661,609901500000;15146,0000000000;52,4185845635811;243449,1;16,07349135085171;73,1734219369674;Girona;122;1
17118;Palamós;Baix Empordà;2025;729,9211500;189228;32850;17,36;3158,32;277;0,00000000000000e+00;2,12996389891697e+01;16775;100,0;729,921150000000;16775,0000000000;52,2149257800000;284248,8;16,94478689000000;77,1399326581521;Girona;115;1
17141;Puigcerdà;Cerdanya;2025;618,5840268;100527;24780;24,65;3008,67;83;0,00000000000000e+00;1,68674698795181e+01;14724;100,0;618,584026800000;14724,0000000000;50,4143461124694;270780,3;18,39040342298289;83,7209987480207;Girona;151;0
17147;Ripoll;Ripollès;2025;450,0910606;108125;17300;16,00;1004,28;78;0,00000000000000e+00;1,28205128205128e+01;17770;100,0;450,091060600000;17770,0000000000;30,3944441598199;90385,2;5,08639279684862;23,1554401055023;Girona;102;0
17152;Roses;Alt Empordà;2025;633,8995781;201782;61140;30,30;3002,94;675;0,00000000000000e+00;0,00000000000000e+00;13396;100,0;633,899578100000;13396,0000000000;56,7840768677217;270264,6;20,17502239474470;91,8453492184320;Girona;150;1
17155;Salt;Gironès;2025;522,5975620;346021;128270;37,07;1357,31;386;3,88601036269430e+00;2,92746113989637e+01;13079;100,0;522,597562000000;13079,0000000000;47,9483962382445;122157,9;9,34000305833779;42,5196971685995;Girona;100;0
17160;Sant Feliu de Guíxols;Baix Empordà;2025;671,3306731;230601;47550;20,62;2709,72;354;0,00000000000000e+00;3,22033898305085e+01;15523;100,0;671,330673100000;15523,0000000000;51,8969791741287;243874,8;15,71054564195065;71,5211375067885;Girona;105;1
17164;Sant Hilari Sacalm;Selva;2025;534,6825397;60716;12550;20,67;1120,68;63;0,00000000000000e+00;3,80952380952381e+01;16242;100,0;534,682539700000;16242,0000000000;39,5036970594754;100861,2;6,20990025858884;28,2701276212854;Girona;95;0
17180;Santa Coloma de Farners;Selva;2025;600,0222069;142211;29850;20,99;1504,10;151;1,32450331125828e+00;2,25165562913907e+01;16754;100,0;600,022206900000;16754,0000000000;42,9764025474514;135369,0;8,07980183836696;36,7827210766242;Girona;90;0
17181;Santa Cristina d'Aro;Baix Empordà;2025;832,2006250;59707;11410;19,11;2211,89;125;0,00000000000000e+00;2,08000000000000e+01;17678;100,0;832,200625000000;17678,0000000000;56,4905956556171;199070,1;11,26089489761285;51,2644201402582;Girona;101;1
17186;Sarrià de Ter;Gironès;2025;719,7442857;54020;4770;8,83;2469,91;48;0,00000000000000e+00;4,37500000000000e+01;18474;100,0;719,744285700000;18474,0000000000;46,7518210912634;222291,9;12,03268918480026;54,7779585366262;Girona;106;0
17193;Sils;Selva;2025;638,2106667;69237;9160;13,23;1691,86;88;0,00000000000000e+00;4,20454545454545e+01;17036;100,0;638,210666700000;17036,0000000000;44,9549659567974;152267,4;8,93797839868514;40,6895086048516;Girona;80;0
17199;Torroella de Montgrí;Baix Empordà;2025;626,9342202;125079;35560;28,43;2299,53;279;0,00000000000000e+00;1,79211469534050e+01;15327;100,0;626,934220200000;15327,0000000000;49,0846913446859;206957,7;13,50281855549031;61,4706175486168;Girona;135;1
17202;Tossa de Mar;Selva;2025;703,7470175;62929;16330;25,95;3147,28;139;0,00000000000000e+00;6,47482014388489e+00;15254;100,0;703,747017500000;15254,0000000000;55,3622932345614;283255,2;18,56924085485774;84,5351433899693;Girona;87;1
17213;Vidreres;Selva;2025;734,8654054;88536;15910;17,97;1596,07;97;0,00000000000000e+00;3,40206185567010e+01;16605;100,0;734,865405400000;16605,0000000000;53,1068043649503;143646,3;8,65078590785908;39,3820852921666;Girona;82;0
17221;Vilafant;Alt Empordà;2025;749,9720000;56607;3770;6,66;1738,23;20;0,00000000000000e+00;2,00000000000000e+01;17109;100,0;749,972000000000;17109,0000000000;52,6019288093986;156440,7;9,14376643871646;41,6263439665103;Girona;136;0
25003;Agramunt;Urgell;2025;425,3633333;56391;11250;19,95;922,77;56;0,00000000000000e+00;1,07142857142857e+01;16508;100,0;425,363333300000;16508,0000000000;30,9205233801793;83049,3;5,03085170826266;22,9025932646245;Lleida;112;0
25011;Alcarràs;Segrià;2025;466,6318367;105567;36980;35,03;987,31;108;0,00000000000000e+00;4,25925925925926e+01;14767;100,0;466,631836700000;14767,0000000000;37,9195641660459;88857,9;6,01732917992822;27,3934615327480;Lleida;165;0
25019;Almacelles;Segrià;2025;450,9479592;71976;17850;24,80;893,21;66;0,00000000000000e+00;3,18181818181818e+01;14696;100,0;450,947959200000;14696,0000000000;36,8220979205226;80388,9;5,47012112139358;24,9023359097923;Lleida;170;0
25023;Alpicat;Segrià;2025;682,6875000;65544;5060;7,72;1446,48;63;0,00000000000000e+00;2,69841269841270e+01;21135;100,0;682,687500000000;21135,0000000000;38,7615330021292;130183,2;6,15960255500355;28,0411509200000;Lleida;160;0
25040;Balaguer;Noguera;2025;438,3238308;176704;44600;25,24;870,44;360;0,00000000000000e+00;4,05555555555556e+01;14841;100,0;438,323830800000;14841,0000000000;35,4415872892662;78339,6;5,27859308671922;24,0304182045426;Lleida;145;0
25050;Bellpuig;Urgell;2025;450,6622449;55310;15260;27,59;956,69;55;0,00000000000000e+00;3,81818181818182e+01;15481;100,0;450,662244900000;15481,0000000000;34,9328011000000;86102,1;5,56179187390995;25,3196604665261;Lleida;123;0
25058;Borges Blanques, les;Garrigues;2025;436,8620779;64570;11700;18,12;1228,18;120;0,00000000000000e+00;7,50000000000000e+00;16200;100,0;436,862077900000;16200,0000000000;32,3601539185185;110536,2;6,82322222222222;31,0622320775320;Lleida;125;0
25072;Cervera;Segarra;2025;418,1622772;96304;23190;24,08;943,54;60;1,66666666666667e+00;3,00000000000000e+01;15930;100,0;418,162277200000;15930,0000000000;31,4999832165725;84918,6;5,33073446327684;24,2677880991065;Lleida;102;0
25110;Guissona;Segarra;2025;461,8304938;77146;40000;51,85;1389,76;35;1,42857142857143e+01;3,71428571428571e+01;15676;100,0;461,830493800000;15676,0000000000;35,3531891145700;125078,4;7,97897422811942;36,3237105787495;Lleida;110;0
25120;Lleida;Segrià;2025;575,6406262;1473517;342740;23,26;1393,42;1762;5,84562996594779e+03;3,30874006810443e+04;17672;100,0;575,640626200000;17672,0000000000;39,0883177591670;125407,8;7,09641240380263;32,3059108769585;Lleida;155;0
25137;Mollerussa;Pla d'Urgell;2025;457,2528079;160157;50930;31,80;895,33;198;5,55555555555556e+00;3,78787878787879e+01;16470;100,0;457,252807900000;16470,0000000000;33,3153229799636;80579,7;4,89251366120219;22,2728191809152;Lleida;135;0
25203;Seu d'Urgell, la;Alt Urgell;2025;565,5194444;130032;24680;18,98;1832,22;109;0,00000000000000e+00;1,55963302752294e+01;15080;100,0;565,519444400000;15080,0000000000;45,0015472997348;164899,8;10,93500000000000;49,7808068835238;Lleida;180;0
25207;Solsona;Solsonès;2025;413,2976119;97415;19220;19,73;1365,24;62;0,00000000000000e+00;2,09677419354839e+01;16996;100,0;413,297611900000;16996,0000000000;29,1808151494469;122871,6;7,22944222169922;32,9115196263377;Lleida;115;0
25217;Tàrrega;Urgell;2025;462,2728968;189886;48440;25,51;1014,74;210;0,00000000000000e+00;1,71428571428571e+01;16155;100,0;462,272896800000;16155,0000000000;34,3378196323120;91326,6;5,65314763231198;25,7355510350409;Lleida;100;0
25234;Tremp;Pallars Jussà;2025;418,5507955;61559;11770;19,12;1160,95;69;0,00000000000000e+00;0,00000000000000e+00;17462;100,0;418,550795500000;17462,0000000000;28,7630829572787;104485,5;5,98359294467988;27,2398797301074;Lleida;190;0
25243;Vielha e Mijaran;Val d'Aran;2025;692,4865000;58566;14700;25,10;3020,28;113;0,00000000000000e+00;1,41592920353982e+01;17777;100,0;692,486500000000;17777,0000000000;46,7448838386679;271825,2;15,29083647409574;69,6104414818932;Lleida;280;0
43004;Alcanar;Montsià;2025;446,8019737;100496;22280;22,17;1131,54;239;0,00000000000000e+00;1,54811715481172e+01;14611;100,0;446,801973700000;14611,0000000000;36,6958023708165;101838,6;6,96999520908904;31,7304056225650;Tarragona;190;1
43005;Alcover;Alt Camp;2025;478,8926087;53591;5970;11,14;1384,24;43;0,00000000000000e+00;4,65116279069767e+00;16801;100,0;478,892608700000;16801,0000000000;34,2045789203024;124581,6;7,41513005178263;33,7568502171015;Tarragona;105;0
43012;Altafulla;Tarragonès;2025;839,5911940;58578;7170;12,24;2995,00;128;0,00000000000000e+00;4,37500000000000e+01;19491;100,0;839,591194000000;19491,0000000000;51,6910077882099;269550,0;13,82945975065415;62,9576282700000;Tarragona;88;1
43013;Ametlla de Mar, l';Baix Ebre;2025;509,3272093;74358;18240;24,53;2243,44;158;0,00000000000000e+00;3,16455696202532e+00;14187;100,0;509,327209300000;14187,0000000000;43,0811765108903;201909,6;14,23201522520617;64,7902333323602;Tarragona;144;1
43014;Amposta;Montsià;2025;413,3184946;230431;52400;22,74;864,72;352;0,00000000000000e+00;5,68181818181818e-01;14186;100,0;413,318494600000;14186,0000000000;34,9627938474552;77824,8;5,48602847878190;24,9747530187246;Tarragona;168;0
43016;Arboç, l';Baix Penedès;2025;519,5510606;57004;14040;24,63;1087,18;77;6,49350649350649e+00;3,76623376623377e+01;15012;100,0;519,551060600000;15012,0000000000;41,5308601598721;97846,2;6,51786570743405;29,6721183424341;Tarragona;60;0
43037;Calafell;Baix Penedès;2025;704,0363402;324279;71990;22,20;2382,30;807;4,95662949194548e-01;3,35811648079306e+01;15546;100,0;704,036340200000;15546,0000000000;54,3447580239290;214407,0;13,79177923581629;62,7860904177745;Tarragona;62;1
43038;Cambrils;Baix Camp;2025;688,1899020;370669;75950;20,49;2655,31;647;3,09119010819165e-01;1,25193199400000e+01;17061;100,0;688,189902000000;17061,0000000000;48,4044242658695;238977,9;14,00726217689467;63,7670611243604;Tarragona;115;1
43043;Catllar, el;Tarragonès;2025;712,1481818;53894;4290;7,96;1630,57;66;0,00000000000000e+00;2,57575757575758e+01;19813;100,0;712,148181800000;19813,0000000000;43,1321767607127;146751,3;7,40681875500000;33,7190136334677;Tarragona;92;0
43044;Sénia, la;Montsià;2025;343,9323333;56053;11760;20,98;667,15;51;0,00000000000000e+00;0,00000000000000e+00;14034;100,0;343,932333300000;14034,0000000000;29,4084936554083;60043,5;4,27843095339889;19,4772514911423;Tarragona;195;0
43047;Constantí;Tarragonès;2025;521,0630556;71549;14460;20,21;939,73;106;1,88679245283019e+00;2,45283018867925e+01;14122;100,0;521,063055600000;14122,0000000000;44,2767077411131;84575,7;5,98893216258320;27,2641861384617;Tarragona;95;0
43051;Cunit;Baix Penedès;2025;727,0539726;163027;32100;19,69;2200,46;379;0,00000000000000e+00;1,24010554089710e+01;15137;100,0;727,053972600000;15137,0000000000;57,6378917301975;198041,4;13,08326616898989;59,5606352596457;Tarragona;55;1
43086;Montblanc;Conca de Barberà;2025;487,6000000;75672;11260;14,88;1392,94;40;0,00000000000000e+00;5,00000000000000e+00;18131;100,0;487,600000000000;18131,0000000000;32,2717996800000;125364,6;6,91437868843417;31,4772153825783;Tarragona;114;0
43092;Mont-roig del Camp;Baix Camp;2025;643,4943284;146533;41630;28,41;2071,31;368;0,00000000000000e+00;0,00000000000000e+00;14540;100,0;643,494328400000;14540,0000000000;53,1081976671252;186417,9;12,82103851444292;58,3668625819573;Tarragona;120;1
43093;Móra d'Ebre;Ribera d'Ebre;2025;408,2455385;58410;12640;21,64;851,86;86;0,00000000000000e+00;3,95348837209302e+01;16088;100,0;408,245538500000;16088,0000000000;30,4509352436599;76667,4;4,76550223800000;21,6946087423485;Tarragona;150;0
43100;Pallaresos, els;Tarragonès;2025;0,0000000;50430;1760;3,49;1727,43;43;0,00000000000000e+00;1,86046511600000e+01;19595;100,0;0,000000000000;19595,0000000000;0,0000000000000;155468,7;7,93410053585098;36,1194262980942;Tarragona;95;0
43123;Reus;Baix Camp;2025;581,6900662;1118957;216630;19,36;1508,42;1262;2,21870047543582e+03;1,23613312202853e+04;16995;100,0;581,690066200000;16995,0000000000;41,0725554245366;135757,8;7,98810238305384;36,3652658524572;Tarragona;108;0
43129;Riudoms;Baix Camp;2025;568,2120690;69254;9010;13,01;1316,21;50;0,00000000000000e+00;1,80000000000000e+01;15713;100,0;568,212069000000;15713,0000000000;43,3942902564755;118458,9;7,53891045631006;34,3203516724051;Tarragona;115;0
43131;Roda de Berà;Tarragonès;2025;662,8310345;82423;13130;15,93;2052,43;244;0,00000000000000e+00;2,50000000000000e+01;16275;100,0;662,831034500000;16275,0000000000;48,8723343410138;184718,7;11,34984331797235;51,6693514741870;Tarragona;75;1
43133;Roquetes;Baix Ebre;2025;452,0923188;86079;15520;18,03;888,23;60;0,00000000000000e+00;1,66666666666667e+00;15445;100,0;452,092318800000;15445,0000000000;35,1253339307219;79940,7;5,17583036581418;23,5625982535413;Tarragona;178;0
43136;Ràpita, la;Montsià;2025;423,2593720;162290;33740;20,79;1281,73;305;0,00000000000000e+00;1,31147540983607e+00;15151;100,0;423,259372000000;15151,0000000000;33,5232820539898;115355,7;7,61373506699228;34,6609853710339;Tarragona;180;1
43145;Selva del Camp, la;Baix Camp;2025;607,2451613;57508;5170;8,99;1681,11;48;0,00000000000000e+00;0,00000000000000e+00;17110;100,0;607,245161300000;17110,0000000000;42,5887898047925;151299,9;8,84277615429573;40,2561071834682;Tarragona;116;0
43148;Tarragona;Tarragonès;2025;676,0228800;1432580;310440;21,67;1667,54;1643;3,04321363359708e+02;9,86001217285454e+03;17409;100,0;676,022880000000;17409,0000000000;46,5981650870240;150078,6;8,62074788902292;39,2453393557380;Tarragona;98;1
43153;Torredembarra;Tarragonès;2025;638,6979899;181944;35370;19,44;2226,80;356;0,00000000000000e+00;2,27528089887640e+01;15832;100,0;638,697989900000;15832,0000000000;48,4106611849419;200412,0;12,65866599292572;57,6276732690320;Tarragona;84;1
43155;Tortosa;Baix Ebre;2025;471,5766616;362633;85400;23,55;878,98;339;2,94985250737463e-01;6,78466076696165e+00;15834;100,0;471,576661600000;15834,0000000000;35,7390421826449;79108,2;4,99609700644183;22,7443749656179;Tarragona;175;0
43156;Ulldecona;Montsià;2025;379,0473810;68144;19680;28,88;613,49;115;0,00000000000000e+00;8,69565217391304e-01;13670;100,0;379,047381000000;13670,0000000000;33,2740934308705;55214,1;4,03907095830285;18,3875822006515;Tarragona;198;0
43161;Valls;Alt Camp;2025;543,7124681;255447;46900;18,36;1192,25;228;0,00000000000000e+00;1,31578947368421e+00;17056;100,0;543,712468100000;17056,0000000000;38,2536914704503;107302,5;6,29118785178236;28,6401835864242;Tarragona;101;0
43162;Vandellòs i l'Hospitalet de l'Infant;Baix Camp;2025;603,2770130;71514;13080;18,29;2065,51;143;6,99300699300699e-01;1,46853146853147e+01;16245;100,0;603,277013000000;16245,0000000000;44,5633989289012;185895,9;11,44326869806094;52,0946638476858;Tarragona;132;1
43163;Vendrell, el;Baix Penedès;2025;615,1481490;411925;72540;17,61;1695,98;767;9,12646675358540e-01;1,29074315514993e+01;16662;100,0;615,148149000000;16662,0000000000;44,3030715880447;152638,2;9,16085703997119;41,7041477100000;Tarragona;65;1
43171;Vila-seca;Tarragonès;2025;614,1250952;241647;40790;16,88;2615,03;454;2,20264317180617e-01;2,62114537444934e+01;15523;100,0;614,125095200000;15523,0000000000;47,4747222985248;235352,7;15,16154738130516;69,0218621200000;Tarragona;106;1
43901;Deltebre;Baix Ebre;2025;464,7777273;120768;15410;12,76;988,21;184;5,43478260869565e-01;1,57608695652174e+01;14602;100,0;464,777727300000;14602,0000000000;38,1956768086564;88938,9;6,09087111400000;27,7282559356078;Tarragona;170;1
43905;Salou;Tarragonès;2025;661,1780737;310179;102390;33,01;2535,99;772;0,00000000000000e+00;1,23056994818653e+01;15336;100,0;661,178073700000;15336,0000000000;51,7353735289515;228239,1;14,88257042253521;67,7518394270387;Tarragona;110;1
43907;Canonja, la;Tarragonès;2025;555,2153659;59923;4680;7,81;NA;NA;NA;NA;15868;100,0;555,215365900000;15868,0000000000;41,9875497277540;NA;NA;NA;Tarragona;100;0
08001;Abrera;Baix Llobregat;2024;756,2166443;129774;10330;7,96;2146,56;177;2,25988700564972e+00;2,65536723163842e+01;19389;97,6;774,812135553279;19865,7786885246;46,8028249605446;193190,4;9,96391768528547;45,3600239684064;Barcelona;35;0
08003;Alella;Maresme;2024;1257,4721540;101998;13270;13,01;3399,81;83;0,00000000000000e+00;7,22891566265060e+00;26404;97,6;1288,393600409836;27053,2786885246;57,1491662172398;305982,9;11,58850552946523;52,7558441546371;Barcelona;18;0
08005;Ametlla del Vallès, l';Vallès Oriental;2024;1183,1694920;94444;6460;6,84;1794,74;89;0,00000000000000e+00;1,79775280898876e+01;24932;97,6;1212,263823770492;25545,0819672131;56,9470315417937;161526,6;6,47868602599069;29,4937556395818;Barcelona;35;0
08006;Arenys de Mar;Maresme;2024;768,2838947;165067;20980;12,71;2724,58;340;0,00000000000000e+00;5,17647058823529e+01;19760;97,6;787,176121618852;20245,9016393443;46,6569166821862;245212,2;12,40952429149798;56,4934734587525;Barcelona;40;1
08007;Arenys de Munt;Maresme;2024;780,1291045;94494;7380;7,81;2088,72;90;0,00000000000000e+00;2,11111111111111e+01;19320;97,6;799,312607069672;19795,0819672131;48,4552238819876;187984,8;9,73006211180124;44,2954131643593;Barcelona;45;0
08009;Argentona;Maresme;2024;901,9092208;128549;8150;6,34;2712,50;128;0,00000000000000e+00;3,04687500000000e+01;19805;97,6;924,087316393443;20292,0081967213;54,6473650573087;244125,0;12,32643271901035;56,1152050066578;Barcelona;35;0
08010;Artés;Bages;2024;503,8131250;60514;7770;12,84;996,99;92;0,00000000000000e+00;4,67391304347826e+01;18387;97,6;516,201972336066;18839,1393442623;32,8806085821504;89729,1;4,88002936857562;22,2159853299486;Barcelona;72;0
08015;Badalona;Barcelonès;2024;883,3481020;2261601;389900;17,24;2672,41;2486;3,78117457763475e+03;2,82381335478681e+04;17971;97,6;905,069776639344;18412,9098360656;58,9849047020199;240516,9;13,38361248678426;60,9279404305922;Barcelona;10;1
08019;Barcelona;Barcelonès;2024;1147,2221200;16859243;4140630;24,56;4481,77;15800;9,93670886075949e+02;1,00426582278481e+03;23003;97,6;1175,432500000000;23568,6475409836;59,8472609659610;403359,3;17,53507368604095;79,8271711800000;Barcelona;0;1
08020;Begues;Baix Llobregat;2024;1014,0573260;74365;5860;7,88;2673,24;89;0,00000000000000e+00;1,68539325842697e+01;23630;97,6;1038,993161885246;24211,0655737705;51,4967749132459;240591,6;10,18161658908167;46,3510826870743;Barcelona;32;0
08022;Berga;Berguedà;2024;470,4999693;171969;28650;16,66;1191,58;152;0,00000000000000e+00;6,57894736842105e+00;17940;97,6;482,069640676229;18381,1475409836;31,4715698528428;107242,2;5,97782608695652;27,2136265220003;Barcelona;108;0
08023;Bigues i Riells del Fai;Vallès Oriental;2024;798,4815517;100398;5040;5,02;1559,67;139;0,00000000000000e+00;1,58273381294964e+01;20739;97,6;818,116344000000;21248,9754098361;46,2017388514393;140370,3;6,76842181397367;30,8127571310154;Barcelona;41;0
08029;Cabrera de Mar;Maresme;2024;1203,0356160;50123;4080;8,14;NA;NA;NA;NA;24788;97,6;1232,618459016393;25397,5409836066;58,2395812167178;NA;NA;NA;Barcelona;28;1
08030;Cabrils;Maresme;2024;1403,4840680;77634;11420;14,71;2802,53;97;0,00000000000000e+00;0,00000000000000e+00;24516;97,6;1437,995971311475;25118,8524590164;68,6972133137543;252227,7;10,28828928046990;46,8367024995793;Barcelona;27;0
08033;Caldes de Montbui;Vallès Oriental;2024;771,5697097;183298;17340;9,46;2208,06;207;0,00000000000000e+00;2,17391304347826e+01;19644;97,6;790,542735348361;20127,0491803279;47,1331527000611;198725,4;10,11634086744044;46,0539196241383;Barcelona;34;0
08035;Calella;Maresme;2024;666,0123750;202102;43270;21,41;2187,42;253;0,00000000000000e+00;1,77865612648221e+01;16319;97,6;682,389728483607;16720,2868852459;48,9744990500000;196867,8;12,06371713953061;54,9192110855445;Barcelona;50;1
08040;Canet de Mar;Maresme;2024;736,0275877;151284;15900;10,51;2207,87;201;9,95024875621891e-01;2,43781094527363e+01;17957;97,6;754,126626741803;18398,5655737705;49,1860057492900;198708,3;11,06578493066770;50,3761959440491;Barcelona;43;1
08041;Canovelles;Vallès Oriental;2024;658,5864789;172678;34950;20,24;1664,80;219;9,13242009000000e-01;1,68949771689498e+01;15931;97,6;674,781228381148;16322,7459016393;49,6079200728140;149832,0;9,40505931831021;42,8158611479549;Barcelona;31;0
08043;Canyelles;Garraf;2024;777,6322727;53602;5580;10,41;1816,98;88;0,00000000000000e+00;2,27272727272727e+01;18350;97,6;796,754377766394;18801,2295081967;50,8533366343324;163528,2;8,91161852861035;40,5695071800000;Barcelona;46;0
08044;Capellades;Anoia;2024;550,8391837;55569;4640;8,35;1100,97;61;0,00000000000000e+00;1,14754098360656e+01;18346;97,6;564,384409528689;18797,1311475410;36,0300349089720;99087,3;5,40103019731822;24,5878044101306;Barcelona;60;0
08046;Cardedeu;Vallès Oriental;2024;786,9048601;190844;13340;6,99;2397,02;204;0,00000000000000e+00;1,27450980392157e+01;19642;97,6;806,254979610656;20125,0000000000;48,0748310800000;215731,8;10,98318908461460;50,0001842511592;Barcelona;39;0
08051;Castellar del Vallès;Vallès Occidental;2024;757,1621000;253036;12500;4,94;2179,01;292;0,00000000000000e+00;1,64383561643836e+01;20422;97,6;775,780840163934;20924,1803278689;44,4909666046421;196110,9;9,60292331799040;43,7166228815883;Barcelona;34;0
08054;Castellbisbal;Vallès Occidental;2024;772,0704959;129662;8830;6,81;2099,17;123;0,00000000000000e+00;2,43902439024390e+00;19231;97,6;791,055835963115;19703,8934426229;48,1766208247101;188925,3;9,82399771202746;44,7230482786117;Barcelona;29;0
08056;Castelldefels;Baix Llobregat;2024;1162,7816810;691839;163620;23,65;4324,44;696;0,00000000000000e+00;4,88505747126437e+00;21142;97,6;1191,374673155738;21661,8852459016;65,9983926402422;389199,6;18,40883549333081;83,8049094324700;Barcelona;22;1
08067;Centelles;Osona;2024;676,7833858;77762;5560;7,15;1949,17;71;0,00000000000000e+00;3,52112676100000e+01;18807;97,6;693,425600200000;19269,4672131148;43,1828607943851;175425,3;9,32765991386186;42,4635058845124;Barcelona;54;0
08068;Cervelló;Baix Llobregat;2024;941,1260563;96301;7550;7,84;2006,03;145;0,00000000000000e+00;1,72413793103448e+01;20781;97,6;964,268500300000;21292,0081967213;54,3453764284683;180542,7;8,68787353832828;39,5509240823042;Barcelona;25;0
08072;Corbera de Llobregat;Baix Llobregat;2024;773,8877381;157796;16900;10,71;1950,08;190;0,00000000000000e+00;2,00000000000000e+01;21132;97,6;792,917764446721;21651,6393442623;43,9459249346962;175507,2;8,30528109028961;37,8091992747223;Barcelona;30;0
08073;Cornellà de Llobregat;Baix Llobregat;2024;771,8369357;911808;161390;17,70;2895,46;779;1,28369704749679e-01;2,69576379974326e+00;18101;97,6;790,816532479508;18546,1065573771;51,1686825501353;260591,4;14,39651952930777;65,5391274333195;Barcelona;12;0
08074;Cubelles;Garraf;2024;813,9156452;173033;22650;13,09;2406,48;284;0,00000000000000e+00;1,58450704225352e+01;18171;97,6;833,929964344262;18617,8278688525;53,7504140795773;216583,2;11,91916790490342;54,2611610138356;Barcelona;50;1
08075;Dosrius;Maresme;2024;856,4785185;61478;3910;6,36;1821,78;101;0,00000000000000e+00;2,77227722772277e+01;19560;97,6;877,539465676229;20040,9836065574;52,5446943865031;163960,2;8,38242331288344;38,1603837361315;Barcelona;39;0
08076;Esparreguera;Baix Llobregat;2024;703,3091489;225058;19310;8,58;2048,31;286;0,00000000000000e+00;0,00000000000000e+00;18887;97,6;720,603636168033;19351,4344262295;44,6852850468576;184347,9;9,76057076295865;44,4343016208334;Barcelona;39;0
08077;Esplugues de Llobregat;Baix Llobregat;2024;1145,5310340;477038;73750;15,46;4189,77;544;0,00000000000000e+00;4,24632352941176e+01;22009;97,6;1173,699829918033;22550,2049180328;62,4579599600000;377079,3;17,13295924394566;77,9965738880789;Barcelona;8;0
08086;Franqueses del Vallès, les;Vallès Oriental;2024;738,1638141;206736;23940;11,58;2582,79;184;0,00000000000000e+00;2,01086956521739e+01;18472;97,6;756,315383299180;18926,2295081967;47,9534742810741;232451,1;12,58397033347770;57,2876266116914;Barcelona;35;0
08088;Garriga, la;Vallès Oriental;2024;844,2915000;172737;16410;9,50;2477,97;192;0,00000000000000e+00;3,12500000000000e+01;20947;97,6;865,052766393443;21462,0901639344;48,3672984198215;223017,3;10,64674177686542;48,4685319005837;Barcelona;38;0
08089;Gavà;Baix Llobregat;2024;1045,1383500;479614;62110;12,95;3422,08;502;9,96015936254980e-01;3,44621513944223e+01;20261;97,6;1070,838473360656;20759,2213114754;61,9004994817630;307987,2;15,20098711810868;69,2014087028350;Barcelona;20;1
08091;Gelida;Alt Penedès;2024;688,2105263;80780;8910;11,03;1728,10;135;0,00000000000000e+00;2,96296296296296e+01;18453;97,6;705,133735963115;18906,7622950820;44,7543831116892;155529,0;8,42838562835311;38,3696238961970;Barcelona;35;0
08092;Gironella;Berguedà;2024;445,2873563;50738;6530;12,87;NA;NA;NA;NA;17765;97,6;456,237045389344;18201,8442622951;30,0785154832536;NA;NA;NA;Barcelona;94;0
08096;Granollers;Vallès Oriental;2024;773,9324951;639094;100210;15,68;2310,86;649;4,62249614791988e-01;2,20338983050847e+01;19180;97,6;792,963622028689;19651,6393442623;48,4212197142857;207977,4;10,84345151199166;49,3640389272347;Barcelona;30;0
08101;Hospitalet de Llobregat, l';Barcelonès;2024;837,3208083;2822846;733940;26,00;2703,13;3006;8,64936793080506e+02;1,84630738522954e+04;16747;97,6;857,910664241803;17158,8114754098;59,9979082796919;243281,7;14,52688242670329;66,1325952175009;Barcelona;0;0
08102;Igualada;Anoia;2024;555,9996448;417535;59290;14,20;1634,76;447;2,23713646532438e-01;1,58836689038031e+01;18102;97,6;569,671767213115;18547,1311475410;36,8577822207491;147128,4;8,12774279085184;37,0009688400000;Barcelona;65;0
08105;Llagosta, la;Vallès Oriental;2024;688,4281935;130710;17110;13,09;2062,87;146;6,84931507000000e-01;1,98630136986301e+01;17212;97,6;705,356755635246;17635,2459016393;47,9963881129445;185658,3;10,78656170113874;49,1050521245177;Barcelona;19;0
08106;Llinars del Vallès;Vallès Oriental;2024;780,4194152;106936;9250;8,65;2225,70;187;0,00000000000000e+00;5,02673796791444e+01;19866;97,6;799,610056557377;20354,5081967213;47,1410096768348;200313,0;10,08320749018423;45,9030822894707;Barcelona;41;0
08107;Lliçà d'Amunt;Vallès Oriental;2024;938,4500000;162254;5760;3,55;1707,44;197;0,00000000000000e+00;1,87817258883249e+01;20186;97,6;961,526639344262;20682,3770491803;55,7881700188249;153669,6;7,61268205687110;34,6561916176284;Barcelona;32;0
08108;Lliçà de Vall;Vallès Oriental;2024;922,6931034;68558;2900;4,23;1702,30;73;0,00000000000000e+00;1,36986301369863e+01;21543;97,6;945,382278073770;22072,7459016393;51,3963572427239;153207,0;7,11168360952514;32,3754319508452;Barcelona;28;0
08110;Malgrat de Mar;Maresme;2024;657,3530317;192658;26240;13,62;1962,31;275;3,63636363636364e-01;2,76363636363636e+01;16442;97,6;673,517450512295;16846,3114754098;47,9761366038195;176607,9;10,74126626931030;48,8988479046222;Barcelona;62;1
08112;Manlleu;Osona;2024;527,2934510;212885;53200;24,99;1054,69;212;0,00000000000000e+00;6,60377358500000e+00;16479;97,6;540,259683401639;16884,2213114754;38,3974841434553;94922,1;5,76018569087930;26,2228341555464;Barcelona;78;0
08113;Manresa;Bages;2024;552,7680000;797523;164210;20,59;1264,34;1035;5,79710144927536e+02;2,25120772946860e+04;17645;97,6;566,360655700000;18078,8934426229;37,5926098044772;113790,6;6,44888637007651;29,3580948300000;Barcelona;55;0
08114;Martorell;Baix Llobregat;2024;686,4617742;284909;47010;16,50;2214,27;470;7,44680851063830e+00;3,59574468085106e+01;17287;97,6;703,341981762295;17712,0901639344;47,6516532099265;199284,3;11,52798634812287;52,4803349018567;Barcelona;32;0
08118;Masnou, el;Maresme;2024;971,0265092;244498;30660;12,54;3708,65;327;1,10091743119266e+01;3,36391437308869e+01;22480;97,6;994,904210245902;23032,7868852459;51,8341552953737;333778,5;14,84779804270463;67,5935406501547;Barcelona;19;1
08119;Masquefa;Anoia;2024;741,2723684;100142;7060;7,05;1804,16;119;0,00000000000000e+00;1,84873949579832e+01;17127;97,6;759,500377459016;17548,1557377049;51,9371076100000;162374,4;9,48060956384656;43,1597982474563;Barcelona;46;0
08120;Matadepera;Vallès Occidental;2024;1181,9397830;98571;4140;4,20;2980,21;76;0,00000000000000e+00;5,26315789473684e+00;29265;97,6;1211,003876024590;29984,6311475410;48,4649834136340;268218,9;9,16517683239364;41,7238132553026;Barcelona;32;0
08121;Mataró;Maresme;2024;740,7497053;1308737;221700;16,94;2350,28;1483;1,28118678354686e+03;1,79366149696561e+04;17469;97,6;758,964861987705;17898,5655737705;50,8844035926498;211525,2;12,10860381000000;55,1235544597677;Barcelona;31;1
08123;Molins de Rei;Baix Llobregat;2024;834,1555990;269194;22370;8,31;3073,01;305;3,27868852459016e-01;5,24590163934426e+01;21698;97,6;854,667621926230;22231,5573770492;46,1326720803761;276570,9;12,74637754631763;58,0269738543870;Barcelona;18;0
08124;Mollet del Vallès;Vallès Oriental;2024;728,9559937;520612;69710;13,39;2187,13;575;2,26086956521739e+00;2,45217391304348e+01;18103;97,6;746,881141086066;18548,1557377049;48,3205652344915;196841,7;10,87342981826217;49,5005130264708;Barcelona;23;0
08125;Montcada i Reixac;Vallès Occidental;2024;729,2002755;370931;52190;14,07;2114,12;401;1,74563591022444e+00;1,69576059850374e+01;17556;97,6;747,131429815574;17987,7049180328;49,8428076213260;190270,8;10,83793574846206;49,3389288075198;Barcelona;14;0
08126;Montgat;Maresme;2024;1043,0977480;126483;15140;11,97;3231,41;133;0,00000000000000e+00;3,68421052631579e+01;21077;97,6;1068,747692622951;21595,2868852459;59,3878302225174;290826,9;13,79830621056127;62,8158040043601;Barcelona;15;1
08135;Montmeló;Vallès Oriental;2024;735,9246429;88836;7480;8,42;2272,30;93;3,22580645161290e+00;1,82795698924731e+01;18643;97,6;754,021150512295;19101,4344262295;47,3694990900000;204507,0;10,96964007938637;49,9385033720800;Barcelona;24;0
08136;Montornès del Vallès;Vallès Oriental;2024;658,7331169;170373;20990;12,32;2413,62;182;2,19780219780220e+00;9,89010989000000e+00;17821;97,6;674,931472233607;18259,2213114754;44,3566433017227;217225,8;12,18931597553448;55,4909908203323;Barcelona;26;0
08138;Moià;Moianès;2024;603,7223762;67171;9330;13,89;1522,15;70;0,00000000000000e+00;2,28571428571429e+01;17819;97,6;618,568008401639;18257,1721311475;40,6569870048824;136993,5;7,68805769122846;34,9993338122025;Barcelona;55;0
08140;Navarcles;Bages;2024;522,4216418;61580;4600;7,47;1426,93;58;0,00000000000000e+00;3,44827586206897e+01;19157;97,6;535,268075614754;19628,0737704918;32,7246421800000;128423,7;6,70374797724070;30,5183341061575;Barcelona;60;0
08141;Navàs;Bages;2024;529,1320588;61835;6740;10,90;1217,16;62;1,61290322580645e+00;2,58064516129032e+01;18716;97,6;542,143502868852;19176,2295081967;33,9259708570207;109544,4;5,85298140628339;26,6452800255189;Barcelona;80;0
08147;Olesa de Montserrat;Baix Llobregat;2024;695,1725526;247077;24090;9,75;2025,09;413;0,00000000000000e+00;7,02179176755448e+00;18211;97,6;712,266959631148;18658,8114754098;45,8078668453133;182258,1;10,00813244742189;45,5613085166747;Barcelona;38;0
08155;Palafolls;Maresme;2024;652,9652564;99311;7210;7,26;1881,70;124;0,00000000000000e+00;3,06451612903226e+01;17053;97,6;669,021779098361;17472,3360655738;45,9484142191990;169353,0;9,93097988623703;45,2100769895679;Barcelona;60;0
08156;Palau-solità i Plegamans;Vallès Occidental;2024;909,8191406;154521;11620;7,52;2338,69;193;0,00000000000000e+00;3,98963730569948e+01;20270;97,6;932,191742418033;20768,4426229508;53,8620112836704;210482,1;10,38392205229403;47,2720638663752;Barcelona;28;0
08157;Pallejà;Baix Llobregat;2024;963,4561321;118064;8170;6,92;2873,91;207;1,44927536231884e+00;5,07246376811594e+01;20764;97,6;987,147676331967;21274,5901639344;55,6803775052976;258651,9;12,45674725486419;56,7084526283731;Barcelona;22;0
08159;Parets del Vallès;Vallès Oriental;2024;789,5770352;188758;14440;7,65;2557,72;183;1,09289617486339e+00;1,80327868900000e+01;19700;97,6;808,992863934426;20184,4262295082;48,0960630578680;230194,8;11,68501522842640;53,1951976696231;Barcelona;25;0
08161;Piera;Anoia;2024;669,2300671;175670;17040;9,70;1508,98;252;0,00000000000000e+00;1,46825396825397e+01;16673;97,6;685,686544159836;17082,9918032787;48,1662616517723;135808,2;8,14539674900000;37,0813372257306;Barcelona;50;0
08163;Pineda de Mar;Maresme;2024;671,5960000;294212;47780;16,24;2212,08;376;2,65957446808511e-01;9,04255319148936e+00;15624;97,6;688,110655700000;16008,1967213115;51,5818740399386;199087,2;12,74239631336405;58,0088495800000;Barcelona;55;1
08167;Polinyà;Vallès Occidental;2024;739,1386567;85576;6170;7,21;2541,87;57;0,00000000000000e+00;1,92982456140351e+01;18506;97,6;757,314197438525;18961,0655737705;47,9285846774019;228768,3;12,36184480708959;56,2764160096770;Barcelona;25;0
08169;Prat de Llobregat, el;Baix Llobregat;2024;836,6388078;659378;69960;10,61;3059,61;575;0,00000000000000e+00;2,08695652173913e+00;18987;97,6;857,211893237705;19453,8934426229;52,8765244303998;275364,9;14,50281245062411;66,0230183696830;Barcelona;11;1
08172;Premià de Mar;Maresme;2024;882,0916755;289225;41070;14,20;2938,55;228;0,00000000000000e+00;9,64912280701754e+00;19107;97,6;903,782454405738;19576,8442622951;55,3990689590203;264469,5;13,84149788035798;63,0124309977874;Barcelona;22;1
08180;Ripollet;Vallès Occidental;2024;724,9444886;394440;54630;13,85;2760,79;396;2,52525252525253e-01;7,32323232323232e+00;17365;97,6;742,770992418033;17792,0081967213;50,0969413371725;248471,1;14,30873020443421;65,1394727988462;Barcelona;16;0
08181;Roca del Vallès, la;Vallès Oriental;2024;797,3483516;109541;5970;5,45;2267,41;117;0,00000000000000e+00;8,54700854700855e+00;21049;97,6;816,955278278689;21566,5983606557;45,4566973214880;204066,9;9,69485011164426;44,1351130473225;Barcelona;36;0
08183;Roda de Ter;Osona;2024;571,3077381;68825;11480;16,68;1190,07;77;0,00000000000000e+00;2,59740259740260e+00;18015;97,6;585,356289036885;18457,9918032787;38,0554696486262;107106,3;5,94539550374688;27,0659886070593;Barcelona;79;0
08184;Rubí;Vallès Occidental;2024;753,6527848;815106;119250;14,63;2108,91;1028;6,80933852140078e+02;2,01361867704280e+04;17572;97,6;772,185230327869;18004,0983606557;51,4672969360346;189801,9;10,80138288185750;49,1725244917008;Barcelona;24;0
08187;Sabadell;Vallès Occidental;2024;794,7790137;2216162;322230;14,54;2190,52;2575;2,79611650485437e+03;3,16116504854369e+04;19107;97,6;814,322759938525;19576,8442622951;49,9154663966086;197146,8;10,31804050871408;46,9721428423111;Barcelona;26;0
08191;Sallent;Bages;2024;451,4641000;69322;6440;9,29;988,06;108;1,85185185185185e+00;3,24074074074074e+01;18605;97,6;462,565676229508;19062,5000000000;29,1188884708412;88925,4;4,77965063155066;21,7590182953759;Barcelona;68;0
08192;Santpedor;Bages;2024;545,7669307;77108;3840;4,98;1968,96;72;0,00000000000000e+00;3,05555555555556e+01;19733;97,6;559,187428995902;20218,2377049180;33,1890901961182;177206,4;8,98020574671869;40,8817455922921;Barcelona;65;0
08194;Sant Adrià de Besòs;Barcelonès;2024;875,9702254;386631;72880;18,85;2821,17;443;6,54627539503386e+00;2,23476297968397e+01;16636;97,6;897,510476844262;17045,0819672131;63,1861186871844;253905,3;15,26240081750421;69,4809901900000;Barcelona;8;1
08196;Sant Andreu de la Barca;Baix Llobregat;2024;752,9311828;270441;28180;10,42;2370,87;251;0,00000000000000e+00;1,19521912350598e+00;18230;97,6;771,445884016393;18678,2786885246;49,5621184500000;213378,3;11,70478880965442;53,2852154865877;Barcelona;27;0
08197;Sant Andreu de Llavaneres;Maresme;2024;1114,6398730;119441;17080;14,30;3064,93;153;0,00000000000000e+00;1,43790849673203e+01;22108;97,6;1142,049050204918;22651,6393442623;60,5015310113986;275843,7;12,47709878776913;56,8011015290886;Barcelona;36;1
08198;Sant Antoni de Vilamajor;Vallès Oriental;2024;780,4860000;66557;4040;6,07;1999,79;91;0,00000000000000e+00;2,19780219780220e+00;20921;97,6;799,678278688525;21435,4508196721;44,7676114908465;179981,1;8,60289183117442;39,1640509270725;Barcelona;44;0
08200;Sant Boi de Llobregat;Baix Llobregat;2024;790,1012240;846075;99160;11,72;2715,06;871;4,70723306544202e+00;1,94029850746269e+01;18638;97,6;809,529942622951;19096,3114754098;50,8703438566370;244355,4;13,11060199592231;59,6850796600000;Barcelona;15;0
08202;Sant Celoni;Vallès Oriental;2024;705,3773333;187014;22610;12,09;1817,01;174;1,72413793103448e+00;2,52873563218391e+01;18073;97,6;722,722677561476;18517,4180327869;46,8352127460853;163530,9;9,04835389800000;41,1919851864747;Barcelona;52;0
08205;Sant Cugat del Vallès;Vallès Occidental;2024;1430,5231210;986403;149440;15,15;4856,44;847;3,54191263282172e-01;3,88429752066116e+01;26038;97,6;1465,699919057377;26678,2786885246;65,9277880482372;437079,6;16,78622013979568;76,4180688690889;Barcelona;17;0
08208;Sant Esteve Sesrovires;Baix Llobregat;2024;876,1721127;80352;5480;6,82;1782,39;70;0,00000000000000e+00;1,85714285714286e+01;21392;97,6;897,717328586066;21918,0327868852;49,1495201589379;160415,1;7,49883601346298;34,1379156321366;Barcelona;38;0
08209;Sant Fost de Campsentelles;Vallès Oriental;2024;983,6541463;91992;4710;5,12;2289,73;96;0,00000000000000e+00;3,64583333333333e+01;20327;97,6;1007,842363012295;20826,8442622951;58,0698074265755;206075,7;10,13802823830373;46,1526498317978;Barcelona;22;0
08210;Sant Feliu de Codines;Vallès Oriental;2024;718,3478733;66254;6950;10,49;1611,06;83;0,00000000000000e+00;2,89156626506024e+01;18436;97,6;736,012165266393;18889,3442622951;46,7572926860490;144995,4;7,86479713603819;35,8039275178059;Barcelona;39;0
08211;Sant Feliu de Llobregat;Baix Llobregat;2024;899,4201241;463878;45460;9,80;3131,27;516;2,71317829457364e+00;1,45348837209302e+01;21081;97,6;921,537012397541;21599,3852459016;51,1979578255301;281814,3;13,36816564679095;60,8576197942256;Barcelona;16;0
08213;Sant Fruitós de Bages;Bages;2024;558,6028750;92276;6690;7,25;1472,01;104;8,65384615384615e+00;4,13461538461538e+01;20894;97,6;572,339011270492;21407,7868852459;32,0821025174691;132480,9;6,34061931655021;28,8652168010175;Barcelona;57;0
08214;Vilassar de Dalt;Maresme;2024;952,0524138;93011;7320;7,87;2689,04;101;0,00000000000000e+00;1,58415841584158e+01;22733;97,6;975,463538729508;23292,0081967213;50,2557030100000;242013,6;10,64591562926143;48,4647709225927;Barcelona;26;0
08217;Sant Joan Despí;Baix Llobregat;2024;1098,7151860;350146;36030;10,29;3286,17;350;5,71428571428571e-01;3,42857142857143e+01;21658;97,6;1125,732772540983;22190,5737704918;60,8762685012466;295755,3;13,65570689814387;62,1666308143122;Barcelona;11;0
08218;Sant Joan de Vilatorrada;Bages;2024;572,8313600;109736;10820;9,86;1729,77;131;0,00000000000000e+00;4,12213740458015e+01;18226;97,6;586,917377049180;18674,1803278689;37,7152217710962;155679,3;8,54160539900000;38,8850488191080;Barcelona;58;0
08219;Vilassar de Mar;Maresme;2024;1056,1457480;211589;17710;8,37;3914,37;201;0,00000000000000e+00;6,46766169154229e+00;22807;97,6;1082,116545081967;23367,8278688525;55,5695574867365;352293,3;15,44671811286009;70,3200815144506;Barcelona;24;1
08221;Sant Just Desvern;Baix Llobregat;2024;1315,2592240;208138;26600;12,78;4756,90;139;3,59712230215827e+00;1,72661870503597e+01;30352;97,6;1347,601663934426;31098,3606557377;52,0002328940432;428121,0;14,10519899841855;64,2129115129353;Barcelona;10;0
08230;Premià de Dalt;Maresme;2024;1222,9725840;105766;11190;10,58;2680,96;108;0,00000000000000e+00;1,01851851851852e+01;23552;97,6;1253,045680327869;24131,1475409836;62,3117824728261;241286,4;10,24483695652174;46,6388888967349;Barcelona;24;0
08231;Sant Pere de Ribes;Garraf;2024;840,9072554;320142;54200;16,93;2720,84;484;4,13223140495868e-01;3,16115702479339e+01;17972;97,6;861,585302663934;18413,9344262295;56,1478247540619;244875,6;13,62539505898064;62,0286383303918;Barcelona;42;0
08234;Sant Pere de Vilamajor;Vallès Oriental;2024;949,8793750;49256;2980;6,05;NA;NA;NA;NA;19448;97,6;973,237064549180;19926,2295081967;58,6104098107775;NA;NA;NA;Barcelona;46;0
08235;Sant Pol de Mar;Maresme;2024;858,8136090;58088;7900;13,60;3520,46;110;0,00000000000000e+00;4,54545454545455e+01;20677;97,6;879,931976434426;21185,4508196721;49,8416758137061;316841,4;15,32337379697248;69,7585653215488;Barcelona;48;1
08238;Sant Quirze del Vallès;Vallès Occidental;2024;955,3948026;201173;12010;5,97;2946,68;173;0,00000000000000e+00;9,82658959537572e+00;24946;97,6;978,888117418033;25559,4262295082;45,9582202806061;265201,2;10,63101098372484;48,3969185877848;Barcelona;25;0
08240;Sant Sadurní d'Anoia;Alt Penedès;2024;640,0831050;129089;11760;9,11;1976,47;107;0,00000000000000e+00;1,12149532710280e+01;19542;97,6;655,822853483607;20022,5409836066;39,3050724593184;177882,3;9,10256370893460;41,4387714805163;Barcelona;42;0
08244;Santa Coloma de Cervelló;Baix Llobregat;2024;1013,9200000;83260;3780;4,54;2588,11;93;0,00000000000000e+00;8,60215053800000e+00;21199;97,6;1038,852459016393;21720,2868852459;57,3944053964810;232929,9;10,98777772536440;50,0210737106035;Barcelona;18;0
08245;Santa Coloma de Gramenet;Barcelonès;2024;702,1755434;1209178;277990;22,99;2310,23;1333;0,00000000000000e+00;2,70067516879220e+03;15925;97,6;719,442155122951;16316,5983606557;52,9111869437991;207920,7;13,05624489795918;59,4376228500000;Barcelona;9;0
08248;Santa Eulàlia de Ronçana;Vallès Oriental;2024;967,3772340;79157;3570;4,51;1932,49;79;0,00000000000000e+00;2,02531645569620e+01;19397;97,6;991,165198770492;19873,9754098361;59,8470217456308;173924,1;8,96654637315049;40,8195622692241;Barcelona;38;0
08250;Santa Margarida de Montbui;Anoia;2024;489,9422689;105163;13240;12,59;1160,35;123;0,00000000000000e+00;1,21951219512195e+01;13469;97,6;501,990029610656;13800,2049180328;43,6506587482367;104431,5;7,75347093325414;35,2971229268715;Barcelona;66;0
08251;Santa Margarida i els Monjos;Alt Penedès;2024;552,5334118;77171;10040;13,01;1506,63;78;0,00000000000000e+00;1,28205128205128e+01;18332;97,6;566,120298975410;18782,7868852459;36,1684537508182;135596,7;7,39672157975126;33,6730469623037;Barcelona;52;0
08252;Barberà del Vallès;Vallès Occidental;2024;802,9039939;336515;30320;9,01;2524,82;476;6,09243697478992e+00;2,75210084033613e+01;19180;97,6;822,647534733607;19651,6393442623;50,2338265213764;227233,8;11,84743482794578;53,9346013017927;Barcelona;19;0
08259;Santa Maria de Palautordera;Vallès Oriental;2024;740,7992157;99898;9840;9,85;1875,80;122;0,00000000000000e+00;3,44262295081967e+01;19072;97,6;759,015589856557;19540,9836065574;46,6106889072987;168822,0;8,85182466400000;40,2972998799067;Barcelona;54;0
08260;Santa Perpètua de Mogoda;Vallès Occidental;2024;735,7261029;259320;26710;10,30;2137,51;278;7,19424460431655e-01;2,84172661870504e+01;18415;97,6;753,817728381148;18867,8278688525;47,9430531349443;192375,9;10,44669562856367;47,5578360911276;Barcelona;20;0
08262;Sant Vicenç de Castellet;Bages;2024;565,7364706;101305;14750;14,56;1411,96;165;0,00000000000000e+00;2,42424242424242e+01;16436;97,6;579,648023155738;16840,1639344262;41,3046826916525;127076,4;7,73158919445120;35,1975078730420;Barcelona;52;0
08263;Sant Vicenç dels Horts;Baix Llobregat;2024;824,4149351;286097;27780;9,71;2132,82;273;2,19780219780220e+00;1,94139194139194e+01;17829;97,6;844,687433504098;18267,4180327869;55,4881329362275;191953,8;10,76638061585058;49,0131791744099;Barcelona;21;0
08264;Sant Vicenç de Montalt;Maresme;2024;1667,7418750;67244;8540;12,70;3342,63;75;0,00000000000000e+00;2,40000000000000e+01;23591;97,6;1708,751921106557;24171,1065573771;84,8327858081472;300836,7;12,75218091645119;58,0533932826350;Barcelona;38;1
08266;Cerdanyola del Vallès;Vallès Occidental;2024;848,1314937;578350;65180;11,27;2993,45;548;0,00000000000000e+00;5,29197080291971e+00;20898;97,6;868,987186168033;21411,8852459016;48,7012054952627;269410,5;12,89168819982774;58,6884902312050;Barcelona;18;0
08267;Sentmenat;Vallès Occidental;2024;733,1060504;95181;6320;6,64;2038,65;100;0,00000000000000e+00;9,00000000000000e+00;18756;97,6;751,133248360656;19217,2131100000;46,9037780166347;183478,5;9,78238963531670;44,5336304800000;Barcelona;32;0
08270;Sitges;Garraf;2024;1306,3432580;324935;87570;26,95;5202,57;557;0,00000000000000e+00;2,80071813285458e+01;23059;97,6;1338,466452868853;23626,0245901639;67,9826492700000;468231,3;20,30579383321046;92,4406768566711;Barcelona;38;1
08274;Súria;Bages;2024;478,8915957;60693;6130;10,10;1212,78;51;3,92156862745098e+00;2,74509803921569e+01;19001;97,6;490,667618545082;19468,2377049180;30,2441931919373;109150,2;5,74444502920899;26,1511759169704;Barcelona;72;0
08278;Taradell;Osona;2024;676,7257407;68301;6270;9,18;2264,64;35;0,00000000000000e+00;3,42857142857143e+01;22274;97,6;693,366537600000;22821,7213114754;36,4582422932567;203817,6;9,15047140163419;41,6568678315463;Barcelona;75;0
08279;Terrassa;Vallès Occidental;2024;719,9044335;2282678;330760;14,49;2179,98;3063;9,79431929480901e+01;1,19817172706497e+04;18684;97,6;737,607001536885;19143,4426229508;46,2366367052023;196198,2;10,50086705202312;47,8044476292932;Barcelona;28;0
08281;Teià;Maresme;2024;991,3531731;68149;6590;9,67;3601,79;108;0,00000000000000e+00;3,42592592592593e+01;26046;97,6;1015,730710143443;26686,4754098361;45,6739540704907;324161,1;12,44571527297858;56,6582303183785;Barcelona;22;0
08282;Tiana;Maresme;2024;1134,1808820;93182;5330;5,72;3483,82;67;2,98507462686567e+00;1,79104477611940e+01;26539;97,6;1162,070575819673;27191,5983606557;51,2836602132710;313543,8;11,81445419948001;53,7844593450893;Barcelona;17;0
08283;Tona;Osona;2024;617,7286861;84981;8770;10,32;1621,52;90;0,00000000000000e+00;2,00000000000000e+01;20036;97,6;632,918735758197;20528,6885245902;36,9971263385905;145936,8;7,28372928700000;33,1586576170184;Barcelona;61;0
08284;Tordera;Maresme;2024;637,8672864;188029;20890;11,11;1486,25;247;1,21457489878543e+00;1,57894736842105e+01;15538;97,6;653,552547540984;15920,0819672131;49,2625012022139;133762,5;8,60873342772558;39,1906443783578;Barcelona;65;0
08285;Torelló;Osona;2024;529,9791244;151111;25160;16,65;1183,21;164;0,00000000000000e+00;1,21951219512195e+01;18869;97,6;543,011397950820;19332,9918032787;33,7047511410250;106488,9;5,64359001536912;25,6920406661979;Barcelona;82;0
08289;Torrelles de Llobregat;Baix Llobregat;2024;854,9922222;61407;3580;5,83;1868,96;43;0,00000000000000e+00;5,11627906976744e+01;20515;97,6;876,016621106557;21019,4672131148;50,0117312522545;168206,4;8,19919083597368;37,3262309654105;Barcelona;25;0
08291;Vacarisses;Vallès Occidental;2024;855,6505405;75541;3490;4,62;1796,29;110;0,00000000000000e+00;3,63636363636364e+00;18570;97,6;876,691127561475;19026,6393442623;55,2924420400000;161666,1;8,70576736672052;39,6323844586738;Barcelona;42;0
08295;Vallirana;Baix Llobregat;2024;863,8575373;159538;11040;6,92;1896,20;201;0,00000000000000e+00;4,42786069651741e+01;19166;97,6;885,099935758197;19637,2950819672;54,0868749222582;170658,0;8,90420536366482;40,5357592738761;Barcelona;28;0
08298;Vic;Osona;2024;646,9182097;493298;147200;29,84;2278,69;558;7,16845878136201e-01;4,40860215053763e+01;17726;97,6;662,826034528689;18161,8852459016;43,7945307254880;205082,1;11,56956448155252;52,6696163861584;Barcelona;70;0
08300;Viladecavalls;Vallès Occidental;2024;984,7912500;77778;1890;2,43;2345,92;71;0,00000000000000e+00;1,40845070422535e+00;20806;97,6;1009,007428278688;21317,6229508197;56,7984956262616;211132,8;10,14768816687494;46,1966259670252;Barcelona;32;0
08301;Viladecans;Baix Llobregat;2024;864,7304874;671855;63020;9,38;2707,60;735;0,00000000000000e+00;5,30612244897959e+00;18933;97,6;885,994351844262;19398,5655737705;54,8078268039930;243684,0;12,87086040247188;58,5936731705758;Barcelona;18;1
08302;Vilanova del Camí;Anoia;2024;493,0411565;128522;11130;8,66;1339,04;149;6,71140939597315e-01;1,20805369127517e+01;15730;97,6;505,165119364754;16116,8032786885;37,6128027844882;120513,6;7,66138588684043;34,8779123267452;Barcelona;64;0
08305;Vilafranca del Penedès;Alt Penedès;2024;666,7397967;415307;61590;14,83;1843,15;475;1,26315789473684e+00;3,66315789473684e+01;17997;97,6;683,135037602459;18439,5491803279;44,4567292348725;165883,5;9,21728621400000;41,9610374968150;Barcelona;48;0
08307;Vilanova i la Geltrú;Garraf;2024;795,1235893;702829;94390;13,43;2994,08;1146;8,72600349040140e+01;2,67888307155323e+04;18972;97,6;814,675808709016;19438,5245901639;50,2924471410500;269467,2;14,20341555977230;64,6600353971158;Barcelona;45;1
08902;Vilanova del Vallès;Vallès Oriental;2024;1063,2851060;56448;2670;4,73;2443,23;51;0,00000000000000e+00;2,74509803921569e+01;20847;97,6;1089,431461065574;21359,6311475410;61,2050715786444;219890,7;10,54783422075119;48,0182623120840;Barcelona;30;0
08904;Badia del Vallès;Vallès Occidental;2024;455,5645238;131013;8280;6,32;1763,44;74;8,10810810810811e+00;1,08108108108108e+01;15259;97,6;466,766930122951;15634,2213114754;35,8265566917885;158709,6;10,40104856150469;47,3500310769472;Barcelona;20;0
17008;Anglès;Selva;2024;564,0562651;59150;13220;22,35;1080,32;53;5,66037735849057e+00;3,77358490566038e+01;16378;97,6;577,926501127049;16780,7377049180;41,3278494394920;97228,8;5,93654902918549;27,0257156631416;Girona;101;0
17009;Arbúcies;Selva;2024;501,3024528;65556;14750;22,50;1117,59;86;1,16279069767442e+00;2,67441860465116e+01;15778;97,6;513,629562300000;16165,9836065574;38,1266918088478;100583,1;6,37489542400811;29,0212563333523;Girona;78;0
17015;Banyoles;Pla de l'Estany;2024;659,8244192;207036;40020;19,33;1728,27;170;3,52941176470588e+00;3,11764705882353e+01;18991;97,6;676,049609836066;19457,9918032787;41,6928704670633;155544,3;8,19042177873730;37,2863104583382;Girona;118;0
17020;Bescanó;Gironès;2024;881,5348837;51264;2840;5,54;1640,82;33;6,06060606060606e+00;2,12121212121212e+01;18675;97,6;903,211971004098;19134,2213114754;56,6448118040161;147673,8;7,90756626506024;35,9986309245205;Girona;98;0
17022;Bisbal d'Empordà, la;Baix Empordà;2024;514,9563054;116369;24740;21,26;1175,63;87;0,00000000000000e+00;2,64367816091954e+01;15454;97,6;527,619165368852;15834,0163934426;39,9862538164876;105806,7;6,84655752555973;31,1684643801395;Girona;120;0
17023;Blanes;Selva;2024;618,7877974;419421;81200;19,36;2373,74;627;0,00000000000000e+00;2,07336523125997e+00;15669;97,6;634,003890778689;16054,3032786885;47,3894541374689;213636,6;13,63434807581849;62,0693963004174;Girona;70;1
17033;Caldes de Malavella;Selva;2024;875,5691667;84412;8610;10,20;2269,67;105;0,00000000000000e+00;2,00000000000000e+01;17653;97,6;897,099556000000;18087,0901639344;59,5186653849204;204270,3;11,57142128816632;52,6780693657159;Girona;85;0
17034;Calonge i Sant Antoni;Baix Empordà;2024;753,7729936;122020;27540;22,57;2490,52;534;0,00000000000000e+00;3,42696629213483e+01;16501;97,6;772,308395081967;16906,7622950820;54,8165318659475;224146,8;13,58383128295255;61,8394222071358;Girona;112;1
17044;Cassà de la Selva;Gironès;2024;667,5797175;109433;18910;17,28;1551,89;112;0,00000000000000e+00;4,46428571428571e+01;17921;97,6;683,995612200000;18361,6803278689;44,7015044361364;139670,1;7,79365548797500;35,4800602435847;Girona;96;0
17047;Castelló d'Empúries;Alt Empordà;2024;592,3749342;121332;54830;45,19;2635,77;682;0,00000000000000e+00;9,38416422300000e+00;13339;97,6;606,941530900000;13667,0081967213;53,2910953624709;237219,3;17,78388934702751;80,9598867144337;Girona;142;1
17048;Castell d'Aro, Platja d'Aro i s'Agaró;Baix Empordà;2024;798,9553012;127734;45320;35,48;3315,71;453;0,00000000000000e+00;1,52317880800000e+01;13690;97,6;818,601743032787;14026,6393442623;70,0326049262235;298413,9;21,79794740686633;99,2335994804226;Girona;107;1
17049;Celrà;Gironès;2024;751,8728205;55522;11160;20,10;1701,41;62;0,00000000000000e+00;1,61290322580645e+01;17221;97,6;770,361496413934;17644,4672131148;52,3922759770048;153126,9;8,89187039080193;40,4796051904741;Girona;109;0
17062;Escala, l';Alt Empordà;2024;664,4496875;106288;31100;29,26;2544,87;391;0,00000000000000e+00;3,58056265984655e+00;14478;97,6;680,788614241803;14834,0163934426;55,0724979278906;229038,3;15,81974720000000;72,0182698163146;Girona;140;1
17066;Figueres;Alt Empordà;2024;568,6979707;486664;140500;28,87;1315,08;588;0,00000000000000e+00;9,52380952380952e+00;14496;97,6;582,682347028689;14852,4590163934;47,0776465811258;118357,2;8,16481788079470;37,1697505400000;Girona;138;0
17079;Girona;Gironès;2024;766,8403489;1064850;226600;21,28;2520,15;1271;3,22580645161290e+03;3,83162863886703e+04;18853;97,6;785,697078790984;19316,5983606557;48,8096546268498;226813,5;12,03063172969819;54,7685921191495;Girona;102;0
17089;Llagostera;Gironès;2024;643,3640441;94873;16470;17,36;1278,05;128;0,00000000000000e+00;3,20312500000000e+01;16539;97,6;659,184471413934;16945,6967213115;46,6797782768003;115024,5;6,95474333393796;31,6609725497248;Girona;90;0
17092;Llançà;Alt Empordà;2024;568,8339535;50473;8010;15,87;NA;NA;NA;NA;16282;97,6;582,821673668033;16682,3770491803;41,9236423166687;NA;NA;NA;Girona;160;1
17095;Lloret de Mar;Selva;2024;623,1005861;421360;167280;39,70;2208,06;785;1,27388535031847e-01;1,54140127388535e+01;12941;97,6;638,422731700000;13259,2213114754;57,7792058820802;198725,4;15,35626303995054;69,9082912523431;Girona;75;1
17103;Maçanet de la Selva;Selva;2024;639,9841071;79701;11190;14,04;1357,83;173;0,00000000000000e+00;1,79190751445087e+01;15356;97,6;655,721421209016;15733,6065573771;50,0117822688200;122204,7;7,95810758009898;36,2287166532432;Girona;78;0
17114;Olot;Garrotxa;2024;542,4713112;388301;103560;26,67;1483,46;420;1,42857142857143e+00;2,71428571428571e+01;17350;97,6;555,810769672131;17776,6393442623;37,5196295930836;133511,4;7,69518155619596;35,0317646989159;Girona;112;0
17117;Palafrugell;Baix Empordà;2024;648,2944318;242411;58930;24,31;2578,66;458;2,18340611353712e-01;1,79039301310044e+01;15146;97,6;664,236098155738;15518,4426229508;51,3636153545491;232079,4;15,32281790571768;69,7560346700000;Girona;122;1
17118;Palamós;Baix Empordà;2024;730,1760727;186200;30090;16,16;2749,27;362;8,28729281767956e-01;3,03867403314917e+01;16775;97,6;748,131222028689;17187,5000000000;52,2331616834575;247434,3;14,75018181818182;67,1491497565407;Girona;115;1
17141;Puigcerdà;Cerdanya;2024;641,3380822;100414;24270;24,17;2550,00;133;0,00000000000000e+00;3,75939849624060e+01;14724;97,6;657,108690778689;15086,0655737705;52,2687923553382;229500,0;15,58679706601467;70,9577809488753;Girona;151;0
17147;Ripoll;Ripollès;2024;447,4217453;107718;16190;15,03;1040,60;108;0,00000000000000e+00;1,29629629629630e+01;17770;97,6;458,423919364754;18206,9672131148;30,2141865143500;93654,0;5,27034327518289;23,9928615264525;Girona;102;0
17152;Roses;Alt Empordà;2024;625,6587273;202557;62570;30,89;3000,14;832;0,00000000000000e+00;1,20192307692308e+00;13396;97,6;641,043777971312;13725,4098360656;56,0458698700000;270012,6;20,15621080919678;91,7597108181271;Girona;150;1
17155;Salt;Gironès;2024;558,9021662;339502;126770;37,34;1324,97;430;6,74418604651163e+00;2,95348837209302e+01;13079;97,6;572,645662090164;13400,6147540984;51,2793485312333;119247,3;9,11746310880037;41,5065999347822;Girona;100;0
17160;Sant Feliu de Guíxols;Baix Empordà;2024;643,0331389;229332;45660;19,91;2255,87;485;2,06185567010309e-01;2,10309278350515e+01;15523;97,6;658,845429200820;15904,7131147541;49,7094483463248;203028,3;13,07919216646267;59,5420886539712;Girona;105;1
17164;Sant Hilari Sacalm;Selva;2024;496,3106796;59705;11720;19,63;742,08;96;0,00000000000000e+00;3,75000000000000e+01;16242;97,6;508,515040573771;16641,3934426229;36,6686870779461;66787,2;4,11200591060214;18,7196133643890;Girona;95;0
17180;Santa Coloma de Farners;Selva;2024;590,7661140;138744;28720;20,70;1443,61;173;1,73410404624277e+00;3,58381502890173e+01;16754;97,6;605,293149590164;17165,9836065574;42,3134377939597;129924,9;7,75485854124388;35,3034399131876;Girona;90;0
17181;Santa Cristina d'Aro;Baix Empordà;2024;875,7707143;58342;10840;18,58;2085,38;120;0,00000000000000e+00;1,66666666666667e+01;17678;97,6;897,306059733607;18112,7049180328;59,4481761036316;187684,2;10,61682317004186;48,3323295800000;Girona;101;1
17186;Sarrià de Ter;Gironès;2024;713,3221569;53791;4540;8,44;2055,56;41;2,43902439024390e+00;2,92682926829268e+01;18474;97,6;730,862865676229;18928,2786885246;46,3346643000974;185000,4;10,01409548554726;45,5884548220572;Girona;106;0
17193;Sils;Selva;2024;625,4926829;67068;8350;12,45;2175,54;109;0,00000000000000e+00;4,12844036697248e+01;17036;97,6;640,873650512295;17454,9180327869;44,0591230030523;195798,6;11,49322610941536;52,3220913965688;Girona;80;0
17199;Torroella de Montgrí;Baix Empordà;2024;609,0165333;124209;34940;28,13;2230,70;223;0,00000000000000e+00;1,88340807174888e+01;15327;97,6;623,992349700000;15703,8934426230;47,6818581561949;200763,0;13,09864944216089;59,6306665100000;Girona;135;1
17202;Tossa de Mar;Selva;2024;615,7945833;62417;16060;25,73;2822,04;137;0,00000000000000e+00;1,45985401459854e+00;15254;97,6;630,937073053279;15629,0983606557;48,4432607814344;253983,6;16,65029500458896;75,7992793943433;Girona;87;1
17213;Vidreres;Selva;2024;735,0608333;86545;14730;17,02;1487,96;143;0,00000000000000e+00;2,44755244755245e+01;16605;97,6;753,136099700000;17013,3196721311;53,1209274290876;133916,4;8,06482384823848;36,7145348457976;Girona;82;0
17221;Vilafant;Alt Empordà;2024;730,5775000;56980;4000;7,02;1617,01;26;0,00000000000000e+00;1,92307692307692e+01;17109;97,6;748,542520491803;17529,7131100000;51,2416272137472;145530,9;8,50610205155181;38,7234223648694;Girona;136;0
25003;Agramunt;Urgell;2024;408,6934146;55910;10690;19,12;857,89;40;5,00000000000000e+00;1,50000000000000e+01;16508;97,6;418,743252663934;16913,9344262295;29,7087531814878;77210,1;4,67713229949116;21,2923109071478;Lleida;112;0
25011;Alcarràs;Segrià;2024;499,7420325;102173;34330;33,60;890,71;190;0,00000000000000e+00;5,68421052631579e+01;14767;97,6;512,030771004098;15130,1229508197;40,6101739689849;80163,9;5,42858400487574;24,7132411520535;Lleida;165;0
25019;Almacelles;Segrià;2024;414,1211304;70302;16310;23,20;823,23;93;0,00000000000000e+00;5,80645161290323e+01;14696;97,6;424,304436885246;15057,3770491803;33,8150079259662;74090,7;5,04155552500000;22,9513216276332;Lleida;170;0
25023;Alpicat;Segrià;2024;694,2500000;64697;4490;6,94;1342,64;87;0,00000000000000e+00;1,83908045977011e+01;21135;97,6;711,321721311475;21654,7131100000;39,4180269700000;120837,6;5,71741660752307;26,0281309567222;Lleida;160;0
25040;Balaguer;Noguera;2024;417,8549213;176003;43420;24,67;608,60;263;0,00000000000000e+00;2,09125475285171e+01;14841;97,6;428,130042315574;15205,9426229508;33,7865309300000;54774,0;3,69072164948454;16,8017468398564;Lleida;145;0
25050;Bellpuig;Urgell;2024;423,4124359;52458;12700;24,21;517,89;48;0,00000000000000e+00;8,33333333333333e+00;15481;97,6;433,824217110656;15861,6803278689;32,8205492590918;46610,1;3,01079387636458;13,7064241907088;Lleida;123;0
25058;Borges Blanques, les;Garrigues;2024;434,2679630;63389;10960;17,29;728,46;71;0,00000000000000e+00;1,54929577464789e+01;16200;97,6;444,946683401639;16598,3606557377;32,1679972592593;65561,4;4,04700000000000;18,4236785969475;Lleida;125;0
25072;Cervera;Segarra;2024;400,9803185;95533;22240;23,28;822,75;77;0,00000000000000e+00;1,03896103896104e+01;15930;97,6;410,840490266393;16321,7213114754;30,2056737099812;74047,5;4,64830508474576;21,1610770699068;Lleida;102;0
25110;Guissona;Segarra;2024;437,0607031;75862;39160;51,62;1171,98;48;8,33333333333333e+00;2,91666666666667e+01;15676;97,6;447,808097438525;16061,4754098361;33,4570581602450;105478,2;6,72864251084460;30,6316646932441;Lleida;110;0
25120;Lleida;Segrià;2024;562,5698448;1448457;319240;22,04;1264,68;1960;4,69387755102041e+03;3,26020408163265e+04;17672;97,6;576,403529508197;18106,5573770492;38,2007590402897;113821,2;6,44076505205976;29,3211231128245;Lleida;155;0
25137;Mollerussa;Pla d'Urgell;2024;476,0891611;156806;47810;30,49;859,71;204;1,47058823529412e+00;4,06862745098039e+01;16470;97,6;487,796271618852;16875,0000000000;34,6877348706739;77373,9;4,69786885245902;21,3867125842143;Lleida;135;0
25203;Seu d'Urgell, la;Alt Urgell;2024;566,6890991;127588;22430;17,58;1574,12;132;7,57575757575758e-01;3,03030303030303e+01;15080;97,6;580,624076946721;15450,8196721311;45,0946232705570;141670,8;9,39461538461538;42,7683158853699;Lleida;180;0
25207;Solsona;Solsonès;2024;415,6094712;93929;16090;17,13;1083,07;43;0,00000000000000e+00;4,65116279069767e+00;16996;97,6;425,829376229508;17413,9344262295;29,3440436243822;97476,3;5,73524947046364;26,1093137922252;Lleida;115;0
25217;Tàrrega;Urgell;2024;465,6022680;185697;45310;24,40;965,52;323;3,09597523219814e-01;4,58204334365325e+01;16155;97,6;477,051504098361;16552,2540983607;34,5851266852368;86896,8;5,37894150417827;24,4872472114558;Lleida;100;0
25234;Tremp;Pallars Jussà;2024;414,3947183;60572;11430;18,87;834,53;92;0,00000000000000e+00;0,00000000000000e+00;17462;97,6;424,584752356557;17891,3934426229;28,4774746283358;75107,7;4,30120833800000;19,5809439090112;Lleida;190;0
25243;Vielha e Mijaran;Val d'Aran;2024;636,6562000;57934;13910;24,01;2875,10;160;0,00000000000000e+00;1,62500000000000e+01;17777;97,6;652,311680327869;18214,1393442623;42,9761737075997;258759,0;14,55583056758733;66,2643795623555;Lleida;280;0
43004;Alcanar;Montsià;2024;462,0657983;98695;21180;21,46;1218,65;255;0,00000000000000e+00;5,49019607843137e+00;14611;97,6;473,428072028689;14970,2868852459;37,9494187913216;109678,5;7,50657039217028;34,1731258390678;Tarragona;190;1
43005;Alcover;Alt Camp;2024;546,5672222;53357;6040;11,32;1351,64;37;0,00000000000000e+00;2,70270270270270e+00;16801;97,6;560,007399795082;17214,1393442623;39,0381921695137;121647,6;7,24049758942920;32,9618483987192;Tarragona;105;0
43012;Altafulla;Tarragonès;2024;814,0251667;58106;6810;11,72;2650,88;129;0,00000000000000e+00;3,25581395348837e+01;19491;97,6;834,042178995902;19970,2868852459;50,1169873300000;238579,2;12,24048022164076;55,7239123982708;Tarragona;88;1
43013;Ametlla de Mar, l';Baix Ebre;2024;551,6875000;73466;17720;24,12;2080,20;197;0,00000000000000e+00;9,64467005076142e+00;14187;97,6;565,253586065574;14535,8606557377;46,6641996193698;187218,0;13,19644745189258;60,0758849703918;Tarragona;144;1
43014;Amposta;Montsià;2024;402,2633754;226214;47980;21,21;781,69;420;0,00000000000000e+00;4,04761904761905e+00;14186;97,6;412,155097745902;14534,8360655738;34,0276364359227;70352,1;4,95926265332018;22,5766892025243;Tarragona;168;0
43016;Arboç, l';Baix Penedès;2024;526,8177907;57459;14520;25,27;1009,47;56;3,57142857142857e+00;1,96428571428571e+01;15012;97,6;539,772326536885;15381,1475409836;42,1117338689049;90852,3;6,05197841726619;27,5511997122252;Tarragona;60;0
43037;Calafell;Baix Penedès;2024;762,5656250;315728;67850;21,49;2094,88;960;0,00000000000000e+00;2,77083333333333e+01;15546;97,6;781,317238729508;15928,2786885246;58,8626495561559;188539,2;12,12782709378618;55,2110670756779;Tarragona;62;1
43038;Cambrils;Baix Camp;2024;717,8935490;366933;73350;19,99;2414,49;890;2,24719101123596e-01;7,41573033707865e+00;17061;97,6;735,546669100000;17480,5327868852;50,4936556356603;217304,1;12,73689115526640;57,9837877363309;Tarragona;115;1
43043;Catllar, el;Tarragonès;2024;852,2413793;52163;3980;7,63;1472,09;60;0,00000000000000e+00;3,33333333333333e+01;19813;97,6;873,198134528688;20300,2049180328;51,6171026679453;132488,1;6,68692777469338;30,4417613348041;Tarragona;92;0
43044;Sénia, la;Montsià;2024;351,2500000;56192;11570;20,59;636,44;59;0,00000000000000e+00;1,18644067796610e+01;14034;97,6;359,887295081967;14379,0983606557;30,0342026507054;57279,6;4,08148781530569;18,5806819141461;Tarragona;195;0
43047;Constantí;Tarragonès;2024;469,9407447;69223;13270;19,17;864,01;127;2,36220472440945e+00;2,28346456692913e+01;14122;97,6;481,496664651639;14469,2622950820;39,9326507321909;77760,9;5,50636595383090;25,0673379220545;Tarragona;95;0
43051;Cunit;Baix Penedès;2024;714,3545946;157541;29980;19,03;2048,84;423;0,00000000000000e+00;1,18203309692671e+01;15137;97,6;731,920691188525;15509,2213114754;56,6311365211072;184395,6;12,18177974499571;55,4566826687931;Tarragona;55;1
43086;Montblanc;Conca de Barberà;2024;469,0583333;75366;10800;14,33;1190,91;57;0,00000000000000e+00;8,77192982456140e+00;18131;97,6;480,592554610656;18576,8442622951;31,0446197098891;107181,9;5,91152721857592;26,9118056565727;Tarragona;114;0
43092;Mont-roig del Camp;Baix Camp;2024;643,2204624;141838;39970;28,18;1912,73;638;0,00000000000000e+00;7,83699059561128e-01;14540;97,6;659,037359016393;14897,5409836066;53,0855952462173;172145,7;11,83945667125172;53,8982813129794;Tarragona;120;1
43093;Móra d'Ebre;Ribera d'Ebre;2024;423,5347297;57383;11620;20,25;861,16;85;0,00000000000000e+00;3,52941176470588e+01;16088;97,6;433,949518135246;16483,6065573771;31,5913522899055;77504,4;4,81752859300000;21,9314550096974;Tarragona;150;0
43100;Pallaresos, els;Tarragonès;2024;689,5652174;50133;1880;3,75;NA;NA;NA;NA;19595;97,6;706,521739139344;20076,8442622951;42,2290513335034;NA;NA;NA;Tarragona;95;0
43123;Reus;Baix Camp;2024;586,8871738;1099675;203220;18,48;1421,21;1256;2,46815286624204e+03;9,47452229300000e+03;16995;97,6;601,318825614754;17412,9098360656;41,4395180088261;127908,9;7,52626654898500;34,2627911869179;Tarragona;108;0
43129;Riudoms;Baix Camp;2024;551,1514773;69529;9310;13,39;1319,12;52;0,00000000000000e+00;2,50000000000000e+01;15713;97,6;564,704382479508;16099,3852459016;42,0913748335773;118720,8;7,55557818366957;34,3962303113508;Tarragona;115;0
43131;Roda de Berà;Tarragonès;2024;687,5377397;80246;12390;15,44;1804,97;295;3,38983050847458e-01;2,44067796610170e+01;16275;97,6;704,444405430328;16675,2049180328;50,6940268903226;162447,3;9,98140092165899;45,4396151539216;Tarragona;75;1
43133;Roquetes;Baix Ebre;2024;414,1985039;83724;13940;16,65;693,83;70;0,00000000000000e+00;5,71428571428571e+00;15445;97,6;424,383713012295;15824,7950819672;32,1811722033020;62444,7;4,04303658141793;18,4056354167891;Tarragona;178;0
43136;Ràpita, la;Montsià;2024;455,6666545;157996;30430;19,26;1228,99;405;0,00000000000000e+00;9,87654320987654e-01;15151;97,6;466,871572233607;15523,5655737705;36,0900261000000;110609,1;7,30044881500000;33,2347720745765;Tarragona;180;1
43145;Selva del Camp, la;Baix Camp;2024;595,7916667;58418;5760;9,86;1249,32;36;0,00000000000000e+00;0,00000000000000e+00;17110;97,6;610,442281500000;17530,7377049180;41,7855055500000;112438,8;6,57152542372881;29,9164003702616;Tarragona;116;0
43148;Tarragona;Tarragonès;2024;663,0169890;1410174;291060;20,64;1573,06;1955;1,02301790281330e+03;1,44757033248082e+04;17409;97,6;679,320685450820;17837,0901639344;45,7016707909702;141575,4;8,13231087368602;37,0217647114536;Tarragona;98;1
43153;Torredembarra;Tarragonès;2024;628,2501250;179564;34620;19,28;1829,39;453;0,00000000000000e+00;2,40618101545254e+01;15832;97,6;643,698898565574;16221,3114754098;47,6187563163214;164645,1;10,39951364325417;47,3430434711849;Tarragona;84;1
43155;Tortosa;Baix Ebre;2024;465,6031503;355204;78500;22,10;793,46;430;0,00000000000000e+00;8,83720930232558e+00;15834;97,6;477,052408094262;16223,3606557377;35,2863319666540;71411,4;4,51000378931413;20,5314702953642;Tarragona;175;0
43156;Ulldecona;Montsià;2024;390,2384337;65991;18240;27,64;566,51;158;0,00000000000000e+00;9,49367088600000e+00;13670;97,6;399,834460758197;14006,1475409836;34,2564828412582;50985,9;3,72976591075347;16,9794930520319;Tarragona;198;0
43161;Valls;Alt Camp;2024;522,4359601;250902;43130;17,19;1182,63;235;0,00000000000000e+00;1,70212765957447e+00;17056;97,6;535,282746004098;17475,4098360656;36,7567514100000;106436,7;6,24042565666041;28,4090923168906;Tarragona;101;0
43162;Vandellòs i l'Hospitalet de l'Infant;Baix Camp;2024;574,4690698;70831;13210;18,65;1926,12;125;0,00000000000000e+00;8,00000000000000e+00;16245;97,6;588,595358401639;16644,4672131148;42,4353883508772;173350,8;10,67102493074792;48,5790792251331;Tarragona;132;1
43163;Vendrell, el;Baix Penedès;2024;596,8351459;405229;68970;17,02;1709,32;949;1,36986301400000e+00;1,12750263435195e+01;16662;97,6;611,511419979508;17071,7213114754;42,9841660713000;153838,8;9,23291321570040;42,0321783000000;Tarragona;65;1
43171;Vila-seca;Tarragonès;2024;554,9647203;240656;41080;17,07;2490,99;517;0,00000000000000e+00;7,73694390715667e-01;15523;97,6;568,611393750000;15904,7131147541;42,9013505353347;224189,1;14,44238227146814;65,7479142900000;Tarragona;106;1
43901;Deltebre;Baix Ebre;2024;445,1628571;119377;14170;11,87;956,46;226;0,00000000000000e+00;2,30088495575221e+01;14602;97,6;456,109484733607;14961,0655737705;36,5837165128065;86081,4;5,89517874263800;26,8373803900000;Tarragona;170;1
43905;Salou;Tarragonès;2024;641,5866979;304458;99710;32,75;2411,48;1277;6,34299138606108e+03;3,06969459671104e+04;15336;97,6;657,363419979508;15713,1147540984;50,2024020266041;217033,2;14,15187793427230;64,4254140361418;Tarragona;110;1
43907;Canonja, la;Tarragonès;2024;521,8944262;59371;4720;7,95;NA;NA;NA;NA;15868;97,6;534,727895696721;16258,1967213115;39,4676904108898;NA;NA;NA;Tarragona;100;0
08001;Abrera;Baix Llobregat;2023;675,5789855;128242;8900;6,94;2021,88;126;0,00000000000000e+00;7,93650793650794e-01;19389;94,9;711,885126975764;20430,9799789252;41,8120987467121;181969,2;9,38517716230853;42,7253490520840;Barcelona;35;0
08003;Alella;Maresme;2023;1258,3031540;101138;12440;12,30;3467,23;66;0,00000000000000e+00;6,06060606060606e+00;26404;94,9;1325,925346680716;27822,9715489989;57,1869332222390;312050,7;11,81831161945160;53,8020199741404;Barcelona;18;0
08005;Ametlla del Vallès, l';Vallès Oriental;2023;1053,9122860;92824;6080;6,55;2168,92;104;9,61538461538462e-01;3,94230769230769e+01;24932;94,9;1110,550354056902;26271,8651211802;50,7257638055511;195202,8;7,82940798973207;35,6428209555711;Barcelona;35;0
08006;Arenys de Mar;Maresme;2023;739,0993598;162859;19820;12,17;2708,86;245;4,08163265306122e-01;3,02040816326531e+01;19760;94,9;778,819135721812;20821,9178082192;44,8845765060729;243797,4;12,33792510121458;56,1675232562363;Barcelona;40;1
08007;Arenys de Munt;Maresme;2023;780,5961682;93852;7480;7,97;2115,70;112;1,78571428571429e+00;2,67857142857143e+01;19320;94,9;822,546015000000;20358,2718651212;48,4842340496894;190413,0;9,85574534161491;44,8675770959415;Barcelona;45;0
08009;Argentona;Maresme;2023;825,2625806;128525;7930;6,17;2472,93;123;0,00000000000000e+00;2,68292682926829e+01;19805;94,9;869,612835194942;20869,3361433087;50,0032868831103;222563,7;11,23775309265337;51,1590687252034;Barcelona;35;0
08010;Artés;Bages;2023;499,1455422;59818;7220;12,07;1280,20;41;0,00000000000000e+00;3,65853658536585e+01;18387;94,9;525,970012855637;19375,1317175975;32,5759857856094;115218,0;6,26627508565835;28,5267699970914;Barcelona;72;0
08015;Badalona;Barcelonès;2023;848,9057929;2242945;365600;16,30;2462,57;2598;2,11701308698999e+03;3,04849884526559e+04;17971;94,9;894,526652160169;18936,7755532139;56,6850454331979;221631,3;12,33271938122531;56,1438245876057;Barcelona;10;1
08019;Barcelona;Barcelonès;2023;1136,3999610;16558760;3846600;23,23;4370,96;14899;5,16813208940197e+02;5,25290287938788e+02;23003;94,9;1197,470981032666;24239,1991570074;59,2827002217102;393386,4;17,10152588792766;77,8534757787389;Barcelona;0;1
08020;Begues;Baix Llobregat;2023;1005,3727370;74323;5760;7,75;2647,24;66;0,00000000000000e+00;1,36363636363636e+01;23630;94,9;1059,402251844046;24899,8946259220;51,0557462716885;238251,6;10,08258992805755;45,9002708819749;Barcelona;32;0
08022;Berga;Berguedà;2023;447,1246629;169949;26410;15,54;1027,18;153;0,00000000000000e+00;5,22875816993464e+00;17940;94,9;471,153490937829;18904,1095890411;29,9080042073579;92446,2;5,15307692307692;23,4590148297792;Barcelona;108;0
08023;Bigues i Riells del Fai;Vallès Oriental;2023;785,6833333;99398;4950;4,98;1535,27;88;0,00000000000000e+00;1,25000000000000e+01;20739;94,9;827,906568282402;21853,5300316122;45,4612083494865;138174,3;6,66253435556198;30,3307120355806;Barcelona;41;0
08029;Cabrera de Mar;Maresme;2023;1107,7083330;49472;3750;7,58;NA;NA;NA;NA;24788;94,9;1167,237442571128;26120,1264488936;53,6247377602066;NA;NA;NA;Barcelona;28;1
08030;Cabrils;Maresme;2023;1434,7953030;78031;10940;14,02;2672,07;72;0,00000000000000e+00;2,77777777777778e+00;24516;94,9;1511,902321390938;25833,5089567966;70,2298239353891;240486,3;9,80936123348018;44,6564167548790;Barcelona;27;0
08033;Caldes de Montbui;Vallès Oriental;2023;788,0448454;180958;15870;8,77;2078,65;176;5,68181818181818e-01;2,67045454545455e+01;19644;94,9;830,394989884088;20699,6838777661;48,1395751618815;187078,5;9,52344227244960;43,3547910956745;Barcelona;34;0
08035;Calella;Maresme;2023;678,6958851;197590;39360;19,92;2158,23;251;0,00000000000000e+00;2,07171314741036e+01;16319;94,9;715,169531190727;17195,9957850369;49,9071672357375;194240,7;11,90273301060114;54,1863423300000;Barcelona;50;1
08040;Canet de Mar;Maresme;2023;750,2606329;150204;14690;9,78;2337,18;154;0,00000000000000e+00;2,07792207792208e+01;17957;94,9;790,580224300000;18922,0231822972;50,1371476014925;210346,2;11,71388316533942;53,3266168916252;Barcelona;43;1
08041;Canovelles;Vallès Oriental;2023;621,0309662;170226;33160;19,48;1491,65;146;6,84931507000000e-01;1,30136986301370e+01;15931;94,9;654,405654583772;16787,1443624868;46,7790571489549;134248,5;8,42687213608687;38,3627338306985;Barcelona;31;0
08043;Canyelles;Garraf;2023;962,3809524;52012;5300;10,19;1558,85;81;0,00000000000000e+00;1,23456790123457e+01;18350;94,9;1014,100055216017;19336,1433087460;62,9349941623978;140296,5;7,64558583100000;34,8059837007349;Barcelona;46;0
08044;Capellades;Anoia;2023;532,0852564;54132;3930;7,26;1020,31;61;0,00000000000000e+00;8,19672131100000e+00;18346;94,9;560,679932982086;19331,9283456270;34,8033526479887;91827,9;5,00533631309277;22,7864362495803;Barcelona;60;0
08046;Cardedeu;Vallès Oriental;2023;742,8066197;190351;13020;6,84;2405,32;164;0,00000000000000e+00;7,31707317073171e+00;19642;94,9;782,725626659642;20697,5763962065;45,3807119254658;216478,8;11,02121983504735;50,1733165276044;Barcelona;39;0
08051;Castellar del Vallès;Vallès Occidental;2023;740,3577108;251357;12040;4,79;2013,74;173;0,00000000000000e+00;1,32947976878613e+01;20422;94,9;780,145111485774;21519,4942044257;43,5035379962785;181236,6;8,87457643717559;40,4008757000000;Barcelona;34;0
08054;Castellbisbal;Vallès Occidental;2023;810,7843137;128158;8420;6,57;2083,44;87;0,00000000000000e+00;1,03448275862069e+01;19231;94,9;854,356494942044;20264,4889357218;50,5923340668712;187509,6;9,75038219541366;44,3879188944157;Barcelona;29;0
08056;Castelldefels;Baix Llobregat;2023;1109,9508700;683129;155890;22,82;4118,36;654;0,00000000000000e+00;7,49235474006116e+00;21142;94,9;1169,600495258166;22278,1875658588;62,9997655850913;370652,4;17,53156749597957;79,8112095000000;Barcelona;22;1
08067;Centelles;Osona;2023;622,1017544;77318;5420;7,01;2015,53;74;0,00000000000000e+00;3,37837837837838e+01;18807;94,9;655,533987776607;19817,7028451001;39,6938430000000;181397,7;9,64522252352847;43,9091869951884;Barcelona;54;0
08068;Cervelló;Baix Llobregat;2023;839,4626531;94660;7090;7,49;2039,44;126;0,00000000000000e+00;1,98412698412698e+01;20781;94,9;884,576030663857;21897,7871443625;48,4748175602714;183549,6;8,83256821134690;40,2096362519078;Barcelona;25;0
08072;Corbera de Llobregat;Baix Llobregat;2023;800,1452410;155214;15630;10,07;1730,00;155;0,00000000000000e+00;2,45161290322581e+01;21132;94,9;843,145670179136;22267,6501580611;45,4369813174333;155700,0;7,36797274275980;33,5421699341923;Barcelona;30;0
08073;Cornellà de Llobregat;Baix Llobregat;2023;790,3926360;900665;148880;16,53;2691,58;773;0,00000000000000e+00;1,55239327296248e+00;18101;94,9;832,868952581665;19073,7618545838;52,3988267609524;242242,2;13,38280757969173;60,9242761485133;Barcelona;12;0
08074;Cubelles;Garraf;2023;797,4633449;169479;21490;12,68;2105,44;314;0,00000000000000e+00;9,55414012738854e+00;18171;94,9;840,319646891465;19147,5237091675;52,6639157932970;189489,6;10,42813273897969;47,4733298614449;Barcelona;50;1
08075;Dosrius;Maresme;2023;938,0976364;59165;3260;5,51;2161,94;84;0,00000000000000e+00;1,66666666666667e+01;19560;94,9;988,511734878820;20611,1696522655;57,5520022331288;194574,6;9,94757668711656;45,2856327407767;Barcelona;39;0
08076;Esparreguera;Baix Llobregat;2023;671,4675273;223854;19050;8,51;1893,85;201;0,00000000000000e+00;0,00000000000000e+00;18887;94,9;707,552715806112;19902,0021074816;42,6622032487955;170446,5;9,02454068936305;41,0835772537435;Barcelona;39;0
08077;Esplugues de Llobregat;Baix Llobregat;2023;1063,7682200;469834;67750;14,42;4136,81;390;0,00000000000000e+00;2,58974359000000e+01;22009;94,9;1120,935953635405;23191,7808219178;57,9999938207097;372312,9;16,91639329365260;77,0106728600000;Barcelona;8;0
08086;Franqueses del Vallès, les;Vallès Oriental;2023;685,7646479;204914;22520;10,99;2228,52;198;0,00000000000000e+00;2,47474747474747e+01;18472;94,9;722,618174815595;19464,6996838778;44,5494574209615;200566,8;10,85788220008662;49,4297336000000;Barcelona;35;0
08088;Garriga, la;Vallès Oriental;2023;799,9196078;170333;15330;9,00;2349,32;198;0,00000000000000e+00;4,54545454545455e+01;20947;94,9;842,907911275026;22072,7081100000;45,8253463197594;211438,8;10,09398959278178;45,9521670418444;Barcelona;38;0
08089;Gavà;Baix Llobregat;2023;976,0859565;474838;58500;12,32;3292,84;507;1,61735700197239e+01;4,77317554240631e+01;20261;94,9;1028,541576923077;21349,8419388830;57,8107273974631;296355,6;14,62689896846158;66,5879133839780;Barcelona;20;1
08091;Gelida;Alt Penedès;2023;616,7443902;79455;8740;11,00;1677,27;132;0,00000000000000e+00;7,57575757575758e-01;18453;94,9;649,888714646997;19444,6786090622;40,1069348203544;150954,3;8,18047471955779;37,2410271815140;Barcelona;35;0
08092;Gironella;Berguedà;2023;402,4563478;49836;6090;12,22;NA;NA;NA;NA;17765;94,9;424,084665753425;18719,7049525817;27,1853429417394;NA;NA;NA;Barcelona;94;0
08096;Granollers;Vallès Oriental;2023;754,6732523;629316;92950;14,77;2205,35;602;4,98338870431894e-01;2,67441860465116e+01;19180;94,9;795,229981348788;20210,7481559536;47,2162618748697;198481,5;10,34835766423358;47,1101595285638;Barcelona;30;0
08101;Hospitalet de Llobregat, l';Barcelonès;2023;794,8661620;2766025;675740;24,43;2628,02;2941;1,02006120367222e+03;1,55049302958177e+04;16747;94,9;837,582889400000;17646,9968387777;56,9558365319162;236521,8;14,12323401206186;64,2950146250815;Barcelona;0;0
08102;Igualada;Anoia;2023;539,6555911;412777;55890;13,54;1400,62;393;1,52671755725191e+00;1,50127226463104e+01;18102;94,9;568,657103371970;19074,8155953635;35,7743182698044;126055,8;6,96363937686443;31,7014711500860;Barcelona;65;0
08105;Llagosta, la;Vallès Oriental;2023;680,9500000;131104;16270;12,41;1790,95;112;8,92857142857143e-01;1,07142857142857e+01;17212;94,9;717,544783983140;18136,9863013699;47,4750174297002;161185,5;9,36471647687660;42,6322032422814;Barcelona;19;0
08106;Llinars del Vallès;Vallès Oriental;2023;737,3140120;104812;8930;8,52;2236,21;144;0,00000000000000e+00;3,95833333333333e+01;19866;94,9;776,937841900000;20933,6143308746;44,5372402295379;201258,9;10,13082150407732;46,1198416886990;Barcelona;41;0
08107;Lliçà d'Amunt;Vallès Oriental;2023;978,3092424;160623;5670;3,53;1823,85;154;0,00000000000000e+00;1,94805194805195e+01;20186;94,9;1030,884343940990;21270,8113804004;58,1576880451798;164146,5;8,13170018824928;37,0189846095978;Barcelona;32;0
08108;Lliçà de Vall;Vallès Oriental;2023;921,8000000;67254;2670;3,97;1615,42;46;0,00000000000000e+00;1,30434782608696e+01;21543;94,9;971,338250790305;22700,7376185458;51,3466091073667;145387,8;6,74872580420554;30,7230924525844;Barcelona;28;0
08110;Malgrat de Mar;Maresme;2023;611,4301786;191518;24610;12,85;1765,18;267;7,49063670411985e-01;2,02247191011236e+01;16442;94,9;644,288913171760;17325,6059009484;44,6245112711349;158866,2;9,66221870818635;43,9865609125373;Barcelona;62;1
08112;Manlleu;Osona;2023;517,2507931;211795;52970;25,01;1052,59;209;0,00000000000000e+00;7,65550239234450e+00;16479;94,9;545,048254100000;17364,5943097998;37,6661782705261;94733,1;5,74871654833424;26,1706217028573;Barcelona;78;0
08113;Manresa;Bages;2023;538,8257660;785613;155080;19,74;1098,92;940;4,25531915000000e-01;2,68085106382979e+01;17645;94,9;567,782682824025;18593,2560590095;36,6444272711816;98902,8;5,60514593369226;25,5170267287703;Barcelona;55;0
08114;Martorell;Baix Llobregat;2023;682,5186453;286480;50220;17,53;1760,97;361;2,35457063711911e+01;3,54570637119114e+01;17287;94,9;719,197729504742;18216,0168598525;47,3779356950309;158487,3;9,16800485914271;41,7366876500000;Barcelona;32;0
08118;Masnou, el;Maresme;2023;995,0460151;241660;28540;11,81;3171,26;157;0,00000000000000e+00;1,52866242038217e+01;22480;94,9;1048,520563856691;23688,0927291886;53,1163353256228;285413,4;12,69632562277580;57,7991160455178;Barcelona;19;1
08119;Masquefa;Anoia;2023;679,2294624;98185;6490;6,61;1635,97;110;0,00000000000000e+00;1,45454545454545e+01;17127;94,9;715,731783350896;18047,4183350896;47,5900831949553;147237,3;8,59679453494482;39,1362934212548;Barcelona;46;0
08120;Matadepera;Vallès Occidental;2023;1252,5411450;98840;4260;4,31;3478,22;48;0,00000000000000e+00;0,00000000000000e+00;29265;94,9;1319,853682824025;30837,7239199157;51,3599649410559;313039,8;10,69672988211174;48,6960991812184;Barcelona;32;0
08121;Mataró;Maresme;2023;745,7911086;1295871;216540;16,71;2317,20;1270;0,00000000000000e+00;2,40944881889764e+04;17469;94,9;785,870504320337;18407,7976817703;51,2307132800000;208548,0;11,93817619783617;54,3476949104675;Barcelona;31;1
08123;Molins de Rei;Baix Llobregat;2023;829,4140945;265527;19410;7,31;2953,70;229;4,36681222707424e-01;3,31877729257642e+01;21698;94,9;873,987454689146;22864,0674394099;45,8704449000000;265833,0;12,25149783390174;55,7740692915750;Barcelona;18;0
08124;Mollet del Vallès;Vallès Oriental;2023;706,5164159;517031;66180;12,80;2096,15;503;1,78926441351889e+00;2,08747514910537e+01;18103;94,9;744,485159009484;19075,8693361433;46,8331049593990;188653,5;10,42111804673259;47,4413959757476;Barcelona;23;0
08125;Montcada i Reixac;Vallès Occidental;2023;694,1092699;368116;50800;13,80;1935,58;347;2,88184438040346e-01;1,12391930835735e+01;17556;94,9;731,411243300000;18499,4731296101;47,4442426452495;174202,2;9,92265892000000;45,1721963849068;Barcelona;14;0
08126;Montgat;Maresme;2023;1012,3701400;124547;13750;11,04;3034,19;126;2,30158730158730e+01;5,07936507936508e+01;21077;94,9;1066,775700737618;22209,6944151739;57,6383815533520;273077,1;12,95616548844712;58,9820184848067;Barcelona;15;1
08135;Montmeló;Vallès Oriental;2023;708,6272500;88190;6870;7,79;2353,86;67;1,49253731343284e+00;3,13432835820896e+01;18643;94,9;746,709430979979;19644,8893572181;45,6124389851419;211847,4;11,36337499329507;51,7309534601084;Barcelona;24;0
08136;Montornès del Vallès;Vallès Oriental;2023;663,7611468;167462;19660;11,74;2159,74;158;6,32911392405063e-01;3,79746835400000e+00;17821;94,9;699,432188408851;18778,7144362487;44,6952121744010;194376,6;10,90716570338365;49,6540932351839;Barcelona;26;0
08138;Moià;Moianès;2023;571,4692308;66714;9300;13,94;1517,90;67;0,00000000000000e+00;2,23880597014925e+01;17819;94,9;602,180432876712;18776,6069546891;38,4849361333408;136611,0;7,66659184017060;34,9016120576436;Barcelona;55;0
08140;Navarcles;Bages;2023;540,4396154;61144;4170;6,82;1257,11;59;0,00000000000000e+00;3,22033898305085e+01;19157;94,9;569,483261749210;20186,5121180190;33,8532932338049;113139,9;5,90592994727776;26,8863244785600;Barcelona;60;0
08141;Navàs;Bages;2023;469,6101575;61589;6590;10,70;933,42;53;0,00000000000000e+00;3,58490566037736e+01;18716;94,9;494,847373551106;19721,8124300000;30,1096489100235;84007,8;4,48855524684762;20,4338273369317;Barcelona;80;0
08147;Olesa de Montserrat;Baix Llobregat;2023;655,7245118;244692;23050;9,42;1949,10;260;0,00000000000000e+00;0,00000000000000e+00;18211;94,9;690,963658377239;19189,6733403583;43,2084681873593;175419,0;9,63258470155401;43,8516542128254;Barcelona;38;0
08155;Palafolls;Maresme;2023;639,5791358;98233;6670;6,79;1792,95;116;0,00000000000000e+00;8,62068965517241e+00;17053;94,9;673,950617281349;17969,4415173867;45,0064483058699;161365,5;9,46258722805372;43,0777528503192;Barcelona;60;0
08156;Palau-solità i Plegamans;Vallès Occidental;2023;823,8359873;151355;10610;7,01;2194,08;119;0,00000000000000e+00;2,68907563025210e+01;20270;94,9;868,109575700000;21359,3256059009;48,7717407380365;197467,2;9,74184509126788;44,3490543372301;Barcelona;28;0
08157;Pallejà;Baix Llobregat;2023;890,9470330;117103;7600;6,49;2746,28;110;1,81818181818182e+00;3,90909090909091e+01;20764;94,9;938,827221285564;21879,8735511064;51,4899075130033;247165,2;11,90354459641688;54,1900370172512;Barcelona;22;0
08159;Parets del Vallès;Vallès Oriental;2023;772,8653846;188980;13890;7,35;2220,01;178;5,61797752808989e-01;1,23595505617978e+01;19700;94,9;814,399773000000;20758,6933614331;47,0780944934010;199800,9;10,14217766497462;46,1715398005020;Barcelona;25;0
08161;Piera;Anoia;2023;639,6188321;172049;15450;8,98;1423,60;230;0,00000000000000e+00;1,65217391304348e+01;16673;94,9;673,992446891465;17569,0200210748;46,0350625874168;128124,0;7,68451988200000;34,9832281902677;Barcelona;50;0
08163;Pineda de Mar;Maresme;2023;634,1909302;288422;44590;15,46;1983,41;444;4,50450450450450e-01;1,17117117117117e+01;15624;94,9;668,272845310854;16463,6459430980;48,7089808141321;178506,9;11,42517281105991;52,0122836139241;Barcelona;55;1
08167;Polinyà;Vallès Occidental;2023;748,2320779;84853;6050;7,13;2372,60;135;2,29629629629630e+01;5,40740740740741e+01;18506;94,9;788,442653213909;19500,5268703899;48,5182369761159;213534,0;11,53863611801578;52,5288172190394;Barcelona;25;0
08169;Prat de Llobregat, el;Baix Llobregat;2023;787,3172872;653793;66360;10,15;2986,63;624;0,00000000000000e+00;1,13782051282051e+01;18987;94,9;829,628332139094;20007,3761854584;49,7593482193079;268796,7;14,15688102385843;64,4481902443273;Barcelona;11;1
08172;Premià de Mar;Maresme;2023;844,8515152;286969;38540;13,43;2711,74;263;0,00000000000000e+00;7,22433460076046e+00;19107;94,9;890,254494415174;20133,8250790306;53,0602301899827;244056,6;12,77315120113047;58,1488590066325;Barcelona;22;1
08180;Ripollet;Vallès Occidental;2023;712,3774225;391750;50810;12,97;2622,73;328;0,00000000000000e+00;7,92682926829268e+00;17365;94,9;750,661140700000;18298,2086406744;49,2285002591420;236045,7;13,59318744601209;61,8820154715563;Barcelona;16;0
08181;Roca del Vallès, la;Vallès Oriental;2023;840,8877551;108964;5470;5,02;2088,21;141;0,00000000000000e+00;8,51063829800000e+00;21049;94,9;886,077718756586;22180,1896733404;47,9388714960331;187938,9;8,92863794004466;40,6469868300000;Barcelona;36;0
08183;Roda de Ter;Osona;2023;528,8206250;66965;10460;15,62;1185,59;92;0,00000000000000e+00;2,17391304347826e+00;18015;94,9;557,239857744995;18983,1401475237;35,2253538717735;106703,1;5,92301415500000;26,9640991140382;Barcelona;79;0
08184;Rubí;Vallès Occidental;2023;732,1884881;800586;109280;13,65;2078,42;830;7,22891566265060e-01;1,92771084337349e+01;17572;94,9;771,536868387777;18516,3329820864;50,0014901957660;187057,8;10,64521966765309;48,4616026070533;Barcelona;24;0
08187;Sabadell;Vallès Occidental;2023;748,6460549;2179985;299530;13,74;2132,75;2509;1,67397369469908e+03;2,23196492626544e+04;19107;94,9;788,878877660695;20133,8250790306;47,0181224619249;191947,5;10,04592557701366;45,7333590412043;Barcelona;26;0
08191;Sallent;Bages;2023;436,0280723;68290;5470;8,01;902,13;101;0,00000000000000e+00;4,25742574257426e+01;18605;94,9;459,460560906217;19604,8472075869;28,1232833517872;81191,7;4,36397205052405;19,8666712292852;Barcelona;68;0
08192;Santpedor;Bages;2023;592,8359000;76724;3560;4,64;1546,04;82;0,00000000000000e+00;3,29268292682927e+01;19733;94,9;624,695363500000;20793,4668071654;36,0514407337962;139143,6;7,05131505599757;32,1006084204388;Barcelona;65;0
08194;Sant Adrià de Besòs;Barcelonès;2023;806,8080833;379012;65190;17,20;2869,94;380;1,57894736842105e+00;1,36842105263158e+01;16636;94,9;850,166578819810;17530,0316122234;58,1972649651359;258294,6;15,52624428949267;70,6821187564379;Barcelona;8;1
08196;Sant Andreu de la Barca;Baix Llobregat;2023;723,3947319;268539;26290;9,79;2259,50;224;0,00000000000000e+00;0,00000000000000e+00;18230;94,9;762,270528872497;19209,6944151739;47,6178649600000;203355,0;11,15496434448711;50,7821788592141;Barcelona;27;0
08197;Sant Andreu de Llavaneres;Maresme;2023;1118,6997240;118386;15840;13,38;2883,59;128;0,00000000000000e+00;1,71875000000000e+01;22108;94,9;1178,819519494204;23296,1011591149;60,7218956395875;259523,1;11,73887732947349;53,4404010395881;Barcelona;36;1
08198;Sant Antoni de Vilamajor;Vallès Oriental;2023;701,9192632;65677;3980;6,06;2033,51;58;0,00000000000000e+00;6,89655172413793e+00;20921;94,9;739,640951738672;22045,3108535300;40,2611307222408;183015,9;8,74795181874671;39,8244261651030;Barcelona;44;0
08200;Sant Boi de Llobregat;Baix Llobregat;2023;794,0085897;836818;92050;11,00;2903,48;589;1,01867572156197e+00;2,27504244482173e+01;18638;94,9;836,679230453109;19639,6206533193;51,1219179976392;261313,2;14,02045283828737;63,8271106687094;Barcelona;15;0
08202;Sant Celoni;Vallès Oriental;2023;680,2052825;184164;21050;11,43;1771,26;207;0,00000000000000e+00;2,99516908212560e+01;18073;94,9;716,760044783983;19044,2571127503;45,1638543130637;159413,4;8,82052785923754;40,1548234084541;Barcelona;52;0
08205;Sant Cugat del Vallès;Vallès Occidental;2023;1341,5712600;975755;142070;14,56;4648,39;681;2,93685756240822e-01;2,55506607929515e+01;26038;94,9;1413,668345626976;27437,3024236038;61,8283090867194;418355,1;16,06709808741071;73,1443170615480;Barcelona;17;0
08208;Sant Esteve Sesrovires;Baix Llobregat;2023;870,1070930;78939;4760;6,03;1653,27;70;0,00000000000000e+00;0,00000000000000e+00;21392;94,9;916,867326659642;22541,6227608008;48,8092984106208;148794,3;6,95560489902767;31,6648947632911;Barcelona;38;0
08209;Sant Fost de Campsentelles;Vallès Oriental;2023;898,8204478;91683;4630;5,05;2266,17;96;0,00000000000000e+00;4,27083333333333e+01;20327;94,9;947,123759500000;21419,3888303477;53,0616685866089;203955,3;10,03371377970188;45,6777657057056;Barcelona;22;0
08210;Sant Feliu de Codines;Vallès Oriental;2023;681,5482143;64956;6580;10,13;1396,51;72;0,00000000000000e+00;4,72222222222222e+01;18436;94,9;718,175146786091;19426,7650158061;44,3620013600000;125685,9;6,81741701019744;31,0358042642057;Barcelona;39;0
08211;Sant Feliu de Llobregat;Baix Llobregat;2023;913,1142715;459436;42360;9,22;3303,11;567;1,05820105820106e+00;2,27513227513227e+01;21081;94,9;962,185744467861;22213,9093782929;51,9774738295147;297279,9;14,10179308381956;64,1974063298613;Barcelona;16;0
08213;Sant Fruitós de Bages;Bages;2023;571,7577215;91328;6740;7,38;1280,90;122;1,39344262295082e+01;5,16393442622951e+01;20894;94,9;602,484427291886;22016,8598524763;32,8376216042883;115281,0;5,51742126926390;25,1176664563579;Barcelona;57;0
08214;Vilassar de Dalt;Maresme;2023;946,9334545;92573;6980;7,54;2502,30;81;0,00000000000000e+00;1,23456790123457e+00;22733;94,9;997,822396733404;23954,6891464700;49,9854900541064;225207,0;9,90661153400000;45,0991418051065;Barcelona;26;0
08217;Sant Joan Despí;Baix Llobregat;2023;1024,2818100;345455;32300;9,35;3092,40;661;1,81543116490166e+00;6,47503782148260e+01;21658;94,9;1079,327513171760;22821,9178082192;56,7521549500000;278316,0;12,85049404377135;58,5009567764842;Barcelona;11;0
08218;Sant Joan de Vilatorrada;Bages;2023;557,8747458;109213;10550;9,66;1575,96;135;0,00000000000000e+00;5,62962963000000e+01;18226;94,9;587,855369652265;19205,4794520548;36,7304781608691;141836,4;7,78209151761220;35,4274160940248;Barcelona;58;0
08219;Vilassar de Mar;Maresme;2023;1060,3703630;210390;16200;7,70;3888,90;200;0,00000000000000e+00;1,40000000000000e+01;22807;94,9;1117,355493150685;24032,6659641728;55,7918374000000;350001,0;15,34620949708423;69,8625232161361;Barcelona;24;1
08221;Sant Just Desvern;Baix Llobregat;2023;1286,4975840;204711;24770;12,10;4458,16;128;0,00000000000000e+00;1,64062500000000e+01;30352;94,9;1355,634967334036;31983,1401475237;50,8631095413811;401234,4;13,21937269372694;60,1802504972792;Barcelona;10;0
08230;Premià de Dalt;Maresme;2023;928,6167742;105263;10600;10,07;2526,38;80;0,00000000000000e+00;1,12500000000000e+01;23552;94,9;978,521363751317;24817,7028451001;47,3140340115489;227374,2;9,65413552989130;43,9497628203827;Barcelona;24;0
08231;Sant Pere de Ribes;Garraf;2023;814,7794619;316945;51250;16,17;2696,97;433;0,00000000000000e+00;1,08545034642032e+01;17972;94,9;858,566345521602;18937,8292939937;54,4032580836857;242727,3;13,50585911417761;61,4844594749845;Barcelona;42;0
08234;Sant Pere de Vilamajor;Vallès Oriental;2023;962,6513793;48544;3000;6,18;NA;NA;NA;NA;19448;94,9;1014,385015068493;20493,1506849315;59,3984808288770;NA;NA;NA;Barcelona;46;0
08235;Sant Pol de Mar;Maresme;2023;861,0680000;57728;7470;12,94;3269,62;70;0,00000000000000e+00;1,42857142857143e+01;20677;94,9;907,342465753425;21788,1981032666;49,9725105189341;294265,8;14,23155196595251;64,7881243776786;Barcelona;48;1
08238;Sant Quirze del Vallès;Vallès Occidental;2023;938,5551553;201852;11990;5,94;2690,54;122;0,00000000000000e+00;1,06557377049180e+01;24946;94,9;988,993841201264;26286,6174920969;45,1481674961918;242148,6;9,70691092760362;44,1900190509925;Barcelona;25;0
08240;Sant Sadurní d'Anoia;Alt Penedès;2023;603,1355556;129437;11960;9,24;1909,34;108;0,00000000000000e+00;2,31481481481481e+01;19542;94,9;635,548530663857;20592,2023182297;37,0362637764814;171840,6;8,79339883328216;40,0313204544511;Barcelona;42;0
08244;Santa Coloma de Cervelló;Baix Llobregat;2023;913,2926984;83742;3760;4,49;2803,84;73;0,00000000000000e+00;2,60273972602740e+01;21199;94,9;962,373760168598;22338,2507903056;51,6982517137601;252345,6;11,90365583282230;54,1905434130461;Barcelona;18;0
08245;Santa Coloma de Gramenet;Barcelonès;2023;686,7460685;1191987;266290;22,34;2160,61;1231;0,00000000000000e+00;2,03086921202275e+03;15925;94,9;723,652337723920;16780,8219178082;51,7485263547881;194454,9;12,21066875981162;55,5881978464435;Barcelona;9;0
08248;Santa Eulàlia de Ronçana;Vallès Oriental;2023;903,8232143;78509;3580;4,56;1638,90;63;0,00000000000000e+00;2,22222222222222e+01;19397;94,9;952,395378609062;20439,4099051633;55,9152372614322;147501,0;7,60432025570965;34,6181251147645;Barcelona;38;0
08250;Santa Margarida de Montbui;Anoia;2023;459,6694483;104194;12670;12,16;906,68;91;2,19780219780220e+00;1,09890109890110e+01;13469;94,9;484,372442887250;14192,8345626976;40,9535479961393;81601,2;6,05844531888039;27,5806398201713;Barcelona;66;0
08251;Santa Margarida i els Monjos;Alt Penedès;2023;544,8526316;76307;9630;12,62;1286,42;62;1,61290322580645e+00;2,25806451612903e+01;18332;94,9;574,133436880927;19317,1759747102;35,6656752083788;115777,8;6,31561204451233;28,7513729802583;Barcelona;52;0
08252;Barberà del Vallès;Vallès Occidental;2023;756,7937795;333647;28360;8,50;2311,14;379;1,31926121372032e+00;2,48021108179420e+01;19180;94,9;797,464467334036;20210,7481559536;47,3489330239833;208002,6;10,84476538060480;49,3700202203029;Barcelona;19;0
08259;Santa Maria de Palautordera;Vallès Oriental;2023;731,2956818;98537;9430;9,57;1676,85;100;0,00000000000000e+00;2,40000000000000e+01;19072;94,9;770,596081981033;20096,9441517387;46,0127316568792;150916,5;7,91298762583893;36,0233112824509;Barcelona;54;0
08260;Santa Perpètua de Mogoda;Vallès Occidental;2023;722,2316149;258621;26250;10,15;2497,63;214;9,34579439252336e-01;2,24299065420561e+01;18415;94,9;761,044905057956;19404,6364594310;47,0636946988868;224786,7;12,20671734998642;55,5702093352934;Barcelona;20;0
08262;Sant Vicenç de Castellet;Bages;2023;537,9144079;100584;13790;13,71;1228,11;99;0,00000000000000e+00;1,91919191919192e+01;16436;94,9;566,822347629083;17319,2834562698;39,2733809613045;110529,9;6,72486614748114;30,6144730686150;Barcelona;52;0
08263;Sant Vicenç dels Horts;Baix Llobregat;2023;759,8597653;284239;26150;9,20;2260,45;245;4,08163265306122e-01;2,00000000000000e+01;17829;94,9;800,695221600000;18787,1443624868;51,1431778764934;203440,5;11,41065118626956;51,9461749537208;Barcelona;21;0
08264;Sant Vicenç de Montalt;Maresme;2023;1658,1627540;67064;8430;12,57;3203,21;85;0,00000000000000e+00;2,11764705882353e+01;23591;94,9;1747,273713382508;24858,7987355111;84,3455260395914;288288,9;12,22029163664109;55,6320053062617;Barcelona;38;1
08266;Cerdanyola del Vallès;Vallès Occidental;2023;859,1788333;577612;61920;10,72;2953,47;446;6,72645740000000e-01;1,39013452914798e+01;20898;94,9;905,351773761854;22021,0748155954;49,3355632098765;265812,3;12,71950904392765;57,9046569153175;Barcelona;18;0
08267;Sentmenat;Vallès Occidental;2023;686,3783942;94574;6100;6,45;2188,42;51;0,00000000000000e+00;1,76470588235294e+01;18756;94,9;723,264904320337;19763,9620653319;43,9141646960972;196957,8;10,50105566000000;47,8053062636049;Barcelona;32;0
08270;Sitges;Garraf;2023;1150,5087880;320851;84480;26,33;5020,77;611;0,00000000000000e+00;3,19148936170213e+01;23059;94,9;1212,338027397260;24298,2086406744;59,8729583069517;451869,3;19,59622273298929;89,2104050770424;Barcelona;38;1
08274;Súria;Bages;2023;445,0042529;60336;6100;10,11;1297,45;46;2,17391304347826e+00;2,39130434782609e+01;19001;94,9;468,919128451001;20022,1285563751;28,1040526014420;116770,5;6,14549234250829;27,9769151812144;Barcelona;72;0
08278;Taradell;Osona;2023;617,4633594;67963;5940;8,74;2235,54;39;0,00000000000000e+00;3,84615384615385e+01;22274;94,9;650,646321800000;23471,0221285564;33,2655127628625;201198,6;9,03289036544850;41,1215885580644;Barcelona;75;0
08279;Terrassa;Vallès Occidental;2023;687,6954902;2251934;314370;13,96;1993,34;2433;4,11015207562680e+01;8,87792848335389e+03;18684;94,9;724,652782086407;19688,0927291886;44,1679826718048;179400,6;9,60183044315992;43,7116476469395;Barcelona;28;0
08281;Teià;Maresme;2023;1010,4487620;66850;6090;9,11;3583,21;102;1,96078431372549e+00;6,47058823529412e+01;26046;94,9;1064,751066385669;27445,7323498419;46,5537324118867;322488,9;12,38151347615757;56,3659562215224;Barcelona;22;0
08282;Tiana;Maresme;2023;1161,3003790;92190;4840;5,25;3673,71;66;0,00000000000000e+00;3,78787878787879e+01;26539;94,9;1223,709566912540;27965,2265542676;52,5099082407024;330633,9;12,45841591619880;56,7160490899782;Barcelona;17;0
08283;Tona;Osona;2023;611,9545455;84385;8160;9,67;2007,27;75;0,00000000000000e+00;3,73333333333333e+01;20036;94,9;644,841459957850;21112,7502634352;36,6513003892993;180654,3;9,01648532641246;41,0469057900000;Barcelona;61;0
08284;Tordera;Maresme;2023;586,1239565;184195;18880;10,25;1401,54;262;0,00000000000000e+00;1,67938931297710e+01;15538;94,9;617,622714963119;16373,0242360379;45,2663629682070;126138,6;8,11807182391556;36,9569424538561;Barcelona;65;0
08285;Torelló;Osona;2023;504,1527935;149186;23840;15,98;1211,33;147;0,00000000000000e+00;4,76190476190476e+00;18869;94,9;531,246357744995;19883,0347734457;32,0622901160634;109019,7;5,77771477025810;26,3026340380705;Barcelona;82;0
08289;Torrelles de Llobregat;Baix Llobregat;2023;854,3152381;62153;3580;5,76;2218,98;54;1,85185185185185e+00;1,11111111111111e+01;20515;94,9;900,226805163330;21617,4920969442;49,9721318900000;199708,2;9,73474043382891;44,3167108914191;Barcelona;25;0
08291;Vacarisses;Vallès Occidental;2023;770,3888889;74481;3590;4,82;1797,93;91;0,00000000000000e+00;0,00000000000000e+00;18570;94,9;811,790188514225;19567,9662802950;49,7828038061389;161813,7;8,71371567043619;39,6685685439341;Barcelona;42;0
08295;Vallirana;Baix Llobregat;2023;876,0103145;157856;10750;6,81;1779,85;186;0,00000000000000e+00;1,98924731182796e+01;19166;94,9;923,087791900000;20195,9957850369;54,8477709172493;160186,5;8,35784722900000;38,0485028707987;Barcelona;28;0
08298;Vic;Osona;2023;629,9505807;482405;142020;29,44;1981,87;478;1,25523012552301e+00;3,61924686192469e+01;17726;94,9;663,804616122234;18678,6090621707;42,6458702944827;178368,3;10,06252397608033;45,8089220680460;Barcelona;70;0
08300;Viladecavalls;Vallès Occidental;2023;815,7770588;77992;2020;2,59;2464,85;52;0,00000000000000e+00;0,00000000000000e+00;20806;94,9;859,617554056902;21924,1306638567;47,0504888282226;221836,5;10,66214072863597;48,5386345292347;Barcelona;32;0
08301;Viladecans;Baix Llobregat;2023;867,0052511;666439;58580;8,79;2683,77;630;0,00000000000000e+00;5,07936507936508e+00;18933;94,9;913,598789400000;19950,4741833509;54,9520045064174;241539,3;12,75758199968309;58,0779813284813;Barcelona;18;1
08302;Vilanova del Camí;Anoia;2023;523,4076027;127607;10400;8,15;1263,62;151;0,00000000000000e+00;9,27152317880795e+00;15730;94,9;551,535935405690;16575,3424657534;39,9293784640814;113725,8;7,22986649713922;32,9134511099905;Barcelona;64;0
08305;Vilafranca del Penedès;Alt Penedès;2023;643,6508834;405999;57530;14,17;1911,01;488;2,04918032786885e-01;3,50409836065574e+01;17997;94,9;678,241183800000;18964,1728134879;42,9172117619603;171990,9;9,55664277379563;43,5059340079692;Barcelona;48;0
08307;Vilanova i la Geltrú;Garraf;2023;765,1750369;687876;84540;12,29;2822,77;944;0,00000000000000e+00;3,07203389830508e+01;18972;94,9;806,296140042150;19991,5700737619;48,3981680518659;254049,3;13,39074952561670;60,9604312903853;Barcelona;45;1
08902;Vilanova del Vallès;Vallès Oriental;2023;1004,0000000;56087;2580;4,60;2067,01;36;0,00000000000000e+00;2,22222222222222e+01;20847;94,9;1057,955742887250;21967,3340358272;57,7924881277882;186030,9;8,92362929917974;40,6241853536919;Barcelona;30;0
08904;Badia del Vallès;Vallès Occidental;2023;279,7995455;130546;7650;5,86;1711,12;75;5,33333333333333e+00;6,66666666666667e+00;15259;94,9;294,836191253952;16079,0305584826;22,0040274329904;154000,8;10,09245691067567;45,9451896159699;Barcelona;20;0
17008;Anglès;Selva;2023;517,0972174;58381;13340;22,85;1048,45;72;0,00000000000000e+00;2,77777777777778e+00;16378;94,9;544,886425079030;17258,1664900000;37,8872060617902;94360,5;5,76141775552570;26,2284430418958;Girona;101;0
17009;Arbúcies;Selva;2023;450,4589552;65282;14930;22,87;1278,50;86;0,00000000000000e+00;5,81395348837209e+00;15778;94,9;474,666970706006;16625,9220231823;34,2597760324502;115065,0;7,29274939789580;33,1997210266653;Girona;78;0
17015;Banyoles;Pla de l'Estany;2023;661,5066038;204951;39740;19,39;1886,95;211;2,84360189573460e+00;1,84834123222749e+01;18991;94,9;697,056484510010;20011,5911485774;41,7991640545522;169825,5;8,94242009400000;40,7097291044579;Girona;118;0
17020;Bescanó;Gironès;2023;696,4297778;51699;2890;5,59;1687,55;26;7,69230769230769e+00;3,07692307692308e+01;18675;94,9;733,856457112750;19678,6090621707;44,7505078104418;151879,5;8,13277108400000;37,0238597875907;Girona;98;0
17022;Bisbal d'Empordà, la;Baix Empordà;2023;538,6504651;113650;22980;20,22;1210,81;92;2,17391304347826e+00;2,50000000000000e+01;15454;94,9;567,597961116965;16284,5100105374;41,8261005642552;108972,9;7,05143652128899;32,1011613825070;Girona;120;0
17023;Blanes;Selva;2023;597,6419575;415242;78190;18,83;2215,29;645;0,00000000000000e+00;3,56589147286822e+00;15669;94,9;629,759702318230;16511,0642781876;45,7700139766418;199376,1;12,72423894313613;57,9261894438109;Girona;70;1
17033;Caldes de Malavella;Selva;2023;745,7308571;83909;8500;10,13;2444,10;138;0,00000000000000e+00;2,89855072463768e+00;17653;94,9;785,807014857745;18601,6859852476;50,6926317634396;219969,0;12,46071489265281;56,7265150161681;Girona;85;0
17034;Calonge i Sant Antoni;Baix Empordà;2023;748,1987179;120026;27210;22,67;2997,08;474;0,00000000000000e+00;3,88185654008439e+01;16501;94,9;788,407500421496;17387,7766069547;54,4111545651779;269737,2;16,34671838000000;74,4172684855221;Girona;112;1
17044;Cassà de la Selva;Gironès;2023;610,0467974;108328;18470;17,05;1451,52;86;0,00000000000000e+00;3,72093023300000e+01;17921;94,9;642,831187987355;18884,0885100000;40,8490685162658;130636,8;7,28959321500000;33,1853527278145;Girona;96;0
17047;Castelló d'Empúries;Alt Empordà;2023;578,9390141;117864;52980;44,95;2595,47;769;0,00000000000000e+00;6,50195058517555e+00;13339;94,9;610,051648155954;14055,8482613277;52,0823762590899;233592,3;17,51197990853887;79,7220384100000;Girona;142;1
17048;Castell d'Aro, Platja d'Aro i s'Agaró;Baix Empordà;2023;729,4836313;125338;43630;34,81;3012,97;498;0,00000000000000e+00;1,48594377510040e+01;13690;94,9;768,686650474183;14425,7112750263;63,9430502235208;271167,3;19,80769174579986;90,1731026617312;Girona;107;1
17049;Celrà;Gironès;2023;683,9576623;54626;11100;20,32;1567,68;33;0,00000000000000e+00;3,03030303030303e+01;17221;94,9;720,714080400421;18146,4699683878;47,6597871645085;141091,2;8,19297369490738;37,2979278745290;Girona;109;0
17062;Escala, l';Alt Empordà;2023;666,2075373;106743;32610;30,55;2504,52;498;0,00000000000000e+00;6,62650602409639e+00;14478;94,9;702,010049841939;15256,0590094837;55,2181962100000;225406,8;15,56891835888935;70,8763894109940;Girona;140;1
17066;Figueres;Alt Empordà;2023;549,8072630;478417;134770;28,17;1254,00;532;0,00000000000000e+00;9,21052631578947e+00;14496;94,9;579,354334035827;15275,0263435195;45,5138462748344;112860,0;7,78559602649007;35,4433701205151;Girona;138;0
17079;Girona;Gironès;2023;764,5535529;1040405;215780;20,74;2304,39;1141;1,13935144609991e+03;2,48028045574058e+04;18853;94,9;805,641257007376;19866,1749209694;48,6640992669602;207395,1;11,00064180766986;50,0796365269713;Girona;102;0
17089;Llagostera;Gironès;2023;565,7325926;91981;15830;17,21;1369,67;111;9,00900900900901e-01;3,78378378378378e+01;16539;94,9;596,135503266596;17427,8187565859;41,0471679738799;123270,3;7,45331035733720;33,9306633300000;Girona;90;0
17092;Llançà;Alt Empordà;2023;575,7000962;49588;7820;15,77;NA;NA;NA;NA;16282;94,9;606,638668282402;17157,0073761855;42,4296840339025;NA;NA;NA;Girona;160;1
17095;Lloret de Mar;Selva;2023;606,1145904;411583;159900;38,85;2083,45;904;0,00000000000000e+00;5,53097345132743e+00;12941;94,9;638,687661116965;13636,4594309800;56,2041193478093;187510,5;14,48964531334518;65,9630759171826;Girona;75;1
17103;Maçanet de la Selva;Selva;2023;732,8633333;78201;10870;13,90;1276,55;143;0,00000000000000e+00;3,49650349650350e+00;15356;94,9;772,247980295047;16181,2434141201;57,2698619406095;114889,5;7,48173352435530;34,0600577713687;Girona;78;0
17114;Olot;Garrotxa;2023;547,0372702;380008;96370;25,36;1652,48;340;3,82352941176471e+00;4,14705882352941e+01;17350;94,9;576,435479662803;18282,4025289779;37,8354307919308;148723,2;8,57194236311239;39,0231556800000;Girona;112;0
17117;Palafrugell;Baix Empordà;2023;638,9797993;238659;56610;23,72;2322,70;505;0,00000000000000e+00;1,28712871287129e+01;15146;94,9;673,319071970495;15959,9578503688;50,6256278330913;209043,0;13,80186187772349;62,8319909252878;Girona;122;1
17118;Palamós;Baix Empordà;2023;685,7310839;183322;27590;15,05;2376,14;332;3,01204819277108e-01;2,43975903614458e+01;16775;94,9;722,582807060063;17676,5015806112;49,0537884160954;213852,6;12,74829210134128;58,0356897294579;Girona;115;1
17141;Puigcerdà;Cerdanya;2023;640,9559908;97745;22540;23,06;2918,22;116;0,00000000000000e+00;1,55172413793103e+01;14724;94,9;675,401465542676;15515,2792413066;52,2376520619397;262639,8;17,83753056234719;81,2040845178929;Girona;151;0
17147;Ripoll;Ripollès;2023;445,9530545;108174;16940;15,66;968,82;108;0,00000000000000e+00;2,12962962962963e+01;17770;94,9;469,918919388830;18724,9736564805;30,1150064940912;87193,8;4,90679797411368;22,3378474957310;Girona;102;0
17152;Roses;Alt Empordà;2023;575,0154203;199834;60110;30,08;2952,42;972;0,00000000000000e+00;1,02880658400000e+00;13396;94,9;605,917197400000;14115,9114857745;51,5092941445207;265717,8;19,83560764407286;90,3001877957878;Girona;150;1
17155;Salt;Gironès;2023;549,3599052;333333;125900;37,77;1141,32;419;3,57995226730310e+00;2,64916467780430e+01;13079;94,9;578,882934878820;13781,8756585880;50,4038448077070;102718,8;7,85371970334123;35,7534982962374;Girona;100;0
17160;Sant Feliu de Guíxols;Baix Empordà;2023;663,9375571;226481;43960;19,41;2331,70;457;0,00000000000000e+00;1,70678336980306e+01;15523;94,9;699,618079135933;16357,2181243414;51,3254569683695;209853,0;13,51884300715068;61,5435677208636;Girona;105;1
17164;Sant Hilari Sacalm;Selva;2023;448,6572566;58937;11640;19,75;933,36;61;0,00000000000000e+00;3,27868852459016e+00;16242;94,9;472,768447418335;17114,8577449947;33,1479317768748;84002,4;5,17192463982268;23,5448177147829;Girona;95;0
17180;Santa Coloma de Farners;Selva;2023;588,0966486;137840;29360;21,30;1361,33;132;0,00000000000000e+00;4,54545454545455e+00;16754;94,9;619,701421074816;17654,3730242360;42,1222381700000;122519,7;7,31286259997612;33,2912849433155;Girona;90;0
17181;Santa Cristina d'Aro;Baix Empordà;2023;804,7443636;56566;10640;18,81;1983,32;128;0,00000000000000e+00;1,87500000000000e+01;17678;94,9;847,991953213909;18628,0295047418;54,6268376694196;178498,8;10,09722819323453;45,9669105392117;Girona;101;1
17186;Sarrià de Ter;Gironès;2023;720,6501818;53333;4160;7,80;2141,52;26;0,00000000000000e+00;1,53846153846154e+01;18474;94,9;759,378484510010;19466,8071700000;46,8106646183826;192736,8;10,43286781422540;47,4948859534783;Girona;106;0
17193;Sils;Selva;2023;618,8758000;66165;8800;13,30;2227,42;109;0,00000000000000e+00;1,74311926605505e+01;17036;94,9;652,134668071654;17951,5279241307;43,5930359239258;200467,8;11,76730453158018;53,5698138478471;Girona;80;0
17199;Torroella de Montgrí;Baix Empordà;2023;620,0350794;122338;34120;27,89;2139,27;308;3,24675324675325e-01;2,75974026000000e+01;15327;94,9;653,356248050579;16150,6849315068;48,5445354785672;192534,3;12,56177334116265;57,1865763887531;Girona;135;1
17202;Tossa de Mar;Selva;2023;573,8289474;61859;15570;25,17;2583,40;167;0,00000000000000e+00;4,79041916167665e+00;15254;94,9;604,666962486828;16073,7618545838;45,1419127363314;232506,0;15,24229710239937;69,3894694573240;Girona;87;1
17213;Vidreres;Selva;2023;658,0432143;84512;13150;15,56;1355,23;120;0,00000000000000e+00;1,66666666666667e+01;16605;94,9;693,406969757640;17497,3656480506;47,5550651707317;121970,7;7,34542005420054;33,4395004294943;Girona;82;0
17221;Vilafant;Alt Empordà;2023;647,7210526;56203;3760;6,69;1571,97;45;0,00000000000000e+00;1,11111111111111e+01;17109;94,9;682,530087038988;18028,4510010537;45,4301983236893;141477,3;8,26917411888480;37,6448248649691;Girona;136;0
25003;Agramunt;Urgell;2023;372,8230693;55065;10220;18,56;960,46;38;0,00000000000000e+00;1,57894736842105e+01;16508;94,9;392,858871759747;17395,1527924131;27,1012650327114;86441,4;5,23633389871577;23,8380362679121;Lleida;112;0
25011;Alcarràs;Segrià;2023;436,1548760;100000;32830;32,83;831,05;147;0,00000000000000e+00;3,33333333333333e+01;14767;94,9;459,594179135933;15560,5900948367;35,4429370352814;74794,5;5,06497595991061;23,0579414842250;Lleida;165;0
25019;Almacelles;Segrià;2023;402,7624444;69760;15710;22,52;931,87;49;0,00000000000000e+00;3,46938775510204e+01;14696;94,9;424,407212200000;15485,7744994731;32,8875158737071;83868,3;5,70687942297224;25,9801611762722;Lleida;170;0
25023;Alpicat;Segrià;2023;646,0000000;64521;4510;6,99;1331,65;52;0,00000000000000e+00;1,73076923076923e+01;21135;94,9;680,716543730242;22270,8113804004;36,6784953867991;119848,5;5,67061745919092;25,8150811747893;Lleida;160;0
25040;Balaguer;Noguera;2023;395,7275588;175410;42800;24,40;1220,12;183;0,00000000000000e+00;1,85792349726776e+01;14841;94,9;416,994266385669;15638,5669125395;31,9973768991308;109810,8;7,39915100060643;33,6841067273178;Lleida;145;0
25050;Bellpuig;Urgell;2023;427,8132836;51827;12200;23,54;659,43;74;0,00000000000000e+00;3,78378378378378e+01;15481;94,9;450,804303055848;16312,9610115911;33,1616782068342;59348,7;3,83364769717718;17,4524074689203;Lleida;123;0
25058;Borges Blanques, les;Garrigues;2023;404,8136275;61973;9990;16,12;724,98;61;0,00000000000000e+00;1,96721311475410e+01;16200;94,9;426,568627502634;17070,6006322445;29,9861946296296;65248,2;4,02766666666667;18,3356649770955;Lleida;125;0
25072;Cervera;Segarra;2023;385,9850993;94663;21640;22,86;973,47;48;0,00000000000000e+00;8,33333333333333e+00;15930;94,9;406,728239515279;16786,0906217071;29,0760903427495;87612,3;5,49983050847458;25,0375857700000;Lleida;102;0
25110;Guissona;Segarra;2023;424,0990090;75251;39680;52,73;1175,59;34;8,82352941176471e+00;5,00000000000000e+01;15676;94,9;446,890420442571;16518,4404636459;32,4648386578209;105803,1;6,74936846134218;30,7260181033216;Lleida;110;0
25120;Lleida;Segrià;2023;545,5631764;1429888;307140;21,48;1216,08;1709;5,55880631948508e+03;2,80866003500000e+04;17672;94,9;574,882166912539;18621,7070600632;37,0459377365324;109447,2;6,19325486645541;28,1943506618620;Lleida;155;0
25137;Mollerussa;Pla d'Urgell;2023;467,2400000;153023;45050;29,44;912,21;150;6,00000000000000e+00;3,00000000000000e+01;16470;94,9;492,349841900000;17355,1106427819;34,0429872495446;82098,9;4,98475409836066;22,6927371863142;Lleida;135;0
25203;Seu d'Urgell, la;Alt Urgell;2023;531,2883029;124776;19490;15,62;1454,06;104;0,00000000000000e+00;2,78846153846154e+01;15080;94,9;559,840150579557;15890,4109589041;42,2775837851459;130865,4;8,67807692307692;39,5063256907231;Lleida;180;0
25207;Solsona;Solsonès;2023;400,3168095;92120;14380;15,61;1009,27;62;0,00000000000000e+00;1,29032258064516e+01;16996;94,9;421,830146996839;17909,3782929399;28,2643075664862;90834,3;5,34445163567898;24,3302345500000;Lleida;115;0
25217;Tàrrega;Urgell;2023;435,3925000;181918;43260;23,78;955,60;228;4,38596491228070e-01;2,50000000000000e+01;16155;94,9;458,790832500000;17023,1822971549;32,3411327762303;86004,0;5,32367688022284;24,2356589560726;Lleida;100;0
25234;Tremp;Pallars Jussà;2023;383,0382895;59901;10860;18,13;726,54;76;0,00000000000000e+00;0,00000000000000e+00;17462;94,9;403,623065858799;18400,4214963119;26,3226404421029;65388,6;3,74462260909403;17,0471271106527;Lleida;190;0
25243;Vielha e Mijaran;Val d'Aran;2023;577,5770370;57406;12790;22,28;2432,16;167;0,00000000000000e+00;1,19760479041916e+01;17777;94,9;608,616477344573;18732,3498419389;38,9881557293131;218894,4;12,31334870900602;56,0556409900000;Lleida;280;0
43004;Alcanar;Montsià;2023;423,3988462;97713;20940;21,43;1156,83;246;0,00000000000000e+00;1,30081300813008e+01;14611;94,9;446,152630347734;15396,2065331928;34,7737057997399;104114,7;7,12577510095134;32,4395824596142;Tarragona;190;1
43005;Alcover;Alt Camp;2023;462,9575758;52660;5840;11,09;1289,26;57;0,00000000000000e+00;0,00000000000000e+00;16801;94,9;487,837276923077;17703,8988408851;33,0664300315457;116033,4;6,90633890839831;31,4406148579006;Tarragona;105;0
43012;Altafulla;Tarragonès;2023;738,0298230;56830;6490;11,42;2036,24;128;7,81250000000000e-01;5,15625000000000e+01;19491;94,9;777,692121180190;20538,4615384615;45,4381913498538;183261,6;9,40237032476528;42,8036196968007;Tarragona;88;1
43013;Ametlla de Mar, l';Baix Ebre;2023;467,3901316;73305;17300;23,60;2030,15;240;0,00000000000000e+00;1,00000000000000e+01;14187;94,9;492,508041728135;14949,4204425711;39,5339506500000;182713,5;12,87893846479171;58,6304479726184;Tarragona;144;1
43014;Amposta;Montsià;2023;401,9186517;222222;45200;20,34;815,81;346;0,00000000000000e+00;1,73410404624277e+00;14186;94,9;423,518073445732;14948,3667017914;33,9984761060200;73422,9;5,17572959255604;23,5621394904775;Tarragona;168;0
43016;Arboç, l';Baix Penedès;2023;514,1230769;56910;14290;25,11;1025,88;50;8,00000000000000e+00;3,60000000000000e+01;15012;94,9;541,752451949420;15818,7565858799;41,0969685771383;92329,2;6,15035971223022;27,9990735344067;Tarragona;60;0
43037;Calafell;Baix Penedès;2023;679,0719626;304818;62640;20,55;2051,37;931;2,14822771213749e-01;3,23308270676692e+01;15546;94,9;715,565819388830;16381,4541622761;52,4177508761096;184623,3;11,87593593207256;54,0643505437224;Tarragona;62;1
43038;Cambrils;Baix Camp;2023;686,7855028;364370;74040;20,32;2328,29;737;0,00000000000000e+00;9,49796472200000e+00;17061;94,9;723,693891253952;17977,8714436249;48,3056446491999;209546,1;12,28216986108669;55,9137015057515;Tarragona;115;1
43043;Catllar, el;Tarragonès;2023;789,4117647;51206;3820;7,46;NA;NA;NA;NA;19813;94,9;831,835368493151;20877,7660695469;47,8117457043355;NA;NA;NA;Tarragona;92;0
43044;Sénia, la;Montsià;2023;327,2726829;56020;10980;19,60;615,81;65;0,00000000000000e+00;1,23076923076923e+01;14034;94,9;344,860572075869;14788,1981032666;27,9839831466439;55422,9;3,94918768704575;17,9783950247475;Tarragona;195;0
43047;Constantí;Tarragonès;2023;416,8991781;68489;12780;18,66;749,82;136;5,88235294100000e+00;1,61764705882353e+01;14122;94,9;439,303665015806;14880,9272918862;35,4255072737573;67483,8;4,77862908936411;21,7543677974965;Tarragona;95;0
43051;Cunit;Baix Penedès;2023;681,4182500;152463;28160;18,47;1974,33;404;2,47524752475248e-01;1,36138613861386e+01;15137;94,9;718,038198103266;15950,4741833509;54,0200766300000;177689,7;11,73876593776838;53,4398939368025;Tarragona;55;1
43086;Montblanc;Conca de Barberà;2023;485,5301205;74653;10750;14,40;1083,69;49;2,04081632653061e+00;4,08163265306122e+00;18131;94,9;511,622887776607;19105,3740779768;32,1348047322266;97532,1;5,37930064530362;24,4888821757910;Tarragona;114;0
43092;Mont-roig del Camp;Baix Camp;2023;601,5978431;136821;38050;27,81;1741,72;539;0,00000000000000e+00;5,56586270871985e-01;14540;94,9;633,928180295047;15321,3909378293;49,6504409711142;156754,8;10,78093535075653;49,0794385660508;Tarragona;120;1
43093;Móra d'Ebre;Ribera d'Ebre;2023;399,7857143;56546;10970;19,40;777,66;94;0,00000000000000e+00;3,82978723404255e+01;16088;94,9;421,270510326660;16952,5816649104;29,8199190179015;69989,4;4,35041024400000;19,8049320716722;Tarragona;150;0
43100;Pallaresos, els;Tarragonès;2023;685,1000000;49702;1670;3,36;NA;NA;NA;NA;19595;94,9;721,917808200000;20648,0505795574;41,9556009186017;NA;NA;NA;Tarragona;95;0
43123;Reus;Baix Camp;2023;573,6330392;1085501;196150;18,07;1325,37;1506;3,71845949535193e+03;1,10225763612218e+04;16995;94,9;604,460526027397;17908,3245521602;40,5036567837599;119283,3;7,01872903795234;31,9522628995049;Tarragona;108;0
43129;Riudoms;Baix Camp;2023;552,7210101;69018;9490;13,75;1354,02;66;0,00000000000000e+00;3,63636363636364e+01;15713;94,9;582,424668177028;16557,4288724974;42,2112398727169;121861,8;7,75547635715649;35,3062524800000;Tarragona;115;0
43131;Roda de Berà;Tarragonès;2023;637,7117778;78078;11860;15,19;1811,03;296;0,00000000000000e+00;2,09459459459459e+01;16275;94,9;671,982906006322;17149,6311907271;47,0202232479263;162992,7;10,01491244239631;45,5921739597925;Tarragona;75;1
43133;Roquetes;Baix Ebre;2023;417,4799048;82989;13270;15,99;747,29;69;0,00000000000000e+00;7,24637681159420e+00;15445;94,9;439,915600421496;16275,0263435195;32,4361208002590;67256,1;4,35455487212690;19,8238001968959;Tarragona;178;0
43136;Ràpita, la;Montsià;2023;438,5417928;153310;26630;17,37;1113,77;548;0,00000000000000e+00;1,82481751824818e-01;15151;94,9;462,109370706006;15965,2265542676;34,7336909400000;100239,3;6,61601874463732;30,1189530374544;Tarragona;180;1
43145;Selva del Camp, la;Baix Camp;2023;542,6605172;57442;4940;8,60;1222,73;34;0,00000000000000e+00;2,94117647058824e+00;17110;94,9;571,823516543730;18029,5047418335;38,0591829713618;110045,7;6,43165984804208;29,2796723215269;Tarragona;116;0
43148;Tarragona;Tarragonès;2023;655,5749408;1383604;272570;19,70;1528,27;1909;1,25720272393924e+03;2,17391304347826e+04;17409;94,9;690,806049315068;18344,5732349842;45,1886914216784;137544,3;7,90075822850250;35,9676378240964;Tarragona;98;1
43153;Torredembarra;Tarragonès;2023;622,0164205;176123;32160;18,26;1999,12;366;0,00000000000000e+00;1,69398907103825e+01;15832;94,9;655,444067966280;16682,8240252898;47,1462673446185;179920,8;11,36437594744821;51,7355102324355;Tarragona;84;1
43155;Tortosa;Baix Ebre;2023;454,0203342;348620;71990;20,65;841,49;436;0,00000000000000e+00;1,00917431192661e+01;15834;94,9;478,419740990516;16684,9315068493;34,4085133914361;75734,1;4,78300492610837;21,7742884818970;Tarragona;175;0
43156;Ulldecona;Montsià;2023;344,4230769;64996;17250;26,54;555,12;123;0,00000000000000e+00;1,21951219512195e+01;13670;94,9;362,932641622761;14404,6364594310;30,2346519590344;49960,8;3,65477688368691;16,6381108595505;Tarragona;198;0
43161;Valls;Alt Camp;2023;513,9174033;249526;42070;16,86;1232,22;196;0,00000000000000e+00;5,10204081632653e-01;17056;94,9;541,535725289779;17972,6027397260;36,1574158044090;110899,8;6,50209896810507;29,6003413871786;Tarragona;101;0
43162;Vandellòs i l'Hospitalet de l'Infant;Baix Camp;2023;533,7619737;69757;12640;18,12;1618,07;130;0,00000000000000e+00;1,15384615384615e+01;16245;94,9;562,446758377239;17118,0189673340;39,4284006426593;145626,3;8,96437673130194;40,8096851295927;Tarragona;132;1
43163;Vendrell, el;Baix Penedès;2023;576,3864382;396746;64630;16,29;1634,95;732;6,83060109289617e-01;3,27868852459016e+00;16662;94,9;607,361894836670;17557,4288724974;41,5114467554915;147145,5;8,83120273676630;40,2034200263566;Tarragona;65;1
43171;Vila-seca;Tarragonès;2023;567,2363667;234547;38020;16,21;2484,90;533;0,00000000000000e+00;9,38086303939962e-01;15523;94,9;597,720091359326;16357,2181243414;43,8500058004252;223641,0;14,40707337499195;65,5871730623897;Tarragona;106;1
43901;Deltebre;Baix Ebre;2023;416,8236986;118371;13660;11,54;890,23;222;0,00000000000000e+00;2,65765765765766e+01;14602;94,9;439,224129188620;15386,7228661749;34,2547896397754;80120,7;5,48696753900000;24,9790280219348;Tarragona;170;1
43905;Salou;Tarragonès;2023;624,1281611;300903;100020;33,24;2230,21;1099;0,00000000000000e+00;1,61965423111920e+04;15336;94,9;657,669295152792;16160,1685985248;48,8363193348983;200718,9;13,08808685446009;59,5825810861147;Tarragona;110;1
43907;Canonja, la;Tarragonès;2023;515,9104478;59250;4580;7,73;NA;NA;NA;NA;15868;94,9;543,635877555321;16720,7586933614;39,0151586438114;NA;NA;NA;Tarragona;100;0
08001;Abrera;Baix Llobregat;2022;684,8372294;126731;7870;6,21;1871,33;128;0,00000000000000e+00;2,34375000000000e+00;19389;91,8;746,010053812636;21120,9150326797;42,3850985200000;168419,7;8,68635308680179;39,5440023352703;Barcelona;35;0
08003;Alella;Maresme;2022;1196,2470000;100697;11560;11,48;3377,66;75;0,00000000000000e+00;1,86666666666667e+01;26404;91,8;1303,101307189543;28762,5272331155;54,3666262687472;303989,4;11,51300560521133;52,4121361391817;Barcelona;18;0
08005;Ametlla del Vallès, l';Vallès Oriental;2022;1014,7967190;90134;5390;5,98;1729,89;156;6,41025641000000e-01;2,75641025641026e+01;24932;91,8;1105,443049019608;27159,0413943355;48,8430957323921;155690,1;6,24458928284935;28,4280469278871;Barcelona;35;0
08006;Arenys de Mar;Maresme;2022;707,7532703;160800;18090;11,25;2835,95;241;0,00000000000000e+00;2,61410788381743e+01;19760;91,8;770,973061328976;21525,0544662309;42,9809678319838;255235,5;12,91677631578947;58,8027020881564;Barcelona;40;1
08007;Arenys de Munt;Maresme;2022;663,1146259;92613;6770;7,31;2080,15;138;0,00000000000000e+00;2,82608695652174e+01;19320;91,8;722,347087000000;21045,7516339869;41,1872438447205;187213,5;9,69013975155280;44,1136694692645;Barcelona;45;0
08009;Argentona;Maresme;2022;812,0007558;127322;6990;5,49;2327,34;145;0,00000000000000e+00;3,03448275862069e+01;19805;91,8;884,532413725490;21574,0740740741;49,1997428400000;209460,6;10,57614743751578;48,1471562102102;Barcelona;35;0
08010;Artés;Bages;2022;433,7388889;58724;6260;10,66;1127,83;106;0,00000000000000e+00;3,20754716981132e+01;18387;91,8;472,482449782135;20029,4117647059;28,3073185772557;101504,7;5,52046010768478;25,1315005513354;Barcelona;72;0
08015;Badalona;Barcelonès;2022;808,0211967;2223483;340860;15,33;2449,84;2546;1,72820109976434e+03;3,30714846818539e+04;17971;91,8;880,197382026144;19576,2527233115;53,9550072917478;220485,6;12,26896666852151;55,8535949141344;Barcelona;10;1
08019;Barcelona;Barcelonès;2022;1026,8605750;16155060;3368330;20,85;4380,37;16029;4,49185850645705e+02;4,58500218354233e+02;23003;91,8;1118,584504357299;25057,7342047930;53,5683471721080;394233,3;17,13834282484893;78,0210822558236;Barcelona;0;1
08020;Begues;Baix Llobregat;2022;996,4430769;74376;5660;7,61;2301,96;60;0,00000000000000e+00;1,66666666666667e+00;23630;91,8;1085,449974836602;25740,7407407407;50,6022722082099;207176,4;8,76751586965722;39,9134901102548;Barcelona;32;0
08022;Berga;Berguedà;2022;418,1120913;167726;24270;14,47;1104,80;190;0,00000000000000e+00;1,00000000000000e+01;17940;91,8;455,459794444444;19542,4836601307;27,9673639665552;99432,0;5,54247491600000;25,2317213963863;Barcelona;108;0
08023;Bigues i Riells del Fai;Vallès Oriental;2022;798,7008824;97448;4200;4,31;1448,01;136;0,00000000000000e+00;1,32352941176471e+01;20739;91,8;870,044534204793;22591,5032679739;46,2144297642123;130320,9;6,28385650224215;28,6068081410052;Barcelona;41;0
08029;Cabrera de Mar;Maresme;2022;1290,5909090;48563;3210;6,61;NA;NA;NA;NA;24788;91,8;1405,872449891068;27002,1786492375;62,4781785864128;NA;NA;NA;Barcelona;28;1
08030;Cabrils;Maresme;2022;1444,3103450;77123;9810;12,72;3267,12;75;0,00000000000000e+00;0,00000000000000e+00;24516;91,8;1573,322815904140;26705,8823529412;70,6955626529613;294040,8;11,99383259911894;54,6010667041657;Barcelona;27;0
08033;Caldes de Montbui;Vallès Oriental;2022;721,4455584;178947;14280;7,98;1844,41;142;0,00000000000000e+00;1,61971830985916e+01;19644;91,8;785,888407843137;21398,6928104575;44,0712008796579;165996,9;8,45025962125840;38,4692036873803;Barcelona;34;0
08035;Calella;Maresme;2022;629,2516923;192385;34610;17,99;2250,78;258;7,75193798449612e-01;2,48062015500000e+01;16319;91,8;685,459359803922;17776,6884531590;46,2713420405662;202570,2;12,41315031558306;56,5099806745490;Barcelona;50;1
08040;Canet de Mar;Maresme;2022;649,9273929;148661;12770;8,59;2483,30;188;5,31914893617021e-01;2,18085106382979e+01;17957;91,8;707,981909477124;19561,0021786492;43,4322476738876;223497,0;12,44623266692655;56,6605857173915;Barcelona;43;1
08041;Canovelles;Vallès Oriental;2022;601,6056771;168175;31600;18,79;1439,41;52;1,92307692307692e+00;1,34615384615385e+01;15931;91,8;655,343874836601;17354,0305010893;45,3158503872952;129546,9;8,13174941937104;37,0192087307651;Barcelona;31;0
08043;Canyelles;Garraf;2022;883,9285714;50000;4760;9,52;NA;NA;NA;NA;18350;91,8;962,885154030501;19989,1067538126;57,8045932250681;NA;NA;NA;Barcelona;46;0
08044;Capellades;Anoia;2022;517,0987654;53281;3410;6,40;1097,85;81;0,00000000000000e+00;0,00000000000000e+00;18346;91,8;563,288415468410;19984,7494553377;33,8230959598823;98806,5;5,38572440859043;24,5181258995812;Barcelona;60;0
08046;Cardedeu;Vallès Oriental;2022;740,8217232;188401;12020;6,38;2333,92;212;0,00000000000000e+00;1,50943396226415e+01;19642;91,8;806,995341176471;21396,5141612200;45,2594475022910;210052,8;10,69406374096324;48,6839617639676;Barcelona;39;0
08051;Castellar del Vallès;Vallès Occidental;2022;495,7575758;249217;11140;4,47;2112,58;270;0,00000000000000e+00;1,85185185185185e+01;20422;91,8;540,040932244009;22246,1873638344;29,1307947781804;190132,2;9,31016550800000;42,3838638497234;Barcelona;34;0
08054;Castellbisbal;Vallès Occidental;2022;697,5000000;127243;7800;6,13;2204,47;136;0,00000000000000e+00;0,00000000000000e+00;19231;91,8;759,803921568628;20948,8017429194;43,5234777182674;198402,3;10,31679579845042;46,9664763876918;Barcelona;29;0
08056;Castelldefels;Baix Llobregat;2022;746,1764706;669606;141220;21,09;3942,05;810;0,00000000000000e+00;6,41975308641975e+00;21142;91,8;812,828399346405;23030,5010893246;42,3522734235172;354784,5;16,78102828493047;76,3944333204458;Barcelona;22;1
08067;Centelles;Osona;2022;578,4953548;76423;4700;6,15;1882,64;93;0,00000000000000e+00;3,87096774193548e+01;18807;91,8;630,169231808279;20486,9281045752;36,9114917722125;169437,6;9,00928377731696;41,0141212507983;Barcelona;54;0
08068;Cervelló;Baix Llobregat;2022;777,8023529;93043;6420;6,90;1927,16;156;0,00000000000000e+00;2,30769230769231e+01;20781;91,8;847,279251525055;22637,2549019608;44,9142400981666;173444,4;8,34629709831096;37,9959217232312;Barcelona;25;0
08072;Corbera de Llobregat;Baix Llobregat;2022;741,2632039;152151;14150;9,30;1750,07;220;0,00000000000000e+00;2,31818181818182e+01;21132;91,8;807,476256971678;23019,6078431373;42,0933108404316;157506,3;7,45344974446337;33,9312978825040;Barcelona;30;0
08073;Cornellà de Llobregat;Baix Llobregat;2022;723,2320846;889313;137310;15,44;3033,61;1012;1,97628458498024e+02;2,76679841897233e+03;18101;91,8;787,834514814815;19717,8649237473;47,9464395072095;273024,9;15,08341528092371;68,6661713071472;Barcelona;12;0
08074;Cubelles;Garraf;2022;764,1379612;164525;18690;11,36;2174,95;366;0,00000000000000e+00;5,73770491803279e+00;18171;91,8;832,394293246187;19794,1176470588;50,4631310021463;195745,5;10,77241208519069;49,0406370080124;Barcelona;50;1
08075;Dosrius;Maresme;2022;858,2987671;57143;2920;5,11;1554,01;100;0,00000000000000e+00;2,50000000000000e+01;19560;91,8;934,965977233116;21307,1895424837;52,6563660797546;139860,9;7,15035276073620;32,5514705012602;Barcelona;39;0
08076;Esparreguera;Baix Llobregat;2022;651,0650662;222914;17900;8,03;1881,93;258;0,00000000000000e+00;7,75193798449612e-01;18887;91,8;709,221205010893;20574,0740740741;41,3659172700000;169373,7;8,96773971514799;40,8249948734786;Barcelona;39;0
08077;Esplugues de Llobregat;Baix Llobregat;2022;900,9005882;464788;60190;12,95;3391,86;347;0,00000000000000e+00;1,46974063400576e+01;22009;91,8;981,373189760349;23974,9455337691;49,1199375637239;305267,4;13,87011677041210;63,1427164517430;Barcelona;8;0
08086;Franqueses del Vallès, les;Vallès Oriental;2022;680,7449871;202938;20720;10,21;2133,27;69;0,00000000000000e+00;3,47826086956522e+01;18472;91,8;741,552273529412;20122,0043572985;44,2233642550888;191994,3;10,39380142919012;47,3170390244360;Barcelona;35;0
08088;Garriga, la;Vallès Oriental;2022;758,6706266;167439;13010;7,77;2256,39;231;0,00000000000000e+00;3,72294372294372e+01;20947;91,8;826,438591067538;22818,0827886710;43,4622977953884;203075,1;9,69471045973170;44,1344772919600;Barcelona;38;0
08089;Gavà;Baix Llobregat;2022;929,4443091;468839;52510;11,20;3151,08;346;1,44508670520231e+00;4,07514450900000e+01;20261;91,8;1012,466567647059;22070,8061002179;55,0482785114259;283597,2;13,99719658457134;63,7212382338605;Barcelona;20;1
08091;Gelida;Alt Penedès;2022;617,8881395;77994;7620;9,77;1311,70;127;0,00000000000000e+00;1,96850393700787e+01;18453;91,8;673,080761982571;20101,3071895425;40,1813129247277;118053,0;6,39749634205820;29,1241453993644;Barcelona;35;0
08092;Gironella;Berguedà;2022;421,5803571;49535;5860;11,83;NA;NA;NA;NA;17765;91,8;459,237861764706;19351,8518518519;28,4771420500985;NA;NA;NA;Barcelona;94;0
08096;Granollers;Vallès Oriental;2022;712,1808289;616740;83630;13,56;2322,13;836;2,75119617224880e+00;2,90669856459330e+01;19180;91,8;775,796109912854;20893,2461873638;44,5577160938478;208991,7;10,89633472367049;49,6047859732305;Barcelona;30;0
08101;Hospitalet de Llobregat, l';Barcelonès;2022;731,3133223;2672016;597730;22,37;2707,93;3793;1,81914052201424e+03;1,45531241761139e+04;16747;91,8;796,637605991285;18242,9193899782;52,4019816540276;243713,7;14,55267809159849;66,2500281404620;Barcelona;0;0
08102;Igualada;Anoia;2022;525,6434383;408013;51940;12,73;1399,19;520;1,92307692307692e-01;6,53846153846154e+00;18102;91,8;572,596338017429;19718,9542483660;34,8454384023865;125927,1;6,95652966523036;31,6691046954126;Barcelona;65;0
08105;Llagosta, la;Vallès Oriental;2022;667,6428571;131434;15220;11,58;1944,25;124;2,41935483870968e+00;1,61290322580645e+01;17212;91,8;727,279800762527;18749,4553376906;46,5472593841506;174982,5;10,16630839000000;46,2813932012651;Barcelona;19;0
08106;Llinars del Vallès;Vallès Oriental;2022;741,5667010;101754;8120;7,98;2042,77;114;0,00000000000000e+00;8,77192982456140e+00;19866;91,8;807,806863834423;21640,5228758170;44,7941226819692;183849,3;9,25446994865600;42,1303137927223;Barcelona;41;0
08107;Lliçà d'Amunt;Vallès Oriental;2022;884,7647059;158033;4820;3,05;1720,74;201;0,00000000000000e+00;1,54228855721393e+01;20186;91,8;963,795975900000;21989,1067538126;52,5967327395224;154866,6;7,67198058060042;34,9261439137644;Barcelona;32;0
08108;Lliçà de Vall;Vallès Oriental;2022;920,0445238;67614;2380;3,52;1683,05;74;0,00000000000000e+00;1,62162162162162e+01;21543;91,8;1002,227150108932;23467,3202614379;51,2488246093859;151474,5;7,03126305528478;32,0093231186454;Barcelona;28;0
08110;Malgrat de Mar;Maresme;2022;585,8908889;190650;23450;12,30;1903,08;223;0,00000000000000e+00;1,30044843049327e+01;16442;91,8;638,225369172113;17910,6753812636;42,7605562997202;171277,2;10,41705388638852;47,4228941759092;Barcelona;62;1
08112;Manlleu;Osona;2022;488,0420915;207401;48760;23,51;1061,41;209;0,00000000000000e+00;3,82775119617225e+00;16479;91,8;531,636265250545;17950,9803921569;35,5392020025487;95526,9;5,79688694702349;26,3899140041514;Barcelona;78;0
08113;Manresa;Bages;2022;506,6701241;770591;142020;18,43;1229,45;881;1,47559591373439e+00;2,31555051078320e+01;17645;91,8;551,928239760349;19221,1328976035;34,4575884907906;110650,5;6,27092660810428;28,5479457209685;Barcelona;55;0
08114;Martorell;Baix Llobregat;2022;651,7365135;286359;51430;17,96;1738,23;318;0,00000000000000e+00;8,49056603800000e+00;17287;91,8;709,952629084967;18831,1546840959;45,2411532481055;156440,7;9,04961531800000;41,1977277100148;Barcelona;32;0
08118;Masnou, el;Maresme;2022;929,8496403;238020;25730;10,81;3404,32;234;0,00000000000000e+00;2,86324786324786e+01;22480;91,8;1012,908104901961;24488,0174300000;49,6361017953737;306388,8;13,62939501779359;62,0468478573429;Barcelona;19;1
08119;Masquefa;Anoia;2022;661,8580189;97428;6060;6,22;1895,12;137;0,00000000000000e+00;7,29927007300000e+00;17127;91,8;720,978234095861;18656,8627450980;46,3729563075845;170560,8;9,95859169700000;45,3357777883998;Barcelona;46;0
08120;Matadepera;Vallès Occidental;2022;1157,7968150;97772;3510;3,59;2914,62;77;0,00000000000000e+00;0,00000000000000e+00;29265;91,8;1261,216574074074;31879,0849673203;47,4750103536648;262315,8;8,96346488980010;40,8055340362492;Barcelona;32;0
08121;Mataró;Maresme;2022;679,7567135;1283975;206720;16,10;2372,90;1436;0,00000000000000e+00;1,90807799442897e+04;17469;91,8;740,475722766885;19029,4117647059;46,6946050832904;213561,0;12,22514167954663;55,6540847803592;Barcelona;31;1
08123;Molins de Rei;Baix Llobregat;2022;760,2432233;262844;17190;6,54;3007,14;367;8,71934604900000e+00;5,06811989100817e+01;21698;91,8;828,151659368192;23636,1655773420;42,0449750188957;270642,6;12,47315881648078;56,7831650910610;Barcelona;18;0
08124;Mollet del Vallès;Vallès Oriental;2022;667,8070899;510348;58690;11,50;2192,38;593;2,36087689713322e+00;2,63069139966273e+01;18103;91,8;727,458703594771;19720,0435729848;44,2671660984367;197314,2;10,89953046456388;49,6193343555134;Barcelona;23;0
08125;Montcada i Reixac;Vallès Occidental;2022;667,7194280;365309;48440;13,26;2036,55;453;6,62251655629139e-01;2,40618101545254e+01;17556;91,8;727,363211300000;19124,1830065359;45,6404257006152;183289,5;10,44027682843472;47,5286149617592;Barcelona;14;0
08126;Montgat;Maresme;2022;938,3426943;123137;12560;10,20;3094,58;125;8,00000000000000e-01;2,96000000000000e+01;21077;91,8;1022,159797712418;22959,6949891068;53,4236956473882;278512,2;13,21403425534943;60,1559476376606;Barcelona;15;1
08135;Montmeló;Vallès Oriental;2022;660,8216216;87590;6070;6,93;2006,76;17;5,88235294100000e+00;2,35294117647059e+01;18643;91,8;719,849261002179;20308,2788700000;42,5353186675964;180608,4;9,68773266105241;44,1027113615963;Barcelona;24;0
08136;Montornès del Vallès;Vallès Oriental;2022;648,9802400;166545;18320;11,00;1824,57;50;0,00000000000000e+00;1,00000000000000e+01;17821;91,8;706,950152505447;19412,8540305011;43,6999207676337;164211,3;9,21448291341675;41,9482756693488;Barcelona;26;0
08138;Moià;Moianès;2022;512,0949741;65156;8340;12,80;1575,33;97;0,00000000000000e+00;3,81443298969072e+01;17819;91,8;557,837662418301;19410,6753812636;34,4864453066951;141779,7;7,95665862281834;36,2221203786597;Barcelona;55;0
08140;Navarcles;Bages;2022;479,4595614;60739;3450;5,68;1094,26;56;0,00000000000000e+00;2,85714285714286e+01;19157;91,8;522,287103921569;20868,1917200000;30,0334850801274;98483,4;5,14085712794279;23,4033850847651;Barcelona;60;0
08141;Navàs;Bages;2022;442,6722857;60263;5960;9,89;989,15;84;0,00000000000000e+00;3,33333333333333e+01;18716;91,8;482,213818845316;20387,7995642702;28,3824932058132;89023,5;4,75654520196623;21,6538324766194;Barcelona;80;0
08147;Olesa de Montserrat;Baix Llobregat;2022;638,4489097;242731;22040;9,08;1851,47;313;0,00000000000000e+00;1,27795527156550e+00;18211;91,8;695,478115141612;19837,6906318083;42,0701055208390;166632,3;9,15009060457965;41,6551342801395;Barcelona;38;0
08155;Palafolls;Maresme;2022;591,7818280;96678;5820;6,02;1688,11;110;0,00000000000000e+00;1,18181818181818e+01;17053;91,8;644,642514161220;18576,2527233115;41,6430067202252;151929,9;8,90927696006568;40,5588473544451;Barcelona;60;0
08156;Palau-solità i Plegamans;Vallès Occidental;2022;831,1189024;148947;9190;6,17;2189,48;177;0,00000000000000e+00;1,69491525423729e+01;20270;91,8;905,358281481482;22080,6100217865;49,2028950606808;197053,2;9,72142081894425;44,2560742955036;Barcelona;28;0
08157;Pallejà;Baix Llobregat;2022;757,6042623;116155;7190;6,19;2608,60;141;7,09219858156028e-01;3,40425531914894e+01;20764;91,8;825,276974183007;22618,7363834423;43,7837177210557;234774,0;11,30678096705837;51,4733131957417;Barcelona;22;0
08159;Parets del Vallès;Vallès Oriental;2022;710,8088412;188906;12600;6,67;2381,00;189;2,11640211640212e+00;1,48148148148148e+01;19700;91,8;774,301569934640;21459,6949891068;43,2980004791878;214290,0;10,87766497461929;49,5197932734516;Barcelona;25;0
08161;Piera;Anoia;2022;615,2340642;167658;13530;8,07;1647,74;260;0,00000000000000e+00;1,23076923076923e+01;16673;91,8;670,189612418301;18162,3093681917;44,2800262124393;148296,6;8,89441612187369;40,4911944494463;Barcelona;50;0
08163;Pineda de Mar;Maresme;2022;603,0908846;281856;40700;14,44;2139,47;475;4,21052631578947e-01;1,85263157894737e+01;15624;91,8;656,961747930283;17019,6078431373;46,3203444393241;192552,3;12,32413594470046;56,1047491055718;Barcelona;55;1
08167;Polinyà;Vallès Occidental;2022;680,9050485;84801;5970;7,04;2175,01;91;4,39560439560440e+00;6,59340659340659e+00;18506;91,8;741,726632352941;20159,0413943355;44,1524942288987;195750,9;10,57769912460824;48,1542201549283;Barcelona;25;0
08169;Prat de Llobregat, el;Baix Llobregat;2022;765,6933725;648799;59430;9,16;2743,59;575;0,00000000000000e+00;1,20000000000000e+01;18987;91,8;834,088641067538;20683,0065359477;48,3926922104598;246923,1;13,00485068731237;59,2036543771522;Barcelona;11;1
08172;Premià de Mar;Maresme;2022;805,4837911;283762;35300;12,44;2694,03;332;0,00000000000000e+00;5,12048192771084e+00;19107;91,8;877,433323638344;20813,7254901961;50,5877714617679;242462,7;12,68973151201130;57,7690968269960;Barcelona;22;1
08180;Ripollet;Vallès Occidental;2022;663,8049896;388943;47490;12,21;2426,28;439;2,27790432801822e-01;7,97266514806378e+00;17365;91,8;723,099117200000;18916,1220000000;45,8719255698243;218365,2;12,57501871580766;57,2468750112774;Barcelona;16;0
08181;Roca del Vallès, la;Vallès Oriental;2022;737,5662590;107522;4860;4,52;2091,93;161;0,00000000000000e+00;1,18012422360248e+01;21049;91,8;803,449083877996;22929,1938997821;42,0485301344482;188273,7;8,94454368378545;40,7193965965950;Barcelona;36;0
08183;Roda de Ter;Osona;2022;514,9738679;65673;9030;13,75;1176,42;95;0,00000000000000e+00;1,47368421052632e+01;18015;91,8;560,973712309368;19624,1830065359;34,3030053555370;105877,8;5,87720233139051;26,7555440580107;Barcelona;79;0
08184;Rubí;Vallès Occidental;2022;688,2240183;789134;100220;12,70;2086,75;967;6,20475698035160e-01;2,11995863495346e+01;17572;91,8;749,699366339869;19141,6122004357;46,9991362371955;187807,5;10,68788413384930;48,6558295437248;Barcelona;24;0
08187;Sabadell;Vallès Occidental;2022;703,4508596;2149690;277740;12,92;2136,46;2703;1,92378838327784e+03;2,36034036256012e+04;19107;91,8;766,286339433551;20813,7254901961;44,1796740200000;192281,4;10,06340084785681;45,8129139642112;Barcelona;26;0
08191;Sallent;Bages;2022;415,2093220;68129;5280;7,75;931,65;107;0,00000000000000e+00;4,57943925233645e+01;18605;91,8;452,297736383442;20266,8845315904;26,7804991346412;83848,5;4,50677237301801;20,5167595033571;Barcelona;68;0
08192;Santpedor;Bages;2022;538,4487288;76139;3510;4,61;1527,93;178;0,00000000000000e+00;5,11235955056180e+01;19733;91,8;586,545456209150;21495,6427015251;32,7440568874474;137513,7;6,96871737698272;31,7245883831215;Barcelona;65;0
08194;Sant Adrià de Besòs;Barcelonès;2022;837,1161364;369001;56900;15,42;3093,43;501;1,19760479041916e+00;3,13373253500000e+01;16636;91,8;911,891216122004;18122,0043572985;60,3834674000000;278408,7;16,73531497956240;76,1863267610918;Barcelona;8;1
08196;Sant Andreu de la Barca;Baix Llobregat;2022;681,4019122;269447;25840;9,59;2378,66;338;0,00000000000000e+00;8,87573964497041e-01;18230;91,8;742,267878213508;19858,3877995643;44,8536639956116;214079,4;11,74324739440483;53,4602954500000;Barcelona;27;0
08197;Sant Andreu de Llavaneres;Maresme;2022;1010,1938890;115915;13620;11,75;2655,61;194;0,00000000000000e+00;2,52577319587629e+01;22108;91,8;1100,429072984750;24082,7886710240;54,8323080694771;239004,9;10,81078795006333;49,2153403933085;Barcelona;36;1
08198;Sant Antoni de Vilamajor;Vallès Oriental;2022;688,9384043;64821;3630;5,60;1838,94;73;0,00000000000000e+00;6,84931506849315e+00;20921;91,8;750,477564600000;22789,7603485839;39,5165663763682;165504,6;7,91093159982792;36,0139513708093;Barcelona;44;0
08200;Sant Boi de Llobregat;Baix Llobregat;2022;738,9398861;831021;83850;10,09;2711,86;578;2,07612456747405e+00;2,23183391003460e+01;18638;91,8;804,945409694989;20302,8322440087;47,5763420600000;244067,4;13,09514969417320;59,6147341600000;Barcelona;15;0
08202;Sant Celoni;Vallès Oriental;2022;650,7024627;182337;20130;11,04;1658,16;232;0,00000000000000e+00;1,85344827586207e+01;18073;91,8;708,826212091503;19687,3638344227;43,2049441288109;149234,4;8,25731201239418;37,5908234719704;Barcelona;52;0
08205;Sant Cugat del Vallès;Vallès Occidental;2022;1240,9467420;959173;127570;13,30;4433,69;996;5,02008032128514e-01;3,90562249000000e+01;26038;91,8;1351,793836601308;28363,8344226580;57,1908783470313;399032,1;15,32499039864813;69,7659247852729;Barcelona;17;0
08208;Sant Esteve Sesrovires;Baix Llobregat;2022;808,6627907;78783;4530;5,75;1861,84;94;0,00000000000000e+00;0,00000000000000e+00;21392;91,8;880,896286165577;23302,8322440087;45,3625350056096;167565,6;7,83309648466717;35,6596125654527;Barcelona;38;0
08209;Sant Fost de Campsentelles;Vallès Oriental;2022;886,3061111;90541;4020;4,44;2019,16;83;0,00000000000000e+00;1,68674698795181e+01;20327;91,8;965,475066557734;22142,7015250545;52,3228874560929;181724,4;8,94005017956413;40,6989402394050;Barcelona;22;0
08210;Sant Feliu de Codines;Vallès Oriental;2022;636,7196262;64394;5950;9,24;1499,01;79;0,00000000000000e+00;3,41772151898734e+01;18436;91,8;693,594364052288;20082,7886710240;41,4441067172923;134910,9;7,31779670210458;33,3137470910247;Barcelona;39;0
08211;Sant Feliu de Llobregat;Baix Llobregat;2022;826,1811601;454648;36190;7,96;3005,48;542;1,84501845018450e-01;1,80811808118081e+01;21081;91,8;899,979477233116;22964,0522900000;47,0289546093639;270493,2;12,83113704283478;58,4128354115580;Barcelona;16;0
08213;Sant Fruitós de Bages;Bages;2022;552,0920472;90419;6040;6,68;1454,92;115;6,95652173913043e+00;3,30434782608696e+01;20894;91,8;601,407458823530;22760,3485838780;31,7081677342778;130942,8;6,26700488178424;28,5300923418566;Barcelona;57;0
08214;Vilassar de Dalt;Maresme;2022;889,5725899;91429;5760;6,30;2932,78;111;0,00000000000000e+00;1,17117117117117e+01;22733;91,8;969,033322331155;24763,6165577342;46,9575994316632;263950,2;11,61088285751991;52,8577153431564;Barcelona;26;0
08217;Sant Joan Despí;Baix Llobregat;2022;892,6103024;339618;28460;8,38;3190,49;424;2,35849056603774e-01;3,51415094339623e+01;21658;91,8;972,342377300000;23592,5925925926;49,4566609511497;287144,1;13,25810785852803;60,3565895698503;Barcelona;11;0
08218;Sant Joan de Vilatorrada;Bages;2022;527,7322034;107947;9780;9,06;1509,10;109;0,00000000000000e+00;2,20183486238532e+01;18226;91,8;574,871681263617;19854,0305010893;34,7458929046417;135819,0;7,45193679359157;33,9244102816651;Barcelona;58;0
08219;Vilassar de Mar;Maresme;2022;958,0736524;210729;15320;7,27;3460,40;209;0,00000000000000e+00;4,30622009600000e+00;22807;91,8;1043,653216122005;24844,2265800000;50,4094524873942;311436,0;13,65528127329329;62,1646931875640;Barcelona;24;1
08221;Sant Just Desvern;Baix Llobregat;2022;1228,7076990;197371;21020;10,65;4040,89;309;6,47249190938511e-01;5,95469255663430e+01;30352;91,8;1338,461545751634;33063,1808278867;48,5783223115445;363680,1;11,98208025830258;54,5475650115632;Barcelona;10;0
08230;Premià de Dalt;Maresme;2022;1113,9159850;103735;9720;9,37;2823,00;159;0,00000000000000e+00;7,54716981132075e+00;23552;91,8;1213,416105664488;25655,7734204793;56,7552302139946;254070,0;10,78761888586956;49,1098648825356;Barcelona;24;0
08231;Sant Pere de Ribes;Garraf;2022;807,8705732;315092;48020;15,24;2485,63;530;0,00000000000000e+00;1,26415094339623e+01;17972;91,8;880,033304139434;19577,3420479303;53,9419479100824;223706,7;12,44751279768529;56,6664134212860;Barcelona;42;0
08234;Sant Pere de Vilamajor;Vallès Oriental;2022;926,0759259;48021;2790;5,81;NA;NA;NA;NA;19448;91,8;1008,797304901961;21185,1851851852;57,1416655224188;NA;NA;NA;Barcelona;46;0
08235;Sant Pol de Mar;Maresme;2022;852,3364444;56605;6470;11,43;3208,72;92;0,00000000000000e+00;2,28260869565217e+01;20677;91,8;928,471072331155;22523,9651416122;49,4657703380568;288784,8;13,96647482710258;63,5813796261170;Barcelona;48;1
08238;Sant Quirze del Vallès;Vallès Occidental;2022;852,1226636;201147;10520;5,23;2875,25;195;0,00000000000000e+00;5,12820512820513e+00;24946;91,8;928,238195642702;27174,2919389978;40,9904271754991;258772,5;10,37330634169807;47,2237366017105;Barcelona;25;0
08240;Sant Sadurní d'Anoia;Alt Penedès;2022;572,4120988;128455;11060;8,61;1814,97;111;1,80180180180180e+00;1,98198198198198e+01;19542;91,8;623,542591285403;21287,5816993464;35,1496529800000;163347,3;8,35878108688978;38,0527541900422;Barcelona;42;0
08244;Santa Coloma de Cervelló;Baix Llobregat;2022;834,2579268;83173;3460;4,16;2678,42;72;0,00000000000000e+00;9,72222222222222e+00;21199;91,8;908,777698039216;23092,5925925926;47,2243743648285;241057,8;11,37118732015661;51,7665185204473;Barcelona;18;0
08245;Santa Coloma de Gramenet;Barcelonès;2022;637,0243367;1173995;248300;21,15;2131,90;1265;0,00000000000000e+00;1,58102766798419e+03;15925;91,8;693,926292701525;17347,4945533769;48,0018338486656;191871,0;12,04841444270016;54,8495466500000;Barcelona;9;0
08248;Santa Eulàlia de Ronçana;Vallès Oriental;2022;808,7567213;77556;3110;4,01;1673,41;82;0,00000000000000e+00;1,46341463414634e+01;19397;91,8;880,998607080610;21129,6296296296;50,0339261514667;150606,9;7,76444295509615;35,3470722730478;Barcelona;38;0
08250;Santa Margarida de Montbui;Anoia;2022;458,3140816;102773;11860;11,54;833,03;157;1,27388535031847e+00;2,54777070063694e+00;13469;91,8;499,252812200436;14672,1132897603;40,8327936684238;74972,7;5,56631524240849;25,3402527787062;Barcelona;66;0
08251;Santa Margarida i els Monjos;Alt Penedès;2022;528,8828723;75762;9440;12,46;1323,55;81;0,00000000000000e+00;1,60493827160494e+01;18332;91,8;576,125133200000;19969,4989106754;34,6203058455160;119119,5;6,49789984726162;29,5812251893013;Barcelona;52;0
08252;Barberà del Vallès;Vallès Occidental;2022;704,6228070;331493;26420;7,97;2515,19;462;4,32900432900433e-01;7,79220779220779e+00;19180;91,8;767,562970588235;20893,2461873638;44,0848471532847;226367,1;11,80224713242962;53,7288875437678;Barcelona;19;0
08259;Santa Maria de Palautordera;Vallès Oriental;2022;671,1696203;97439;8750;8,98;1831,44;105;0,00000000000000e+00;4,57142857142857e+01;19072;91,8;731,121590740741;20775,5991285403;42,2296321497483;164829,6;8,64249161073826;39,3443260966288;Barcelona;54;0
08260;Santa Perpètua de Mogoda;Vallès Occidental;2022;673,3125430;258589;25290;9,78;2152,57;260;7,69230769230769e-01;2,03846153846154e+01;18415;91,8;733,455929193900;20059,9128540305;43,8759191745859;193731,3;10,52029866956286;47,8929086809786;Barcelona;20;0
08262;Sant Vicenç de Castellet;Bages;2022;470,7442262;99245;13140;13,24;1310,57;154;0,00000000000000e+00;1,94805194805195e+01;16436;91,8;512,793274727669;17904,1394300000;34,3692547724507;117951,3;7,17639936724264;32,6700458200000;Barcelona;52;0
08263;Sant Vicenç dels Horts;Baix Llobregat;2022;723,2395635;281477;23250;8,26;2134,19;258;3,87596899224806e-01;1,93798449612403e+01;17829;91,8;787,842661800000;19421,5686274510;48,6784158505805;192077,1;10,77329631499243;49,0446624010623;Barcelona;21;0
08264;Sant Vicenç de Montalt;Maresme;2022;1489,9541110;66726;7540;11,30;3024,45;91;0,00000000000000e+00;2,19780219780220e+01;23591;91,8;1623,043693899783;25698,2570806100;75,7892812174134;272200,5;11,53831969818999;52,5273767403708;Barcelona;38;1
08266;Cerdanyola del Vallès;Vallès Occidental;2022;790,5587014;571849;54440;9,52;2880,09;613;4,89396411092985e-01;5,70962479608483e+00;20898;91,8;861,175055991285;22764,7058823529;45,3952742693081;259208,1;12,40348837209302;56,4659953665474;Barcelona;18;0
08267;Sentmenat;Vallès Occidental;2022;624,7401156;94127;5930;6,30;1744,98;76;0,00000000000000e+00;1,44736842105263e+01;18756;91,8;680,544788235294;20431,3725490196;39,9705768138196;157048,2;8,37322456813820;38,1185071073493;Barcelona;32;0
08270;Sitges;Garraf;2022;1096,6392690;312611;77340;24,74;4777,92;590;0,00000000000000e+00;1,40677966101695e+01;23059;91,8;1194,596153594771;25118,7363834423;57,0695660176070;430012,8;18,64837156858493;84,8953803153107;Barcelona;38;1
08274;Súria;Bages;2022;456,1890476;59267;5340;9,01;1189,60;68;0,00000000000000e+00;8,82352941176471e+00;19001;91,8;496,937960348584;20698,2570806100;28,8104235103416;107064,0;5,63465080785222;25,6513455621200;Barcelona;72;0
08278;Taradell;Osona;2022;551,9126563;67127;5350;7,97;2163,31;69;0,00000000000000e+00;4,92753623188406e+01;22274;91,8;601,212043899782;24263,6165577342;29,7340032127144;194697,9;8,74103887941097;39,7929555022708;Barcelona;75;0
08279;Terrassa;Vallès Occidental;2022;650,5262017;2227340;299800;13,46;2084,28;3364;2,97265160523187e+01;1,53983353151011e+04;18684;91,8;708,634206644880;20352,9411764706;41,7807451316635;187585,2;10,03988439306358;45,7058569825334;Barcelona;28;0
08281;Teià;Maresme;2022;1071,1190000;66276;5660;8,54;3141,04;62;1,61290322580645e+00;2,25806451612903e+01;26046;91,8;1166,796296296296;28372,5490196078;49,3489518544114;282693,6;10,85362819626814;49,4103675559207;Barcelona;22;0
08282;Tiana;Maresme;2022;1003,5535710;91268;4390;4,81;3325,48;101;0,00000000000000e+00;3,66336633663366e+01;26539;91,8;1093,195611111111;28909,5860566449;45,3771538189080;299293,2;11,27748596405290;51,3399497858407;Barcelona;17;0
08283;Tona;Osona;2022;644,0442478;83574;7530;9,01;2076,87;122;0,00000000000000e+00;2,04918032786885e+01;20036;91,8;701,573254684096;21825,7080610022;38,5732230664803;186918,3;9,32912257935716;42,4701645647645;Barcelona;61;0
08284;Tordera;Maresme;2022;527,2773684;180870;17870;9,88;1449,66;284;0,00000000000000e+00;9,85915492957746e+00;15538;91,8;574,376218300654;16925,9259259259;40,7216399845540;130469,4;8,39679495430557;38,2258096077579;Barcelona;65;0
08285;Torelló;Osona;2022;478,1406020;147336;21850;14,83;1217,43;168;0,00000000000000e+00;4,16666666666667e+00;18869;91,8;520,850328976035;20554,4662309368;30,4080090306852;109568,7;5,80681011182363;26,4350885035195;Barcelona;82;0
08289;Torrelles de Llobregat;Baix Llobregat;2022;818,0151948;61939;3450;5,57;2059,04;79;0,00000000000000e+00;1,77215189873418e+01;20515;91,8;891,084090196078;22347,4945533769;47,8488049602730;185313,6;9,03307823543748;41,1224438227778;Barcelona;25;0
08291;Vacarisses;Vallès Occidental;2022;924,1162500;73182;3220;4,40;1725,96;109;0,00000000000000e+00;0,00000000000000e+00;18570;91,8;1006,662581699347;20228,7581699346;59,7167205169628;155336,4;8,36491114701131;38,0806608511391;Barcelona;42;0
08295;Vallirana;Baix Llobregat;2022;769,1411043;156311;9660;6,18;1907,50;217;4,60829493087558e-01;1,98156682027650e+01;19166;91,8;837,844340196079;20877,9956427015;48,1565963247417;171675,0;8,95726807888970;40,7773235000000;Barcelona;28;0
08298;Vic;Osona;2022;613,2466335;472619;134460;28,45;1936,93;640;4,68750000000000e-01;4,29687500000000e+01;17726;91,8;668,024655228758;19309,3681917211;41,5150603700000;174323,7;9,83435067100000;44,7701793867713;Barcelona;70;0
08300;Viladecavalls;Vallès Occidental;2022;800,6842857;76800;1920;2,50;1894,03;124;0,00000000000000e+00;5,64516129000000e+00;20806;91,8;872,205104248366;22664,4880174292;46,1800030202826;170462,7;8,19295876189561;37,2978598930589;Barcelona;32;0
08301;Viladecans;Baix Llobregat;2022;780,8455795;665409;52900;7,95;2718,62;802;0,00000000000000e+00;4,36408977556110e+00;18933;91,8;850,594313200000;20624,1830065359;49,4910841071146;244675,8;12,92324512755506;58,8321508919303;Barcelona;18;1
08302;Vilanova del Camí;Anoia;2022;492,5462774;127094;9710;7,64;1115,75;147;0,00000000000000e+00;1,36054421768707e+00;15730;91,8;536,542785800000;17135,0762527233;37,5750497698665;100417,5;6,38382072472982;29,0618881277377;Barcelona;64;0
08305;Vilafranca del Penedès;Alt Penedès;2022;592,0921325;400298;53800;13,44;1820,64;551;1,08892921960073e+00;4,01088929219601e+01;17997;91,8;644,980536492375;19604,5751633987;39,4793887314553;163857,6;9,10471745290882;41,4485762462097;Barcelona;48;0
08307;Vilanova i la Geltrú;Garraf;2022;706,0929133;677143;75840;11,20;2648,80;1094;9,14076782449726e+01;2,44058500914077e+04;18972;91,8;769,164393572985;20666,6666666667;44,6611583364959;238392,0;12,56546489563567;57,2033819269627;Barcelona;45;1
08902;Vilanova del Vallès;Vallès Oriental;2022;1004,0510910;55635;2320;4,17;2155,36;16;0,00000000000000e+00;1,25000000000000e+01;20847;91,8;1093,737571895425;22709,1503267974;57,7954290401497;193982,4;9,30505108648727;42,3605808118652;Barcelona;30;0
08904;Badia del Vallès;Vallès Occidental;2022;282,6317544;131598;7330;5,57;1335,62;88;7,95454545454545e+00;1,13636363636364e+01;15259;91,8;307,877728104575;16622,0043572985;22,2267583249230;120205,8;7,87769840749721;35,8626596351405;Barcelona;20;0
17008;Anglès;Selva;2022;492,3389831;56999;12990;22,79;898,93;89;0,00000000000000e+00;5,61797752808989e+00;16378;91,8;536,316975054466;17840,9586056645;36,0731945121505;80903,7;4,93977897179143;22,4879911332456;Girona;101;0
17009;Arbúcies;Selva;2022;462,2867742;65039;15720;24,17;1012,47;100;0,00000000000000e+00;7,00000000000000e+00;15778;91,8;503,580364052288;17187,3638344227;35,1593439600000;91122,3;5,77527570034225;26,2915303463964;Girona;78;0
17015;Banyoles;Pla de l'Estany;2022;588,8296644;201651;39080;19,38;1591,42;233;1,28755364806867e+00;2,87553648068670e+01;18991;91,8;641,426649673203;20687,3638344227;37,2068662671792;143227,8;7,54187773155705;34,3338599811422;Girona;118;0
17020;Bescanó;Gironès;2022;668,0645161;51423;2710;5,27;1562,13;32;0,00000000000000e+00;3,43750000000000e+01;18675;91,8;727,739124300000;20343,1372549020;42,9278403919679;140591,7;7,52833734939759;34,2722183579681;Girona;98;0
17022;Bisbal d'Empordà, la;Baix Empordà;2022;508,1388532;111343;21890;19,66;1171,94;90;2,22222222222222e+00;2,88888888888889e+01;15454;91,8;553,528162527233;16834,4226579521;39,4568800207066;105474,6;6,82506794400000;31,0706345922277;Girona;120;0
17023;Blanes;Selva;2022;554,2053326;403715;68470;16,96;2128,26;779;0,00000000000000e+00;1,54043645699615e+00;15669;91,8;603,709512636166;17068,6274509804;42,4434487918821;191543,4;12,22435381964388;55,6504981043950;Girona;70;1
17033;Caldes de Malavella;Selva;2022;689,9911250;81740;7610;9,31;2210,19;138;0,00000000000000e+00;5,79710144927536e+00;17653;91,8;751,624319172113;19229,8474945534;46,9036056194415;198917,1;11,26817538095508;51,2975640209421;Girona;85;0
17034;Calonge i Sant Antoni;Baix Empordà;2022;704,1894805;116767;25280;21,65;2637,86;498;0,00000000000000e+00;1,58634538152610e+01;16501;91,8;767,090937363834;17974,9455337691;51,2106767226229;237407,4;14,38745530573905;65,4978632025903;Girona;112;1
17044;Cassà de la Selva;Gironès;2022;586,5073099;106526;18120;17,01;1600,40;133;0,00000000000000e+00;5,11278195488722e+01;17921;91,8;638,896851742919;19521,7864923747;39,2728515082864;144036,0;8,03727470565259;36,5891193408251;Girona;96;0
17047;Castelló d'Empúries;Alt Empordà;2022;0,0000000;112540;48730;43,30;2552,75;709;0,00000000000000e+00;4,51339915373766e+00;13339;91,8;0,000000000000;14530,5010893246;0,0000000000000;229747,5;17,22374240947597;78,4098577684209;Girona;142;1
17048;Castell d'Aro, Platja d'Aro i s'Agaró;Baix Empordà;2022;0,0000000;116504;35790;30,72;2809,50;621;0,00000000000000e+00;1,54589371980676e+01;13690;91,8;0,000000000000;14912,8540305011;0,0000000000000;252855,0;18,47005113221330;84,0835892584838;Girona;107;1
17049;Celrà;Gironès;2022;609,5407353;54714;11200;20,47;1904,10;42;0,00000000000000e+00;3,09523809523810e+01;17221;91,8;663,987729084967;18759,2592592593;42,4742397282388;171369,0;9,95116427617444;45,3019649838556;Girona;109;0
17062;Escala, l';Alt Empordà;2022;641,2388199;105693;32490;30,74;2423,29;543;0,00000000000000e+00;7,91896869244936e+00;14478;91,8;698,517233000000;15771,2418300654;53,1486796435972;218096,1;15,06396601740572;68,5776299234055;Girona;140;1
17066;Figueres;Alt Empordà;2022;510,1711599;467022;126890;27,17;1339,90;551;1,81488203266788e-01;4,71869328500000e+00;14496;91,8;555,742004248366;15790,8496732026;42,2327119122517;120591,0;8,31891556291391;37,8712692380209;Girona;138;0
17079;Girona;Gironès;2022;698,0451250;1017036;201780;19,84;2282,56;1220;1,63934426229508e+03;2,90983606557377e+04;18853;91,8;760,397739651416;20537,0370370370;44,4308147244470;205430,4;10,89643027634859;49,6052209699763;Girona;102;0
17089;Llagostera;Gironès;2022;523,2243066;89868;14990;16,68;1231,05;153;6,53594771241830e-01;2,94117647058824e+01;16539;91,8;569,961118300654;18016,3398692810;37,9629462434246;110794,5;6,69898421911845;30,4966474373762;Girona;90;0
17092;Llançà;Alt Empordà;2022;527,3552128;50062;8050;16,08;NA;NA;NA;NA;16282;91,8;574,461016122004;17736,3834422658;38,8666168382263;NA;NA;NA;Girona;160;1
17095;Lloret de Mar;Selva;2022;570,3972464;385126;136450;35,43;2082,40;792;0,00000000000000e+00;6,31313131313131e+00;12941;91,8;621,347763000000;14096,9498910675;52,8921022857584;187416,0;14,48234294104010;65,9298323900000;Girona;75;1
17103;Maçanet de la Selva;Selva;2022;696,4755882;75934;10160;13,38;1257,19;171;0,00000000000000e+00;2,92397660818713e+00;15356;91,8;758,688004575163;16727,6688453159;54,4263288512633;113147,1;7,36826647600000;33,5435071321821;Girona;78;0
17114;Olot;Garrotxa;2022;496,1962990;366884;84530;23,04;1577,45;432;1,62037037037037e+00;3,88888888888889e+01;17350;91,8;540,518844226580;18899,7821350763;34,3190523804035;141970,5;8,18273775216138;37,2513294758907;Girona;112;0
17117;Palafrugell;Baix Empordà;2022;582,7567147;233038;52690;22,61;2405,03;513;1,94931773879142e-01;1,11111111111111e+01;15146;91,8;634,811236056645;16498,9106753813;46,1711380985079;216452,7;14,29108015317576;65,0591222004757;Girona;122;1
17118;Palamós;Baix Empordà;2022;635,7750147;181522;25050;13,80;2667,97;384;0,00000000000000e+00;2,96875000000000e+01;16775;91,8;692,565375490196;18273,4204793028;45,4801798891207;240117,3;14,31399701937407;65,1634495978780;Girona;115;1
17141;Puigcerdà;Cerdanya;2022;622,4638991;94846;19140;20,18;2671,42;142;0,00000000000000e+00;1,83098591549296e+01;14724;91,8;678,065249564270;16039,2156862745;50,7305541238794;240427,8;16,32897310513448;74,3364843852724;Girona;151;0
17147;Ripoll;Ripollès;2022;449,7055789;107039;14750;13,78;884,73;97;0,00000000000000e+00;3,29896907216495e+01;17770;91,8;489,875358278867;19357,2984749455;30,3684127563309;79625,7;4,48090602138436;20,3990047840653;Girona;102;0
17152;Roses;Alt Empordà;2022;533,3607606;195856;56720;28,96;2822,02;1141;0,00000000000000e+00;7,01139351446100e+02;13396;91,8;581,003007189543;14592,5925925926;47,7779122663482;253981,8;18,95952523141236;86,3118851530165;Girona;150;1
17155;Salt;Gironès;2022;516,4707231;324538;123000;37,90;1318,76;393;9,66921119592875e+00;3,23155216284987e+01;13079;91,8;562,604273529412;14247,2766884532;47,3862579493845;118688,4;9,07473048398196;41,3120627108488;Girona;100;0
17160;Sant Feliu de Guíxols;Baix Empordà;2022;621,7524490;221062;38730;17,52;2162,54;465;0,00000000000000e+00;1,54838709677419e+01;15523;91,8;677,290249455338;16909,5860566449;48,0643521741931;194628,6;12,53807897957869;57,0787094991107;Girona;105;1
17164;Sant Hilari Sacalm;Selva;2022;408,7615323;58329;11800;20,23;976,74;50;0,00000000000000e+00;8,00000000000000e+00;16242;91,8;445,274000326797;17692,8104575163;30,2003348577761;87906,6;5,41230144070927;24,6391159410486;Girona;95;0
17180;Santa Coloma de Farners;Selva;2022;546,1233186;136202;29120;21,38;1350,82;184;5,43478260869565e-01;3,80434782608696e+00;16754;91,8;594,905575816993;18250,5446623094;39,1159115626119;121573,8;7,25640444073057;33,0342632037269;Girona;90;0
17181;Santa Cristina d'Aro;Baix Empordà;2022;774,9242424;55736;9620;17,26;2089,75;175;0,00000000000000e+00;1,71428571428571e+01;17678;91,8;844,144054901961;19257,0806100218;52,6026185586605;188077,5;10,63907116189614;48,4336119735180;Girona;101;1
17186;Sarrià de Ter;Gironès;2022;667,9032258;53032;4110;7,75;1681,57;49;0,00000000000000e+00;2,85714285714286e+01;18474;91,8;727,563426797386;20124,1830065359;43,3844251899967;151341,3;8,19212406625528;37,2940600007427;Girona;106;0
17193;Sils;Selva;2022;596,8598611;64756;8360;12,91;1337,18;109;0,00000000000000e+00;1,00917431192661e+01;17036;91,8;650,174140631808;18557,7342047930;42,0422536581357;120346,2;7,06422869218126;32,1593968272998;Girona;80;0
17199;Torroella de Montgrí;Baix Empordà;2022;620,8848168;119772;32530;27,16;2031,34;283;1,06007067137809e+00;3,10954063604240e+01;15327;91,8;676,345116339869;16696,0784313725;48,6110641456254;182820,6;11,92800939518497;54,3014112671752;Girona;135;1
17202;Tossa de Mar;Selva;2022;573,9151724;59198;13290;22,45;2746,43;189;0,00000000000000e+00;2,11640211640212e+00;15254;91,8;625,179926361656;16616,5577342048;45,1486958751803;247178,7;16,20418906516323;73,7684139512573;Girona;87;1
17213;Vidreres;Selva;2022;629,1248649;82266;11690;14,21;1406,24;160;0,00000000000000e+00;6,25000000000000e+00;16605;91,8;685,321203594771;18088,2352941176;45,4652115555556;126561,6;7,62189701897019;34,6981420747564;Girona;82;0
17221;Vilafant;Alt Empordà;2022;635,3790625;55537;3360;6,05;1649,77;51;0,00000000000000e+00;3,13725490196078e+01;17109;91,8;692,134055010893;18637,2549019608;44,5645493599860;148479,3;8,67843240399790;39,5079439922391;Girona;136;0
25003;Agramunt;Urgell;2022;367,2508333;54571;9610;17,61;1357,94;44;0,00000000000000e+00;6,81818181818182e+00;16508;91,8;400,055373965142;17982,5708061002;26,6962078967773;122214,6;7,40335594863097;33,7032494530211;Lleida;112;0
25011;Alcarràs;Segrià;2022;409,4897674;98960;32350;32,69;872,04;117;0,00000000000000e+00;3,07692307692308e+01;14767;91,8;446,067284749455;16086,0566448802;33,2760696742737;78483,6;5,31479650572222;24,1952316851015;Lleida;165;0
25019;Almacelles;Segrià;2022;397,7272727;69964;15490;22,14;836,09;57;0,00000000000000e+00;4,73684210526316e+01;14696;91,8;433,254109694989;16008,7145969499;32,4763695726728;75248,1;5,12031164942842;23,3098532605078;Lleida;170;0
25023;Alpicat;Segrià;2022;530,9469231;63716;4390;6,89;1484,64;57;3,50877192982456e+00;2,10526315789474e+01;21135;91,8;578,373554575164;23022,8758169935;30,1460282810504;133617,6;6,32210078069553;28,7809124885212;Lleida;160;0
25040;Balaguer;Noguera;2022;379,7632831;173362;40480;23,35;1041,58;133;0,00000000000000e+00;1,35338345864662e+01;14841;91,8;413,685493572985;16166,6666666667;30,7065521002628;93742,2;6,31643420254700;28,7551157960198;Lleida;145;0
25050;Bellpuig;Urgell;2022;380,0039130;51988;11900;22,89;660,31;56;0,00000000000000e+00;8,92857142857143e+00;15481;91,8;413,947617647059;16863,8344226580;29,4557648472321;59427,9;3,83876364575932;17,4756974596284;Lleida;123;0
25058;Borges Blanques, les;Garrigues;2022;391,6703670;62293;9780;15,70;740,52;90;0,00000000000000e+00;3,22222222222222e+01;16200;91,8;426,656173202614;17647,0588235294;29,0126197777778;66646,8;4,11400000000000;18,7286913140207;Lleida;125;0
25072;Cervera;Segarra;2022;366,9557542;94033;20960;22,29;967,62;74;6,75675675675676e+00;1,89189189189189e+01;15930;91,8;399,733937037037;17352,9411764706;27,6426180188324;87085,8;5,46677966101695;24,8871241499644;Lleida;102;0
25110;Guissona;Segarra;2022;409,2128205;73254;38590;52,68;1419,14;39;2,05128205128205e+01;3,84615384615385e+01;15676;91,8;445,765599673203;17076,2527233115;31,3252988389895;127722,6;8,14765246236285;37,0916061987153;Lleida;110;0
25120;Lleida;Segrià;2022;505,6744692;1395436;278250;19,94;1282,29;1473;7,73930753564155e+03;2,94636795655126e+04;17672;91,8;550,843648366013;19250,5446623094;34,3373338071526;115406,1;6,53044929832503;29,7294042416609;Lleida;155;0
25137;Mollerussa;Pla d'Urgell;2022;419,0464345;150707;43720;29,01;920,37;163;3,06748466257669e+00;1,53374233128834e+01;16470;91,8;456,477597494553;17941,1764705882;30,5316163570127;82833,3;5,02934426229508;22,8957307244691;Lleida;135;0
25203;Seu d'Urgell, la;Alt Urgell;2022;472,6128016;122278;17070;13,96;1178,54;127;0,00000000000000e+00;1,10236220472441e+01;15080;91,8;514,828759912854;16427,0152505447;37,6084457506631;106068,6;7,03372679045093;32,0205390971107;Lleida;180;0
25207;Solsona;Solsonès;2022;377,1296154;91754;14020;15,28;964,46;60;0,00000000000000e+00;1,33333333333333e+01;16996;91,8;410,816574509804;18514,1612200436;26,6271792468816;86801,4;5,10716639209226;23,2500104148850;Lleida;115;0
25217;Tàrrega;Urgell;2022;430,9666230;177204;39800;22,46;1011,76;266;3,00751879699248e+00;3,68421052631579e+01;16155;91,8;469,462552287582;17598,0392156863;32,0123768245125;91058,4;5,63654596100278;25,6599731115488;Lleida;100;0
25234;Tremp;Pallars Jussà;2022;381,7477273;58991;9940;16,85;793,32;103;0,00000000000000e+00;0,00000000000000e+00;17462;91,8;415,847197494553;19021,7864923747;26,2339521681365;71398,8;4,08880998740121;18,6140155799034;Lleida;190;0
25243;Vielha e Mijaran;Val d'Aran;2022;626,3167568;55434;11170;20,15;2339,64;201;0,00000000000000e+00;2,98507462686567e+00;17777;91,8;682,262262309368;19364,9237472767;42,2782307565956;210567,6;11,84494571637509;53,9232697990572;Lleida;280;0
43004;Alcanar;Montsià;2022;402,8365116;95577;19450;20,35;1076,46;247;0,00000000000000e+00;7,69230769230769e+00;14611;91,8;438,819729411765;15916,1220000000;33,0849232715078;96881,4;6,63071658339607;30,1858638991695;Tarragona;190;1
43005;Alcover;Alt Camp;2022;486,9022222;52825;6170;11,68;1627,10;39;0,00000000000000e+00;0,00000000000000e+00;16801;91,8;530,394577559913;18301,7429193900;34,7766601178501;146439,0;8,71608832800000;39,6793698984612;Tarragona;105;0
43012;Altafulla;Tarragonès;2022;753,8464286;56043;6260;11,17;2370,43;162;0,00000000000000e+00;1,41975308641975e+01;19491;91,8;821,183473420479;21232,0261437909;46,4119703600000;213338,7;10,94549792000000;49,8285979245507;Tarragona;88;1
43013;Ametlla de Mar, l';Baix Ebre;2022;487,8033333;72483;16990;23,44;1857,43;285;0,00000000000000e+00;1,71929824561404e+01;14187;91,8;531,376180065360;15454,2483660131;41,2605906787904;167168,7;11,78323112708818;53,6423185369459;Tarragona;144;1
43014;Amposta;Montsià;2022;374,0596863;217306;39680;18,26;766,72;303;0,00000000000000e+00;3,30033003300000e+00;14186;91,8;407,472425163399;15453,1590413943;31,6418739292260;69004,8;4,86428873537290;22,1443272209692;Tarragona;168;0
43016;Arboç, l';Baix Penedès;2022;473,8868750;55761;13260;23,78;1100,09;65;3,07692307692308e+00;2,92307692307692e+01;15012;91,8;516,216639433551;16352,9411764706;37,8806454836131;99008,1;6,59526378896882;30,0244675834069;Tarragona;60;0
43037;Calafell;Baix Penedès;2022;644,1089018;289957;54570;18,82;1946,61;1126;2,66429840142096e+02;3,59680284191829e+04;15546;91,8;701,643683877996;16934,6405228758;49,7189426321883;175194,9;11,26945194905442;51,3033755060840;Tarragona;62;1
43038;Cambrils;Baix Camp;2022;648,5174080;356322;68200;19,14;2352,18;1071;0,00000000000000e+00;1,22315592903828e+04;17061;91,8;706,445978213508;18584,9673202614;45,6140255319149;211696,2;12,40819412695621;56,4874179796325;Tarragona;115;1
43043;Catllar, el;Tarragonès;2022;733,2258065;49224;3490;7,09;NA;NA;NA;NA;19813;91,8;798,720922113290;21582,7886710240;44,4087703900000;NA;NA;NA;Tarragona;92;0
43044;Sénia, la;Montsià;2022;284,2838000;55648;10050;18,06;580,76;45;2,22222222222222e+00;1,11111111111111e+01;14034;91,8;309,677342047930;15287,5816993464;24,3081487815306;52268,4;3,72441214194100;16,9551204017024;Tarragona;195;0
43047;Constantí;Tarragonès;2022;416,8677500;67388;12770;18,95;790,53;123;3,25203252032520e+00;1,38211382113821e+01;14122;91,8;454,104302832244;15383,4422657952;35,4228367086815;71147,7;5,03807534343577;22,9354783480767;Tarragona;95;0
43051;Cunit;Baix Penedès;2022;657,5537903;145433;24360;16,75;1843,82;470;2,12765957446809e-01;1,27659574468085e+01;15137;91,8;716,289531917211;16489,1067538126;52,1281990064081;165943,8;10,96279315584330;49,9073332414313;Tarragona;55;1
43086;Montblanc;Conca de Barberà;2022;402,2348649;74257;10240;13,79;1079,33;60;3,33333333333333e+00;5,00000000000000e+00;18131;91,8;438,164340849673;19750,5446623094;26,6219093199493;97139,7;5,35765815454194;24,3903562815902;Tarragona;114;0
43092;Mont-roig del Camp;Baix Camp;2022;569,8807317;131617;34510;26,22;1726,41;675;0,00000000000000e+00;7,40740740740741e-01;14540;91,8;620,785110784314;15838,7799564270;47,0327976643741;155376,9;10,68616918844567;48,6480223771995;Tarragona;120;1
43093;Móra d'Ebre;Ribera d'Ebre;2022;361,3951807;56035;10260;18,31;914,98;46;0,00000000000000e+00;1,52173913043478e+01;16088;91,8;393,676667429194;17525,0544662309;26,9563784709100;82348,2;5,11861014420686;23,3021072794520;Tarragona;150;0
43100;Pallaresos, els;Tarragonès;2022;629,3750000;49359;1540;3,12;NA;NA;NA;NA;19595;91,8;685,593681917211;21345,3159041394;38,5429956621587;NA;NA;NA;Tarragona;95;0
43123;Reus;Baix Camp;2022;525,8837396;1067815;182810;17,12;1245,35;1528;2,02879581151832e+03;1,04712041884817e+04;16995;91,8;572,858104139434;18513,0718954248;37,1321263618711;112081,5;6,59496910856134;30,0231260718882;Tarragona;108;0
43129;Riudoms;Baix Camp;2022;475,2819512;67590;9030;13,36;1305,03;53;0,00000000000000e+00;1,50943396226415e+01;15713;91,8;517,736330283224;17116,5577342048;36,2972278600000;117452,7;7,47487430789792;34,0288316781052;Tarragona;115;0
43131;Roda de Berà;Tarragonès;2022;599,2521711;75804;10840;14,30;1666,04;298;0,00000000000000e+00;2,18120805369128e+01;16275;91,8;652,780142810458;17728,7581699346;44,1844918783410;149943,6;9,21312442396313;41,9420912430896;Tarragona;75;1
43133;Roquetes;Baix Ebre;2022;375,5561745;81806;12230;14,95;717,02;49;0,00000000000000e+00;2,04081632653061e+00;15445;91,8;409,102586601307;16824,6187363834;29,1788546066688;64531,8;4,17816769180965;19,0208101502473;Tarragona;178;0
43136;Ràpita, la;Montsià;2022;417,9205714;149570;24350;16,28;1106,09;370;0,00000000000000e+00;1,62162162162162e+00;15151;91,8;455,251167102396;16504,3572984749;33,1004346696588;99548,1;6,57039799353178;29,9112678247735;Tarragona;180;1
43145;Selva del Camp, la;Baix Camp;2022;521,9512195;56904;4080;7,17;1347,65;49;0,00000000000000e+00;0,00000000000000e+00;17110;91,8;568,574313180828;18638,3442265795;36,6067482992402;121288,5;7,08874926943308;32,2710250047891;Tarragona;116;0
43148;Tarragona;Tarragonès;2022;602,1001376;1354054;250500;18,50;1537,80;2144;7,46268656716418e+02;1,88432835820896e+04;17409;91,8;655,882502832244;18964,0522900000;41,5026805169740;138402,0;7,95002584869895;36,1919251479748;Tarragona;98;1
43153;Torredembarra;Tarragonès;2022;563,9882576;172138;29470;17,12;1814,89;424;0,00000000000000e+00;1,83962264150943e+01;15832;91,8;614,366293681917;17246,1873638344;42,7479730368873;163340,1;10,31708564931784;46,9677959130742;Tarragona;84;1
43155;Tortosa;Baix Ebre;2022;422,2080045;340975;65740;19,28;905,43;442;0,00000000000000e+00;1,31221719457014e+01;15834;91,8;459,921573529412;17248,3660130719;31,9975751799924;81488,7;5,14643804471391;23,4287918099609;Tarragona;175;0
43156;Ulldecona;Montsià;2022;392,7924528;63523;15760;24,81;653,57;126;0,00000000000000e+00;1,26984126984127e+01;13670;91,8;427,878488888889;14891,0675381264;34,4806834900000;58821,3;4,30294806144843;19,5888638753358;Tarragona;198;0
43161;Valls;Alt Camp;2022;475,4142995;246688;39100;15,85;1259,30;128;0,00000000000000e+00;4,68750000000000e+00;17056;91,8;517,880500544662;18579,5206971678;33,4484732300000;113337,0;6,64499296435272;30,2508561043271;Tarragona;101;0
43162;Vandellòs i l'Hospitalet de l'Infant;Baix Camp;2022;504,7931034;67472;10890;16,14;1797,48;114;0,00000000000000e+00;1,31578947368421e+01;16245;91,8;549,883554901961;17696,0784313725;37,2885025595568;161773,2;9,95833795013850;45,3346226224702;Tarragona;132;1
43163;Vendrell, el;Baix Penedès;2022;562,4783224;390773;60140;15,39;1624,69;987;0,00000000000000e+00;3,34346504559270e+00;16662;91,8;612,721484095861;18150,3267973856;40,5097819517465;146222,1;8,77578321930140;39,9511266293289;Tarragona;65;1
43171;Vila-seca;Tarragonès;2022;544,9144880;229518;35690;15,55;2317,22;562;3,55871886120996e-01;3,38078291814947e+00;15523;91,8;593,588766884532;16909,5860566449;42,1244208980223;208549,8;13,43489016298396;61,1613783909335;Tarragona;106;1
43901;Deltebre;Baix Ebre;2022;408,0409938;116764;11980;10,26;946,19;216;0,00000000000000e+00;1,01851851851852e+01;14602;91,8;444,489100000000;15906,3180827887;33,5330223640597;85157,1;5,83187919463087;26,5492137133937;Tarragona;170;1
43905;Salou;Tarragonès;2022;591,2052725;284098;89150;31,38;2201,26;1216;0,00000000000000e+00;2,04769736842105e+04;15336;91,8;644,014458061002;16705,8823529412;46,2601934663537;198113,4;12,91819248826291;58,8091491122454;Tarragona;110;1
43907;Canonja, la;Tarragonès;2022;488,3925000;58832;4130;7,02;NA;NA;NA;NA;15868;91,8;532,017973856209;17285,4030501089;36,9341441900000;NA;NA;NA;Tarragona;100;0
08001;Abrera;Baix Llobregat;2021;667,4355000;126212;8330;6,60;1785,38;163;0,00000000000000e+00;0,00000000000000e+00;19070;85,0;785,218235294118;22435,2941176471;41,9990875721028;160684,2;8,42601992658626;38,3588542077836;Barcelona;35;0
08003;Alella;Maresme;2021;1191,5395000;99463;11120;11,18;3531,83;105;0,00000000000000e+00;1,71428571428571e+01;25407;85,0;1401,811176470588;29890,5882352941;56,2776951233912;317864,7;12,51091037902940;56,9550263845941;Barcelona;18;0
08005;Ametlla del Vallès, l';Vallès Oriental;2021;864,3644706;88021;5070;5,76;1651,94;171;2,33918128654971e+00;3,56725146198830e+01;24420;85,0;1016,899377176471;28729,4117647059;42,4749125601966;148674,6;6,08823095823096;27,7162368170084;Barcelona;35;0
08006;Arenys de Mar;Maresme;2021;706,0725065;160140;18320;11,44;2462,20;216;0,00000000000000e+00;2,63888888888889e+01;18059;85,0;830,673537058824;21245,8823529412;46,9177145910626;221598,0;12,27077911290769;55,8618459378176;Barcelona;40;1
08007;Arenys de Munt;Maresme;2021;615,8505780;91702;6520;7,11;1950,53;116;0,00000000000000e+00;2,06896551724138e+01;18990;85,0;724,530091800000;22341,1764705882;38,9163082500000;175547,7;9,24421800947867;42,0836425714724;Barcelona;45;0
08009;Argentona;Maresme;2021;728,5525414;126306;6770;5,36;2053,91;142;0,00000000000000e+00;1,47887323943662e+01;19592;85,0;857,120636941176;23049,4117647059;44,6234712984892;184851,9;9,43507043691303;42,9524846229915;Barcelona;35;0
08010;Artés;Bages;2021;419,8484496;57771;5910;10,23;1094,44;110;9,09090909090909e-01;5,81818181818182e+01;17920;85,0;493,939352470588;21082,3529411765;28,1148515357143;98499,6;5,49662946428571;25,0230132484585;Barcelona;72;0
08015;Badalona;Barcelonès;2021;730,4005368;2217687;329770;14,87;2422,33;2025;2,22222222222222e+03;2,98271604938272e+04;17635;85,0;859,294749176471;20747,0588235294;49,7011989900000;218009,7;12,36233059257159;56,2786275100000;Barcelona;10;1
08019;Barcelona;Barcelonès;2021;918,8359577;16279508;3376370;20,74;4119,82;13803;4,20198507570818e+02;4,29334202709556e+02;22136;85,0;1080,983479647059;26042,3529411765;49,8104060914348;370783,8;16,75026201662450;76,2543720800000;Barcelona;0;1
08020;Begues;Baix Llobregat;2021;1008,7988600;73588;5210;7,08;2149,76;73;0,00000000000000e+00;1,36986301400000e+00;22281;85,0;1186,822188235294;26212,9411764706;54,3314318028814;193478,4;8,68355998384274;39,5312869334403;Barcelona;32;0
08022;Berga;Berguedà;2021;398,5148463;166643;23730;14,24;1260,88;170;0,00000000000000e+00;1,29411764705882e+01;17821;85,0;468,840995647059;20965,8823529412;26,8345107210594;113479,2;6,36772347230795;28,9886065352212;Barcelona;108;0
08023;Bigues i Riells del Fai;Vallès Oriental;2021;722,2622078;95632;4160;4,35;1368,10;177;0,00000000000000e+00;1,80790960451977e+01;20509;85,0;849,720244470588;24128,2352941176;42,2602101204349;123129,0;6,00365693110342;27,3312195959934;Barcelona;41;0
08029;Cabrera de Mar;Maresme;2021;1090,4732140;48048;3200;6,66;NA;NA;NA;NA;24013;85,0;1282,909663529412;28250,5882352941;54,4941430391871;NA;NA;NA;Barcelona;28;1
08030;Cabrils;Maresme;2021;1124,1329790;75522;9040;11,97;2409,99;110;0,00000000000000e+00;3,63636363636364e+00;24518;85,0;1322,509387058823;28844,7058823529;55,0191522473285;216899,1;8,84652500203932;40,2731735452020;Barcelona;27;0
08033;Caldes de Montbui;Vallès Oriental;2021;681,1185417;177807;13620;7,66;1785,33;160;0,00000000000000e+00;2,56250000000000e+01;18994;85,0;801,315931411765;22345,8823529412;43,0316020869748;160679,7;8,45949773612720;38,5112595458395;Barcelona;34;0
08035;Calella;Maresme;2021;597,7614991;192337;34890;18,14;2107,94;221;0,00000000000000e+00;2,44343891402715e+01;15273;85,0;703,248822470588;17968,2352941176;46,9661362482813;189714,6;12,42156747200943;56,5482991783047;Barcelona;50;1
08040;Canet de Mar;Maresme;2021;648,3106061;148055;12940;8,74;2088,22;160;6,25000000000000e-01;2,75000000000000e+01;17466;85,0;762,718360117647;20548,2352941176;44,5421234008932;187939,8;10,76032291308828;48,9856019150255;Barcelona;43;1
08041;Canovelles;Vallès Oriental;2021;566,9191089;168385;31690;18,82;1448,69;100;0,00000000000000e+00;2,20000000000000e+01;15193;85,0;666,963657529412;17874,1176470588;44,7773929230567;130382,1;8,58172184558678;39,0676760789459;Barcelona;31;0
08043;Canyelles;Garraf;2021;851,6862500;48965;4730;9,66;NA;NA;NA;NA;18475;85,0;1001,983823529412;21735,2941176471;55,3192692828146;NA;NA;NA;Barcelona;46;0
08044;Capellades;Anoia;2021;476,2689655;53096;3430;6,46;1051,66;59;0,00000000000000e+00;3,38983050847458e+00;17923;85,0;560,316430000000;21085,8823529412;31,8876727445182;94649,4;5,28089047600000;24,0408769048973;Barcelona;60;0
08046;Cardedeu;Vallès Oriental;2021;724,2625986;186371;11760;6,31;2114,73;264;0,00000000000000e+00;1,28787878787879e+01;19197;85,0;852,073645411765;22584,7058823529;45,2734863947492;190325,7;9,91434599156118;45,1343523714994;Barcelona;39;0
08051;Castellar del Vallès;Vallès Occidental;2021;441,6155102;246537;11390;4,62;2050,27;333;0,00000000000000e+00;1,53153153153153e+01;20358;85,0;519,547659058824;23950,5882352941;26,0309761391099;184524,3;9,06396993810787;41,2630760939198;Barcelona;34;0
08054;Castellbisbal;Vallès Occidental;2021;617,5000000;125963;7520;5,97;2270,69;134;0,00000000000000e+00;0,00000000000000e+00;19105;85,0;726,470588235294;22476,4705882353;38,7856582046585;204362,1;10,69678618162785;48,6963554807464;Barcelona;29;0
08056;Castelldefels;Baix Llobregat;2021;593,9583333;668543;138990;20,79;3875,88;639;0,00000000000000e+00;4,38184663536776e+00;19991;85,0;698,774509800000;23518,8235294118;35,6535440928418;348829,2;17,44931219048572;79,4367480937254;Barcelona;22;1
08067;Centelles;Osona;2021;535,5639264;75954;4580;6,03;1569,14;86;0,00000000000000e+00;3,37209302325581e+01;18176;85,0;630,075207529412;21383,5294117647;35,3585338732394;141222,6;7,76972931338028;35,3711380417593;Barcelona;54;0
08068;Cervelló;Baix Llobregat;2021;782,6559483;92166;6000;6,51;1838,62;158;0,00000000000000e+00;1,39240506329114e+01;20472;85,0;920,771703900000;24084,7058823529;45,8766675439625;165475,8;8,08303048065651;36,7974192401644;Barcelona;25;0
08072;Corbera de Llobregat;Baix Llobregat;2021;715,7758491;150275;13660;9,09;1620,78;210;0,00000000000000e+00;2,19047619047619e+01;20466;85,0;842,089234200000;24077,6470588235;41,9686806860158;145870,2;7,12744063324538;32,4471646764855;Barcelona;30;0
08073;Cornellà de Llobregat;Baix Llobregat;2021;695,5027612;891511;138630;15,55;2950,82;726;4,13223140495868e-01;5,92286501377411e+00;17774;85,0;818,238542588235;20910,5882352941;46,9564146191066;265573,8;14,94170136153933;68,0210288056766;Barcelona;12;0
08074;Cubelles;Garraf;2021;717,1604848;161165;18260;11,33;2219,54;364;0,00000000000000e+00;1,75824175824176e+01;17960;85,0;843,718217411765;21129,4117647059;47,9171816124722;199758,6;11,12241648106904;50,6340070300000;Barcelona;50;1
08075;Dosrius;Maresme;2021;820,4123881;56684;3350;5,91;1724,81;98;0,00000000000000e+00;2,44897959183673e+01;19255;85,0;965,191044823530;22652,9411764706;51,1293100867307;155232,9;8,06195273954817;36,7014643284447;Barcelona;39;0
08076;Esparreguera;Baix Llobregat;2021;614,9143056;223472;18280;8,18;1767,97;302;0,00000000000000e+00;0,00000000000000e+00;18184;85,0;723,428594823529;21392,9411764706;40,5794746326441;159117,3;8,75040145200000;39,8355779448235;Barcelona;39;0
08077;Esplugues de Llobregat;Baix Llobregat;2021;841,0688335;468285;59800;12,77;3397,11;252;0,00000000000000e+00;9,92063492063492e+00;21576;85,0;989,492745294118;25383,5294117647;46,7780218854283;305739,9;14,17036985539488;64,5095971869703;Barcelona;8;0
08086;Franqueses del Vallès, les;Vallès Oriental;2021;657,9625240;203568;21110;10,37;2208,86;118;0,00000000000000e+00;4,15254237288136e+01;17602;85,0;774,073557647059;20708,2352941176;44,8559839109192;198797,4;11,29402340643109;51,4152353117095;Barcelona;35;0
08088;Garriga, la;Vallès Oriental;2021;722,7618478;167097;12950;7,75;2105,51;216;0,00000000000000e+00;3,84259259259259e+01;20101;85,0;850,308056235294;23648,2352941176;43,1478144052535;189495,9;9,42718770210438;42,9165990354996;Barcelona;38;0
08089;Gavà;Baix Llobregat;2021;909,6759071;468022;51810;11,07;3130,40;347;5,76368876080692e-01;4,20749279538905e+01;19621;85,0;1070,206949529412;23083,5294117647;55,6348345405433;281736,0;14,35890117731003;65,3678725713098;Barcelona;20;1
08091;Gelida;Alt Penedès;2021;561,0068619;77237;7940;10,28;1428,55;101;0,00000000000000e+00;0,00000000000000e+00;18388;85,0;660,008072823529;21632,9411764706;36,6112809600000;128569,5;6,99203284750925;31,8307303982728;Barcelona;35;0
08092;Gironella;Berguedà;2021;363,6320690;49252;5600;11,37;NA;NA;NA;NA;17854;85,0;427,802434117647;21004,7058823529;24,4403765430716;NA;NA;NA;Barcelona;94;0
08096;Granollers;Vallès Oriental;2021;675,0901723;621214;86970;14,00;2379,16;657;7,61035008000000e-01;2,77016742770167e+01;18828;85,0;794,223732100000;22150,5882352941;43,0267796239643;214124,4;11,37265774378585;51,7732125190503;Barcelona;30;0
08101;Hospitalet de Llobregat, l';Barcelonès;2021;688,7393625;2650204;585960;22,11;2741,70;3120;1,21794871794872e+03;2,38461538461538e+04;16560;85,0;810,281602941176;19482,3529411765;49,9086494565217;246753,0;14,90054347826087;67,8336604801878;Barcelona;0;0
08102;Igualada;Anoia;2021;466,0275610;409161;53150;12,99;1280,77;461;2,16919739696312e-01;5,63991323210412e+00;17649;85,0;548,267718823529;20763,5294117647;31,6863886452490;115269,3;6,53120856705762;29,7328607583641;Barcelona;65;0
08105;Llagosta, la;Vallès Oriental;2021;632,8852074;132696;15260;11,50;1992,79;110;4,54545454545455e+00;1,27272727272727e+01;16799;85,0;744,570832235294;19763,5294117647;45,2087772415025;179351,1;10,67629620810763;48,6030763390126;Barcelona;19;0
08106;Llinars del Vallès;Vallès Oriental;2021;678,1460714;100998;8100;8,02;1868,60;144;0,00000000000000e+00;8,33333333333333e+00;19185;85,0;797,818907529412;22570,5882352941;42,4172679530883;168174,0;8,76591086800000;39,9061834541743;Barcelona;41;0
08107;Lliçà d'Amunt;Vallès Oriental;2021;850,2267089;156634;4840;3,09;1495,18;170;0,00000000000000e+00;2,05882352941176e+01;19844;85,0;1000,266716352941;23345,8823529412;51,4146367002621;134566,2;6,78120338600000;30,8709443271124;Barcelona;32;0
08108;Lliçà de Vall;Vallès Oriental;2021;862,1153846;65766;2190;3,33;1705,79;70;0,00000000000000e+00;1,42857142857143e+01;20893;85,0;1014,253393647059;24580,0000000000;49,5160322366343;153521,1;7,34796821902072;33,4511007679324;Barcelona;28;0
08110;Malgrat de Mar;Maresme;2021;567,2102658;188917;22670;12,00;1666,09;125;0,00000000000000e+00;1,60000000000000e+01;15970;85,0;667,306195058824;18788,2352941176;42,6206837169693;149948,1;9,38936130200000;42,7443970513489;Barcelona;62;1
08112;Manlleu;Osona;2021;433,5917994;207816;49190;23,67;952,38;185;0,00000000000000e+00;2,16216216216216e+00;15955;85,0;510,107999294118;18770,5882352941;32,6111036841116;85714,2;5,37224694453149;24,4567707065682;Barcelona;78;0
08113;Manresa;Bages;2021;446,5944598;779281;147440;18,92;1214,83;741;9,44669365721997e-01;2,88798920377868e+01;17278;85,0;525,405246823529;20327,0588235294;31,0170940942239;109334,7;6,32797198749855;28,8076407383643;Barcelona;55;0
08114;Martorell;Baix Llobregat;2021;587,4745960;285930;51010;17,84;1650,23;232;0,00000000000000e+00;4,31034482758621e-01;16887;85,0;691,146583529412;19867,0588235294;41,7462850239829;148520,7;8,79497246402558;40,0384842960738;Barcelona;32;0
08118;Masnou, el;Maresme;2021;835,6602520;238109;24930;10,47;3101,07;266;0,00000000000000e+00;2,36842105263158e+01;22083;85,0;983,129708235294;25980,0000000000;45,4101481863877;279096,3;12,63851378888738;57,5359318000000;Barcelona;19;1
08119;Masquefa;Anoia;2021;620,4410569;96211;5840;6,07;1901,33;98;0,00000000000000e+00;6,12244897959184e+00;16967;85,0;729,930655176471;19961,1764705882;43,8810201143396;171119,7;10,08544232922732;45,9132562346760;Barcelona;46;0
08120;Matadepera;Vallès Occidental;2021;1034,0888330;96573;3100;3,21;2674,27;94;0,00000000000000e+00;0,00000000000000e+00;30868;85,0;1216,575097647059;36315,2941176471;40,2004211351561;240684,3;7,79721070364131;35,4962451091095;Barcelona;32;0
08121;Mataró;Maresme;2021;635,7685955;1297446;223550;17,23;2226,74;1368;0,00000000000000e+00;2,27339181286550e+04;16750;85,0;747,963053529412;19705,8823529412;45,5476008716418;200406,6;11,96457313432836;54,4678650794510;Barcelona;31;1
08123;Molins de Rei;Baix Llobregat;2021;739,3915464;261111;15980;6,12;2802,43;294;7,14285714285714e+00;3,94557823129252e+01;21089;85,0;869,872407529412;24810,5882352941;42,0726376632368;252218,7;11,95972782019062;54,4458071327313;Barcelona;18;0
08124;Mollet del Vallès;Vallès Oriental;2021;635,8873723;511419;59120;11,56;2300,45;579;1,48531951640760e+01;3,45423143350604e+01;17797;85,0;748,102790941177;20937,6470588235;42,8760379142552;207040,5;11,63344945777378;52,9604481798510;Barcelona;23;0
08125;Montcada i Reixac;Vallès Occidental;2021;644,5409013;368709;50550;13,71;2061,15;423;9,45626477541371e-01;2,78959810874704e+01;17355;85,0;758,283413294118;20417,6470588235;44,5663544546240;185503,5;10,68876404494382;48,6598352761684;Barcelona;14;0
08126;Montgat;Maresme;2021;830,9407826;122513;11700;9,55;3107,06;157;2,16560509554140e+01;3,31210191082803e+01;20620;85,0;977,577391294118;24258,8235294118;48,3573685315228;279635,4;13,56136760426770;61,7371579135369;Barcelona;15;1
08135;Montmeló;Vallès Oriental;2021;665,5206897;87819;6200;7,06;1623,04;36;0,00000000000000e+00;3,61111111111111e+01;18082;85,0;782,965517294118;21272,9411764706;44,1668414799248;146073,6;8,07839840725583;36,7763320566775;Barcelona;24;0
08136;Montornès del Vallès;Vallès Oriental;2021;650,3529545;167349;17990;10,75;1854,09;85;0,00000000000000e+00;2,94117647058824e+01;17555;85,0;765,121122941177;20652,9411764706;44,4559125800000;166868,1;9,50544574200000;43,2728631753103;Barcelona;26;0
08138;Moià;Moianès;2021;500,0609551;64680;8680;13,42;1237,48;144;0,00000000000000e+00;1,94444444444444e+01;16911;85,0;588,307006000000;19895,2941176471;35,4841905339720;111373,2;6,58584353379457;29,9815825442096;Barcelona;55;0
08140;Navarcles;Bages;2021;462,8009574;60644;3390;5,59;1251,78;66;0,00000000000000e+00;2,27272727272727e+01;18529;85,0;544,471714588235;21798,8235294118;29,9725375832479;112660,2;6,08020940147876;27,6797192525286;Barcelona;60;0
08141;Navàs;Bages;2021;433,0000000;59894;5660;9,45;1042,42;68;0,00000000000000e+00;2,50000000000000e+01;18403;85,0;509,411764705882;21650,5882352941;28,2345269792969;93817,8;5,09796228875727;23,2081093915055;Barcelona;80;0
08147;Olesa de Montserrat;Baix Llobregat;2021;546,0947439;241242;21760;9,02;1635,58;286;0,00000000000000e+00;0,00000000000000e+00;17690;85,0;642,464404588235;20811,7647058824;37,0443014516676;147202,2;8,32120972300735;37,8817132380731;Barcelona;38;0
08155;Palafolls;Maresme;2021;546,3175455;96540;5860;6,07;1555,44;49;0,00000000000000e+00;8,16326530600000e+00;16394;85,0;642,726524117647;19287,0588235294;39,9890847017201;139989,6;8,53907527100000;38,8735305900000;Barcelona;60;0
08156;Palau-solità i Plegamans;Vallès Occidental;2021;795,7207006;149131;9440;6,33;2360,92;136;0,00000000000000e+00;1,02941176470588e+01;19441;85,0;936,142000705882;22871,7647058824;49,1160352204105;212482,8;10,92962296178180;49,7563283008859;Barcelona;28;0
08157;Pallejà;Baix Llobregat;2021;762,4029008;116320;7270;6,25;2480,27;123;0,00000000000000e+00;2,60162601626016e+01;20239;85,0;896,944589176471;23810,5882352941;45,2039864103958;223224,3;11,02941350857256;50,2106176414064;Barcelona;22;0
08159;Parets del Vallès;Vallès Oriental;2021;717,6443820;189521;12660;6,68;2197,49;186;1,07526881720430e+00;2,04301075268817e+01;19157;85,0;844,287508235294;22537,6470588235;44,9534508743540;197774,1;10,32385550973534;46,9986152193451;Barcelona;25;0
08161;Piera;Anoia;2021;573,1582297;163835;12730;7,77;1637,48;221;0,00000000000000e+00;1,31221719457014e+01;16506;85,0;674,303799647059;19418,8235294118;41,6690824936387;147373,2;8,92846237700000;40,6461875968946;Barcelona;50;0
08163;Pineda de Mar;Maresme;2021;561,1378309;280803;41250;14,69;1871,05;186;5,37634408602151e-01;1,34408602150538e+01;15323;85,0;660,162154000000;18027,0588235294;43,9447495320760;168394,5;10,98965607257064;50,0296247521705;Barcelona;55;1
08167;Polinyà;Vallès Occidental;2021;640,0847107;85153;5850;6,87;2043,37;88;1,13636363636364e+00;3,40909090909091e+00;17727;85,0;753,040836100000;20855,2941176471;43,3294777931968;183903,3;10,37419191064478;47,2277680911223;Barcelona;25;0
08169;Prat de Llobregat, el;Baix Llobregat;2021;713,2883632;654369;60660;9,27;2738,88;528;0,00000000000000e+00;1,19318181818182e+01;18470;85,0;839,162780235294;21729,4117647059;46,3425032939902;246499,2;13,34592311857066;60,7563622723294;Barcelona;11;1
08172;Premià de Mar;Maresme;2021;749,2212115;284272;36330;12,78;2710,44;255;0,00000000000000e+00;2,35294117647059e+00;18781;85,0;881,436719411765;22095,2941176471;47,8710107981471;243939,6;12,98863745274480;59,1298447841969;Barcelona;22;1
08180;Ripollet;Vallès Occidental;2021;624,5987321;390579;47260;12,10;2973,49;398;0,00000000000000e+00;1,28140703517588e+01;17016;85,0;734,822037764706;20018,8235294118;44,0478654513399;267614,1;15,72720380818054;71,5969726193741;Barcelona;16;0
08181;Roca del Vallès, la;Vallès Oriental;2021;737,2288136;106652;4970;4,66;1947,31;120;0,00000000000000e+00;8,33333333333333e-01;20652;85,0;867,328016000000;24296,4705882353;42,8372349564207;175257,9;8,48624346310285;38,6330175585998;Barcelona;36;0
08183;Roda de Ter;Osona;2021;475,2871111;64529;8350;12,94;980,78;126;0,00000000000000e+00;1,11111111111111e+01;17684;85,0;559,161307176471;20804,7058823529;32,2520093485637;88270,2;4,99152906582221;22,7235797420385;Barcelona;79;0
08184;Rubí;Vallès Occidental;2021;651,0566807;784822;99280;12,65;2136,94;998;5,01002004000000e-01;2,26452905811623e+01;17682;85,0;765,949036117647;20802,3529411765;44,1843692365117;192324,6;10,87685782151340;49,5161187665573;Barcelona;24;0
08187;Sabadell;Vallès Occidental;2021;667,4059076;2168338;289690;13,36;2077,19;2323;1,54972018941025e+03;2,76366767111494e+04;18569;85,0;785,183420705882;21845,8823529412;43,1303295341699;186947,1;10,06769885292692;45,8324803254713;Barcelona;26;0
08191;Sallent;Bages;2021;374,5406000;67094;4710;7,02;1088,77;91;0,00000000000000e+00;2,41758241758242e+01;18633;85,0;440,636000000000;21921,1764705882;24,1211141523104;97989,3;5,25891160843664;23,9408196796622;Barcelona;68;0
08192;Santpedor;Bages;2021;524,6061429;75711;3460;4,57;1643,27;101;0,00000000000000e+00;2,47524752475248e+01;18860;85,0;617,183697529412;22188,2352941176;33,3789698557794;147894,3;7,84169141039236;35,6987403512510;Barcelona;65;0
08194;Sant Adrià de Besòs;Barcelonès;2021;750,3685011;371197;54900;14,79;2969,37;323;0,00000000000000e+00;2,47678018575851e+01;16171;85,0;882,786471900000;19024,7058823529;55,6825305373817;267243,3;16,52608373013419;75,2338164344540;Barcelona;8;1
08196;Sant Andreu de la Barca;Baix Llobregat;2021;633,4158934;271967;26000;9,56;2141,63;229;0,00000000000000e+00;0,00000000000000e+00;17617;85,0;745,195168705882;20725,8823529412;43,1457723834932;192746,7;10,94094908327184;49,8078896604319;Barcelona;27;0
08197;Sant Andreu de Llavaneres;Maresme;2021;965,5345560;111268;11850;10,65;2747,73;313;0,00000000000000e+00;3,86581469648562e+01;22048;85,0;1135,923007058823;25938,8235294118;52,5508648040639;247295,7;11,21624183599420;51,0611402648859;Barcelona;36;1
08198;Sant Antoni de Vilamajor;Vallès Oriental;2021;745,9020690;63870;3730;5,84;1628,06;100;0,00000000000000e+00;1,00000000000000e+00;20401;85,0;877,531845900000;24001,1764705882;43,8744415861968;146525,4;7,18226557521690;32,6967513110245;Barcelona;44;0
08200;Sant Boi de Llobregat;Baix Llobregat;2021;693,2293315;836546;83320;9,96;2627,13;463;6,91144708423326e+00;2,57019438444924e+01;18086;85,0;815,563919411765;21277,6470588235;45,9955323300000;236441,7;13,07318920712153;59,5147606101037;Barcelona;15;0
08202;Sant Celoni;Vallès Oriental;2021;589,2491980;181465;20070;11,06;1676,95;159;0,00000000000000e+00;2,45283018867925e+01;17341;85,0;693,234350588235;20401,1764705882;40,7761396459258;150925,5;8,70339080791189;39,6215653443528;Barcelona;52;0
08205;Sant Cugat del Vallès;Vallès Occidental;2021;1175,4185420;939356;119580;12,73;4035,10;996;0,00000000000000e+00;3,43373493975904e+01;25918;85,0;1382,845343529412;30491,7647058824;54,4217242997145;363159,0;14,01184504977236;63,7879243259787;Barcelona;17;0
08208;Sant Esteve Sesrovires;Baix Llobregat;2021;769,5016102;77740;4610;5,93;1647,94;107;0,00000000000000e+00;0,00000000000000e+00;21256;85,0;905,296012000000;25007,0588235294;43,4419426157320;148314,6;6,97754045916447;31,7647548349008;Barcelona;38;0
08209;Sant Fost de Campsentelles;Vallès Oriental;2021;783,7461111;89767;3860;4,30;1814,05;89;0,00000000000000e+00;2,13483146067416e+01;19694;85,0;922,054248352941;23169,4117647059;47,7554246633492;163264,5;8,29006296333909;37,7399198381560;Barcelona;22;0
08210;Sant Feliu de Codines;Vallès Oriental;2021;593,5541872;63892;5910;9,25;1369,55;77;0,00000000000000e+00;2,20779220779221e+01;17709;85,0;698,299043764706;20834,1176470588;40,2205107369134;123259,5;6,96027443672709;31,6861525000000;Barcelona;39;0
08211;Sant Feliu de Llobregat;Baix Llobregat;2021;792,9193233;454417;35490;7,81;2765,73;612;3,26797385620915e-01;2,48366013071895e+01;20588;85,0;932,846262705882;24221,1764705882;46,2163973168836;248915,7;12,09032931804935;55,0403611300000;Barcelona;16;0
08213;Sant Fruitós de Bages;Bages;2021;545,3119310;89426;5920;6,62;1503,40;98;1,63265306100000e+01;3,67346938775510e+01;20167;85,0;641,543448235294;23725,8823529412;32,4477769226955;135306,0;6,70927753260277;30,5435070122052;Barcelona;57;0
08214;Vilassar de Dalt;Maresme;2021;831,2208844;90924;5410;5,95;2682,08;123;0,00000000000000e+00;1,21951219512195e+01;23473;85,0;977,906922823530;27615,2941176471;42,4941448165978;241387,2;10,28361095727006;46,8154047671833;Barcelona;26;0
08217;Sant Joan Despí;Baix Llobregat;2021;795,6248727;340537;27890;8,19;3063,01;392;1,02040816326531e+00;3,46938775510204e+01;21253;85,0;936,029262000000;25003,5294117647;44,9230624965887;275670,9;12,97091704700513;59,0491739020731;Barcelona;11;0
08218;Sant Joan de Vilatorrada;Bages;2021;458,8794949;108475;10240;9,44;1456,12;102;0,00000000000000e+00;1,47058823529412e+01;17903;85,0;539,858229294118;21062,3529411765;30,7577162419706;131050,8;7,32004691951070;33,3239910451299;Barcelona;58;0
08219;Vilassar de Mar;Maresme;2021;864,9004835;209784;14580;6,95;3225,12;196;0,00000000000000e+00;2,55102040816327e+00;21722;85,0;1017,529980588235;25555,2941176471;47,7801574532732;290260,8;13,36252647085904;60,8319478483593;Barcelona;24;1
08221;Sant Just Desvern;Baix Llobregat;2021;1132,4670270;192807;21980;11,40;3992,12;206;9,70873786407767e-01;5,48543689320388e+01;28019;85,0;1332,314149411765;32963,5294117647;48,5013894999822;359290,8;12,82311288768336;58,3763060180513;Barcelona;10;0
08230;Premià de Dalt;Maresme;2021;1070,7233330;104126;9590;9,21;2483,22;112;0,00000000000000e+00;5,35714285714286e+00;22803;85,0;1259,674509411765;26827,0588235294;56,3464456255756;223489,8;9,80089461912906;44,6178730974514;Barcelona;24;0
08231;Sant Pere de Ribes;Garraf;2021;712,5567800;314482;47990;15,26;2261,14;441;0,00000000000000e+00;7,93650793650794e+00;17504;85,0;838,302094117647;20592,9411764706;48,8498706581353;203502,6;11,62606261425960;52,9268201020771;Barcelona;42;0
08234;Sant Pere de Vilamajor;Vallès Oriental;2021;797,4564865;46678;2670;5,72;NA;NA;NA;NA;19195;85,0;938,184101764706;22582,3529411765;49,8540132221933;NA;NA;NA;Barcelona;46;0
08235;Sant Pol de Mar;Maresme;2021;760,9914286;55194;6270;11,36;2888,81;142;0,00000000000000e+00;4,64788732394366e+01;19984;85,0;895,284033647059;23510,5882352941;45,6960425500400;259992,9;13,01005304243395;59,2273377274628;Barcelona;48;1
08238;Sant Quirze del Vallès;Vallès Occidental;2021;858,8140183;201174;10280;5,11;2766,90;153;0,00000000000000e+00;4,57516339900000e+00;23995;85,0;1010,369433294118;28229,4117647059;42,9496487584914;249021,0;10,37803709106064;47,2452730004698;Barcelona;25;0
08240;Sant Sadurní d'Anoia;Alt Penedès;2021;582,8805993;128226;11130;8,68;1989,09;96;0,00000000000000e+00;3,22916666666667e+01;19233;85,0;685,741881529412;22627,0588235294;36,3675307627515;179018,1;9,30786148806738;42,3733749644326;Barcelona;42;0
08244;Santa Coloma de Cervelló;Baix Llobregat;2021;792,3462222;82801;3370;4,07;2482,25;61;0,00000000000000e+00;1,63934426229508e+01;19892;85,0;932,172026117647;23402,3529411765;47,7988873235472;223402,5;11,23077116428715;51,1272839947349;Barcelona;18;0
08245;Santa Coloma de Gramenet;Barcelonès;2021;607,3582011;1184673;255060;21,53;2070,39;848;0,00000000000000e+00;1,06132075471698e+01;15415;85,0;714,539060117647;18135,2941176471;47,2805605786572;186335,1;12,08790788193318;55,0293377134285;Barcelona;9;0
08248;Santa Eulàlia de Ronçana;Vallès Oriental;2021;863,8000000;75401;2820;3,74;1480,20;91;0,00000000000000e+00;2,08791208791209e+01;19095;85,0;1016,235294117647;22464,7058823529;54,2843676355067;133218,0;6,97659073055774;31,7604312632169;Barcelona;38;0
08250;Santa Margarida de Montbui;Anoia;2021;445,8241129;101796;11900;11,69;907,25;81;1,23456790123457e+00;4,93827160493827e+00;13342;85,0;524,498956352941;15696,4705882353;40,0981063918453;81652,5;6,11995952600000;27,8606788581724;Barcelona;66;0
08251;Santa Margarida i els Monjos;Alt Penedès;2021;468,8760345;76720;10480;13,66;1274,99;71;0,00000000000000e+00;1,83098591549296e+01;18126;85,0;551,618864100000;21324,7058823529;31,0411144985104;114749,1;6,33063555114201;28,8197664200000;Barcelona;52;0
08252;Barberà del Vallès;Vallès Occidental;2021;666,8741979;330223;25130;7,61;2328,02;338;8,87573964497041e-01;9,46745562130178e+00;18726;85,0;784,557879900000;22030,5882352941;42,7346490163409;209521,8;11,18881768663890;50,9362937826727;Barcelona;19;0
08259;Santa Maria de Palautordera;Vallès Oriental;2021;631,9385714;96440;8670;8,99;1419,00;62;0,00000000000000e+00;1,29032258064516e+01;18666;85,0;743,457142823529;21960,0000000000;40,6260733783349;127710,0;6,84185149469624;31,1470405105827;Barcelona;54;0
08260;Santa Perpètua de Mogoda;Vallès Occidental;2021;657,0967055;259289;25540;9,85;2108,21;227;1,76211453744493e+00;2,99559471365639e+01;18294;85,0;773,054947647059;21522,3529411765;43,1024405050836;189738,9;10,37164644145621;47,2161800200000;Barcelona;20;0
08262;Sant Vicenç de Castellet;Bages;2021;466,7326549;98352;13130;13,35;1447,85;107;0,00000000000000e+00;2,80373831775701e+01;15941;85,0;549,097241058824;18754,1176470588;35,1345076143278;130306,5;8,17429897747945;37,2129125600000;Barcelona;52;0
08263;Sant Vicenç dels Horts;Baix Llobregat;2021;673,8299254;281105;21870;7,78;2124,23;254;1,18110236220472e+00;1,88976377952756e+01;17490;85,0;792,741088705882;20576,4705882353;46,2318988267581;191180,7;10,93085763293310;49,7619490531628;Barcelona;21;0
08264;Sant Vicenç de Montalt;Maresme;2021;1401,9148040;65593;7130;10,87;2529,52;102;0,00000000000000e+00;2,35294117647059e+01;22718;85,0;1649,311534117647;26727,0588235294;74,0513145875517;227656,8;10,02098776300731;45,6198314231753;Barcelona;38;1
08266;Cerdanyola del Vallès;Vallès Occidental;2021;729,7056969;573514;55000;9,59;2830,42;477;4,19287211740042e-01;3,98322851153040e+00;20697;85,0;858,477290470588;24349,4117647059;42,3079111117553;254737,8;12,30795767502537;56,0310986877935;Barcelona;18;0
08267;Sentmenat;Vallès Occidental;2021;607,4749655;93148;5710;6,13;1657,44;79;0,00000000000000e+00;1,39240506329114e+01;18608;85,0;714,676430000000;21891,7647058824;39,1750837596733;149169,6;8,01642304385211;36,4941936390153;Barcelona;32;0
08270;Sitges;Garraf;2021;1011,7844510;302570;71830;23,74;4261,20;631;0,00000000000000e+00;2,20285261489699e+01;21761;85,0;1190,334648235294;25601,1764705882;55,7943725564083;383508,0;17,62363861954874;80,2303567173999;Barcelona;38;1
08274;Súria;Bages;2021;395,6065306;59176;5030;8,50;1065,81;53;0,00000000000000e+00;9,43396226415094e+00;18428;85,0;465,419447764706;21680,0000000000;25,7612240460169;95922,9;5,20528000900000;23,6966656503784;Barcelona;72;0
08278;Taradell;Osona;2021;573,4344262;66752;5240;7,85;2195,63;43;0,00000000000000e+00;4,65116279069767e+01;20333;85,0;674,628736705882;23921,1764705882;33,8425865066640;197606,7;9,71852161510844;44,2428758770064;Barcelona;75;0
08279;Terrassa;Vallès Occidental;2021;597,3139450;2226312;296990;13,34;1923,43;2820;2,12765957446808e+02;1,17730496453901e+04;18309;85,0;702,722288235294;21540,0000000000;39,1488739963952;173108,7;9,45484188100000;43,0424927109657;Barcelona;28;0
08281;Teià;Maresme;2021;1232,0674730;65138;4970;7,63;2860,54;75;0,00000000000000e+00;3,60000000000000e+01;23384;85,0;1449,491144705883;27510,5882352941;63,2261789100000;257448,6;11,00960485802258;50,1204401738571;Barcelona;22;0
08282;Tiana;Maresme;2021;984,2311905;90196;4600;5,10;3432,83;122;1,63934426229508e+00;4,18032786885246e+01;25025;85,0;1157,919047647059;29441,1764705882;47,1959012427572;308954,7;12,34584215784216;56,2035650913587;Barcelona;17;0
08283;Tona;Osona;2021;544,2980132;83694;7340;8,77;1879,56;76;0,00000000000000e+00;3,02631578947368e+01;19140;85,0;640,350603800000;22517,6470588235;34,1252672852665;169160,4;8,83805642633229;40,2346209600000;Barcelona;61;0
08284;Tordera;Maresme;2021;514,4844492;177767;17670;9,94;1350,04;101;0,00000000000000e+00;1,18811881188119e+01;15326;85,0;605,275822588235;18030,5882352941;40,2832662821349;121503,6;7,92793944900000;36,0913783914005;Barcelona;65;0
08285;Torelló;Osona;2021;456,8938189;145324;20200;13,90;1143,05;168;0,00000000000000e+00;3,57142857142857e+00;18442;85,0;537,522139882353;21696,4705882353;29,7295620149658;102874,5;5,57827242164624;25,3946869835993;Barcelona;82;0
08289;Torrelles de Llobregat;Baix Llobregat;2021;724,5032941;61185;3200;5,23;1860,37;62;0,00000000000000e+00;1,45161290322581e+01;20368;85,0;852,356816588235;23962,3529411765;42,6847973743126;167433,3;8,22040946600000;37,4228272630921;Barcelona;25;0
08291;Vacarisses;Vallès Occidental;2021;759,2075472;70833;3060;4,32;2063,21;118;0,00000000000000e+00;0,00000000000000e+00;18107;85,0;893,185349647059;21302,3529411765;50,3147432838129;185688,9;10,25508919202518;46,6855614669884;Barcelona;42;0
08295;Vallirana;Baix Llobregat;2021;748,2420968;154180;9590;6,22;1738,84;201;0,00000000000000e+00;2,33830845771144e+01;19248;85,0;880,284819800000;22644,7058823529;46,6485097755611;156495,6;8,13048628428928;37,0134583984768;Barcelona;28;0
08298;Vic;Osona;2021;544,4314750;471832;135180;28,65;1724,79;435;2,29885057471264e-01;3,47126436781609e+01;17562;85,0;640,507617647059;20661,1764705882;37,2006474205671;155231,1;8,83903313973352;40,2390673768762;Barcelona;70;0
08300;Viladecavalls;Vallès Occidental;2021;817,9646154;76170;1790;2,35;2403,17;124;4,03225806451613e+00;1,04838709677419e+01;20803;85,0;962,311312200000;24474,1176470588;47,1834609662068;216285,3;10,39683218766524;47,3308363360373;Barcelona;32;0
08301;Viladecans;Baix Llobregat;2021;741,4271203;668143;54320;8,13;2548,17;698;0,00000000000000e+00;4,01146131805158e+00;18342;85,0;872,267200352941;21578,8235294118;48,5068446385345;229335,3;12,50328753680078;56,9203239395199;Barcelona;18;1
08302;Vilanova del Camí;Anoia;2021;435,0808276;127395;9440;7,41;988,28;138;0,00000000000000e+00;2,89855072463768e+00;15413;85,0;511,859797176471;18132,9411764706;33,8738073781873;88945,2;5,77079089080646;26,2711135711417;Barcelona;64;0
08305;Vilafranca del Penedès;Alt Penedès;2021;541,1911341;399781;54650;13,67;1589,23;326;1,84049079754601e+00;2,45398773006135e+01;17951;85,0;636,695451882353;21118,8235294118;36,1778932048354;143030,7;7,96784023174196;36,2730238550634;Barcelona;48;0
08307;Vilanova i la Geltrú;Garraf;2021;651,2471619;673575;74430;11,05;2498,25;909;0,00000000000000e+00;2,11221122112211e+01;18587;85,0;766,173131647059;21867,0588235294;42,0453324517136;224842,5;12,09676117716684;55,0696417079698;Barcelona;45;1
08902;Vilanova del Vallès;Vallès Oriental;2021;828,1904762;55631;2470;4,44;1965,19;27;0,00000000000000e+00;3,33333333333333e+01;19955;85,0;974,341736705882;23476,4705882353;49,8034864164370;176867,1;8,86329741919318;40,3495287769630;Barcelona;30;0
08904;Badia del Vallès;Vallès Occidental;2021;306,2748276;132776;7940;5,98;1571,11;65;2,46153846153846e+01;2,61538461538462e+01;14825;85,0;360,323326588235;17441,1764705882;24,7912170738617;141399,9;9,53793591905565;43,4207723871911;Barcelona;20;0
17008;Anglès;Selva;2021;469,3303571;57051;13350;23,40;919,89;63;0,00000000000000e+00;6,34920634920635e+00;16289;85,0;552,153361294118;19163,5294117647;34,5752611283688;82790,1;5,08257719933698;23,1380698702145;Girona;101;0
17009;Arbúcies;Selva;2021;429,2491005;65033;15790;24,28;973,16;60;0,00000000000000e+00;1,33333333333333e+01;15243;85,0;504,998941764706;17932,9411764706;33,7924897067506;87584,4;5,74587679590632;26,1576939326505;Girona;78;0
17015;Banyoles;Pla de l'Estany;2021;575,0881641;201270;39630;19,69;1583,50;191;2,09424083769634e+00;2,93193717277487e+01;18174;85,0;676,574310705882;21381,1764705882;37,9721468537471;142515,0;7,84169692967976;35,6987654774129;Girona;118;0
17020;Bescanó;Gironès;2021;591,2857143;50939;2440;4,79;NA;NA;NA;NA;18364;85,0;695,630252100000;21604,7058823529;38,6377073164888;NA;NA;NA;Girona;98;0
17022;Bisbal d'Empordà, la;Baix Empordà;2021;455,7689344;111704;21760;19,48;1139,10;99;6,06060606060606e+00;4,74747474747475e+01;15495;85,0;536,198746352941;18229,4117647059;35,2967228964182;102519,0;6,61626331074540;30,1200664072026;Girona;120;0
17023;Blanes;Selva;2021;503,9842957;401203;66720;16,63;2096,84;707;0,00000000000000e+00;2,97029702970297e+00;15373;85,0;592,922700823529;18085,8823529412;39,3404771248292;188715,6;12,27578221557276;55,8846222055440;Girona;70;1
17033;Caldes de Malavella;Selva;2021;744,3469565;80388;7460;9,28;2185,28;149;0,00000000000000e+00;7,38255033600000e+00;18013;85,0;875,702301764706;21191,7647058824;49,5873173707878;196675,2;10,91851440626214;49,7057573948887;Girona;85;0
17034;Calonge i Sant Antoni;Baix Empordà;2021;645,9686047;114635;24360;21,25;2493,06;466;2,14592274678112e-01;1,69527896995708e+01;15164;85,0;759,963064352941;17840,0000000000;51,1185917726194;224375,4;14,79658401477183;67,3603924440047;Girona;112;1
17044;Cassà de la Selva;Gironès;2021;566,4201596;105000;17220;16,40;1268,94;99;1,01010101010101e+00;3,33333333333333e+01;17425;85,0;666,376658352941;20500,0000000000;39,0074141474892;114204,6;6,55406599700000;29,8369175770486;Girona;96;0
17047;Castelló d'Empúries;Alt Empordà;2021;666,6666667;112308;49090;43,71;2312,09;463;0,00000000000000e+00;6,26349892008639e+00;12422;85,0;784,313725529412;14614,1176470588;64,4018676573821;208088,1;16,75157784575753;76,2603622984884;Girona;142;1
17048;Castell d'Aro, Platja d'Aro i s'Agaró;Baix Empordà;2021;0,0000000;112182;33520;29,88;2684,61;544;0,00000000000000e+00;2,20588235294118e+00;14101;85,0;0,000000000000;16589,4117647059;0,0000000000000;241614,9;17,13459329125594;78,0040127718093;Girona;107;1
17049;Celrà;Gironès;2021;573,7530137;55720;12030;21,59;1900,69;41;0,00000000000000e+00;1,21951219512195e+01;16542;85,0;675,003545529412;19461,1764705882;41,6215461516141;171062,1;10,34107725788901;47,0770159984063;Girona;109;0
17062;Escala, l';Alt Empordà;2021;581,9997573;103393;30780;29,77;2169,73;495;2,02020202020202e-01;1,79797979797980e+01;15592;85,0;684,705596823530;18343,5294117647;44,7921824499743;195275,7;12,52409569009749;57,0150515719722;Girona;140;1
17066;Figueres;Alt Empordà;2021;476,7509675;468023;127630;27,27;1210,68;451;2,21729490022173e-01;9,53436807095344e+00;13961;85,0;560,883491176471;16424,7058823529;40,9785231000645;108961,2;7,80468447818924;35,5302689342089;Girona;138;0
17079;Girona;Gironès;2021;624,0510013;1016617;204950;20,16;2234,88;1137;1,23131046613896e+03;3,63236587510994e+04;18330;85,0;734,177648588235;21564,7058823529;40,8544027037643;201139,2;10,97322422258592;49,9548199281349;Girona;102;0
17089;Llagostera;Gironès;2021;504,9207927;88183;14850;16,84;1136,03;125;8,00000000000000e-01;4,00000000000000e+01;16087;85,0;594,024462000000;18925,8823529412;37,6642600385404;102242,7;6,35561011997265;28,9334613634502;Girona;90;0
17092;Llançà;Alt Empordà;2021;511,9955725;49148;7500;15,26;NA;NA;NA;NA;15946;85,0;602,347732352941;18760,0000000000;38,5297056942180;NA;NA;NA;Girona;160;1
17095;Lloret de Mar;Selva;2021;513,6131558;381354;135190;35,45;1877,74;544;0,00000000000000e+00;3,86029411764706e+00;12581;85,0;604,250771529412;14801,1764705882;48,9894115698275;168996,6;13,43268420634290;61,1513359308016;Girona;75;1
17103;Maçanet de la Selva;Selva;2021;598,0403571;73848;9940;13,46;1245,00;142;0,00000000000000e+00;5,63380281690141e+00;14999;85,0;703,576890705882;17645,8823529412;47,8464183292220;112050,0;7,47049803320221;34,0089089999619;Girona;78;0
17114;Olot;Garrotxa;2021;451,4429222;361778;80170;22,16;1484,34;406;2,95566502463054e+00;4,01477832512315e+01;17371;85,0;531,109320235294;20436,4705882353;31,1859712532382;133590,6;7,69043808646595;35,0101703915919;Girona;112;0
17117;Palafrugell;Baix Empordà;2021;491,4746853;230913;51840;22,45;2458,58;401;2,49376558603491e-01;7,48129675810474e+00;14510;85,0;578,205512100000;17070,5882352941;40,6457355175741;221272,2;15,24963473466575;69,4228735044053;Girona;122;1
17118;Palamós;Baix Empordà;2021;576,1400608;182127;25170;13,82;2295,98;412;2,42718446601942e-01;2,69417475728155e+01;16227;85,0;677,811836235294;19090,5882352941;42,6060314882603;206638,2;12,73422074320577;57,9716308760575;Girona;115;1
17141;Puigcerdà;Cerdanya;2021;540,8601455;95000;19760;20,80;2703,77;132;0,00000000000000e+00;2,72727272727273e+01;14340;85,0;636,306053529412;16870,5882352941;45,2602632217573;243339,3;16,96926778242678;77,2513801949510;Girona;151;0
17147;Ripoll;Ripollès;2021;393,8924843;107429;14750;13,73;759,98;38;0,00000000000000e+00;2,89473684210526e+01;17568;85,0;463,402922705882;20668,2352941176;26,9052243374317;68398,2;3,89334016393443;17,7241531625685;Girona;102;0
17152;Roses;Alt Empordà;2021;505,6791206;197787;59000;29,83;2606,64;716;0,00000000000000e+00;1,11731843575419e+00;12774;85,0;594,916612470588;15028,2352941176;47,5039098731799;234597,6;18,36524189760451;83,6064526999406;Girona;150;1
17155;Salt;Gironès;2021;472,8081818;321075;122490;38,15;1133,40;287;3,83275261324042e+00;1,95121951219512e+01;12789;85,0;556,244919764706;15045,8823529412;44,3638922636641;102006,0;7,97607318789585;36,3105038000000;Girona;100;0
17160;Sant Feliu de Guíxols;Baix Empordà;2021;554,7673821;221651;40540;18,29;1926,64;472;0,00000000000000e+00;3,38983050847458e+00;15255;85,0;652,667508352941;17947,0588235294;43,6395187492625;173397,6;11,36660766961652;51,7456699882908;Girona;105;1
17164;Sant Hilari Sacalm;Selva;2021;389,1752041;57480;11450;19,92;808,62;54;0,00000000000000e+00;7,40740740740741e+00;15931;85,0;457,853181294118;18742,3529411765;29,3145593446739;72775,8;4,56818780993032;20,7963488956387;Girona;95;0
17180;Santa Coloma de Farners;Selva;2021;511,0918727;134680;29010;21,54;1322,32;139;0,00000000000000e+00;4,31654676258993e+00;15930;85,0;601,284556117647;18741,1764705882;38,5003293935970;119008,8;7,47073446327684;34,0099853309986;Girona;90;0
17181;Santa Cristina d'Aro;Baix Empordà;2021;879,0500000;54194;9110;16,81;1786,63;140;0,00000000000000e+00;4,28571428571429e+00;17489;85,0;1034,176470588235;20575,2941176471;60,3156269655212;160796,7;9,19416204500000;41,8557663652239;Girona;101;1
17186;Sarrià de Ter;Gironès;2021;679,6578378;52336;3920;7,49;1746,55;57;0,00000000000000e+00;3,15789473684211e+01;18285;85,0;799,597456235294;21511,7647058824;44,6042879606235;157189,5;8,59663658736669;39,1355743761807;Girona;106;0
17193;Sils;Selva;2021;615,4357426;63686;8190;12,86;1447,01;85;0,00000000000000e+00;0,00000000000000e+00;16663;85,0;724,042050117647;19603,5294117647;44,3211241145052;130230,9;7,81557342615375;35,5798400924884;Girona;80;0
17199;Torroella de Montgrí;Baix Empordà;2021;539,8043684;119890;32730;27,30;1844,53;274;3,64963503649635e-01;2,33576642335766e+01;14521;85,0;635,063962823529;17083,5294117647;44,6088590372564;166007,7;11,43224984505200;52,0445013059651;Girona;135;1
17202;Tossa de Mar;Selva;2021;525,0242308;59023;12690;21,50;2412,27;157;0,00000000000000e+00;1,27388535031847e+00;13865;85,0;617,675565647059;16311,7647058824;45,4402507724486;217104,3;15,65844212044717;71,2839399446562;Girona;87;1
17213;Vidreres;Selva;2021;625,6493506;81494;11890;14,59;1281,32;129;0,00000000000000e+00;5,42635658914729e+00;16480;85,0;736,058059529412;19388,2352941176;45,5569915485437;115318,8;6,99750000000000;31,8556192197035;Girona;82;0
17221;Vilafant;Alt Empordà;2021;582,7272727;54754;3110;5,68;1307,80;50;0,00000000000000e+00;3,20000000000000e+01;16995;85,0;685,561497294118;19994,1176470588;41,1457915410415;117702,0;6,92568402471315;31,5286821189347;Girona;136;0
25003;Agramunt;Urgell;2021;333,4541803;54530;9450;17,33;610,87;55;0,00000000000000e+00;3,63636363636364e+00;16216;85,0;392,299035647059;19077,6470588235;24,6759383500000;54978,3;3,39037370498273;15,4344342634406;Lleida;112;0
25011;Alcarràs;Segrià;2021;406,3907895;98735;31990;32,40;796,47;158;6,32911392405063e-01;9,49367088600000e+00;14057;85,0;478,106811176471;16537,6470588235;34,6922492281426;71682,3;5,09940243295155;23,2146655451425;Lleida;165;0
25019;Almacelles;Segrià;2021;378,3472973;69416;14980;21,58;775,56;64;1,56250000000000e+00;4,06250000000000e+01;12926;85,0;445,114467411765;15207,0588235294;35,1243042500000;69800,4;5,40000000000000;24,5831145103821;Lleida;170;0
25023;Alpicat;Segrià;2021;510,2777778;63014;4140;6,57;1243,18;92;0,00000000000000e+00;2,28260869565217e+01;20306;85,0;600,326797411765;23889,4117647059;30,1552907199842;111886,2;5,51000689451394;25,0839130445984;Lleida;160;0
25040;Balaguer;Noguera;2021;378,0243125;173552;40750;23,48;638,02;137;0,00000000000000e+00;2,91970802919708e+00;14277;85,0;444,734485294118;16796,4705882353;31,7734240386636;57421,8;4,02197940743854;18,3097741354556;Lleida;145;0
25050;Bellpuig;Urgell;2021;381,7001370;51610;11700;22,67;718,38;95;1,05263157894737e+00;3,47368421052632e+01;14759;85,0;449,058984705882;17363,5294117647;31,0346340808998;64654,2;4,38066264652077;19,9426539760692;Lleida;123;0
25058;Borges Blanques, les;Garrigues;2021;363,7766667;61921;9220;14,89;708,76;40;2,50000000000000e+00;1,00000000000000e+01;15685;85,0;427,972549058824;18452,9411764706;27,8311762856232;63788,4;4,06684093100000;18,5140030181473;Lleida;125;0
25072;Cervera;Segarra;2021;350,8701714;93360;20670;22,14;1022,04;57;0,00000000000000e+00;2,10526315789474e+01;15666;85,0;412,788436941176;18430,5882352941;26,8763057372654;91983,6;5,87154347000000;26,7297824952029;Lleida;102;0
25110;Guissona;Segarra;2021;392,1134722;72634;38060;52,40;1106,04;40;1,00000000000000e+01;4,25000000000000e+01;15228;85,0;461,309967294118;17915,2941176471;30,8994067900000;99543,6;6,53687943262411;29,7586769690297;Lleida;110;0
25120;Lleida;Segrià;2021;468,0572627;1389238;269790;19,42;1197,01;1809;4,91984521835268e+03;2,78606965174129e+04;17744;85,0;550,655603176471;20875,2941176471;31,6540078471596;107730,9;6,07139878268710;27,6396095394429;Lleida;155;0
25137;Mollerussa;Pla d'Urgell;2021;393,8984282;149241;42250;28,31;901,54;193;1,03626943005181e+00;1,91709844559585e+01;16305;85,0;463,409915529412;19182,3529411765;28,9897647200000;81138,6;4,97630174793008;22,6542584643667;Lleida;135;0
25203;Seu d'Urgell, la;Alt Urgell;2021;438,4754132;122310;17050;13,94;1145,04;88;0,00000000000000e+00;1,81818181818182e+01;14827;85,0;515,853427294118;17443,5294117647;35,4873201483780;103053,6;6,95040129493492;31,6412057271284;Lleida;180;0
25207;Solsona;Solsonès;2021;360,5936508;92170;13420;14,56;913,60;74;0,00000000000000e+00;3,91891891891892e+01;16252;85,0;424,227824470588;19120,0000000000;26,6251772680285;82224,0;5,05931577651981;23,0321739034017;Lleida;115;0
25217;Tàrrega;Urgell;2021;378,7008716;176262;38760;21,99;1001,43;196;5,10204081632653e-01;4,03061224489796e+01;15902;85,0;445,530437176471;18708,2352941176;28,5776031895359;90128,7;5,66775877248145;25,8020672076175;Lleida;100;0
25234;Tremp;Pallars Jussà;2021;351,2658491;58706;9710;16,54;634,65;61;0,00000000000000e+00;0,00000000000000e+00;16743;85,0;413,253940117647;19697,6470588235;25,1758358072030;57118,5;3,41148539688228;15,5305437337136;Lleida;190;0
25243;Vielha e Mijaran;Val d'Aran;2021;605,4004412;56643;11810;20,85;2290,75;150;0,00000000000000e+00;1,53333333333333e+01;16732;85,0;712,235813176471;19684,7058823529;43,4186307339230;206167,5;12,32174874491991;56,0938815489858;Lleida;280;0
43004;Alcanar;Montsià;2021;396,4325862;95738;19990;20,88;1005,87;199;0,00000000000000e+00;7,03517587939699e+00;14403;85,0;466,391277882353;16944,7058823529;33,0291677733805;90528,3;6,28537804624037;28,6137348614387;Tarragona;190;1
43005;Alcover;Alt Camp;2021;488,1578788;51846;6180;11,92;880,09;22;0,00000000000000e+00;0,00000000000000e+00;16702;85,0;574,303386823529;19649,4117647059;35,0730124871273;79208,1;4,74243204406658;21,5895833327767;Tarragona;105;0
43012;Altafulla;Tarragonès;2021;698,5961667;54953;6380;11,61;2174,94;210;0,00000000000000e+00;3,42857142857143e+01;19325;85,0;821,877843176471;22735,2941176471;43,3798395880983;195744,6;10,12908667529107;46,1119440044937;Tarragona;88;1
43013;Ametlla de Mar, l';Baix Ebre;2021;412,4847727;71627;16990;23,72;1848,79;196;0,00000000000000e+00;2,55102040816327e+00;14102;85,0;485,276203176471;16590,5882352941;35,1001082995320;166391,1;11,79911360090767;53,7146223700000;Tarragona;144;1
43014;Amposta;Montsià;2021;345,6025817;212335;35290;16,62;679,92;248;8,06451612903226e-01;2,82258064500000e+00;14118;85,0;406,591272588235;16609,4117647059;29,3754850573736;61192,8;4,33438164045899;19,7319629998336;Tarragona;168;0
43016;Arboç, l';Baix Penedès;2021;465,3158586;56140;13670;24,35;911,74;46;2,17391304347826e+00;2,60869565217391e+01;14603;85,0;547,430421900000;17180,0000000000;38,2372820872423;82056,6;5,61916044648360;25,5808267977993;Tarragona;60;0
43037;Calafell;Baix Penedès;2021;581,7788966;283555;53280;18,79;1768,97;698;1,43266475644699e-01;3,25214899700000e+01;15420;85,0;684,445760705882;18141,1764705882;45,2746223035019;159207,3;10,32472762645914;47,0025854700000;Tarragona;62;1
43038;Cambrils;Baix Camp;2021;569,6769014;349691;67980;19,44;2039,94;871;0,00000000000000e+00;1,19402985074627e+01;16868;85,0;670,208119294118;19844,7058823529;40,5271687028693;183594,6;10,88419492530235;49,5495204100000;Tarragona;115;1
43043;Catllar, el;Tarragonès;2021;612,7777778;47497;3510;7,39;NA;NA;NA;NA;19453;85,0;720,915032705882;22885,8823529412;37,8005106338354;NA;NA;NA;Tarragona;92;0
43044;Sénia, la;Montsià;2021;250,8000000;55866;10190;18,24;575,26;44;0,00000000000000e+00;4,54545454545455e+00;13607;85,0;295,058823529412;16008,2352941176;22,1180274858529;51773,4;3,80490923789226;17,3215776845771;Tarragona;195;0
43047;Constantí;Tarragonès;2021;384,9969136;67618;13510;19,98;863,94;122;1,39344262295082e+01;2,62295081967213e+01;13666;85,0;452,937545411765;16077,6470588235;33,8062561334699;77754,6;5,68963851895214;25,9016731914966;Tarragona;95;0
43051;Cunit;Baix Penedès;2021;577,7440702;139865;22770;16,28;1777,37;383;2,61096605744125e-01;1,48825065274151e+01;15077;85,0;679,698906117647;17737,6470588235;45,9834771002189;159963,3;10,60975658287458;48,3001594452012;Tarragona;55;1
43086;Montblanc;Conca de Barberà;2021;409,6451685;74705;10780;14,43;997,04;67;2,98507462686567e+00;2,98507462686567e+00;17445;85,0;481,935492352941;20523,5294117647;28,1785154600172;89733,6;5,14380051590714;23,4167846483533;Tarragona;114;0
43092;Mont-roig del Camp;Baix Camp;2021;515,7259447;128100;34190;26,69;1617,10;623;0,00000000000000e+00;1,92616372391653e+00;14519;85,0;606,736405529412;17081,1764705882;42,6249145009987;145539,0;10,02403746814519;45,6337149881063;Tarragona;120;1
43093;Móra d'Ebre;Ribera d'Ebre;2021;368,2425926;56429;11060;19,60;816,03;48;0,00000000000000e+00;3,54166666666667e+01;16055;85,0;433,226579529412;18888,2352941176;27,5235821314232;73442,7;4,57444409800000;20,8248302023327;Tarragona;150;0
43100;Pallaresos, els;Tarragonès;2021;607,5000000;48822;1450;2,97;NA;NA;NA;NA;19385;85,0;714,705882352941;22805,8823529412;37,6063966984782;NA;NA;NA;Tarragona;95;0
43123;Reus;Baix Camp;2021;477,1589377;1059545;177050;16,71;1207,93;1442;2,01109570041609e+03;1,06102635228849e+04;16532;85,0;561,363456100000;19449,4117647059;34,6352967100000;108713,7;6,57595572223566;29,9365689879485;Tarragona;108;0
43129;Riudoms;Baix Camp;2021;448,8093407;66618;9200;13,81;1229,79;66;0,00000000000000e+00;1,96969696969697e+01;14966;85,0;528,010989058823;17607,0588235294;35,9863162394761;110681,1;7,39550314000000;33,6675001043731;Tarragona;115;0
43131;Roda de Berà;Tarragonès;2021;530,7011765;71536;9550;13,35;1455,82;275;0,00000000000000e+00;1,67272727272727e+01;16125;85,0;624,354325294118;18970,5882352941;39,4940410418605;131023,8;8,12550697674419;36,9907904563354;Tarragona;75;1
43133;Roquetes;Baix Ebre;2021;370,1250993;81688;12000;14,69;758,83;53;0,00000000000000e+00;5,66037735849057e+00;15048;85,0;435,441293294118;17703,5294117647;29,5155581578947;68294,7;4,53845693779904;20,6610012226578;Tarragona;178;0
43136;Ràpita, la;Montsià;2021;372,6021127;149878;24580;16,40;947,52;332;0,00000000000000e+00;1,20481927710843e+00;14578;85,0;438,355426705882;17150,5882352941;30,6710478282343;85276,8;5,84969131568116;26,6303021229218;Tarragona;180;1
43145;Selva del Camp, la;Baix Camp;2021;506,1598413;57042;4050;7,10;1123,47;23;0,00000000000000e+00;0,00000000000000e+00;16977;85,0;595,482166235294;19972,9411764706;35,7773346032868;101112,3;5,95584025446192;27,1135375890705;Tarragona;116;0
43148;Tarragona;Tarragonès;2021;539,9582117;1361514;255420;18,76;1508,55;1850;2,70270270270270e+02;1,81081081081081e+04;17145;85,0;635,244954941177;20170,5882352941;37,7923507800000;135769,5;7,91889763779528;36,0502161899844;Tarragona;98;1
43153;Torredembarra;Tarragonès;2021;551,4682103;170226;29330;17,23;1707,75;447;0,00000000000000e+00;2,90827740492170e+01;15456;85,0;648,786129800000;18183,5294117647;42,8158548369565;153697,5;9,94419642857143;45,2702443550563;Tarragona;84;1
43155;Tortosa;Baix Ebre;2021;378,3031047;336820;63120;18,74;816,63;374;0,00000000000000e+00;8,28877005347594e+00;15816;85,0;445,062476117647;18607,0588235294;28,7028152276176;73496,7;4,64698406700000;21,1550632298657;Tarragona;175;0
43156;Ulldecona;Montsià;2021;293,0241071;64008;16130;25,20;551,22;82;0,00000000000000e+00;1,95121951219512e+01;13177;85,0;344,734243647059;15502,3529411765;26,6850518722016;49609,8;3,76487819685816;17,1393392279639;Tarragona;198;0
43161;Valls;Alt Camp;2021;438,5427083;245849;39090;15,90;1211,17;67;0,00000000000000e+00;1,64179104477612e+01;16997;85,0;515,932598000000;19996,4705882353;30,9614196599400;109005,3;6,41320821321410;29,1956725711788;Tarragona;101;0
43162;Vandellòs i l'Hospitalet de l'Infant;Baix Camp;2021;473,9719626;66074;10400;15,74;1586,43;89;0,00000000000000e+00;1,57303370786517e+01;16189;85,0;557,614073647059;19045,8823529412;35,1328899326703;142778,7;8,81948854160232;40,1500919891135;Tarragona;132;1
43163;Vendrell, el;Baix Penedès;2021;540,0810247;388743;59400;15,28;1495,36;925;0,00000000000000e+00;4,21621621621622e+00;16167;85,0;635,389440823529;19020,0000000000;40,0876618816107;134582,4;8,32451289664131;37,8967507002382;Tarragona;65;1
43171;Vila-seca;Tarragonès;2021;494,6920375;227844;36250;15,91;2199,12;481;0,00000000000000e+00;1,66320166320166e+00;14965;85,0;581,990632352941;17605,8823529412;39,6679214834614;197920,8;13,22557968593384;60,2085073862028;Tarragona;106;1
43901;Deltebre;Baix Ebre;2021;355,6200000;115606;11260;9,74;818,04;193;0,00000000000000e+00;1,65803108808290e+01;14085;85,0;418,376470588235;16570,5882352941;30,2977635782748;73623,6;5,22709265175719;23,7959661508378;Tarragona;170;1
43905;Salou;Tarragonès;2021;517,8376634;283104;92660;32,73;1898,46;874;0,00000000000000e+00;1,37299771167048e+01;14744;85,0;609,220780470588;17345,8823529412;42,1463100976668;170861,4;11,58853771025502;52,7559906553853;Tarragona;110;1
43907;Canonja, la;Tarragonès;2021;399,1072727;59691;4250;7,12;NA;NA;NA;NA;15348;85,0;469,537967900000;18056,4705882353;31,2046343002346;NA;NA;NA;Tarragona;100;0
08001;Abrera;Baix Llobregat;2020;695,8543066;NA;NA;NA;1672,14;97;0,00000000000000e+00;8,24742268000000e+00;18161;82,6;842,438627845036;21986,6828087167;45,9790302252079;150492,6;8,28658113540003;37,7240690650206;Barcelona;35;0
08003;Alella;Maresme;2020;1149,6785710;NA;NA;NA;3148,07;79;0,00000000000000e+00;1,64556962025316e+01;26625;82,6;1391,862676755448;32233,6561743341;51,8164989746479;283326,3;10,64136338028169;48,4440471340837;Barcelona;18;0
08005;Ametlla del Vallès, l';Vallès Oriental;2020;978,3333333;NA;NA;NA;1555,04;106;0,00000000000000e+00;3,20754716981132e+01;23072;82,6;1184,422921670702;27932,2033898305;50,8841886251734;139953,6;6,06595006934813;27,6148046609343;Barcelona;35;0
08006;Arenys de Mar;Maresme;2020;694,9579331;NA;NA;NA;2350,19;168;5,95238095238095e-01;2,32142857142857e+01;17723;82,6;841,353429903148;21456,4164648910;47,0546476172206;211517,1;11,93461039327428;54,3314618397515;Barcelona;40;1
08007;Arenys de Munt;Maresme;2020;645,2225161;NA;NA;NA;2060,47;110;0,00000000000000e+00;3,81818181818182e+01;18216;82,6;781,141060653753;22053,2687651332;42,5047770816864;185442,3;10,18018774703557;46,3445779856601;Barcelona;45;0
08009;Argentona;Maresme;2020;767,0045349;NA;NA;NA;1973,68;93;0,00000000000000e+00;3,44086021505376e+01;18614;82,6;928,576918765133;22535,1089588378;49,4469454109810;177631,2;9,54288170194477;43,4432877107294;Barcelona;35;0
08010;Artés;Bages;2020;375,5181818;NA;NA;NA;1229,69;78;0,00000000000000e+00;2,82051282051282e+01;16814;82,6;454,622496100000;20355,9322033898;26,8003936100868;110672,1;6,58213988343048;29,9647219403194;Barcelona;72;0
08015;Badalona;Barcelonès;2020;736,7755932;NA;NA;NA;2510,51;1919;2,34497133923919e+03;4,07503908285565e+04;16507;82,6;891,980137046005;19984,2615012107;53,5609566753498;225945,9;13,68788392803053;62,3131144458507;Barcelona;10;1
08019;Barcelona;Barcelonès;2020;964,8080379;NA;NA;NA;4170,39;9861;2,12960146029814e+02;8,90376229591319e+03;21121;82,6;1168,048472033898;25570,2179176755;54,8160430604611;375335,1;17,77070687940912;80,8998744716574;Barcelona;0;1
08020;Begues;Baix Llobregat;2020;921,0515702;NA;NA;NA;2118,23;57;0,00000000000000e+00;3,50877192982456e+00;21538;82,6;1115,074540193705;26075,0605326877;51,3168299860711;190640,7;8,85136502925063;40,2952074235667;Barcelona;32;0
08022;Berga;Berguedà;2020;394,8532881;NA;NA;NA;1232,94;149;0,00000000000000e+00;2,34899328859060e+01;16797;82,6;478,030615133172;20335,3510895884;28,2088435863547;110964,6;6,60621539560636;30,0743239908223;Barcelona;108;0
08023;Bigues i Riells del Fai;Vallès Oriental;2020;728,9714286;NA;NA;NA;1398,79;109;0,00000000000000e+00;1,37614678899083e+01;19012;82,6;882,531995883777;23016,9491525424;46,0112410200000;125891,1;6,62166526404376;30,1446584139643;Barcelona;41;0
08029;Cabrera de Mar;Maresme;2020;970,4086957;NA;NA;NA;NA;NA;NA;NA;24439;82,6;1174,828929418886;29587,1670702179;47,6488577617742;NA;NA;NA;Barcelona;28;1
08030;Cabrils;Maresme;2020;1298,0439130;NA;NA;NA;2096,65;66;0,00000000000000e+00;7,57575757575758e+00;25912;82,6;1571,481734866828;31370,4600484262;60,1131790521766;188698,5;7,28228234022847;33,1520704938463;Barcelona;27;0
08033;Caldes de Montbui;Vallès Oriental;2020;682,3408596;NA;NA;NA;1855,86;142;0,00000000000000e+00;3,73239436619718e+01;18174;82,6;826,078522500000;22002,4213075061;45,0538698976560;167027,4;9,19045889700000;41,8389080510966;Barcelona;34;0
08035;Calella;Maresme;2020;586,2334772;NA;NA;NA;1921,64;235;0,00000000000000e+00;1,70212765957447e+01;14391;82,6;709,725759300000;17422,5181598063;48,8833418553263;172947,6;12,01776110068793;54,7099994993754;Barcelona;50;1
08040;Canet de Mar;Maresme;2020;651,0001423;NA;NA;NA;1938,07;161;0,00000000000000e+00;2,79503105590062e+01;16871;82,6;788,135765496368;20424,9394673123;46,3043192910912;174426,3;10,33882402000000;47,0667582825917;Barcelona;43;1
08041;Canovelles;Vallès Oriental;2020;598,3262963;NA;NA;NA;1335,28;86;2,32558139534884e+00;1,86046511600000e+01;14660;82,6;724,365976200000;17748,1840193705;48,9762316207367;120175,2;8,19748976807640;37,3184869800000;Barcelona;31;0
08043;Canyelles;Garraf;2020;699,4018182;NA;NA;NA;NA;NA;NA;NA;18196;82,6;846,733436077482;22029,0556900726;46,1245428577709;NA;NA;NA;Barcelona;46;0
08044;Capellades;Anoia;2020;483,7000000;NA;NA;NA;979,42;48;0,00000000000000e+00;2,08333333333333e+00;16653;82,6;585,593220338983;20161,0169491525;34,8549810844893;88147,8;5,29320843091335;24,0969535156413;Barcelona;60;0
08046;Cardedeu;Vallès Oriental;2020;696,5383378;NA;NA;NA;2242,46;135;0,00000000000000e+00;2,66666666666667e+01;18089;82,6;843,266752784504;21899,5157384988;46,2074191696611;201821,4;11,15713416993753;50,7920568346799;Barcelona;39;0
08051;Castellar del Vallès;Vallès Occidental;2020;442,2833333;NA;NA;NA;2124,10;239;0,00000000000000e+00;1,25523012552301e+01;18855;82,6;535,451977360775;22826,8765133172;28,1485017215593;191169,0;10,13890214797136;46,1566282431739;Barcelona;34;0
08054;Castellbisbal;Vallès Occidental;2020;620,3571429;NA;NA;NA;1824,77;92;0,00000000000000e+00;2,17391304347826e+00;18260;82,6;751,037703268765;22106,5375302663;40,7682678795181;164229,3;8,99393756800000;40,9442587304764;Barcelona;29;0
08056;Castelldefels;Baix Llobregat;2020;617,5478947;NA;NA;NA;3661,44;514;0,00000000000000e+00;4,86381322957198e+00;20816;82,6;747,636676392252;25200,9685230024;35,6003782494235;329529,6;15,83059185242121;72,0676393102209;Barcelona;22;1
08067;Centelles;Osona;2020;547,1123226;NA;NA;NA;1773,24;53;0,00000000000000e+00;3,58490566037736e+01;17652;82,6;662,363586682809;21370,4600484262;37,1932238341264;159591,6;9,04099252209382;41,1584730478038;Barcelona;54;0
08068;Cervelló;Baix Llobregat;2020;829,3608247;NA;NA;NA;1783,02;124;0,00000000000000e+00;1,69354838709677e+01;19693;82,6;1004,068795036320;23841,4043583535;50,5373985497385;160471,8;8,14867211699589;37,0962481036422;Barcelona;25;0
08072;Corbera de Llobregat;Baix Llobregat;2020;717,3090129;NA;NA;NA;1589,10;164;0,00000000000000e+00;1,82926829268293e+01;18949;82,6;868,412848547216;22940,6779661017;45,4256591630165;143019,0;7,54757506992453;34,3597967073445;Barcelona;30;0
08073;Cornellà de Llobregat;Baix Llobregat;2020;699,5773783;NA;NA;NA;2947,92;495;1,01010101010101e+00;1,01010101010101e+00;16656;82,6;846,945978571429;20164,6489104116;50,4018284077810;265312,8;15,92896253602305;72,5154648200000;Barcelona;12;0
08074;Cubelles;Garraf;2020;696,4958188;NA;NA;NA;1890,08;320;0,00000000000000e+00;2,40625000000000e+01;17365;82,6;843,215276997579;21023,0024213075;48,1310096492946;170107,2;9,79598042038583;44,5955015584826;Barcelona;50;1
08075;Dosrius;Maresme;2020;862,8873239;NA;NA;NA;1670,01;66;0,00000000000000e+00;2,12121212121212e+01;17914;82,6;1044,657777118644;21687,6513317191;57,8019866406163;150300,9;8,39013620600000;38,1954961328972;Barcelona;39;0
08076;Esparreguera;Baix Llobregat;2020;614,1813580;NA;NA;NA;1666,20;219;0,00000000000000e+00;0,00000000000000e+00;17844;82,6;743,560966100000;21602,9055690073;41,3033865501009;149958,0;8,40383322100000;38,2578508155857;Barcelona;39;0
08077;Esplugues de Llobregat;Baix Llobregat;2020;912,1379235;NA;NA;NA;3476,94;246;0,00000000000000e+00;1,05691056910569e+01;20673;82,6;1104,283200363196;25027,8450363196;52,9466215933827;312924,6;15,13687418371789;68,9095391458489;Barcelona;8;0
08086;Franqueses del Vallès, les;Vallès Oriental;2020;641,3321053;NA;NA;NA;2048,39;123;3,25203252032520e+00;2,68292682926829e+01;16803;82,6;776,431120217918;20342,6150121065;45,8012572969113;184355,1;10,97155865024103;49,9472375289349;Barcelona;35;0
08088;Garriga, la;Vallès Oriental;2020;728,6237905;NA;NA;NA;2031,52;150;0,00000000000000e+00;3,06666666666667e+01;18990;82,6;882,111126513317;22990,3147699758;46,0425775987362;182836,8;9,62805687203792;43,8310415900000;Barcelona;38;0
08089;Gavà;Baix Llobregat;2020;937,6423241;NA;NA;NA;3045,60;422;7,10900473933649e-01;4,28909952606635e+01;19126;82,6;1135,160198668281;23154,9636803874;58,8293835051762;274104,0;14,33148593537593;65,2430666400000;Barcelona;20;1
08091;Gelida;Alt Penedès;2020;584,0866867;NA;NA;NA;1295,96;62;0,00000000000000e+00;1,61290322580645e+00;16856;82,6;707,126739300000;20406,7796610169;41,5818713834836;116636,4;6,91957759848125;31,5008830494333;Barcelona;35;0
08092;Gironella;Berguedà;2020;350,8295455;NA;NA;NA;NA;NA;NA;NA;16904;82,6;424,733105932203;20464,8910411622;24,9050789517274;NA;NA;NA;Barcelona;94;0
08096;Granollers;Vallès Oriental;2020;685,8600746;NA;NA;NA;2110,63;489;8,17995910000000e-01;2,06543967280164e+01;18027;82,6;830,339073365617;21824,4552058111;45,6555216907971;189956,7;10,53734398402396;47,9705062582495;Barcelona;30;0
08101;Hospitalet de Llobregat, l';Barcelonès;2020;702,8441408;NA;NA;NA;2586,06;2127;4,09026798307475e+03;2,11565585331453e+04;15507;82,6;850,900896852300;18773,6077481840;54,3891770787386;232745,4;15,00905397562391;68,3276467700000;Barcelona;0;0
08102;Igualada;Anoia;2020;492,2373032;NA;NA;NA;1252,83;365;2,73972603000000e-01;9,31506849315068e+00;16416;82,6;595,928938498789;19874,0920096852;35,9822590058480;112754,7;6,86858552600000;31,2687452810693;Barcelona;65;0
08105;Llagosta, la;Vallès Oriental;2020;578,7039216;NA;NA;NA;1801,36;78;6,41025641000000e+00;1,53846153846154e+01;15695;82,6;700,610074576271;19001,2106537530;44,2462380324944;162122,4;10,32955718381650;47,0245716835743;Barcelona;19;0
08106;Llinars del Vallès;Vallès Oriental;2020;641,0324651;NA;NA;NA;1786,53;68;0,00000000000000e+00;4,41176470588235e+00;17627;82,6;776,068359700000;21340,1937046005;43,6398115459239;160787,7;9,12167129971067;41,5257574234914;Barcelona;41;0
08107;Lliçà d'Amunt;Vallès Oriental;2020;898,6177000;NA;NA;NA;1442,61;123;0,00000000000000e+00;1,54471544715447e+01;18700;82,6;1087,914891041162;22639,2251815981;57,6653069518717;129834,9;6,94304278074866;31,6077066165975;Barcelona;32;0
08108;Lliçà de Vall;Vallès Oriental;2020;829,8648649;NA;NA;NA;1548,54;48;0,00000000000000e+00;6,25000000000000e+00;21780;82,6;1004,679013196126;26368,0387400000;45,7225820881543;139368,6;6,39892561983471;29,1306520844101;Barcelona;28;0
08110;Malgrat de Mar;Maresme;2020;547,8186245;NA;NA;NA;1638,11;45;0,00000000000000e+00;8,88888888900000e+00;15114;82,6;663,218673728814;18297,8208232446;43,4949285033744;147429,9;9,75452560539897;44,4067814725884;Barcelona;62;1
08112;Manlleu;Osona;2020;451,5600664;NA;NA;NA;975,17;152;0,00000000000000e+00;3,94736842105263e+00;15655;82,6;546,682889104116;18952,7845036320;34,6133554570425;87765,3;5,60621526668796;25,5218947908968;Barcelona;78;0
08113;Manresa;Bages;2020;483,4062900;NA;NA;NA;1103,45;618;8,09061488673139e-01;2,60517799352751e+01;16531;82,6;585,237639225182;20013,3171912833;35,0908927469603;99310,5;6,00753130482124;27,3488574057641;Barcelona;55;0
08114;Martorell;Baix Llobregat;2020;626,4723750;NA;NA;NA;1704,61;206;0,00000000000000e+00;0,00000000000000e+00;15640;82,6;758,441131961259;18934,6246973366;48,0669341432225;153414,9;9,80913682864450;44,6553951678841;Barcelona;32;0
08118;Masnou, el;Maresme;2020;846,5929422;NA;NA;NA;2992,77;166;0,00000000000000e+00;2,10843373493976e+01;20690;82,6;1024,930922760291;25048,4261501211;49,1015722880619;269349,3;13,01833252779120;59,2650294935043;Barcelona;19;1
08119;Masquefa;Anoia;2020;585,3800000;NA;NA;NA;1528,05;71;0,00000000000000e+00;1,12676056338028e+01;15898;82,6;708,692493946731;19246,9733656174;44,1851805258523;137524,5;8,65042772675808;39,3804546982738;Barcelona;46;0
08120;Matadepera;Vallès Occidental;2020;1059,0359630;NA;NA;NA;2715,97;57;0,00000000000000e+00;0,00000000000000e+00;28239;82,6;1282,125863196126;34187,6513317191;45,0031217677680;244437,3;8,65601827300000;39,4059052591348;Barcelona;32;0
08121;Mataró;Maresme;2020;654,1040585;NA;NA;NA;2272,60;908;1,10132158590308e-01;1,26651982378855e+01;15770;82,6;791,893533292978;19092,0096852300;49,7732955104629;204534,0;12,96981610653139;59,0441619491592;Barcelona;31;1
08123;Molins de Rei;Baix Llobregat;2020;775,0435062;NA;NA;NA;3038,80;246;8,94308943100000e+00;5,08130081300813e+01;19952;82,6;938,309329539952;24154,9636803874;46,6144851363272;273492,0;13,70749799518845;62,4024060863983;Barcelona;18;0
08124;Mollet del Vallès;Vallès Oriental;2020;651,0288210;NA;NA;NA;1996,72;273;1,46520146520147e+00;1,50183150183150e+01;16713;82,6;788,170485500000;20233,6561743341;46,7441264404954;179704,8;10,75239633817986;48,9495167486091;Barcelona;23;0
08125;Montcada i Reixac;Vallès Occidental;2020;649,0049745;NA;NA;NA;1974,29;245;1,22448979591837e+00;1,38775510204082e+01;16137;82,6;785,720308111380;19536,3196100000;48,2621286112660;177686,1;11,01109871723369;50,1272408612736;Barcelona;14;0
08126;Montgat;Maresme;2020;926,7510000;NA;NA;NA;3011,48;97;1,03092783505155e+00;3,09278350515464e+01;19414;82,6;1121,974576271186;23503,6319612591;57,2834655403317;271033,2;13,96070876686927;63,5551300485265;Barcelona;15;1
08135;Montmeló;Vallès Oriental;2020;607,9261404;NA;NA;NA;1784,58;47;2,12765957446809e+00;3,82978723404255e+01;16980;82,6;735,988063438257;20556,9007263923;42,9629781201414;160612,2;9,45890459363958;43,0609879200410;Barcelona;24;0
08136;Montornès del Vallès;Vallès Oriental;2020;598,0576498;NA;NA;NA;1729,98;144;2,77777777777778e+00;4,30555555555556e+01;16260;82,6;724,040738256659;19685,2300242131;44,1370959261993;155698,2;9,57553505535056;43,5919397710853;Barcelona;26;0
08138;Moià;Moianès;2020;463,6708861;NA;NA;NA;1402,70;81;0,00000000000000e+00;3,58024691358025e+01;16155;82,6;561,344898426150;19558,1113801453;34,4416628486537;126243,0;7,81448467966574;35,5748836500000;Barcelona;55;0
08140;Navarcles;Bages;2020;458,4875000;NA;NA;NA;1525,37;33;0,00000000000000e+00;1,81818181818182e+01;17618;82,6;555,069612590799;21329,2978208232;31,2285730502895;137283,3;7,79221818594619;35,4735170300000;Barcelona;60;0
08141;Navàs;Bages;2020;386,7474545;NA;NA;NA;777,27;29;0,00000000000000e+00;2,06896551724138e+01;17283;82,6;468,217257263923;20923,7288135593;26,8528001735810;69954,3;4,04757854539143;18,4263123835414;Barcelona;80;0
08147;Olesa de Montserrat;Baix Llobregat;2020;610,3287296;NA;NA;NA;1617,58;228;0,00000000000000e+00;1,00877192982456e+01;16812;82,6;738,896767100000;20353,5108958838;43,5637922626695;145582,2;8,65942184154176;39,4213997637639;Barcelona;38;0
08155;Palafolls;Maresme;2020;582,8353947;NA;NA;NA;1458,46;31;0,00000000000000e+00;0,00000000000000e+00;15548;82,6;705,611857990315;18823,2445520581;44,9834366889632;131261,4;8,44233341908927;38,4331202178329;Barcelona;60;0
08156;Palau-solità i Plegamans;Vallès Occidental;2020;769,7774627;NA;NA;NA;2154,80;90;0,00000000000000e+00;7,77777777777778e+00;18336;82,6;931,933974213075;22198,5472154964;50,3781061976440;193932,0;10,57657068062827;48,1490829942657;Barcelona;28;0
08157;Pallejà;Baix Llobregat;2020;755,8003810;NA;NA;NA;2382,72;110;9,09090909090909e-01;3,36363636363636e+01;19699;82,6;915,012567796610;23848,6682808717;46,0409389900000;214444,8;10,88607543530128;49,5580812953091;Barcelona;22;0
08159;Parets del Vallès;Vallès Oriental;2020;692,2192917;NA;NA;NA;2167,75;124;0,00000000000000e+00;1,12903225806452e+01;18181;82,6;838,037883414044;22010,8958837772;45,6885292360156;195097,5;10,73084538804246;48,8514075865655;Barcelona;25;0
08161;Piera;Anoia;2020;592,6500588;NA;NA;NA;1142,94;164;0,00000000000000e+00;1,34146341463415e+01;15632;82,6;717,494017917676;18924,9394673123;45,4951426919140;102864,6;6,58038638689867;29,9567392725351;Barcelona;50;0
08163;Pineda de Mar;Maresme;2020;564,8120225;NA;NA;NA;1748,26;87;1,14942528735632e+00;1,37931034482759e+01;14160;82,6;683,791794800000;17142,8571428571;47,8654256355932;157343,4;11,11182203389830;50,5857765700573;Barcelona;55;1
08167;Polinyà;Vallès Occidental;2020;680,5572358;NA;NA;NA;1827,92;66;0,00000000000000e+00;3,03030303030303e+00;16879;82,6;823,919171670702;20434,6246973366;48,3837124805972;164512,8;9,74659636234374;44,3706841596241;Barcelona;25;0
08169;Prat de Llobregat, el;Baix Llobregat;2020;750,3256561;NA;NA;NA;2761,88;553;1,80831826401447e-01;4,52079566003617e+01;17371;82,6;908,384571549637;21030,2663438257;51,8329852812158;248569,2;14,30943526567267;65,1426825398021;Barcelona;11;1
08172;Premià de Mar;Maresme;2020;796,2599624;NA;NA;NA;2791,70;178;0,00000000000000e+00;3,37078651685393e+00;18133;82,6;963,995111864407;21952,7845036320;52,6946426338719;251253,0;13,85611867865218;63,0789911382872;Barcelona;22;1
08180;Ripollet;Vallès Occidental;2020;0,0000000;NA;NA;NA;2545,34;333;0,00000000000000e+00;5,70570570570571e+00;16055;82,6;0,000000000000;19437,0460048426;0,0000000000000;229080,6;14,26848956711305;64,9562801700987;Barcelona;16;0
08181;Roca del Vallès, la;Vallès Oriental;2020;0,0000000;NA;NA;NA;1833,06;67;0,00000000000000e+00;8,95522388059701e+00;19653;82,6;0,000000000000;23792,9782082324;0,0000000000000;164975,4;8,39441306670737;38,2149662345028;Barcelona;36;0
08183;Roda de Ter;Osona;2020;0,0000000;NA;NA;NA;794,02;101;0,00000000000000e+00;3,56435643564356e+01;17063;82,6;0,000000000000;20657,3849878935;0,0000000000000;71461,8;4,18811463400000;19,0660928945023;Barcelona;79;0
08184;Rubí;Vallès Occidental;2020;0,0000000;NA;NA;NA;2037,76;585;8,54700854700855e-01;2,03418803418803e+01;16303;82,6;0,000000000000;19737,2881355932;0,0000000000000;183398,4;11,24936514751886;51,2119317760292;Barcelona;24;0
08187;Sabadell;Vallès Occidental;2020;0,0000000;NA;NA;NA;2110,61;1962;1,52905198776758e+03;1,78389398572885e+04;17477;82,6;0,000000000000;21158,5956416465;0,0000000000000;189954,9;10,86885048921440;49,4796659578852;Barcelona;26;0
08191;Sallent;Bages;2020;498,1250000;NA;NA;NA;1220,02;35;0,00000000000000e+00;2,85714285714286e+01;17606;82,6;603,056900726392;21314,7699757869;33,9514938089288;109801,8;6,23661251845962;28,3917332774399;Barcelona;68;0
08192;Santpedor;Bages;2020;505,5357732;NA;NA;NA;1470,43;58;0,00000000000000e+00;3,10344827586207e+01;18629;82,6;612,028781113802;22553,2687651332;32,5644386623007;132338,7;7,10390788555478;32,3400335200000;Barcelona;65;0
08194;Sant Adrià de Besòs;Barcelonès;2020;0,0000000;NA;NA;NA;2817,54;258;2,32558139534884e+00;2,51937984500000e+01;15015;82,6;0,000000000000;18177,9661016949;0,0000000000000;253578,6;16,88835164835165;76,8830152709313;Barcelona;8;1
08196;Sant Andreu de la Barca;Baix Llobregat;2020;1056,9714360;NA;NA;NA;2174,32;178;0,00000000000000e+00;5,61797752808989e-01;16548;82,6;1279,626435835351;20033,8983050847;76,6476748368383;195688,8;11,82552574329224;53,8348617579305;Barcelona;27;0
08197;Sant Andreu de Llavaneres;Maresme;2020;0,0000000;NA;NA;NA;2358,46;129;0,00000000000000e+00;1,39534883720930e+01;22164;82,6;0,000000000000;26832,9297820823;0,0000000000000;212261,4;9,57685435841906;43,5979458041237;Barcelona;36;1
08198;Sant Antoni de Vilamajor;Vallès Oriental;2020;563,7500000;NA;NA;NA;1674,04;56;0,00000000000000e+00;0,00000000000000e+00;20179;82,6;682,506053268765;24429,7820823245;33,5249516824421;150663,6;7,46635611279052;33,9900532029669;Barcelona;44;0
08200;Sant Boi de Llobregat;Baix Llobregat;2020;0,0000000;NA;NA;NA;2539,33;451;0,00000000000000e+00;2,50554323725055e+01;17073;82,6;0,000000000000;20669,4915254237;0,0000000000000;228539,7;13,38603057459146;60,9389486027144;Barcelona;15;0
08202;Sant Celoni;Vallès Oriental;2020;574,8725080;NA;NA;NA;1508,42;102;0,00000000000000e+00;2,05882352941176e+01;16447;82,6;695,971559300000;19911,6222760291;41,9436377211650;135757,8;8,25425913540463;37,5769254674111;Barcelona;52;0
08205;Sant Cugat del Vallès;Vallès Occidental;2020;1177,8465030;NA;NA;NA;3710,59;1109;1,80342651036970e+02;5,09467989200000e+04;25426;82,6;1425,964289346247;30782,0823244552;55,5893889561866;333953,1;13,13431526783607;59,7930326379027;Barcelona;17;0
08208;Sant Esteve Sesrovires;Baix Llobregat;2020;778,4667544;NA;NA;NA;1485,06;88;0,00000000000000e+00;0,00000000000000e+00;19993;82,6;942,453697820823;24204,6004842615;46,7243587895764;133655,4;6,68510978842595;30,4334850821021;Barcelona;38;0
08209;Sant Fost de Campsentelles;Vallès Oriental;2020;807,9559459;NA;NA;NA;1699,50;89;2,24719101123596e+00;2,58426966292135e+01;19257;82,6;978,154898184019;23313,5593200000;50,3477766568001;152955,0;7,94282598535597;36,1591482840823;Barcelona;22;0
08210;Sant Feliu de Codines;Vallès Oriental;2020;589,3610476;NA;NA;NA;1361,01;70;0,00000000000000e+00;3,42857142857143e+01;16815;82,6;713,512164200000;20357,1428571429;42,0596644139161;122490,9;7,28462087421945;33,1627165028994;Barcelona;39;0
08211;Sant Feliu de Llobregat;Baix Llobregat;2020;817,8293849;NA;NA;NA;2977,75;399;1,75438596491228e+00;5,28822055137845e+01;19285;82,6;990,108214200000;23347,4576271186;50,8890465066114;267997,5;13,89668135856884;63,2636498429612;Barcelona;16;0
08213;Sant Fruitós de Bages;Bages;2020;526,6641379;NA;NA;NA;1433,09;73;8,21917808200000e+00;3,42465753424658e+01;18870;82,6;637,607915100000;22845,0363196126;33,4921550333863;128978,1;6,83508744038156;31,1162476361805;Barcelona;57;0
08214;Vilassar de Dalt;Maresme;2020;844,4875397;NA;NA;NA;2224,05;77;0,00000000000000e+00;6,49350649350649e+00;22372;82,6;1022,382009322034;27084,7457627119;45,2970251939925;200164,5;8,94709905238691;40,7310297297331;Barcelona;26;0
08217;Sant Joan Despí;Baix Llobregat;2020;861,9821064;NA;NA;NA;3012,90;194;1,54639175257732e+00;1,90721649484536e+01;19920;82,6;1043,561872154964;24116,2227602906;51,9266329156627;271161,0;13,61250000000000;61,9699344949216;Barcelona;11;0
08218;Sant Joan de Vilatorrada;Bages;2020;463,5190598;NA;NA;NA;1190,65;82;1,21951219512195e+00;3,41463414634146e+01;16746;82,6;561,161089300000;20273,6077481840;33,2152676316732;107158,5;6,39905051952705;29,1312206813433;Barcelona;58;0
08219;Vilassar de Mar;Maresme;2020;884,0678922;NA;NA;NA;3043,70;117;0,00000000000000e+00;8,54700854700855e-01;21163;82,6;1070,300111622276;25621,0653753027;50,1290682152814;273933,0;12,94395879601191;58,9264483888942;Barcelona;24;1
08221;Sant Just Desvern;Baix Llobregat;2020;1251,5395090;NA;NA;NA;3703,15;444;9,23423423423424e+00;8,13063063063063e+01;27030;82,6;1515,181003631961;32723,9709443099;55,5622423529412;333283,5;12,33013318534961;56,1320511155022;Barcelona;10;0
08230;Premià de Dalt;Maresme;2020;1083,6059520;NA;NA;NA;2742,76;94;0,00000000000000e+00;3,19148936170213e+00;25437;82,6;1311,871612590799;30795,3995200000;51,1195165467626;246848,4;9,70430475291898;44,1781546267875;Barcelona;24;0
08231;Sant Pere de Ribes;Garraf;2020;763,9437269;NA;NA;NA;2088,61;317;0,00000000000000e+00;1,04100946372240e+01;16933;82,6;924,871340072639;20500,0000000000;54,1388101505935;187974,9;11,10109844681982;50,5369582054068;Barcelona;42;0
08234;Sant Pere de Vilamajor;Vallès Oriental;2020;859,5652174;NA;NA;NA;NA;NA;NA;NA;18493;82,6;1040,635856416465;22388,6198547215;55,7766863613259;NA;NA;NA;Barcelona;46;0
08235;Sant Pol de Mar;Maresme;2020;765,7316667;NA;NA;NA;2706,93;58;0,00000000000000e+00;1,20689655172414e+01;19253;82,6;927,035916100000;23308,7167070218;47,7264841863606;243623,7;12,65380460188022;57,6055421333374;Barcelona;48;1
08238;Sant Quirze del Vallès;Vallès Occidental;2020;902,3122353;NA;NA;NA;2483,49;151;0,00000000000000e+00;9,27152317880795e+00;22685;82,6;1092,387694067797;27463,6803874092;47,7308654300000;223514,1;9,85294688100000;44,8548373046719;Barcelona;25;0
08240;Sant Sadurní d'Anoia;Alt Penedès;2020;592,2465587;NA;NA;NA;1691,94;57;1,75438596491228e+00;2,98245614035088e+01;18162;82,6;717,005519000000;21987,8934624697;39,1309255830856;152274,6;8,38424182358771;38,1686623762948;Barcelona;42;0
08244;Santa Coloma de Cervelló;Baix Llobregat;2020;767,5006944;NA;NA;NA;2474,68;43;0,00000000000000e+00;4,65116279069767e+00;19027;82,6;929,177596100000;23035,1089588378;48,4049420970200;222721,2;11,70553424081568;53,2886090087353;Barcelona;18;0
08245;Santa Coloma de Gramenet;Barcelonès;2020;614,5286179;NA;NA;NA;2110,81;709;0,00000000000000e+00;6,91114245416079e+00;14390;82,6;743,981377602906;17421,3075060533;51,2463058707436;189972,9;13,20173036831133;60,0999350702568;Barcelona;9;0
08248;Santa Eulàlia de Ronçana;Vallès Oriental;2020;817,3844286;NA;NA;NA;1493,47;59;0,00000000000000e+00;1,35593220338983e+01;18600;82,6;989,569526150121;22518,1598100000;52,7344792645161;134412,3;7,22646774193548;32,8979785195523;Barcelona;38;0
08250;Santa Margarida de Montbui;Anoia;2020;410,8537705;NA;NA;NA;791,85;85;0,00000000000000e+00;1,17647058823529e+00;12702;82,6;497,401659200969;15377,7239709443;38,8147161549362;71266,5;5,61065186584790;25,5420920918570;Barcelona;66;0
08251;Santa Margarida i els Monjos;Alt Penedès;2020;500,2796629;NA;NA;NA;1202,57;60;0,00000000000000e+00;2,66666666666667e+01;16525;82,6;605,665451452785;20006,0532687651;36,3289316478064;108231,3;6,54954916792738;29,8163550345438;Barcelona;52;0
08252;Barberà del Vallès;Vallès Occidental;2020;730,6546269;NA;NA;NA;2176,32;312;9,61538461538462e-01;9,61538461538462e+00;17740;82,6;884,569766222760;21476,9975786925;49,4242137700113;195868,8;11,04108229988726;50,2637389808670;Barcelona;19;0
08259;Santa Maria de Palautordera;Vallès Oriental;2020;619,8065116;NA;NA;NA;1580,34;58;0,00000000000000e+00;8,62068965517241e+00;17480;82,6;750,371079418886;21162,2276029056;42,5496461052632;142230,6;8,13676201372998;37,0420282087503;Barcelona;54;0
08260;Santa Perpètua de Mogoda;Vallès Occidental;2020;651,7759316;NA;NA;NA;1833,34;185;1,62162162162162e+00;3,08108108108108e+01;16732;82,6;789,074977723971;20256,6585956416;46,7446281329190;165000,6;9,86137939278030;44,8932257100000;Barcelona;20;0
08262;Sant Vicenç de Castellet;Bages;2020;479,1121256;NA;NA;NA;1385,72;101;9,90099009900990e-01;4,65346534653465e+01;14976;82,6;580,038892978208;18130,7506053269;38,3903946794872;124714,8;8,32764423100000;37,9110058753191;Barcelona;52;0
08263;Sant Vicenç dels Horts;Baix Llobregat;2020;682,3437600;NA;NA;NA;2056,64;201;9,95024875621891e-01;2,78606965174129e+01;16524;82,6;826,082033898305;20004,8426150121;49,5529237472767;185097,6;11,20174291938998;50,9951349820789;Barcelona;21;0
08264;Sant Vicenç de Montalt;Maresme;2020;1472,5573870;NA;NA;NA;2656,66;62;0,00000000000000e+00;1,61290322580645e+01;22799;82,6;1782,757127118644;27601,6949152542;77,5064197727971;239099,4;10,48727575770867;47,7425742321679;Barcelona;38;1
08266;Cerdanyola del Vallès;Vallès Occidental;2020;766,3148166;NA;NA;NA;2730,83;299;3,34448160535117e-01;3,01003344481605e+00;19227;82,6;927,741908700000;23277,2397100000;47,8274187299111;245774,7;12,78278982680605;58,1927381619483;Barcelona;18;0
08267;Sentmenat;Vallès Occidental;2020;598,0453642;NA;NA;NA;1649,34;72;0,00000000000000e+00;6,94444444444444e+00;17467;82,6;724,025864648910;21146,4891041162;41,0863020003435;148440,6;8,49834545142268;38,6881109965016;Barcelona;32;0
08270;Sitges;Garraf;2020;1003,5190990;NA;NA;NA;4273,67;425;0,00000000000000e+00;2,21176470588235e+01;21601;82,6;1214,914163438257;26151,3317191283;55,7484801074024;384630,3;17,80613397527892;81,0611537965717;Barcelona;38;1
08274;Súria;Bages;2020;415,6335821;NA;NA;NA;900,77;37;0,00000000000000e+00;8,10810810810811e+00;17862;82,6;503,188356053269;21624,6973365617;27,9229816661068;81069,3;4,53864628820961;20,6618632268847;Barcelona;72;0
08278;Taradell;Osona;2020;528,8496721;NA;NA;NA;2030,45;23;0,00000000000000e+00;3,47826086956522e+01;19555;82,6;640,253840314770;23674,3341404358;32,4530609317310;182740,5;9,34495014062900;42,5422184075730;Barcelona;75;0
08279;Terrassa;Vallès Occidental;2020;623,2616182;NA;NA;NA;1957,68;2121;4,71475719000471e+01;1,06553512494107e+04;17100;82,6;754,554017191283;20702,1791767554;43,7376574175439;176191,2;10,30357894736842;46,9063076166519;Barcelona;28;0
08281;Teià;Maresme;2020;1146,5628050;NA;NA;NA;2583,11;47;2,12765957446809e+00;2,12765957446809e+01;23781;82,6;1388,090562953995;28790,5569007264;57,8560769521887;232479,9;9,77586728901224;44,5039379637198;Barcelona;22;0
08282;Tiana;Maresme;2020;1071,6976770;NA;NA;NA;3178,88;60;0,00000000000000e+00;2,83333333333333e+01;23980;82,6;1297,454814769976;29031,4769975787;53,6295751626355;286099,2;11,93074228523770;54,3138525540475;Barcelona;17;0
08283;Tona;Osona;2020;553,8155639;NA;NA;NA;1726,84;65;0,00000000000000e+00;3,07692307692308e+01;18466;82,6;670,478890920097;22355,9322033898;35,9893142358930;155415,6;8,41631105816094;38,3146552773640;Barcelona;61;0
08284;Tordera;Maresme;2020;506,0051648;NA;NA;NA;1310,76;53;0,00000000000000e+00;1,13207547169811e+01;14489;82,6;612,597051815981;17541,1622276029;41,9080818386362;117968,4;8,14192835944510;37,0655476288086;Barcelona;65;0
08285;Torelló;Osona;2020;451,0741772;NA;NA;NA;1177,61;98;0,00000000000000e+00;3,06122448979592e+00;17746;82,6;546,094645520581;21484,2615012107;30,5020293384425;105984,9;5,97232615800744;27,1885884880828;Barcelona;82;0
08289;Torrelles de Llobregat;Baix Llobregat;2020;774,6213333;NA;NA;NA;1850,25;57;0,00000000000000e+00;3,50877192982456e+01;19426;82,6;937,798224334140;23518,1598100000;47,8505919880572;166522,5;8,57214557809122;39,0240808047930;Barcelona;25;0
08291;Vacarisses;Vallès Occidental;2020;774,8794872;NA;NA;NA;1904,62;101;0,00000000000000e+00;9,90099009900990e-01;17900;82,6;938,110759322034;21670,7021791768;51,9472281921788;171415,8;9,57630167597765;43,5954297567635;Barcelona;42;0
08295;Vallirana;Baix Llobregat;2020;788,2866667;NA;NA;NA;1678,40;160;6,25000000000000e-01;2,62500000000000e+01;18371;82,6;954,342211501211;22240,9201000000;51,4911545392194;151056,0;8,22252463121224;37,4324564025052;Barcelona;28;0
08298;Vic;Osona;2020;568,7905458;NA;NA;NA;1925,98;389;1,28534704370180e+00;3,44473007712082e+01;16684;82,6;688,608408958838;20198,5472154964;40,9103725101894;173338,2;10,38948693358907;47,2973975900000;Barcelona;70;0
08300;Viladecavalls;Vallès Occidental;2020;773,3707576;NA;NA;NA;1921,44;138;2,89855072463768e+00;6,52173913043478e+00;19774;82,6;936,284210169492;23939,4673123487;46,9325836512592;172929,6;8,74530191160109;39,8123626519914;Barcelona;32;0
08301;Viladecans;Baix Llobregat;2020;764,2518264;NA;NA;NA;2400,13;502;0,00000000000000e+00;1,99203187250996e+00;17348;82,6;925,244341888620;21002,4213075061;52,8650098962416;216011,7;12,45167742679272;56,6853725979973;Barcelona;18;1
08302;Vilanova del Camí;Anoia;2020;416,3057432;NA;NA;NA;986,69;116;0,00000000000000e+00;7,75862068965517e+00;14422;82,6;504,002110411622;17460,0484261501;34,6392242296491;88802,1;6,15740535293302;28,0311483107393;Barcelona;64;0
08305;Vilafranca del Penedès;Alt Penedès;2020;581,5552047;NA;NA;NA;1689,18;294;4,08163265306122e+00;4,59183673469388e+01;16685;82,6;704,061991162228;20199,7578692494;41,8259661756068;152026,2;9,11154929600000;41,4796777231518;Barcelona;48;0
08307;Vilanova i la Geltrú;Garraf;2020;677,7597505;NA;NA;NA;2368,13;715;0,00000000000000e+00;2,11188811188811e+01;17517;82,6;820,532385593220;21207,0217917676;46,4298510361363;213131,7;12,16713478335332;55,3900125263755;Barcelona;45;1
08902;Vilanova del Vallès;Vallès Oriental;2020;840,9913043;NA;NA;NA;2051,79;38;2,63157894736842e+00;2,36842105263158e+01;19928;82,6;1018,149278813559;24125,9079903148;50,6417886973103;184661,1;9,26641409072662;42,1846886468427;Barcelona;30;0
08904;Badia del Vallès;Vallès Occidental;2020;281,5533333;NA;NA;NA;1781,30;51;1,17647058823529e+01;1,17647058823529e+01;13343;82,6;340,863599636804;16153,7530266344;25,3214419500000;160317,0;12,01506407854306;54,6977214985931;Barcelona;20;0
17008;Anglès;Selva;2020;492,3316092;NA;NA;NA;1024,27;43;0,00000000000000e+00;1,39534883720930e+01;15428;82,6;596,043110411622;18677,9661016949;38,2938767850661;92184,3;5,97512963443091;27,2013511143690;Girona;101;0
17009;Arbúcies;Selva;2020;398,2542958;NA;NA;NA;899,98;69;0,00000000000000e+00;7,24637681159420e+00;14544;82,6;482,148057869249;17607,7481840194;32,8592653300330;80998,2;5,56918316831683;25,3533088066714;Girona;78;0
17015;Banyoles;Pla de l'Estany;2020;556,1453545;NA;NA;NA;961,79;171;2,92397660818713e+00;1,75438596491228e+01;17172;82,6;673,299460653753;20789,3462469734;38,8641058350804;86561,1;5,04082809224319;22,9480100405121;Girona;118;0
17020;Bescanó;Gironès;2020;645,0000000;NA;NA;NA;NA;NA;NA;NA;18345;82,6;780,871670702179;22209,4430992736;42,1913327882257;NA;NA;NA;Girona;98;0
17022;Bisbal d'Empordà, la;Baix Empordà;2020;464,8176842;NA;NA;NA;1115,26;91;0,00000000000000e+00;8,79120879120879e+00;13971;82,6;562,733273800000;16914,0435835351;39,9242159501825;100373,4;7,18441056474125;32,7065162227099;Girona;120;0
17023;Blanes;Selva;2020;527,4681937;NA;NA;NA;1928,49;473;0,00000000000000e+00;2,53699788583510e+00;14463;82,6;638,581348305085;17509,6852300242;43,7642143704626;173564,1;12,00056004978220;54,6316929430579;Girona;70;1
17033;Caldes de Malavella;Selva;2020;781,5602703;NA;NA;NA;1767,03;105;0,00000000000000e+00;8,57142857142857e+00;16552;82,6;946,198874455206;20038,7409200969;56,6621752271629;159032,7;9,60806549057516;43,7400322551963;Girona;85;0
17034;Calonge i Sant Antoni;Baix Empordà;2020;594,7320833;NA;NA;NA;2125,03;250;4,00000000000000e-01;2,40000000000000e+01;14916;82,6;720,014628700000;18058,1113801453;47,8465071037812;191252,7;12,82198310539018;58,3711627648133;Girona;112;1
17044;Cassà de la Selva;Gironès;2020;595,2857447;NA;NA;NA;1153,90;49;2,04081632653061e+00;4,28571428571429e+01;17113;82,6;720,684920900000;20717,9176755448;41,7427040051423;103851,0;6,06854438146438;27,6266150816435;Girona;96;0
17047;Castelló d'Empúries;Alt Empordà;2020;640,7142857;NA;NA;NA;2161,29;426;0,00000000000000e+00;8,92018779300000e+00;12447;82,6;775,683154600484;15069,0072639225;61,7704782600000;194516,1;15,62754880694143;71,1433003403013;Girona;142;1
17048;Castell d'Aro, Platja d'Aro i s'Agaró;Baix Empordà;2020;0,0000000;NA;NA;NA;2467,63;348;0,00000000000000e+00;3,73563218390805e+00;13637;82,6;0,000000000000;16509,6852300242;0,0000000000000;222086,7;16,28559800542642;74,1390223400000;Girona;107;1
17049;Celrà;Gironès;2020;598,9553333;NA;NA;NA;1376,71;25;0,00000000000000e+00;3,60000000000000e+01;16063;82,6;725,127522154964;19446,7312348668;44,7454647301251;123903,9;7,71362136600000;35,1157106161034;Girona;109;0
17062;Escala, l';Alt Empordà;2020;554,7212121;NA;NA;NA;2170,06;306;0,00000000000000e+00;4,24836601307190e+00;14607;82,6;671,575317312349;17684,0193704600;45,5716748490450;195305,4;13,37067159581023;60,8690279482438;Girona;140;1
17066;Figueres;Alt Empordà;2020;492,2705527;NA;NA;NA;1104,74;304;0,00000000000000e+00;6,25000000000000e+00;13435;82,6;595,969192130751;16265,1331719128;43,9690854663193;99426,6;7,40056568663937;33,6905469844927;Girona;138;0
17079;Girona;Gironès;2020;637,9665133;NA;NA;NA;2086,37;834;1,91846522781775e+00;3,00959232613909e+01;17678;82,6;772,356553631961;21401,9370460048;43,3057934132820;187773,3;10,62186333295622;48,3552745606837;Girona;102;0
17089;Llagostera;Gironès;2020;477,6155556;NA;NA;NA;1188,89;76;1,31578947368421e+00;4,21052631578947e+01;15595;82,6;578,227064891041;18880,1452784504;36,7514374300000;107000,1;6,86117986534146;31,2350315381513;Girona;90;0
17092;Llançà;Alt Empordà;2020;491,2980769;NA;NA;NA;NA;NA;NA;NA;15990;82,6;594,791860700000;19358,3535108959;36,8703997673546;NA;NA;NA;Girona;160;1
17095;Lloret de Mar;Selva;2020;524,8217355;NA;NA;NA;1820,25;500;0,00000000000000e+00;6,60000000000000e+00;11548;82,6;635,377403753027;13980,6295399516;54,5363770869415;163822,5;14,18622272254936;64,5817662300000;Girona;75;1
17103;Maçanet de la Selva;Selva;2020;595,7160000;NA;NA;NA;1115,74;103;0,00000000000000e+00;7,76699029126214e+00;14833;82,6;721,205811138015;17957,6271186441;48,1938380637767;100416,6;6,76981055754062;30,8190792869657;Girona;78;0
17114;Olot;Garrotxa;2020;468,8215919;NA;NA;NA;1410,71;308;1,94805194805195e+00;3,05194805194805e+01;16525;82,6;567,580619733656;20006,0532687651;34,0445331485628;126963,9;7,68314069591528;34,9769495420486;Girona;112;0
17117;Palafrugell;Baix Empordà;2020;506,9222388;NA;NA;NA;2360,37;325;0,00000000000000e+00;1,63076923076923e+01;13581;82,6;613,707310895884;16441,8886198547;44,7910085089463;212433,3;15,64194831013916;71,2088530506721;Girona;122;1
17118;Palamós;Baix Empordà;2020;598,1793311;NA;NA;NA;2772,89;225;4,44444444444444e-01;3,82222222222222e+01;15625;82,6;724,188052179177;18916,4648910412;45,9401726300000;249560,1;15,97184640000000;72,7106905543397;Girona;115;1
17141;Puigcerdà;Cerdanya;2020;531,7280311;NA;NA;NA;2766,10;64;0,00000000000000e+00;2,18750000000000e+01;13339;82,6;643,738536400000;16148,9104116223;47,8351928420421;248949,0;18,66324312167329;84,9630819991104;Girona;151;0
17147;Ripoll;Ripollès;2020;635,7586013;NA;NA;NA;764,77;35;0,00000000000000e+00;5,71428571428571e+00;16759;82,6;769,683536682809;20289,3462469734;45,5224250587744;68829,3;4,10700519124053;18,6968479464814;Girona;102;0
17152;Roses;Alt Empordà;2020;421,6666667;NA;NA;NA;2502,37;679;0,00000000000000e+00;1,47275405007364e-01;12033;82,6;510,492332600000;14567,7966101695;42,0510263475443;225213,3;18,71630516080777;85,2046431443321;Girona;150;1
17155;Salt;Gironès;2020;345,0000000;NA;NA;NA;970,15;300;2,66666666666667e+00;1,00000000000000e+01;12252;82,6;417,675544794189;14832,9297820823;33,7904015670911;87313,5;7,12646914789422;32,4427420587757;Girona;100;0
17160;Sant Feliu de Guíxols;Baix Empordà;2020;584,3994359;NA;NA;NA;1768,44;312;1,02564102564103e+01;1,12179487179487e+01;14679;82,6;707,505370338983;17771,1864406780;47,7743254363376;159159,6;10,84267320662170;49,3604957475988;Girona;105;1
17164;Sant Hilari Sacalm;Selva;2020;389,1155769;NA;NA;NA;818,71;45;2,22222222222222e+00;2,22222222222222e+00;15386;82,6;471,084233500000;18627,1186400000;30,3482836526713;73683,9;4,78902248797608;21,8016830027243;Girona;95;0
17180;Santa Coloma de Farners;Selva;2020;508,9999259;NA;NA;NA;1108,28;97;0,00000000000000e+00;7,21649484536082e+00;15784;82,6;616,222670581114;19108,9588400000;38,6974094703497;99745,2;6,31938672072985;28,7685569242760;Girona;90;0
17181;Santa Cristina d'Aro;Baix Empordà;2020;777,0189474;NA;NA;NA;1658,39;88;0,00000000000000e+00;3,40909090909091e+00;16883;82,6;940,700904800000;20439,4673123487;55,2284983048037;149255,1;8,84055558846177;40,2459982160286;Girona;101;1
17186;Sarrià de Ter;Gironès;2020;602,9875439;NA;NA;NA;1428,66;41;7,31707317073171e+00;2,92682926829268e+01;18355;82,6;730,009133050847;22221,5496368039;39,4216863350586;128579,4;7,00514301280305;31,8904134898779;Girona;106;0
17193;Sils;Selva;2020;579,4673770;NA;NA;NA;1274,74;79;0,00000000000000e+00;7,59493670900000e+00;15800;82,6;701,534354721550;19128,3292978208;44,0101805316456;114726,6;7,26117721518987;33,0559909187389;Girona;80;0
17199;Torroella de Montgrí;Baix Empordà;2020;505,2342424;NA;NA;NA;1764,28;229;0,00000000000000e+00;1,57205240174673e+01;13552;82,6;611,663731719128;16406,7796610169;44,7373886422668;158785,2;11,71673553719008;53,3396021108532;Girona;135;1
17202;Tossa de Mar;Selva;2020;557,5806452;NA;NA;NA;2377,31;105;0,00000000000000e+00;6,66666666666667e+00;13106;82,6;675,037100726392;15866,8280871671;51,0527067175340;213957,9;16,32518693728063;74,3192481264008;Girona;87;1
17213;Vidreres;Selva;2020;641,0416667;NA;NA;NA;1233,08;89;0,00000000000000e+00;6,74157303370786e+00;15753;82,6;776,079499636804;19071,4285714286;48,8319685164731;110977,2;7,04482955627499;32,0710836459320;Girona;82;0
17221;Vilafant;Alt Empordà;2020;582,3437500;NA;NA;NA;1333,56;26;0,00000000000000e+00;1,92307692307692e+01;16286;82,6;705,016646489104;19716,7070217918;42,9087866879528;120020,4;7,36954439395800;33,5493247600000;Girona;136;0
25003;Agramunt;Urgell;2020;335,5955263;NA;NA;NA;896,73;28;0,00000000000000e+00;3,57142857142857e+00;15541;82,6;406,289983414044;18814,7699757869;25,9130449494885;80705,7;5,19308281320378;23,6411387886826;Lleida;112;0
25011;Alcarràs;Segrià;2020;388,0355705;NA;NA;NA;627,99;76;1,31578947368421e+00;2,23684210526316e+01;13434;82,6;469,776719733656;16263,9225181598;34,6615069673962;56519,1;4,20716837874051;19,1528337072290;Lleida;165;0
25019;Almacelles;Segrià;2020;346,8449451;NA;NA;NA;719,02;50;0,00000000000000e+00;2,80000000000000e+01;14412;82,6;419,909134500000;17447,9418886199;28,8796790258118;64711,8;4,49013322231474;20,4410109575989;Lleida;170;0
25023;Alpicat;Segrià;2020;535,5555556;NA;NA;NA;915,29;46;0,00000000000000e+00;2,17391304347826e+01;19281;82,6;648,372343341404;23342,6150121065;33,3316045184378;82376,1;4,27239769721487;19,4497855230604;Lleida;160;0
25040;Balaguer;Noguera;2020;360,2454804;NA;NA;NA;682,64;70;1,42857142857143e+00;5,71428571428571e+00;13578;82,6;436,132542857143;16438,2566585956;31,8378683517455;61437,6;4,52479010163500;20,5987839266549;Lleida;145;0
25050;Bellpuig;Urgell;2020;390,1506849;NA;NA;NA;739,86;39;0,00000000000000e+00;1,02564102564103e+01;14064;82,6;472,337390920097;17026,6343825666;33,2893075853242;66587,4;4,73459897610921;21,5539238500798;Lleida;123;0
25058;Borges Blanques, les;Garrigues;2020;351,0104412;NA;NA;NA;615,67;39;0,00000000000000e+00;7,69230769230769e+00;14586;82,6;424,952107990315;17658,5956416465;28,8778643521185;55410,3;3,79886877828054;17,2940789234048;Lleida;125;0
25072;Cervera;Segarra;2020;331,0605036;NA;NA;NA;1002,65;33;0,00000000000000e+00;2,12121212121212e+01;14339;82,6;400,799641162228;17359,5641646489;27,7057398900000;90238,5;6,29322128460841;28,6494406442042;Lleida;102;0
25110;Guissona;Segarra;2020;379,0975000;NA;NA;NA;918,62;34;1,17647058823529e+01;5,00000000000000e+01;14860;82,6;458,955811138015;17990,3147699758;30,6135262449529;82675,8;5,56364737550471;25,3281075050776;Lleida;110;0
25120;Lleida;Segrià;2020;485,9778839;NA;NA;NA;1252,08;1138;6,41476274165202e+03;2,85588752196837e+04;16511;82,6;588,350949031477;19989,1041162228;35,3202992356611;112687,2;6,82497728786869;31,0702218885988;Lleida;155;0
25137;Mollerussa;Pla d'Urgell;2020;401,7940129;NA;NA;NA;643,23;105;2,85714285714286e+00;9,52380952380952e+00;16361;82,6;486,433429661017;19807,5060532688;29,4696421661268;57890,7;3,53833506509382;16,1080177928337;Lleida;135;0
25203;Seu d'Urgell, la;Alt Urgell;2020;412,8424571;NA;NA;NA;1109,52;66;0,00000000000000e+00;1,21212121212121e+01;14008;82,6;499,809270096852;16958,8377723971;35,3662870159909;99856,8;7,12855511136493;32,4522382585656;Lleida;180;0
25207;Solsona;Solsonès;2020;357,0036453;NA;NA;NA;810,29;56;0,00000000000000e+00;8,92857142857143e+00;14894;82,6;432,207803026635;18031,4769975787;28,7635540727810;72926,1;4,89634080837921;22,2902419952302;Lleida;115;0
25217;Tàrrega;Urgell;2020;369,0714400;NA;NA;NA;930,20;198;5,55555555555556e+00;2,07070707070707e+01;14667;82,6;446,817723970944;17756,6585956416;30,1960679075476;83718,0;5,70791572918797;25,9848788863406;Lleida;100;0
25234;Tremp;Pallars Jussà;2020;335,3030303;NA;NA;NA;732,15;46;0,00000000000000e+00;0,00000000000000e+00;15970;82,6;405,935872033898;19334,1404358354;25,1949678371947;65893,5;4,12608015028178;18,7836853358133;Lleida;190;0
25243;Vielha e Mijaran;Val d'Aran;2020;556,4323404;NA;NA;NA;1958,47;113;0,00000000000000e+00;1,76991150442478e+01;15769;82,6;673,646901210654;19090,7990300000;42,3437636172237;176262,3;11,17777284545628;50,8860129316466;Lleida;280;0
43004;Alcanar;Montsià;2020;367,8367257;NA;NA;NA;1061,93;145;0,00000000000000e+00;1,10344827586207e+01;13470;82,6;445,322912469734;16307,5060532688;32,7694187706013;95573,7;7,09530066815145;32,3008497797700;Tarragona;190;1
43005;Alcover;Alt Camp;2020;410,9677419;NA;NA;NA;1228,61;13;0,00000000000000e+00;0,00000000000000e+00;15568;82,6;497,539639104116;18847,4576271186;31,6778834969168;110574,9;7,10270426515930;32,3345541266279;Tarragona;105;0
43012;Altafulla;Tarragonès;2020;685,1120149;NA;NA;NA;1980,23;108;0,00000000000000e+00;2,87037037037037e+01;18862;82,6;829,433432082324;22835,3510895884;43,5868104061075;178220,7;9,44866398048987;43,0143682597232;Tarragona;88;1
43013;Ametlla de Mar, l';Baix Ebre;2020;380,0909091;NA;NA;NA;1694,97;130;0,00000000000000e+00;1,53846153846154e+00;13164;82,6;460,158485593220;15937,0460048426;34,6482141385597;152547,3;11,58821786690975;52,7545345913886;Tarragona;144;1
43014;Amposta;Montsià;2020;338,0090086;NA;NA;NA;694,66;262;3,81679389312977e-01;2,67175572519084e+00;13171;82,6;409,211874818402;15945,5205811138;30,7957490182978;62519,4;4,74674664034622;21,6092252243338;Tarragona;168;0
43016;Arboç, l';Baix Penedès;2020;488,8031193;NA;NA;NA;916,63;55;0,00000000000000e+00;1,09090909090909e+01;13643;82,6;591,771330871671;16516,9491525424;42,9937508729751;82496,7;6,04681521659459;27,5276946097529;Tarragona;60;0
43037;Calafell;Baix Penedès;2020;584,2997671;NA;NA;NA;1609,58;481;1,24740124740125e+00;3,61746361746362e+01;14426;82,6;707,384705932203;17464,8910411622;48,6038902342992;144862,2;10,04174407320116;45,7143230436028;Tarragona;62;1
43038;Cambrils;Baix Camp;2020;574,1209565;NA;NA;NA;2006,75;663;0,00000000000000e+00;1,25188536953243e+01;15346;82,6;695,061690677966;18578,6924939467;44,8941188453017;180607,5;11,76902775967679;53,5776587207408;Tarragona;115;1
43043;Catllar, el;Tarragonès;2020;677,3333333;NA;NA;NA;NA;NA;NA;NA;18843;82,6;820,016142009685;22812,3486682809;43,1353818372871;NA;NA;NA;Tarragona;92;0
43044;Sénia, la;Montsià;2020;249,6364000;NA;NA;NA;539,85;41;2,43902439024390e+00;4,87804878048780e+00;12517;82,6;302,223244552058;15153,7530266344;23,9325461372533;48586,5;3,88164096828313;17,6708934095361;Tarragona;195;0
43047;Constantí;Tarragonès;2020;388,8368354;NA;NA;NA;697,89;62;1,61290322580645e+00;1,29032258064516e+01;12477;82,6;470,746774092010;15105,3268765133;37,3971469487858;62810,1;5,03407069006973;22,9172474495079;Tarragona;95;0
43051;Cunit;Baix Penedès;2020;604,8550463;NA;NA;NA;1576,27;301;0,00000000000000e+00;1,16279069767442e+01;14169;82,6;732,270031840194;17153,7530266344;51,2263431124285;141864,3;10,01230150328181;45,5802878458607;Tarragona;55;1
43086;Montblanc;Conca de Barberà;2020;411,3323944;NA;NA;NA;1006,16;27;3,70370370370370e+00;1,11111111111111e+01;16747;82,6;497,981107021792;20274,8184019370;29,4738683513465;90554,4;5,40720128978324;24,6158978680421;Tarragona;114;0
43092;Mont-roig del Camp;Baix Camp;2020;501,0951592;NA;NA;NA;1599,64;388;0,00000000000000e+00;2,57731958762887e-01;13833;82,6;606,652735108959;16746,9733656174;43,4695431967035;143967,6;10,40754716981132;47,3796155273473;Tarragona;120;1
43093;Móra d'Ebre;Ribera d'Ebre;2020;328,5793976;NA;NA;NA;556,24;43;0,00000000000000e+00;4,65116279069767e+00;16710;82,6;397,795880871671;20230,0242130751;23,5963660754039;50061,6;2,99590664272890;13,6386511223369;Tarragona;150;0
43100;Pallaresos, els;Tarragonès;2020;545,3448276;NA;NA;NA;NA;NA;NA;NA;18039;82,6;660,223762200000;21838,9830508475;36,2777201130883;NA;NA;NA;Tarragona;95;0
43123;Reus;Baix Camp;2020;390,9783333;NA;NA;NA;1133,03;1052;1,52091254752852e+03;7,50950570342205e+03;15414;82,6;473,339386561743;18661,0169491525;30,4381730900000;101972,7;6,61558972362787;30,1169999499354;Tarragona;108;0
43129;Riudoms;Baix Camp;2020;0,0000000;NA;NA;NA;1161,16;33;0,00000000000000e+00;2,12121212121212e+01;14127;82,6;0,000000000000;17102,9055690073;0,0000000000000;104504,4;7,39749416011892;33,6765640792753;Tarragona;115;0
43131;Roda de Berà;Tarragonès;2020;467,1310680;NA;NA;NA;1502,08;30;0,00000000000000e+00;2,66666666666667e+01;14694;82,6;565,533980600000;17789,3462469734;38,1487193140057;135187,2;9,20016333197223;41,8830867970541;Tarragona;75;1
43133;Roquetes;Baix Ebre;2020;519,8937534;NA;NA;NA;603,57;37;0,00000000000000e+00;0,00000000000000e+00;14139;82,6;629,411323728814;17117,4334140436;44,1242311394017;54321,3;3,84194780394653;17,4901931124683;Tarragona;178;0
43136;Ràpita, la;Montsià;2020;0,0000000;NA;NA;NA;967,12;212;0,00000000000000e+00;0,00000000000000e+00;13461;82,6;0,000000000000;16296,6101694915;0,0000000000000;87040,8;6,46614664586583;29,4366710067117;Tarragona;180;1
43145;Selva del Camp, la;Baix Camp;2020;458,8135593;NA;NA;NA;1244,63;25;0,00000000000000e+00;0,00000000000000e+00;15733;82,6;555,464357506053;19047,2154963680;34,9949959422869;112016,7;7,11985635288883;32,4126377815811;Tarragona;116;0
43148;Tarragona;Tarragonès;2020;556,5868692;NA;NA;NA;1486,86;1233;2,43309002400000e+02;7,38037307400000e+03;16067;82,6;673,833982082324;19451,5738498789;41,5699410600000;133817,4;8,32871102259289;37,9158623689413;Tarragona;98;1
43153;Torredembarra;Tarragonès;2020;533,1987591;NA;NA;NA;1487,50;331;0,00000000000000e+00;3,44410876132930e+01;14246;82,6;645,519078813559;17246,9733656174;44,9135554485470;133875,0;9,39737470167064;42,7808774792847;Tarragona;84;1
43155;Tortosa;Baix Ebre;2020;373,9301768;NA;NA;NA;671,88;246;0,00000000000000e+00;3,25203252032520e+00;15047;82,6;452,699971900000;18216,7070217918;29,8209750887220;60469,2;4,01868811058683;18,2947907414939;Tarragona;175;0
43156;Ulldecona;Montsià;2020;288,5606061;NA;NA;NA;584,83;40;0,00000000000000e+00;2,00000000000000e+01;11838;82,6;349,346980750605;14331,7191283293;29,2509484135834;52634,7;4,44624936644704;20,2412328364966;Tarragona;198;0
43161;Valls;Alt Camp;2020;446,1847750;NA;NA;NA;1147,71;101;0,00000000000000e+00;1,28712871287129e+01;15959;82,6;540,175272397094;19320,8232445521;33,5498295632558;103293,9;6,47245441443700;29,4653866728394;Tarragona;101;0
43162;Vandellòs i l'Hospitalet de l'Infant;Baix Camp;2020;458,5821127;NA;NA;NA;1622,66;47;0,00000000000000e+00;8,51063829800000e+00;14785;82,6;555,184155800000;17899,5157384988;37,2200564923909;146039,4;9,87753804531620;44,9667868238267;Tarragona;132;1
43163;Vendrell, el;Baix Penedès;2020;504,1419298;NA;NA;NA;1411,07;643;0,00000000000000e+00;1,86625194401244e+00;15861;82,6;610,341319400000;19202,1791767554;38,1420033894458;126996,3;8,00682806884812;36,4505132002657;Tarragona;65;1
43171;Vila-seca;Tarragonès;2020;483,0219074;NA;NA;NA;2169,69;350;0,00000000000000e+00;2,85714285714286e-01;13762;82,6;584,772284987893;16661,0169491525;42,1178817700000;195272,1;14,18922395000727;64,5954291067565;Tarragona;106;1
43901;Deltebre;Baix Ebre;2020;342,1547183;NA;NA;NA;796,80;152;0,00000000000000e+00;9,21052631578947e+00;13256;82,6;414,230893825666;16048,4261501211;30,9735713608932;71712,0;5,40977670488835;24,6276222614570;Tarragona;170;1
43905;Salou;Tarragonès;2020;504,1199332;NA;NA;NA;1861,63;566;0,00000000000000e+00;1,73144876325088e+01;12840;82,6;610,314689104116;15544,7941888620;47,1140124485981;167546,7;13,04880841121496;59,4037687772101;Tarragona;110;1
43907;Canonja, la;Tarragonès;2020;428,3693243;NA;NA;NA;NA;NA;NA;NA;14297;82,6;518,606930145279;17308,7167070218;35,9546190921172;NA;NA;NA;Tarragona;100;0
08001;Abrera;Baix Llobregat;2019;655,7632374;NA;NA;NA;1808,34;112;0,00000000000000e+00;0,00000000000000e+00;18521;82,9;791,029236900000;22341,3751507841;42,4877644230873;162750,6;8,78735489444414;40,0038058543495;Barcelona;35;0
08003;Alella;Maresme;2019;1219,8480000;NA;NA;NA;2904,86;90;0,00000000000000e+00;1,33333333333333e+01;27873;82,9;1471,469240048251;33622,4366706876;52,5174039392961;261437,4;9,37959315466581;42,6999282600000;Barcelona;18;0
08005;Ametlla del Vallès, l';Vallès Oriental;2019;1036,9426320;NA;NA;NA;1466,05;106;0,00000000000000e+00;2,83018867924528e+01;25386;82,9;1250,835503015682;30622,4366706876;49,0164326164027;131944,5;5,19753013471992;23,6613849024040;Barcelona;35;0
08006;Arenys de Mar;Maresme;2019;659,3902941;NA;NA;NA;2050,33;233;1,28755364806867e+00;3,60515021459227e+01;20720;82,9;795,404456091677;24993,9686369119;38,1886270714286;184529,7;8,90587355212355;40,5433535827476;Barcelona;40;1
08007;Arenys de Munt;Maresme;2019;618,7026943;NA;NA;NA;1882,41;137;2,18978102200000e+00;3,35766423357664e+01;18698;82,9;746,324118576598;22554,8854041013;39,7070934410097;169416,9;9,06069633115841;41,2481732319753;Barcelona;45;0
08009;Argentona;Maresme;2019;747,4541085;NA;NA;NA;1860,97;105;0,00000000000000e+00;2,76190476190476e+01;19212;82,9;901,633424000000;23174,9095295537;46,6867025921299;167487,3;8,71784821986259;39,6873816801876;Barcelona;35;0
08010;Artés;Bages;2019;376,1211765;NA;NA;NA;1264,22;52;0,00000000000000e+00;2,88461538461538e+01;17390;82,9;453,704676115802;20977,0808202654;25,9543077515814;113779,8;6,54282921219091;29,7857629157708;Barcelona;72;0
08015;Badalona;Barcelonès;2019;719,3329927;NA;NA;NA;2357,24;2251;1,95468680586406e+03;2,98978231896935e+04;16986;82,9;867,711692038601;20489,7466800000;50,8182969056870;212151,6;12,48979159307665;56,8588846191502;Barcelona;10;1
08019;Barcelona;Barcelonès;2019;978,8066339;NA;NA;NA;4127,15;13409;2,61018718770975e+02;2,69214706540383e+02;22483;82,9;1180,707640410133;27120,6272617612;52,2424925801717;371443,5;16,52108260000000;75,2110491271357;Barcelona;0;1
08020;Begues;Baix Llobregat;2019;992,2121429;NA;NA;NA;2025,31;65;0,00000000000000e+00;4,61538461538462e+00;23013;82,9;1196,878338841978;27759,9517490953;51,7383466510233;182277,9;7,92064919827923;36,0581900440490;Barcelona;32;0
08022;Berga;Berguedà;2019;391,9741333;NA;NA;NA;1061,45;108;0,00000000000000e+00;6,48148148148148e+00;17225;82,9;472,827663811821;20778,0458383595;27,3073416522496;95530,5;5,54603773584906;25,2479408776440;Barcelona;108;0
08023;Bigues i Riells del Fai;Vallès Oriental;2019;781,1774528;NA;NA;NA;1325,64;136;0,00000000000000e+00;1,91176470588235e+01;19535;82,9;942,312970808202;23564,5355850422;47,9863293248016;119307,6;6,10737650371129;27,8033955460652;Barcelona;41;0
08029;Cabrera de Mar;Maresme;2019;1138,3333330;NA;NA;NA;NA;NA;NA;NA;26351;82,9;1373,140329312424;31786,4897466827;51,8386398846344;NA;NA;NA;Barcelona;28;1
08030;Cabrils;Maresme;2019;1194,5200950;NA;NA;NA;2176,00;78;0,00000000000000e+00;0,00000000000000e+00;27890;82,9;1440,916881785284;33642,9433051870;51,3956297597705;195840,0;7,02187163858014;31,9665693645222;Barcelona;27;0
08033;Caldes de Montbui;Vallès Oriental;2019;643,7938056;NA;NA;NA;1600,02;189;0,00000000000000e+00;2,48677248677249e+01;18876;82,9;776,590839083233;22769,6019300362;40,9277689510490;144001,8;7,62883026064844;34,7297051625535;Barcelona;34;0
08035;Calella;Maresme;2019;552,8758965;NA;NA;NA;2126,16;253;0,00000000000000e+00;2,41106719367589e+01;15633;82,9;666,919054900000;18857,6598311218;42,4391400115141;191354,4;12,24041450777202;55,7236132405745;Barcelona;50;1
08040;Canet de Mar;Maresme;2019;640,1277673;NA;NA;NA;2032,66;174;5,74712643678161e-01;3,10344827586207e+01;17323;82,9;772,168597466827;20896,2605500000;44,3429729700398;182939,4;10,56049183166888;48,0758851821983;Barcelona;43;1
08041;Canovelles;Vallès Oriental;2019;574,7866667;NA;NA;NA;1324,53;140;7,14285714285714e-01;2,14285714285714e+01;14723;82,9;693,349417008444;17759,9517490953;46,8480608600000;119207,7;8,09669904231474;36,8596443913564;Barcelona;31;0
08043;Canyelles;Garraf;2019;903,1785294;NA;NA;NA;NA;NA;NA;NA;19068;82,9;1089,479528829916;23001,2062726176;56,8394291629956;NA;NA;NA;Barcelona;46;0
08044;Capellades;Anoia;2019;455,0410465;NA;NA;NA;990,50;42;0,00000000000000e+00;1,42857142857143e+01;17161;82,9;548,903554282268;20700,8443908323;31,8191979371831;89145,0;5,19462735271837;23,6481701945628;Barcelona;60;0
08046;Cardedeu;Vallès Oriental;2019;681,3137698;NA;NA;NA;2081,93;184;0,00000000000000e+00;7,06521739130435e+00;18631;82,9;821,850144511460;22474,0651387213;43,8825894348129;187373,7;10,05709301701465;45,7841980145992;Barcelona;39;0
08051;Castellar del Vallès;Vallès Occidental;2019;470,1587755;NA;NA;NA;1848,46;293;0,00000000000000e+00;7,84982935153584e+00;19221;82,9;567,139656815440;23185,7659831122;29,3528188231622;166361,4;8,65518963633526;39,4021329516856;Barcelona;34;0
08054;Castellbisbal;Vallès Occidental;2019;631,2500000;NA;NA;NA;2068,47;119;0,00000000000000e+00;0,00000000000000e+00;18266;82,9;761,459589900000;22033,7756332931;41,4704916237819;186162,3;10,19173874958940;46,3971631001953;Barcelona;29;0
08056;Castelldefels;Baix Llobregat;2019;610,4166667;NA;NA;NA;3521,85;672;0,00000000000000e+00;7,88690476190476e+00;21949;82,9;736,328910373944;26476,4776839566;33,3728188090574;316966,5;14,44104515012073;65,7418271435215;Barcelona;22;1
08067;Centelles;Osona;2019;520,8714948;NA;NA;NA;1480,99;69;0,00000000000000e+00;3,76811594202899e+01;18347;82,9;628,313021471653;22131,4837153197;34,0680107788739;133289,1;7,26489889400000;33,0729335938035;Barcelona;54;0
08068;Cervelló;Baix Llobregat;2019;831,5570588;NA;NA;NA;1675,89;144;0,00000000000000e+00;9,72222222222222e+00;20520;82,9;1003,084510012063;24752,7141133896;48,6290677660819;150830,1;7,35039473684211;33,4621473170925;Barcelona;25;0
08072;Corbera de Llobregat;Baix Llobregat;2019;701,6602606;NA;NA;NA;1615,51;170;0,00000000000000e+00;2,23529411764706e+01;19589;82,9;846,393559227986;23629,6743063932;42,9829145295829;145395,9;7,42232375312675;33,7895990289341;Barcelona;30;0
08073;Cornellà de Llobregat;Baix Llobregat;2019;696,3486742;NA;NA;NA;2776,34;636;0,00000000000000e+00;1,25786163522013e+00;17164;82,9;839,986337997587;20704,4632086852;48,6843631461198;249870,6;14,55783034257749;66,2734833952403;Barcelona;12;0
08074;Cubelles;Garraf;2019;683,9077307;NA;NA;NA;1897,15;309;0,00000000000000e+00;3,88349514563107e+00;18001;82,9;824,979168516285;21714,1133896261;45,5913158624521;170743,5;9,48522304316427;43,1808007827078;Barcelona;50;1
08075;Dosrius;Maresme;2019;819,5395294;NA;NA;NA;1523,20;77;0,00000000000000e+00;1,81818181818182e+01;18415;82,9;988,588093365500;22213,5102533172;53,4046937431442;137088,0;7,44436600597339;33,8899448114889;Barcelona;39;0
08076;Esparreguera;Baix Llobregat;2019;599,9090909;NA;NA;NA;1594,50;261;0,00000000000000e+00;0,00000000000000e+00;17838;82,9;723,653909408926;21517,4909529554;40,3571537773293;143505,0;8,04490413723512;36,6238517834625;Barcelona;39;0
08077;Esplugues de Llobregat;Baix Llobregat;2019;848,2026082;NA;NA;NA;3022,17;271;1,47601476014760e+00;1,25461254612546e+01;22554;82,9;1023,163580458384;27206,2726176116;45,1291624474594;271995,3;12,05973663000000;54,9010901095456;Barcelona;8;0
08086;Franqueses del Vallès, les;Vallès Oriental;2019;654,9463853;NA;NA;NA;2115,46;177;3,38983050847458e+00;3,61581920903955e+01;16526;82,9;790,043890591073;19934,8612786490;47,5575252547501;190391,4;11,52071887000000;52,4472502100000;Barcelona;35;0
08088;Garriga, la;Vallès Oriental;2019;716,2166914;NA;NA;NA;1905,13;149;0,00000000000000e+00;2,81879194630872e+01;19156;82,9;863,952583112183;23107,3582629674;44,8663619586552;171461,7;8,95080914595949;40,7479196658700;Barcelona;38;0
08089;Gavà;Baix Llobregat;2019;888,6661997;NA;NA;NA;3010,15;452;4,42477876106195e-01;1,90265486725664e+01;19411;82,9;1071,973702895054;23414,9577804584;54,9378929287517;270913,5;13,95669980938643;63,5368795557731;Barcelona;20;1
08091;Gelida;Alt Penedès;2019;588,9298824;NA;NA;NA;1378,69;67;0,00000000000000e+00;2,98507462686567e+00;17250;82,9;710,409990800000;20808,2026537998;40,9690353000000;124082,1;7,19316521739130;32,7463711539311;Barcelona;35;0
08092;Gironella;Berguedà;2019;339,6848908;NA;NA;NA;NA;NA;NA;NA;17473;82,9;409,752582388420;21077,2014475271;23,3286710330224;NA;NA;NA;Barcelona;94;0
08096;Granollers;Vallès Oriental;2019;663,5645803;NA;NA;NA;1985,22;770;5,19480519480519e-01;1,58441558441558e+01;17954;82,9;800,439783232811;21657,4185765983;44,3509800802050;178669,8;9,95153169210204;45,3036376186373;Barcelona;30;0
08101;Hospitalet de Llobregat, l';Barcelonès;2019;697,2350156;NA;NA;NA;2428,04;2740;4,48905109500000e+03;1,97445255474453e+04;16051;82,9;841,055507358263;19361,8817852835;52,1264730371939;218523,6;13,61432932527568;61,9782623676492;Barcelona;0;0
08102;Igualada;Anoia;2019;481,8001478;NA;NA;NA;1222,26;425;1,41176470588235e+00;1,78823529411765e+01;17223;82,9;581,182325452352;20775,6332931242;33,5690749207455;110003,4;6,38700574812750;29,0763877193865;Barcelona;65;0
08105;Llagosta, la;Vallès Oriental;2019;611,3232298;NA;NA;NA;1740,48;104;2,88461538461538e+00;1,73076923076923e+01;15947;82,9;737,422472617612;19236,4294330519;46,0016226098953;156643,2;9,82273781902552;44,7173127056603;Barcelona;19;0
08106;Llinars del Vallès;Vallès Oriental;2019;639,7962733;NA;NA;NA;1697,94;104;0,00000000000000e+00;7,69230769230769e+00;18225;82,9;771,768725300000;21984,3184559710;42,1265035917695;152814,6;8,38488888900000;38,1716080948864;Barcelona;41;0
08107;Lliçà d'Amunt;Vallès Oriental;2019;814,2011494;NA;NA;NA;1410,67;132;0,00000000000000e+00;2,12121212121212e+01;19180;82,9;982,148551749095;23136,3088057901;50,9406349989572;126960,3;6,61941084462982;30,1343953305186;Barcelona;32;0
08108;Lliçà de Vall;Vallès Oriental;2019;866,1942500;NA;NA;NA;1575,99;54;0,00000000000000e+00;5,55555555555556e+00;20471;82,9;1044,866405307600;24693,6067551267;50,7758829563773;141839,1;6,92878218000000;31,5427862482024;Barcelona;28;0
08110;Malgrat de Mar;Maresme;2019;559,4220779;NA;NA;NA;1641,33;198;0,00000000000000e+00;1,36363636363636e+01;15965;82,9;674,815534258142;19258,1423401689;42,0486372364547;147719,7;9,25272157845286;42,1223544621834;Barcelona;62;1
08112;Manlleu;Osona;2019;446,1301404;NA;NA;NA;846,14;203;0,00000000000000e+00;3,44827586206897e+00;15625;82,9;538,154572255730;18848,0096501809;34,2627947800000;76152,6;4,87376640000000;22,1874736126024;Barcelona;78;0
08113;Manresa;Bages;2019;469,9320314;NA;NA;NA;1047,44;1004;1,69322709163347e+03;3,00796812749004e+04;17140;82,9;566,866141616405;20675,5126658625;32,9007256522754;94269,6;5,49997666300000;25,0382511306444;Barcelona;55;0
08114;Martorell;Baix Llobregat;2019;592,2109179;NA;NA;NA;1595,77;244;0,00000000000000e+00;2,45901639344262e+00;16221;82,9;714,367814113390;19566,9481302774;43,8106837700000;143619,3;8,85391159607916;40,3068004872619;Barcelona;32;0
08118;Masnou, el;Maresme;2019;886,1482160;NA;NA;NA;3237,72;324;0,00000000000000e+00;4,19753086400000e+01;21085;82,9;1068,936328106152;25434,2581423402;50,4329077163861;291394,8;13,82000474270809;62,9145850229661;Barcelona;19;1
08119;Masquefa;Anoia;2019;607,5450820;NA;NA;NA;1494,71;89;0,00000000000000e+00;1,23595505617978e+01;16315;82,9;732,864996381182;19680,3377563329;44,6861231014404;134523,9;8,24541219736439;37,5366504135389;Barcelona;46;0
08120;Matadepera;Vallès Occidental;2019;1074,7505600;NA;NA;NA;2539,22;73;0,00000000000000e+00;0,00000000000000e+00;28451;82,9;1296,442171290712;34319,6622436671;45,3305919651330;228529,8;8,03239956416295;36,5669256072150;Barcelona;32;0
08121;Mataró;Maresme;2019;652,6779430;NA;NA;NA;2134,80;1415;0,00000000000000e+00;1,81625441696113e+04;16256;82,9;787,307530759952;19609,1676718938;48,1799662647638;192132,0;11,81914370078740;53,8058079700000;Barcelona;31;1
08123;Molins de Rei;Baix Llobregat;2019;768,0296930;NA;NA;NA;2555,30;262;0,00000000000000e+00;3,39694656488550e+01;20612;82,9;926,453188178528;24863,6911942099;44,7135470405589;229977,0;11,15743256355521;50,7934152503230;Barcelona;18;0
08124;Mollet del Vallès;Vallès Oriental;2019;647,2011628;NA;NA;NA;1843,64;421;2,37529691211401e+00;1,47268408551069e+01;17045;82,9;780,701040772014;20560,9167671894;45,5641769058375;165927,6;9,73467879143444;44,3164302688187;Barcelona;23;0
08125;Montcada i Reixac;Vallès Occidental;2019;636,9514737;NA;NA;NA;1867,12;354;8,47457627000000e-01;2,17514124293785e+01;16749;82,9;768,337121471652;20203,8600723764;45,6350688662010;168040,8;10,03288554540570;45,6739952281974;Barcelona;14;0
08126;Montgat;Maresme;2019;885,6660843;NA;NA;NA;2964,61;77;1,29870129870130e+00;9,09090909090909e+00;19758;82,9;1068,354745838359;23833,5343800000;53,7908341512299;266814,9;13,50414515639235;61,4766568045213;Barcelona;15;1
08135;Montmeló;Vallès Oriental;2019;604,0285124;NA;NA;NA;1789,95;55;0,00000000000000e+00;2,18181818181818e+01;17177;82,9;728,623054764777;20720,1447527141;42,1979516143681;161095,5;9,37855853757932;42,6952182354878;Barcelona;24;0
08136;Montornès del Vallès;Vallès Oriental;2019;603,1631076;NA;NA;NA;1772,82;142;7,04225352112676e-01;1,12676056338028e+01;16843;82,9;727,579140651387;20317,2496984318;42,9730884711750;159553,8;9,47300362168260;43,1251727387200;Barcelona;26;0
08138;Moià;Moianès;2019;488,6971429;NA;NA;NA;1377,37;61;0,00000000000000e+00;3,27868852459016e+01;16081;82,9;589,501981785283;19398,0699638118;36,4676681475033;123963,3;7,70868105217337;35,0932201906650;Barcelona;55;0
08140;Navarcles;Bages;2019;444,2473256;NA;NA;NA;1339,85;38;0,00000000000000e+00;3,94736842105263e+01;18315;82,9;535,883384318456;22092,8829915561;29,1071138804259;120586,5;6,58402948402948;29,9733242100000;Barcelona;60;0
08141;Navàs;Bages;2019;400,4342241;NA;NA;NA;859,79;35;0,00000000000000e+00;2,57142857142857e+01;17543;82,9;483,032839686369;21161,6405307599;27,3910430895514;77381,1;4,41093883600296;20,0804841673616;Barcelona;80;0
08147;Olesa de Montserrat;Baix Llobregat;2019;603,8662571;NA;NA;NA;1666,55;269;0,00000000000000e+00;0,00000000000000e+00;17351;82,9;728,427330639324;20930,0361881785;41,7635587873898;149989,5;8,64442971600000;39,3531491818698;Barcelona;38;0
08155;Palafolls;Maresme;2019;551,1990291;NA;NA;NA;1403,86;93;0,00000000000000e+00;1,82795698924731e+01;16297;82,9;664,896295657418;19658,6248492159;40,5865395422470;126347,4;7,75280112904215;35,2940736910117;Barcelona;60;0
08156;Palau-solità i Plegamans;Vallès Occidental;2019;738,1671605;NA;NA;NA;2018,32;96;0,00000000000000e+00;5,20833333333333e+00;18874;82,9;890,430832931242;22767,1893848010;46,9323192010173;181648,8;9,62428737946381;43,8138812463304;Barcelona;28;0
08157;Pallejà;Baix Llobregat;2019;794,5407407;NA;NA;NA;2207,57;146;0,00000000000000e+00;3,28767123287671e+01;20470;82,9;958,432739083233;24692,4004825090;46,5778646233512;198681,3;9,70597459697118;44,1857564726301;Barcelona;22;0
08159;Parets del Vallès;Vallès Oriental;2019;687,4014789;NA;NA;NA;2082,94;165;0,00000000000000e+00;1,63636363636364e+01;18425;82,9;829,193581302774;22225,5729794934;44,7697028320217;187464,6;10,17446947082768;46,3185459414340;Barcelona;25;0
08161;Piera;Anoia;2019;553,3842326;NA;NA;NA;1179,74;208;0,00000000000000e+00;1,25000000000000e+01;15963;82,9;667,532246803378;19255,7297949337;41,6000174854351;106176,6;6,65141890622064;30,2801097459523;Barcelona;50;0
08163;Pineda de Mar;Maresme;2019;553,2471476;NA;NA;NA;1654,31;375;2,66666666666667e-01;1,73333333333333e+01;14960;82,9;667,366884921592;18045,8383594692;44,3781134438503;148887,9;9,95239973300000;45,3075893111300;Barcelona;55;1
08167;Polinyà;Vallès Occidental;2019;647,6588785;NA;NA;NA;1893,22;120;2,50000000000000e+00;1,83333333333333e+01;17247;82,9;781,253170687575;20804,5838359469;45,0623676117586;170389,8;9,87938772000000;44,9752073339766;Barcelona;25;0
08169;Prat de Llobregat, el;Baix Llobregat;2019;729,9364958;NA;NA;NA;2548,45;493;0,00000000000000e+00;9,33062880324544e+00;18045;82,9;880,502407478890;21767,1893848010;48,5410803500000;229360,5;12,71047381546134;57,8635246827222;Barcelona;11;1
08172;Premià de Mar;Maresme;2019;759,4197218;NA;NA;NA;2931,44;292;0,00000000000000e+00;3,76712328767123e+00;19096;82,9;916,067215700000;23034,9819059107;47,7222280142438;263829,6;13,81596145789694;62,8961782575012;Barcelona;22;1
08180;Ripollet;Vallès Occidental;2019;0,0000000;NA;NA;NA;2464,85;357;2,80112044817927e-01;6,44257703081232e+00;16298;82,9;0,000000000000;19659,8311218335;0,0000000000000;221836,5;13,61127132163456;61,9643410243745;Barcelona;16;0
08181;Roca del Vallès, la;Vallès Oriental;2019;0,0000000;NA;NA;NA;1871,04;124;0,00000000000000e+00;8,06451612903226e+00;20060;82,9;0,000000000000;24197,8287092883;0,0000000000000;168393,6;8,39449651046859;38,2153461100000;Barcelona;36;0
08183;Roda de Ter;Osona;2019;0,0000000;NA;NA;NA;909,55;93;0,00000000000000e+00;1,07526881720430e+00;17206;82,9;0,000000000000;20755,1266586248;0,0000000000000;81859,5;4,75761362315471;21,6586963878086;Barcelona;79;0
08184;Rubí;Vallès Occidental;2019;0,0000000;NA;NA;NA;1918,37;813;3,69003690036900e-01;1,43911439114391e+01;16746;82,9;0,000000000000;20200,2412545235;0,0000000000000;172653,3;10,31012182013615;46,9360935778512;Barcelona;24;0
08187;Sabadell;Vallès Occidental;2019;0,0000000;NA;NA;NA;2048,32;2254;1,59716060337178e+03;1,61047027506655e+04;18073;82,9;0,000000000000;21800,9650180941;0,0000000000000;184348,8;10,20023239085929;46,4358297957413;Barcelona;26;0
08191;Sallent;Bages;2019;470,9090909;NA;NA;NA;752,91;41;0,00000000000000e+00;2,43902439024390e+01;18029;82,9;568,044741737032;21747,8890229192;31,3434416262688;67761,9;3,75849464751234;17,1102785752693;Barcelona;68;0
08192;Santpedor;Bages;2019;486,0034400;NA;NA;NA;1422,55;62;1,61290322580645e+00;2,74193548387097e+01;18839;82,9;586,252641737032;22724,9698431846;30,9572762885504;128029,5;6,79598174000743;30,9382217268646;Barcelona;65;0
08194;Sant Adrià de Besòs;Barcelonès;2019;0,0000000;NA;NA;NA;2678,99;228;8,77192982456140e-01;5,70175438596491e+00;15385;82,9;0,000000000000;18558,5042219542;0,0000000000000;241109,1;15,67169970750731;71,3442941633286;Barcelona;8;1
08196;Sant Andreu de la Barca;Baix Llobregat;2019;997,8751362;NA;NA;NA;2035,68;211;0,00000000000000e+00;0,00000000000000e+00;16913;82,9;1203,709452593486;20401,6887816647;70,8005772742860;183211,2;10,83256666469580;49,3144864369565;Barcelona;27;0
08197;Sant Andreu de Llavaneres;Maresme;2019;0,0000000;NA;NA;NA;2898,98;177;0,00000000000000e+00;2,71186440677966e+01;22131;82,9;0,000000000000;26696,0193003619;0,0000000000000;260908,2;11,78926392842619;53,6697824343738;Barcelona;36;1
08198;Sant Antoni de Vilamajor;Vallès Oriental;2019;624,2857143;NA;NA;NA;1516,02;57;0,00000000000000e+00;3,50877192982456e+00;20195;82,9;753,058762700000;24360,6755126659;37,0954621025006;136441,8;6,75621688536766;30,7571950648094;Barcelona;44;0
08200;Sant Boi de Llobregat;Baix Llobregat;2019;419,2857143;NA;NA;NA;2450,11;572;0,00000000000000e+00;2,77972027972028e+01;17505;82,9;505,772876115802;21115,8021712907;28,7428081782348;220509,9;12,59696658097686;57,3467911006687;Barcelona;15;0
08202;Sant Celoni;Vallès Oriental;2019;577,5357485;NA;NA;NA;1388,94;142;0,00000000000000e+00;1,61971830985916e+01;16885;82,9;696,665559107358;20367,9131483715;41,0448858868818;125004,6;7,40329286348830;33,7029622624125;Barcelona;52;0
08205;Sant Cugat del Vallès;Vallès Occidental;2019;1134,2277280;NA;NA;NA;3674,93;1171;3,41588385994876e+02;3,17677198975235e+04;26201;82,9;1368,187850422195;31605,5488540410;51,9473788634022;330743,7;12,62332353726957;57,4667792600000;Barcelona;17;0
08208;Sant Esteve Sesrovires;Baix Llobregat;2019;806,2778947;NA;NA;NA;1496,66;100;0,00000000000000e+00;0,00000000000000e+00;19711;82,9;972,590946600000;23776,8395657419;49,0859658890975;134699,4;6,83371721373852;31,1100097772044;Barcelona;38;0
08209;Sant Fost de Campsentelles;Vallès Oriental;2019;818,8763768;NA;NA;NA;1735,41;96;0,00000000000000e+00;2,29166666666667e+01;20192;82,9;987,788150542823;24357,0566948130;48,6653948177496;156186,9;7,73508815372425;35,2134366353525;Barcelona;22;0
08210;Sant Feliu de Codines;Vallès Oriental;2019;551,4564103;NA;NA;NA;1281,73;66;0,00000000000000e+00;2,72727272727273e+01;16936;82,9;665,206767551267;20429,4330518697;39,0734348346717;115355,7;6,81127184695324;31,0078288472210;Barcelona;39;0
08211;Sant Feliu de Llobregat;Baix Llobregat;2019;816,4576090;NA;NA;NA;2843,64;487;2,66940451745380e+00;4,14784394250513e+01;19790;82,9;984,870457200000;23872,1351025332;49,5072830116220;255927,6;12,93216776149570;58,8727705459854;Barcelona;16;0
08213;Sant Fruitós de Bages;Bages;2019;496,4689091;NA;NA;NA;1376,93;81;1,72839506172839e+01;4,07407407407407e+01;20960;82,9;598,876850542823;25283,4740651387;28,4237925057252;123923,7;5,91239026717557;26,9157346237122;Barcelona;57;0
08214;Vilassar de Dalt;Maresme;2019;878,3226582;NA;NA;NA;2176,12;88;0,00000000000000e+00;5,68181818181818e+00;21846;82,9;1059,496572014475;26352,2316043426;48,2462322548750;195850,8;8,96506454270805;40,8128163419182;Barcelona;26;0
08217;Sant Joan Despí;Baix Llobregat;2019;849,3698336;NA;NA;NA;2918,87;234;4,27350427350427e-01;2,69230769230769e+01;20449;82,9;1024,571572496984;24667,0687600000;49,8432099525649;262698,3;12,84651083182552;58,4828234884502;Barcelona;11;0
08218;Sant Joan de Vilatorrada;Bages;2019;489,0435246;NA;NA;NA;1133,93;62;0,00000000000000e+00;9,67741935500000e+00;17069;82,9;589,919812545235;20589,8673100121;34,3811722725409;102053,7;5,97889155779483;27,2184770019310;Barcelona;58;0
08219;Vilassar de Mar;Maresme;2019;888,3542418;NA;NA;NA;2941,85;195;0,00000000000000e+00;2,56410256410256e+00;21541;82,9;1071,597396622436;25984,3184559710;49,4881895065224;264766,5;12,29128174179472;55,9551826922053;Barcelona;24;1
08221;Sant Just Desvern;Baix Llobregat;2019;1092,0233100;NA;NA;NA;3348,30;357;7,56302521008403e+00;7,17086834733894e+01;30111;82,9;1317,277816646562;36322,0747889023;43,5199087376706;301347,0;10,00787087775232;45,5601177394266;Barcelona;10;0
08230;Premià de Dalt;Maresme;2019;993,3090244;NA;NA;NA;2727,56;131;0,00000000000000e+00;2,29007633587786e+00;22064;82,9;1198,201476960193;26615,1990349819;54,0233334517766;245480,4;11,12583393763597;50,6495647615557;Barcelona;24;0
08231;Sant Pere de Ribes;Garraf;2019;758,7007103;NA;NA;NA;2210,38;372;0,00000000000000e+00;2,95698924731183e+00;17422;82,9;915,199891797346;21015,6815440290;52,2581134404776;198934,2;11,41856273676960;51,9821917225906;Barcelona;42;0
08234;Sant Pere de Vilamajor;Vallès Oriental;2019;835,9166667;NA;NA;NA;NA;NA;NA;NA;19387;82,9;1008,343385645356;23386,0072376357;51,7408572775571;NA;NA;NA;Barcelona;46;0
08235;Sant Pol de Mar;Maresme;2019;724,6830496;NA;NA;NA;2603,12;80;0,00000000000000e+00;2,25000000000000e+01;19815;82,9;874,165319179735;23902,2919179735;43,8869371445874;234280,8;11,82340651021953;53,8252141006526;Barcelona;48;1
08238;Sant Quirze del Vallès;Vallès Occidental;2019;823,8298421;NA;NA;NA;2683,59;169;0,00000000000000e+00;4,73372781065089e+00;23450;82,9;993,763380096502;28287,0928829916;42,1576038601279;241523,1;10,29949253731343;46,8877045265930;Barcelona;25;0
08240;Sant Sadurní d'Anoia;Alt Penedès;2019;578,0683571;NA;NA;NA;1570,31;76;2,63157894736842e+00;3,15789473684211e+01;18287;82,9;697,308030277443;22059,1073582630;37,9330687700000;141327,9;7,72832613331875;35,1826530201766;Barcelona;42;0
08244;Santa Coloma de Cervelló;Baix Llobregat;2019;853,6125301;NA;NA;NA;2379,94;56;0,00000000000000e+00;7,14285714285714e+00;19682;82,9;1029,689421109771;23741,8576598311;52,0442554679402;214194,6;10,88276597906717;49,5430152320554;Barcelona;18;0
08245;Santa Coloma de Gramenet;Barcelonès;2019;614,7777388;NA;NA;NA;2015,09;912;0,00000000000000e+00;2,63157894736842e+00;14965;82,9;741,589552231604;18051,8697225573;49,2972460113598;181358,1;12,11881724022720;55,1700503605367;Barcelona;9;0
08248;Santa Eulàlia de Ronçana;Vallès Oriental;2019;776,2625000;NA;NA;NA;1530,52;90;0,00000000000000e+00;2,11111111111111e+01;19552;82,9;936,384197828709;23585,0422195416;47,6429521276596;137746,8;7,04515139116203;32,0725487762804;Barcelona;38;0
08250;Santa Margarida de Montbui;Anoia;2019;421,2649231;NA;NA;NA;798,80;102;1,96078431372549e+00;1,76470588235294e+01;12945;82,9;508,160341495778;15615,1990349819;39,0512095573580;71892,0;5,55365005793743;25,2825954305308;Barcelona;66;0
08251;Santa Margarida i els Monjos;Alt Penedès;2019;450,3140777;NA;NA;NA;1166,88;49;0,00000000000000e+00;2,04081632653061e+01;16643;82,9;543,201541254523;20075,9951749095;32,4687191756294;105019,2;6,31011235955056;28,7263360570757;Barcelona;52;0
08252;Barberà del Vallès;Vallès Occidental;2019;711,1867421;NA;NA;NA;2070,56;423;0,00000000000000e+00;1,15839243498818e+01;17994;82,9;857,885093003619;21705,6694813028;47,4282588929643;186350,4;10,35625208402801;47,1460983111193;Barcelona;19;0
08259;Santa Maria de Palautordera;Vallès Oriental;2019;585,3906107;NA;NA;NA;1393,84;108;0,00000000000000e+00;2,12962962962963e+01;17811;82,9;706,140664294330;21484,9215922799;39,4401624187300;125445,6;7,04315310763012;32,0634517331527;Barcelona;54;0
08260;Santa Perpètua de Mogoda;Vallès Occidental;2019;643,9879564;NA;NA;NA;1842,47;224;1,78571428571429e+00;3,25892857142857e+01;17165;82,9;776,825037876960;20705,6694813028;45,0210048167783;165822,3;9,66048936789980;43,9786882143351;Barcelona;20;0
08262;Sant Vicenç de Castellet;Bages;2019;482,7178680;NA;NA;NA;1250,71;121;0,00000000000000e+00;2,06611570247934e+01;15597;82,9;582,289346200241;18814,2340168878;37,1392858600000;112563,9;7,21702250432776;32,8549797496100;Barcelona;52;0
08263;Sant Vicenç dels Horts;Baix Llobregat;2019;682,4073077;NA;NA;NA;1868,47;222;9,00900900900901e-01;2,38738738738739e+01;17071;82,9;823,169249300000;20592,2798552473;47,9695840454572;168162,3;9,85075859645012;44,8448752945675;Barcelona;21;0
08264;Sant Vicenç de Montalt;Maresme;2019;1514,6780580;NA;NA;NA;2447,49;79;0,00000000000000e+00;2,15189873417722e+01;25617;82,9;1827,114665862485;30901,0856453558;70,9534164700000;220274,1;8,59874692600000;39,1451815415643;Barcelona;38;1
08266;Cerdanyola del Vallès;Vallès Occidental;2019;773,1087153;NA;NA;NA;2672,29;446;2,24215246636771e-01;4,93273542600897e+00;19799;82,9;932,579873703257;23882,9915560917;46,8574401919289;240506,1;12,14738623162786;55,3001086544346;Barcelona;18;0
08267;Sentmenat;Vallès Occidental;2019;577,9090278;NA;NA;NA;1603,74;86;0,00000000000000e+00;6,97674418604651e+00;18207;82,9;697,115835705669;21962,6055488540;38,0892422343055;144336,6;7,92753336628769;36,0895297274677;Barcelona;32;0
08270;Sitges;Garraf;2019;1021,4782950;NA;NA;NA;4477,35;634;0,00000000000000e+00;2,79179810725552e+01;22763;82,9;1232,181296743064;27458,3835946924;53,8494027149321;402961,5;17,70247770504767;80,5892660260506;Barcelona;38;1
08274;Súria;Bages;2019;377,9094828;NA;NA;NA;937,10;42;0,00000000000000e+00;3,57142857142857e+01;18113;82,9;455,861861037394;21849,2159227986;25,0367901153867;84339,0;4,65626897800000;21,1973321258020;Barcelona;72;0
08278;Taradell;Osona;2019;511,6551333;NA;NA;NA;1887,63;42;0,00000000000000e+00;3,57142857142857e+01;19478;82,9;617,195577000000;23495,7780458384;31,5220330608892;169886,7;8,72197864257111;39,7061851347098;Barcelona;75;0
08279;Terrassa;Vallès Occidental;2019;615,0755434;NA;NA;NA;1772,64;2624;7,62195121951220e+01;7,43140243900000e+03;17513;82,9;741,948785765983;21125,4523500000;42,1453007500000;159537,6;9,10966710443670;41,4711091814497;Barcelona;28;0
08281;Teià;Maresme;2019;996,3928000;NA;NA;NA;2532,75;80;1,25000000000000e+00;3,37500000000000e+01;25846;82,9;1201,921351025332;31177,3220700000;46,2613696510098;227947,5;8,81944981815368;40,1499157000000;Barcelona;22;0
08282;Tiana;Maresme;2019;1005,6100000;NA;NA;NA;3123,87;108;0,00000000000000e+00;4,81481481481481e+01;24597;82,9;1213,039806996381;29670,6875753920;49,0601292840590;281148,3;11,43018660812294;52,0351085671338;Barcelona;17;0
08283;Tona;Osona;2019;530,5705521;NA;NA;NA;1596,54;74;0,00000000000000e+00;3,10810810810811e+01;17858;82,9;640,012728709288;21541,6164100000;35,6526297748908;143688,6;8,04617538358159;36,6296390417044;Barcelona;61;0
08284;Tordera;Maresme;2019;509,8957529;NA;NA;NA;1146,57;200;0,00000000000000e+00;1,90000000000000e+01;14805;82,9;615,073284559710;17858,8661037394;41,3289364052685;103191,3;6,97003039513678;31,7305658045354;Barcelona;65;0
08285;Torelló;Osona;2019;435,7710917;NA;NA;NA;1026,45;157;0,00000000000000e+00;1,91082802547771e+00;18223;82,9;525,658735464415;21981,9059107358;28,6958958481040;92380,5;5,06944520660704;23,0782874107645;Barcelona;82;0
08289;Torrelles de Llobregat;Baix Llobregat;2019;681,6279592;NA;NA;NA;2041,13;59;0,00000000000000e+00;3,38983050847458e+01;19911;82,9;822,229142581423;24018,0940892642;41,0804857134247;183701,7;9,22614132891367;42,0013497736396;Barcelona;25;0
08291;Vacarisses;Vallès Occidental;2019;683,1468750;NA;NA;NA;1786,40;101;0,00000000000000e+00;0,00000000000000e+00;18377;82,9;824,061369100000;22167,6718938480;44,6088180878272;160776,0;8,74876203950590;39,8281146372700;Barcelona;42;0
08295;Vallirana;Baix Llobregat;2019;786,5805525;NA;NA;NA;1686,93;146;2,05479452054794e+00;3,08219178082192e+01;19049;82,9;948,830582026538;22978,2870928830;49,5509823600000;151823,7;7,97016641293506;36,2836136288860;Barcelona;28;0
08298;Vic;Osona;2019;558,9482045;NA;NA;NA;1572,53;504;3,96825396825397e-01;2,18253968253968e+01;17489;82,9;674,243913751508;21096,5018094089;38,3519838412717;141527,7;8,09238378400000;36,8399994863545;Barcelona;70;0
08300;Viladecavalls;Vallès Occidental;2019;852,7256000;NA;NA;NA;2153,67;102;0,00000000000000e+00;0,00000000000000e+00;20001;82,9;1028,619541616405;24126,6586248492;51,1609779511024;193830,3;9,69103044847758;44,1177243034304;Barcelona;32;0
08301;Viladecans;Baix Llobregat;2019;746,2651508;NA;NA;NA;2450,57;674;0,00000000000000e+00;1,30563798219585e+01;17767;82,9;900,199216887817;21431,8455971049;50,4034547734564;220551,3;12,41353633140091;56,5117379840032;Barcelona;18;1
08302;Vilanova del Camí;Anoia;2019;423,6265363;NA;NA;NA;922,18;119;0,00000000000000e+00;1,42857142857143e+01;14873;82,9;511,009090832328;17940,8926417370;34,1795094170645;82996,2;5,58032676662408;25,4040392424575;Barcelona;64;0
08305;Vilafranca del Penedès;Alt Penedès;2019;562,0133699;NA;NA;NA;1571,81;325;4,30769230769231e+00;3,16923076923077e+01;16985;82,9;677,941338841978;20488,5404101327;39,7065671992935;141462,9;8,32869590815425;37,9157935615383;Barcelona;48;0
08307;Vilanova i la Geltrú;Garraf;2019;647,7864194;NA;NA;NA;2155,21;848;0,00000000000000e+00;7,07547169811321e+00;17951;82,9;781,407019782871;21653,7997587455;43,3036434300000;193968,9;10,80546487660854;49,1911074814037;Barcelona;45;1
08902;Vilanova del Vallès;Vallès Oriental;2019;866,3600000;NA;NA;NA;1804,93;36;0,00000000000000e+00;8,33333333333333e+00;23155;82,9;1045,066344993969;27931,2424607961;44,8988123515439;162443,7;7,01549125458864;31,9375231218772;Barcelona;30;0
08904;Badia del Vallès;Vallès Occidental;2019;271,8625000;NA;NA;NA;1392,88;84;1,30952380952381e+01;1,54761904761905e+01;13639;82,9;327,940289505428;16452,3522316043;23,9192756067160;125359,2;9,19123102866779;41,8424231239107;Barcelona;20;0
17008;Anglès;Selva;2019;469,0031915;NA;NA;NA;862,71;49;0,00000000000000e+00;1,42857142857143e+01;15605;82,9;565,745707478890;18823,8841978287;36,0656090868311;77643,9;4,97557834027555;22,6509652026613;Girona;101;0
17009;Arbúcies;Selva;2019;401,3949721;NA;NA;NA;913,58;45;0,00000000000000e+00;2,22222222222222e+00;15076;82,9;484,191763691194;18185,7659831122;31,9497191907668;82222,2;5,45384717431679;24,8282499274729;Girona;78;0
17015;Banyoles;Pla de l'Estany;2019;540,0624632;NA;NA;NA;1507,61;188;4,78723404255319e+00;3,72340425531915e+01;17206;82,9;651,462561158022;20755,1266586248;37,6656373265140;135684,9;7,88590607927467;35,9000244749866;Girona;118;0
17020;Bescanó;Gironès;2019;590,4676744;NA;NA;NA;NA;NA;NA;NA;18329;82,9;712,264987213510;22109,7708082027;38,6579305624966;NA;NA;NA;Girona;98;0
17022;Bisbal d'Empordà, la;Baix Empordà;2019;450,8903478;NA;NA;NA;1005,78;107;9,34579439252336e-01;2,14953271028037e+01;14435;82,9;543,896680096502;17412,5452352232;37,4830909151368;90520,2;6,27088326983027;28,5477484265698;Girona;120;0
17023;Blanes;Selva;2019;512,6393792;NA;NA;NA;1862,11;549;0,00000000000000e+00;4,37158469945355e+00;15347;82,9;618,382845838359;18512,6658624849;40,0838766560240;167589,9;10,92004300514758;49,7127162321927;Girona;70;1
17033;Caldes de Malavella;Selva;2019;645,2015686;NA;NA;NA;1984,23;96;0,00000000000000e+00;1,97916666666667e+01;16934;82,9;778,288985042219;20427,0205066345;45,7211457600000;178580,7;10,54568914609661;48,0084970128494;Girona;85;0
17034;Calonge i Sant Antoni;Baix Empordà;2019;581,1673936;NA;NA;NA;2196,79;388;0,00000000000000e+00;2,21649484536082e+01;15153;82,9;701,046313148371;18278,6489746683;46,0239472262918;197711,1;13,04765392991487;59,3985130800000;Girona;112;1
17044;Cassà de la Selva;Gironès;2019;549,9922093;NA;NA;NA;1191,07;109;0,00000000000000e+00;3,76146788990826e+01;17179;82,9;663,440542000000;20722,5572979493;38,4184557401479;107196,3;6,23996158100006;28,4069796455758;Girona;96;0
17047;Castelló d'Empúries;Alt Empordà;2019;0,0000000;NA;NA;NA;2086,29;499;0,00000000000000e+00;4,60921843687375e+00;13056;82,9;0,000000000000;15749,0952955368;0,0000000000000;187766,1;14,38159466911765;65,4711830727445;Girona;142;1
17048;Castell d'Aro, Platja d'Aro i s'Agaró;Baix Empordà;2019;0,0000000;NA;NA;NA;2539,64;541;0,00000000000000e+00;1,47874306839187e+00;14404;82,9;0,000000000000;17375,1507800000;0,0000000000000;228567,6;15,86834212718689;72,2394947412141;Girona;107;1
17049;Celrà;Gironès;2019;577,2210127;NA;NA;NA;1549,06;38;0,00000000000000e+00;2,36842105263158e+01;16231;82,9;696,285901930036;19579,0108564536;42,6754491553201;139415,4;8,58945228266897;39,1028683419101;Girona;109;0
17062;Escala, l';Alt Empordà;2019;529,6957516;NA;NA;NA;2115,90;378;0,00000000000000e+00;4,49735449735450e+00;15580;82,9;638,957480820265;18793,7273823884;40,7981323440308;190431,0;12,22278562259307;55,6433589992699;Girona;140;1
17066;Figueres;Alt Empordà;2019;482,1507547;NA;NA;NA;1117,65;447;0,00000000000000e+00;5,36912751677852e+00;14205;82,9;581,605252955368;17135,1025331725;40,7307923717001;100588,5;7,08120380147835;32,2366748005732;Girona;138;0
17079;Girona;Gironès;2019;634,2333903;NA;NA;NA;1914,81;1000;3,00000000000000e+03;2,68000000000000e+04;19288;82,9;765,058371900000;23266,5862484922;39,4587343612609;172332,9;8,93472107009540;40,6746798500000;Girona;102;0
17089;Llagostera;Gironès;2019;504,5313291;NA;NA;NA;933,94;94;1,06382978723404e+00;4,14893617021277e+01;16124;82,9;608,602327020507;19449,9396863691;37,5488461250310;84054,6;5,21301165963781;23,7318634394136;Girona;90;0
17092;Llançà;Alt Empordà;2019;492,3960448;NA;NA;NA;NA;NA;NA;NA;16044;82,9;593,963865862485;19353,4378769602;36,8284251907255;NA;NA;NA;Girona;160;1
17095;Lloret de Mar;Selva;2019;524,1961047;NA;NA;NA;1748,14;582;0,00000000000000e+00;4,12371134020619e+00;12411;82,9;632,323407358263;14971,0494571773;50,6836939521392;157332,6;12,67686729514141;57,7105333980332;Girona;75;1
17103;Maçanet de la Selva;Selva;2019;568,9764706;NA;NA;NA;1099,60;103;0,00000000000000e+00;9,70873786400000e+00;16332;82,9;686,340736550060;19700,8443908323;41,8057656576047;98964,0;6,05951506245408;27,5855097514248;Girona;78;0
17114;Olot;Garrotxa;2019;464,2180051;NA;NA;NA;1326,86;283;4,59363957597173e+00;3,00353356890459e+01;17405;82,9;559,973468154403;20995,1749095296;32,0058377500000;119417,4;6,86109738580868;31,2346560559663;Girona;112;0
17117;Palafrugell;Baix Empordà;2019;501,6415364;NA;NA;NA;2260,13;385;0,00000000000000e+00;1,37662337662338e+01;14417;82,9;605,116449215923;17390,8323281061;41,7541682513699;203411,7;14,10915585766803;64,2309248322003;Girona;122;1
17118;Palamós;Baix Empordà;2019;595,6484049;NA;NA;NA;2201,41;371;2,69541778975741e-01;4,15094339622642e+01;16276;82,9;718,514360554885;19633,2931242461;43,9160780216269;198126,9;12,17294789874662;55,4164763192229;Girona;115;1
17141;Puigcerdà;Cerdanya;2019;498,5006159;NA;NA;NA;1962,02;90;0,00000000000000e+00;7,77777777777778e+00;14085;82,9;601,327642800000;16990,3498190591;42,4707659978701;176581,8;12,53686900958466;57,0732011970890;Girona;151;0
17147;Ripoll;Ripollès;2019;646,7041808;NA;NA;NA;1359,10;75;0,00000000000000e+00;2,13333333333333e+01;17261;82,9;780,101544993969;20821,4716525935;44,9594471328428;122319,0;7,08643763397254;32,2605014493756;Girona;102;0
17152;Roses;Alt Empordà;2019;364,7247826;NA;NA;NA;2345,08;730;0,00000000000000e+00;1,09589041095890e+00;13137;82,9;439,957518214717;15846,8033775633;33,3158056725280;211057,2;16,06585978533912;73,1386797797657;Girona;150;1
17155;Salt;Gironès;2019;0,0000000;NA;NA;NA;1140,76;355;2,53521126760563e+00;2,22535211267606e+01;12577;82,9;0,000000000000;15171,2907117008;0,0000000000000;102668,4;8,16318676900000;37,1623250230096;Girona;100;0
17160;Sant Feliu de Guíxols;Baix Empordà;2019;571,0093976;NA;NA;NA;1974,47;329;0,00000000000000e+00;1,51975683890578e+00;15285;82,9;688,793000723764;18437,8769601930;44,8290007929343;177702,3;11,62592737978410;52,9262044567814;Girona;105;1
17164;Sant Hilari Sacalm;Selva;2019;371,0547059;NA;NA;NA;828,95;30;0,00000000000000e+00;6,66666666666667e+00;15851;82,9;447,593131400000;19120,6272617612;28,0906975635607;74605,5;4,70667465800000;21,4268003841832;Girona;95;0
17180;Santa Coloma de Farners;Selva;2019;493,9021457;NA;NA;NA;1151,06;118;0,00000000000000e+00;9,32203389830508e+00;16195;82,9;595,780634100000;19535,5850422195;36,5966393849954;103595,4;6,39675208397654;29,1207572175779;Girona;90;0
17181;Santa Cristina d'Aro;Baix Empordà;2019;675,8537879;NA;NA;NA;1744,45;89;0,00000000000000e+00;1,12359550561798e+00;17087;82,9;815,263917852835;20611,5802171291;47,4644200550126;157000,5;9,18830104758003;41,8290845900000;Girona;101;1
17186;Sarrià de Ter;Gironès;2019;590,1717544;NA;NA;NA;1578,22;50;2,00000000000000e+00;2,80000000000000e+01;18129;82,9;711,908027020507;21868,5162846803;39,0648190898560;142039,8;7,83494952837994;35,6680484146720;Girona;106;0
17193;Sils;Selva;2019;568,6236559;NA;NA;NA;1220,51;65;0,00000000000000e+00;7,69230769230769e+00;16018;82,9;685,915145838359;19322,0747889023;42,5988504857036;109845,9;6,85765388937445;31,2189797842703;Girona;80;0
17199;Torroella de Montgrí;Baix Empordà;2019;541,3355610;NA;NA;NA;1742,01;261;0,00000000000000e+00;1,91570881226054e+01;14725;82,9;652,998264173703;17762,3642943305;44,1156314567063;156780,9;10,64725976230900;48,4708899923382;Girona;135;1
17202;Tossa de Mar;Selva;2019;549,5494505;NA;NA;NA;2269,27;135;0,00000000000000e+00;7,40740740740741e-01;14371;82,9;662,906454161641;17335,3437876960;45,8882012803563;204234,3;14,21155799874748;64,6971032692863;Girona;87;1
17213;Vidreres;Selva;2019;580,6151648;NA;NA;NA;1209,29;101;0,00000000000000e+00;1,58415841584158e+01;16261;82,9;700,380174700000;19615,1990349819;42,8471925318246;108836,1;6,69307545661398;30,4697482178833;Girona;82;0
17221;Vilafant;Alt Empordà;2019;591,8962712;NA;NA;NA;1021,81;36;0,00000000000000e+00;3,33333333333333e+01;16649;82,9;713,988264414958;20083,2328106152;42,6617529845636;91962,9;5,52362904678960;25,1459269203892;Girona;136;0
25003;Agramunt;Urgell;2019;341,2011688;NA;NA;NA;837,64;36;0,00000000000000e+00;0,00000000000000e+00;16066;82,9;411,581627020507;19379,9758745476;25,4849621909623;75387,6;4,69236897796589;21,3616747982037;Lleida;112;0
25011;Alcarràs;Segrià;2019;393,3829167;NA;NA;NA;647,80;97;0,00000000000000e+00;2,26804123711340e+01;13855;82,9;474,527040651387;16712,9071170084;34,0714182600000;58302,0;4,20801154817755;19,1566721758998;Lleida;165;0
25019;Almacelles;Segrià;2019;345,2447887;NA;NA;NA;709,55;58;3,44827586206897e+00;3,10344827586207e+01;14371;82,9;416,459334981906;17335,3437876960;28,8284563662932;63859,5;4,44363649015378;20,2293379036968;Lleida;170;0
25023;Alpicat;Segrià;2019;526,1363636;NA;NA;NA;1054,61;47;0,00000000000000e+00;1,70212765957447e+01;19618;82,9;634,663888540410;23664,6562123040;32,1828747232134;94914,9;4,83815373636456;22,0253495036821;Lleida;160;0
25040;Balaguer;Noguera;2019;335,2403342;NA;NA;NA;638,39;82;1,21951219512195e+00;2,43902439024390e+00;14233;82,9;404,391235464415;17168,8781664656;28,2644840188295;57455,1;4,03675261700000;18,3770281180857;Lleida;145;0
25050;Bellpuig;Urgell;2019;365,6455319;NA;NA;NA;654,28;33;0,00000000000000e+00;9,09090909090909e+00;14148;82,9;441,068192882991;17066,3449939686;31,0131918490246;58885,2;4,16208651399491;18,9476017362322;Lleida;123;0
25058;Borges Blanques, les;Garrigues;2019;308,4790991;NA;NA;NA;682,71;31;0,00000000000000e+00;1,61290322580645e+01;14981;82,9;372,109890300000;18071,1700844391;24,7096267885989;61443,9;4,10145517655697;18,6715819008333;Lleida;125;0
25072;Cervera;Segarra;2019;316,3930061;NA;NA;NA;781,32;53;1,88679245283019e+00;1,69811320800000e+01;14135;82,9;381,656219662244;17050,6634499397;26,8603896229218;70318,8;4,97480014149275;22,6474225082558;Lleida;102;0
25110;Guissona;Segarra;2019;373,0406250;NA;NA;NA;983,02;27;7,40740740740741e+00;7,40740740740741e+00;15372;82,9;449,988691194210;18542,8226779252;29,1210480093677;88471,8;5,75538641686183;26,2009858031874;Lleida;110;0
25120;Lleida;Segrià;2019;458,9670023;NA;NA;NA;1080,96;1369;7,59678597516435e+03;3,03140978816654e+04;16864;82,9;553,639327261761;20342,5814234017;32,6589422888994;97286,4;5,76888045500000;26,2624164503703;Lleida;155;0
25137;Mollerussa;Pla d'Urgell;2019;372,3711781;NA;NA;NA;778,65;169;0,00000000000000e+00;6,50887573964497e+00;15454;82,9;449,181155729795;18641,7370325694;28,9145472835512;70078,5;4,53465122298434;20,6436759776423;Lleida;135;0
25203;Seu d'Urgell, la;Alt Urgell;2019;394,4496706;NA;NA;NA;1134,84;77;1,29870129870130e+00;1,29870129870130e+01;15037;82,9;475,813836670688;18138,7213510253;31,4783271078008;102135,6;6,79228569528496;30,9213957471149;Lleida;180;0
25207;Solsona;Solsonès;2019;332,4287667;NA;NA;NA;832,41;59;0,00000000000000e+00;1,69491525423729e+00;15393;82,9;400,999718576598;18568,1544028951;25,9153199532255;74916,9;4,86694601442214;22,1564242941458;Lleida;115;0
25217;Tàrrega;Urgell;2019;370,5279924;NA;NA;NA;814,11;178;1,06741573033708e+01;2,52808988764045e+01;14963;82,9;446,957771290712;18049,4571773221;29,7155377183720;73269,9;4,89673862193410;22,2920530130401;Lleida;100;0
25234;Tremp;Pallars Jussà;2019;333,4074074;NA;NA;NA;574,74;58;0,00000000000000e+00;0,00000000000000e+00;16297;82,9;402,180226055489;19658,6248492159;24,5498489832485;51726,6;3,17399521384304;14,4493866291311;Lleida;190;0
25243;Vielha e Mijaran;Val d'Aran;2019;549,8169231;NA;NA;NA;1806,35;169;0,00000000000000e+00;7,10059171597633e+00;16775;82,9;663,229099034982;20235,2231604343;39,3311658849478;162571,5;9,69129657228018;44,1189358130440;Lleida;280;0
43004;Alcanar;Montsià;2019;375,1538889;NA;NA;NA;961,63;150;0,00000000000000e+00;6,00000000000000e+00;13607;82,9;452,537863570567;16413,7515078408;33,0847847931212;86546,7;6,36045417799662;28,9555135918017;Tarragona;190;1
43005;Alcover;Alt Camp;2019;428,9383673;NA;NA;NA;1064,31;22;0,00000000000000e+00;9,09090909090909e+00;16184;82,9;517,416607117008;19522,3160434258;31,8046243672763;95787,9;5,91867894216510;26,9443633676726;Tarragona;105;0
43012;Altafulla;Tarragonès;2019;619,6795276;NA;NA;NA;1781,03;151;6,62251655629139e-01;3,24503311258278e+01;19571;82,9;747,502445838359;23607,9613992762;37,9957811619233;160292,7;8,19031730621838;37,2858348546539;Tarragona;88;1
43013;Ametlla de Mar, l';Baix Ebre;2019;384,3054054;NA;NA;NA;1733,12;149;0,00000000000000e+00;1,34228187919463e+00;13960;82,9;463,577087334137;16839,5657418577;33,0348486000000;155980,8;11,17340974212034;50,8661502151784;Tarragona;144;1
43014;Amposta;Montsià;2019;317,9898382;NA;NA;NA;631,91;261;3,83141762452107e-01;2,29885057471264e+00;13610;82,9;383,582434499397;16417,3703256936;28,0373112299780;56871,9;4,17868479100000;19,0231642055542;Tarragona;168;0
43016;Arboç, l';Baix Penedès;2019;438,7554455;NA;NA;NA;771,64;45;6,66666666666667e+00;2,66666666666667e+01;13983;82,9;529,258679734620;16867,3100120627;37,6533315168419;69447,6;4,96657369663162;22,6099722052865;Tarragona;60;0
43037;Calafell;Baix Penedès;2019;585,0762693;NA;NA;NA;1617,69;468;1,06837606837607e+00;3,24786324786325e+01;14846;82,9;705,761482870929;17908,3232810615;47,2916289300000;145592,1;9,80682338677085;44,6448633889039;Tarragona;62;1
43038;Cambrils;Baix Camp;2019;545,4936290;NA;NA;NA;1911,44;632;0,00000000000000e+00;2,53164556962025e+00;16236;82,9;658,014027744270;19585,0422195416;40,3173413895048;172029,6;10,59556541019956;48,2355551446629;Tarragona;115;1
43043;Catllar, el;Tarragonès;2019;636,7567568;NA;NA;NA;NA;NA;NA;NA;19112;82,9;768,102239806996;23054,2822677925;39,9805414483047;NA;NA;NA;Tarragona;92;0
43044;Sénia, la;Montsià;2019;279,1470732;NA;NA;NA;635,89;27;0,00000000000000e+00;7,40740740740741e+00;12676;82,9;336,727470687575;15290,7117008444;26,4260403786684;57230,1;4,51483906595140;20,5534825470796;Tarragona;195;0
43047;Constantí;Tarragonès;2019;402,2527632;NA;NA;NA;693,21;89;1,12359550561798e+00;1,68539325842697e+01;13091;82,9;485,226493606755;15791,3148371532;36,8729138980979;62388,9;4,76578565400000;21,6958989760675;Tarragona;95;0
43051;Cunit;Baix Penedès;2019;598,2305517;NA;NA;NA;1555,48;364;2,74725274725275e-01;1,26373626373626e+01;14547;82,9;721,629133534379;17547,6477683957;49,3487772076717;139993,2;9,62351000206228;43,8103422912046;Tarragona;55;1
43086;Montblanc;Conca de Barberà;2019;405,5417857;NA;NA;NA;984,64;65;1,53846153846154e+00;1,23076923076923e+01;17330;82,9;489,193951387213;20904,7044632087;28,0813700427005;88617,6;5,11353721869590;23,2790131482041;Tarragona;114;0
43092;Mont-roig del Camp;Baix Camp;2019;482,8769110;NA;NA;NA;1603,97;449;0,00000000000000e+00;4,45434298440980e-01;14555;82,9;582,481195400000;17557,2979493365;39,8112190450017;144357,3;9,91805565097904;45,1512403311778;Tarragona;120;1
43093;Móra d'Ebre;Ribera d'Ebre;2019;338,0972222;NA;NA;NA;614,36;49;0,00000000000000e+00;1,22448979591837e+01;15234;82,9;407,837421200000;18376,3570566948;26,6323136825522;55292,4;3,62953918865695;16,5232180545691;Tarragona;150;0
43100;Pallaresos, els;Tarragonès;2019;537,5384615;NA;NA;NA;NA;NA;NA;NA;18290;82,9;648,417927020507;22062,7261800000;35,2676956697649;NA;NA;NA;Tarragona;95;0
43123;Reus;Baix Camp;2019;315,2777778;NA;NA;NA;1110,03;1278;2,34741784037559e+03;8,05946791862285e+03;16048;82,9;380,310950301568;19358,2629674306;23,5751080109671;99902,7;6,22524302093719;28,3399744516030;Tarragona;108;0
43129;Riudoms;Baix Camp;2019;548,1250000;NA;NA;NA;1139,07;48;0,00000000000000e+00;2,91666666666667e+01;14304;82,9;661,188178528347;17254,5235223160;45,9836409395973;102516,3;7,16696728187919;32,6271069200000;Tarragona;115;0
43131;Roda de Berà;Tarragonès;2019;447,3564356;NA;NA;NA;1312,35;98;0,00000000000000e+00;2,14285714285714e+01;15365;82,9;539,633818576598;18534,3787696019;34,9383483709730;118111,5;7,68704848682070;34,9947394811801;Tarragona;75;1
43133;Roquetes;Baix Ebre;2019;490,2398633;NA;NA;NA;744,31;47;0,00000000000000e+00;0,00000000000000e+00;14725;82,9;591,362923160434;17762,3642943305;39,9516357200000;66987,9;4,54926315789474;20,7101957682202;Tarragona;178;0
43136;Ràpita, la;Montsià;2019;0,0000000;NA;NA;NA;906,90;255;0,00000000000000e+00;3,92156862745098e-01;13646;82,9;0,000000000000;16460,7961399276;0,0000000000000;81621,0;5,98131320533490;27,2295013794831;Tarragona;180;1
43145;Selva del Camp, la;Baix Camp;2019;458,4426230;NA;NA;NA;1147,70;36;0,00000000000000e+00;0,00000000000000e+00;15935;82,9;553,006782870929;19221,9541616405;34,5234482334484;103293,0;6,48214621901475;29,5095079213111;Tarragona;116;0
43148;Tarragona;Tarragonès;2019;533,0546547;NA;NA;NA;1293,70;1540;2,59740259740260e+02;9,80519480519480e+03;16886;82,9;643,009233700000;20369,1194209891;37,8814157076868;116433,0;6,89523865924434;31,3900817660403;Tarragona;98;1
43153;Torredembarra;Tarragonès;2019;508,2685027;NA;NA;NA;1547,48;398;5,02512562814070e-01;2,23618090452261e+01;14804;82,9;613,110377201447;17857,6598311218;41,1998245906512;139273,2;9,40780870035126;42,8283775134267;Tarragona;84;1
43155;Tortosa;Baix Ebre;2019;376,0810710;NA;NA;NA;743,91;277;0,00000000000000e+00;5,05415162454874e+00;15361;82,9;453,656297949337;18529,5536791315;29,3794209491570;66951,9;4,35856389557971;19,8420509899728;Tarragona;175;0
43156;Ulldecona;Montsià;2019;293,2407407;NA;NA;NA;542,40;68;0,00000000000000e+00;1,02941176470588e+01;12230;82,9;353,728275874548;14752,7141133896;28,7725992510221;48816,0;3,99149632052330;18,1710020583691;Tarragona;198;0
43161;Valls;Alt Camp;2019;431,3276587;NA;NA;NA;1163,75;110;0,00000000000000e+00;0,00000000000000e+00;16669;82,9;520,298743908323;20107,3582629674;31,0512442522047;104737,5;6,28337032815406;28,6045948681756;Tarragona;101;0
43162;Vandellòs i l'Hospitalet de l'Infant;Baix Camp;2019;485,9466667;NA;NA;NA;1704,31;61;0,00000000000000e+00;1,63934426229508e+01;15303;82,9;586,184157700000;18459,5898673100;38,1059922917075;153387,9;10,02338757106450;45,6307563780406;Tarragona;132;1
43163;Vendrell, el;Baix Penedès;2019;500,7803628;NA;NA;NA;1375,85;741;0,00000000000000e+00;2,15924426450742e+00;15830;82,9;604,077639083233;19095,2955367913;37,9618721010739;123826,5;7,82226784586229;35,6103159603172;Tarragona;65;1
43171;Vila-seca;Tarragonès;2019;483,7843360;NA;NA;NA;2166,81;427;0,00000000000000e+00;3,51288056200000e+00;14567;82,9;583,575797346200;17571,7732207479;39,8531752042287;195012,9;13,38730692661495;60,9447591041865;Tarragona;106;1
43901;Deltebre;Baix Ebre;2019;325,4032632;NA;NA;NA;837,21;180;0,00000000000000e+00;1,33333333333333e+01;13661;82,9;392,525046100000;16478,8902291918;28,5838456804041;75348,9;5,51562111119245;25,1094713652454;Tarragona;170;1
43905;Salou;Tarragonès;2019;495,1738667;NA;NA;NA;1829,69;921;0,00000000000000e+00;1,00977198697068e+01;13851;82,9;597,314676357057;16708,0820265380;42,9000534286333;164672,1;11,88882391163093;54,1230221506282;Tarragona;110;1
43907;Canonja, la;Tarragonès;2019;448,6236449;NA;NA;NA;NA;NA;NA;NA;14644;82,9;541,162418500000;17664,6562123040;36,7623855422016;NA;NA;NA;Tarragona;100;0
08001;Abrera;Baix Llobregat;2018;687,2487879;NA;NA;NA;1588,14;126;0,00000000000000e+00;2,38095238095238e+00;17824;82,2;836,069085036496;21683,6982968370;46,2689937993716;142932,6;8,01910906642729;36,5064215650418;Barcelona;35;0
08003;Alella;Maresme;2018;1071,3368860;NA;NA;NA;2563,80;110;0,00000000000000e+00;1,18181818181818e+01;27228;82,2;1303,329545012166;33124,0875912409;47,2162576465403;230742,0;8,47443807844866;38,5792743877122;Barcelona;18;0
08005;Ametlla del Vallès, l';Vallès Oriental;2018;950,2334862;NA;NA;NA;1456,63;103;0,00000000000000e+00;1,94174757281553e+01;23218;82,2;1156,001808029197;28245,7420924574;49,1119038435696;131096,7;5,64633904729090;25,7045554377767;Barcelona;35;0
08006;Arenys de Mar;Maresme;2018;636,0151558;NA;NA;NA;2279,56;264;1,89393939393939e+00;3,56060606060606e+01;17657;82,2;773,741065450122;21480,5352798054;43,2246806900000;205160,4;11,61921051141190;52,8956263930138;Barcelona;40;1
08007;Arenys de Munt;Maresme;2018;607,0861628;NA;NA;NA;1717,50;96;0,00000000000000e+00;1,97916666666667e+01;17945;82,2;738,547643309002;21830,9002400000;40,5964555787127;154575,0;8,61382000557258;39,2138006608910;Barcelona;45;0
08009;Argentona;Maresme;2018;754,7881773;NA;NA;NA;1981,22;124;0,00000000000000e+00;2,58064516129032e+01;18538;82,2;918,233792335766;22552,3114355231;48,8588743532204;178309,8;9,61861042183623;43,7880373019916;Barcelona;35;0
08010;Artés;Bages;2018;377,5462963;NA;NA;NA;1456,37;59;0,00000000000000e+00;3,38983050847458e+01;16839;82,2;459,302063625304;20485,4014598540;26,9051342455015;131073,3;7,78391234633886;35,4357052868195;Barcelona;72;0
08015;Badalona;Barcelonès;2018;688,5579889;NA;NA;NA;2096,34;2563;1,00663285212641e+04;3,43347639484978e+04;16345;82,2;837,661786982968;19884,4282238443;50,5518254316305;188670,6;11,54301621290915;52,5487572883598;Barcelona;10;1
08019;Barcelona;Barcelonès;2018;929,5675992;NA;NA;NA;3995,29;13791;2,90044231745341e+02;7,49764339061707e+03;21538;82,2;1130,860826277372;26201,9464720195;51,7913046262420;359576,1;16,69496239205126;76,0026244870961;Barcelona;0;1
08020;Begues;Baix Llobregat;2018;863,7391525;NA;NA;NA;1906,57;68;0,00000000000000e+00;0,00000000000000e+00;21754;82,2;1050,777557785888;26464,7201900000;47,6458114829457;171591,3;7,88780454169348;35,9086670896228;Barcelona;32;0
08022;Berga;Berguedà;2018;356,9066387;NA;NA;NA;972,86;123;0,00000000000000e+00;9,75609756100000e+00;16835;82,2;434,192991119221;20480,5352798054;25,4403306468666;87557,4;5,20091476091476;23,6767931715378;Barcelona;108;0
08023;Bigues i Riells del Fai;Vallès Oriental;2018;735,4148958;NA;NA;NA;1197,81;124;0,00000000000000e+00;1,93548387096774e+01;18830;82,2;894,665323357664;22907,5425790754;46,8665892172066;107802,9;5,72506107275624;26,0629318389811;Barcelona;41;0
08029;Cabrera de Mar;Maresme;2018;912,0370370;NA;NA;NA;NA;NA;NA;NA;22756;82,2;1109,534108272506;27683,6982968370;48,0947637721920;NA;NA;NA;Barcelona;28;1
08030;Cabrils;Maresme;2018;1178,0142860;NA;NA;NA;2254,97;88;0,00000000000000e+00;1,13636363636364e+00;24674;82,2;1433,107403892944;30017,0316301703;57,2917704142012;202947,3;8,22514792899408;37,4443987783878;Barcelona;27;0
08033;Caldes de Montbui;Vallès Oriental;2018;622,2554974;NA;NA;NA;1550,10;186;0,00000000000000e+00;3,27956989247312e+01;17856;82,2;757,001821654501;21722,6277372263;41,8182457930108;139509,0;7,81300403225806;35,5681431100000;Barcelona;34;0
08035;Calella;Maresme;2018;515,3262292;NA;NA;NA;1704,76;268;3,73134328358209e-01;2,42537313432836e+01;14694;82,2;626,917553771289;17875,9124087591;42,0846246800000;153428,4;10,44156798693344;47,5344928686528;Barcelona;50;1
08040;Canet de Mar;Maresme;2018;609,7172822;NA;NA;NA;2011,70;204;9,80392156862745e-01;2,99019607843137e+01;16932;82,2;741,748518491484;20598,5401500000;43,2117138341602;181053,0;10,69294826364281;48,6788836330968;Barcelona;43;1
08041;Canovelles;Vallès Oriental;2018;550,5199203;NA;NA;NA;1167,12;138;2,89855072463768e+00;2,89855072463768e+01;14098;82,2;669,732263100000;17150,8515815085;46,8594058987090;105040,8;7,45075897290396;33,9190483370658;Barcelona;31;0
08043;Canyelles;Garraf;2018;774,6876316;NA;NA;NA;NA;NA;NA;NA;18320;82,2;942,442374209246;22287,1046228710;50,7437313275109;NA;NA;NA;Barcelona;46;0
08044;Capellades;Anoia;2018;437,3948864;NA;NA;NA;1003,10;33;3,03030303030303e+00;1,81818181818182e+01;16457;82,2;532,110567396594;20020,6812652068;31,8936539879687;90279,0;5,48575074436410;24,9734886526142;Barcelona;60;0
08046;Cardedeu;Vallès Oriental;2018;643,6279602;NA;NA;NA;1875,52;156;0,00000000000000e+00;3,84615384615385e+00;17805;82,2;783,002384671533;21660,5839416058;43,3784640404381;168796,8;9,48030328559393;43,1584039375755;Barcelona;39;0
08051;Castellar del Vallès;Vallès Occidental;2018;450,3447170;NA;NA;NA;1554,08;263;0,00000000000000e+00;1,02661596958175e+01;18308;82,2;547,864619221411;22272,5060827251;29,5178971160149;139867,2;7,63967664409001;34,7790825488809;Barcelona;34;0
08054;Castellbisbal;Vallès Occidental;2018;503,7500000;NA;NA;NA;1992,54;116;0,00000000000000e+00;2,58620689655172e+00;17486;82,2;612,834549878345;21272,5060827251;34,5705135500000;179328,6;10,25555301383964;46,6876729826879;Barcelona;29;0
08056;Castelldefels;Baix Llobregat;2018;622,8610000;NA;NA;NA;3261,48;682;0,00000000000000e+00;7,62463343108504e+00;21203;82,2;757,738442822384;25794,4038929440;35,2512946281187;293533,2;13,84394661132859;63,0235786707235;Barcelona;22;1
08067;Centelles;Osona;2018;498,9823464;NA;NA;NA;1616,18;55;0,00000000000000e+00;3,45454545454545e+01;17380;82,2;607,034484671533;21143,5523114355;34,4521758158803;145456,2;8,36917146144994;38,1000556284900;Barcelona;54;0
08068;Cervelló;Baix Llobregat;2018;786,2365217;NA;NA;NA;1723,24;135;7,40740740740741e-01;1,48148148148148e+01;19524;82,2;956,492118856448;23751,8248175182;48,3243098770744;155091,6;7,94363859864782;36,1628476480835;Barcelona;25;0
08072;Corbera de Llobregat;Baix Llobregat;2018;676,3249211;NA;NA;NA;1511,72;173;0,00000000000000e+00;2,25433526011561e+01;19188;82,2;822,779709367397;23343,0656934307;42,2967430331457;136054,8;7,09061913696060;32,2795374432239;Barcelona;30;0
08073;Cornellà de Llobregat;Baix Llobregat;2018;664,9468193;NA;NA;NA;2372,93;669;0,00000000000000e+00;1,79372197309417e+00;16562;82,2;808,937736374696;20148,4184914842;48,1787334355754;213563,7;12,89480135249366;58,7026626364781;Barcelona;12;0
08074;Cubelles;Garraf;2018;657,1750794;NA;NA;NA;1859,61;323;0,00000000000000e+00;3,09597523219814e+00;17247;82,2;799,483064963504;20981,7518248175;45,7244793459732;167364,9;9,70400069577318;44,1767704300000;Barcelona;50;1
08075;Dosrius;Maresme;2018;783,6532584;NA;NA;NA;1485,26;92;0,00000000000000e+00;2,17391304347826e+01;18423;82,2;953,349462773723;22412,4087591241;51,0440161797753;133673,4;7,25578895945286;33,0314612700000;Barcelona;39;0
08076;Esparreguera;Baix Llobregat;2018;581,2576316;NA;NA;NA;1503,84;252;0,00000000000000e+00;0,00000000000000e+00;17055;82,2;707,126072506083;20748,1751824818;40,8976345892700;135345,6;7,93583113456464;36,1273047251960;Barcelona;39;0
08077;Esplugues de Llobregat;Baix Llobregat;2018;814,9092849;NA;NA;NA;2931,87;371;2,69541778975741e-01;2,04851752021563e+01;20924;82,2;991,373825912409;25454,9878345499;46,7353824259224;263868,3;12,61079621487287;57,4097495217247;Barcelona;8;0
08086;Franqueses del Vallès, les;Vallès Oriental;2018;610,8915278;NA;NA;NA;1851,94;202;0,00000000000000e+00;2,77227722772277e+01;16361;82,2;743,177041119221;19903,8929440389;44,8059307719577;166674,6;10,18731128904101;46,3770074000000;Barcelona;35;0
08088;Garriga, la;Vallès Oriental;2018;681,2342478;NA;NA;NA;1767,57;186;0,00000000000000e+00;4,24731182795699e+01;18546;82,2;828,752126277372;22562,0437956204;44,0785666645099;159081,3;8,57766095114849;39,0491891469105;Barcelona;38;0
08089;Gavà;Baix Llobregat;2018;843,4142062;NA;NA;NA;2820,08;498;4,61847389558233e+00;1,86746987951807e+01;18408;82,2;1026,051345742093;22394,1605839416;54,9813693741851;253807,2;13,78787483702738;62,7683159210112;Barcelona;20;1
08091;Gelida;Alt Penedès;2018;514,9234615;NA;NA;NA;1369,57;85;0,00000000000000e+00;1,17647058823529e+00;16857;82,2;626,427568734793;20507,2992700730;36,6558790888058;123261,3;7,31217298451682;33,2881455181666;Barcelona;35;0
08092;Gironella;Berguedà;2018;303,1460674;NA;NA;NA;NA;NA;NA;NA;17301;82,2;368,790836253041;21047,4452554744;21,0262574926305;NA;NA;NA;Barcelona;94;0
08096;Granollers;Vallès Oriental;2018;632,5905612;NA;NA;NA;1833,73;622;9,64630225000000e-01;8,36012861736334e+00;17553;82,2;769,574891970803;21354,0145985401;43,2466628747223;165035,7;9,40213638694240;42,8025547115621;Barcelona;30;0
08101;Hospitalet de Llobregat, l';Barcelonès;2018;653,2688969;NA;NA;NA;2223,17;2753;5,70286959680349e+03;1,68180167090447e+04;15438;82,2;794,731018126521;18781,0218978102;50,7787716206762;200085,3;12,96057131752818;59,0020757071795;Barcelona;0;0
08102;Igualada;Anoia;2018;447,8429517;NA;NA;NA;1080,76;389;1,02827763496144e+00;1,77377892030848e+01;16589;82,2;544,821109124088;20181,2652068127;32,3956562806679;97268,4;5,86342757248779;26,6928354514443;Barcelona;65;0
08105;Llagosta, la;Vallès Oriental;2018;563,2716667;NA;NA;NA;1565,58;93;4,30107526881720e+00;1,61290322580645e+01;15299;82,2;685,245336618005;18611,9221411192;44,1810575880776;140902,2;9,20989607163867;41,9273943995948;Barcelona;19;0
08106;Llinars del Vallès;Vallès Oriental;2018;605,0714583;NA;NA;NA;1573,97;100;0,00000000000000e+00;3,00000000000000e+00;17021;82,2;736,096664598540;20706,8126520681;42,6582310064039;141657,3;8,32250161565125;37,8875944871102;Barcelona;41;0
08107;Lliçà d'Amunt;Vallès Oriental;2018;790,3972340;NA;NA;NA;1320,56;138;0,00000000000000e+00;1,59420289855072e+01;18168;82,2;961,553812652068;22102,1897810219;52,2058939233818;118850,4;6,54174372523117;29,7808213138762;Barcelona;32;0
08108;Lliçà de Vall;Vallès Oriental;2018;795,7621053;NA;NA;NA;1557,26;59;0,00000000000000e+00;1,52542372881356e+01;19462;82,2;968,080420072993;23676,3990267640;49,0655907080465;140153,4;7,20138731887781;32,7838016839976;Barcelona;28;0
08110;Malgrat de Mar;Maresme;2018;550,8642857;NA;NA;NA;1498,63;246;0,00000000000000e+00;2,88617886178862e+01;15316;82,2;670,151199148418;18632,6034063260;43,1599074719248;134876,7;8,80626142595978;40,0898764893945;Barcelona;62;1
08112;Manlleu;Osona;2018;412,7428492;NA;NA;NA;867,52;163;0,00000000000000e+00;4,90797546012270e+00;15415;82,2;502,120254501217;18753,0413625304;32,1304845306520;78076,8;5,06498864742134;23,0579992432119;Barcelona;78;0
08113;Manresa;Bages;2018;432,3253284;NA;NA;NA;966,57;815;8,58895705521472e-01;2,55214723926380e+01;16383;82,2;525,943221897810;19930,6569343066;31,6663855264604;86991,3;5,30985167551730;24,1727206985901;Barcelona;55;0
08114;Martorell;Baix Llobregat;2018;574,7900950;NA;NA;NA;1564,45;254;0,00000000000000e+00;0,00000000000000e+00;15812;82,2;699,258023114355;19236,0097323601;43,6218134328358;140800,5;8,90466101694915;40,5378336029253;Barcelona;32;0
08118;Masnou, el;Maresme;2018;823,8854561;NA;NA;NA;3128,34;232;0,00000000000000e+00;3,53448275900000e+01;20222;82,2;1002,293742214112;24600,9732360097;48,8904434437741;281550,6;13,92298486796558;63,3833946917621;Barcelona;19;1
08119;Masquefa;Anoia;2018;566,3545833;NA;NA;NA;1369,10;88;0,00000000000000e+00;1,81818181818182e+01;16010;82,2;688,995843430657;19476,8856447689;42,4500624584635;123219,0;7,69637726420987;35,0372080742912;Barcelona;46;0
08120;Matadepera;Vallès Occidental;2018;932,8167857;NA;NA;NA;2279,21;75;0,00000000000000e+00;1,33333333333333e+00;12879;82,2;1134,813607907542;15667,8832116788;86,9151442534358;205128,9;15,92739343116702;72,5083215870901;Barcelona;32;0
08121;Mataró;Maresme;2018;628,6771447;NA;NA;NA;1864,00;1273;0,00000000000000e+00;2,09740769835035e+04;15663;82,2;764,814044647202;19054,7445255474;48,1652667841410;167760,0;10,71059184064356;48,7592047578713;Barcelona;31;1
08123;Molins de Rei;Baix Llobregat;2018;720,4319958;NA;NA;NA;2256,46;233;0,00000000000000e+00;2,40343347639485e+01;19411;82,2;876,437951094890;23614,3552311435;44,5375506135696;203081,4;10,46218123744269;47,6283332200787;Barcelona;18;0
08124;Mollet del Vallès;Vallès Oriental;2018;603,2046915;NA;NA;NA;1775,72;437;1,37299771167048e+00;1,44164759725400e+01;16365;82,2;733,825658759124;19908,7591240876;44,2313247662695;159814,8;9,76564619600000;44,4574071681187;Barcelona;23;0
08125;Montcada i Reixac;Vallès Occidental;2018;603,7818880;NA;NA;NA;1641,54;470;8,51063830000000e-01;2,34042553191489e+01;16116;82,2;734,527844282238;19605,8394160584;44,9576982874162;147738,6;9,16720029784066;41,7330249400000;Barcelona;14;0
08126;Montgat;Maresme;2018;833,3568670;NA;NA;NA;2701,33;115;2,34782608695652e+01;3,21739130434783e+01;19148;82,2;1013,816139902676;23294,4038929440;52,2262502820138;243119,7;12,69687173595153;57,8016021867650;Barcelona;15;1
08135;Montmeló;Vallès Oriental;2018;564,6658462;NA;NA;NA;1618,61;50;2,00000000000000e+00;3,80000000000000e+01;16634;82,2;686,941418734793;20236,0097323601;40,7357830612000;145674,9;8,75765901200000;39,8686174678867;Barcelona;24;0
08136;Montornès del Vallès;Vallès Oriental;2018;583,8442754;NA;NA;NA;1549,94;129;7,75193798449612e-01;1,62790697674419e+01;16178;82,2;710,272841119221;19681,2652068127;43,3065354481394;139494,6;8,62248732847076;39,2532580296510;Barcelona;26;0
08138;Moià;Moianès;2018;457,7779503;NA;NA;NA;1341,36;57;0,00000000000000e+00;2,80701754385965e+01;15711;82,2;556,907482116788;19113,1386861314;34,9648997746802;120722,4;7,68394118770288;34,9805937237670;Barcelona;55;0
08140;Navarcles;Bages;2018;419,4614000;NA;NA;NA;1525,85;42;0,00000000000000e+00;2,38095238095238e+01;17413;82,2;510,293673965937;21183,6982968370;28,9067753976914;137326,5;7,88643542200000;35,9024342690964;Barcelona;60;0
08141;Navàs;Bages;2018;345,5391473;NA;NA;NA;1022,42;37;2,70270270270270e+00;3,24324324324324e+01;16785;82,2;420,363926155718;20419,7080291971;24,7034242931189;92017,8;5,48214477211796;24,9570727213831;Barcelona;80;0
08147;Olesa de Montserrat;Baix Llobregat;2018;569,6021096;NA;NA;NA;1507,27;247;0,00000000000000e+00;0,00000000000000e+00;16711;82,2;692,946605400000;20329,6836982968;40,9025511100000;135654,3;8,11766501107055;36,9550904674203;Barcelona;38;0
08155;Palafolls;Maresme;2018;494,8906870;NA;NA;NA;1291,91;96;0,00000000000000e+00;1,45833333333333e+01;15743;82,2;602,056796836983;19152,0681265207;37,7227227593216;116271,9;7,38562535730166;33,6225322017275;Barcelona;60;0
08156;Palau-solità i Plegamans;Vallès Occidental;2018;720,2912195;NA;NA;NA;1841,70;105;0,00000000000000e+00;4,76190476190476e+00;18224;82,2;876,266690389294;22170,3163017032;47,4291847783143;165753,0;9,09531387181738;41,4057671145840;Barcelona;28;0
08157;Pallejà;Baix Llobregat;2018;732,4986842;NA;NA;NA;1995,38;115;8,69565217391304e-01;1,73913043478261e+01;18681;82,2;891,117620681265;22726,2773722628;47,0530710904127;179584,2;9,61320057800000;43,7634093747000;Barcelona;22;0
08159;Parets del Vallès;Vallès Oriental;2018;655,6452227;NA;NA;NA;1936,77;182;1,09890109890110e+00;2,03296703296703e+01;17548;82,2;797,621925425791;21347,9318734793;44,8355520423980;174309,3;9,93328584454069;45,2205747001299;Barcelona;25;0
08161;Piera;Anoia;2018;546,5014286;NA;NA;NA;1058,11;164;0,00000000000000e+00;1,89024390243902e+01;15437;82,2;664,843587104623;18779,8053527981;42,4824586590659;95229,9;6,16893826500000;28,0836510705669;Barcelona;50;0
08163;Pineda de Mar;Maresme;2018;522,3939970;NA;NA;NA;1609,18;455;2,19780219780220e-01;1,31868131868132e+01;14188;82,2;635,515811435523;17260,3406326034;44,1833095855653;144826,2;10,20765435579363;46,4696177612733;Barcelona;55;1
08167;Polinyà;Vallès Occidental;2018;631,4344800;NA;NA;NA;1557,57;117;2,64957264957265e+01;3,16239316239316e+01;16545;82,2;768,168467153285;20127,7372262774;45,7976050770626;140181,3;8,47272892112421;38,5714935710042;Barcelona;25;0
08169;Prat de Llobregat, el;Baix Llobregat;2018;710,2200894;NA;NA;NA;2440,31;441;0,00000000000000e+00;1,11111111111111e+01;17450;82,2;864,014707300000;21228,7104622871;48,8403499873926;219627,9;12,58612607449857;57,2974404687971;Barcelona;11;1
08172;Premià de Mar;Maresme;2018;723,3921244;NA;NA;NA;2373,72;212;0,00000000000000e+00;3,30188679200000e+00;18347;82,2;880,039080778589;22319,9513381995;47,3140322276121;213634,8;11,64412710524881;53,0090574077363;Barcelona;22;1
08180;Ripollet;Vallès Occidental;2018;0,0000000;NA;NA;NA;2187,60;421;7,12589073634204e-01;7,60095011876485e+00;15848;82,2;0,000000000000;19279,8053527981;0,0000000000000;196884,0;12,42327107521454;56,5560547102809;Barcelona;16;0
08181;Roca del Vallès, la;Vallès Oriental;2018;0,0000000;NA;NA;NA;1829,96;129;0,00000000000000e+00;1,00775193798450e+01;19112;82,2;0,000000000000;23250,6082725061;0,0000000000000;164696,4;8,61743407283382;39,2302534441004;Barcelona;36;0
08183;Roda de Ter;Osona;2018;0,0000000;NA;NA;NA;857,32;73;0,00000000000000e+00;1,09589041095890e+01;16760;82,2;0,000000000000;20389,2944038929;0,0000000000000;77158,8;4,60374701670644;20,9582296460231;Barcelona;79;0
08184;Rubí;Vallès Occidental;2018;0,0000000;NA;NA;NA;1759,59;932;0,00000000000000e+00;1,53433476394850e+01;16094;82,2;0,000000000000;19579,0754257908;0,0000000000000;158363,1;9,83988442897974;44,7953714234324;Barcelona;24;0
08187;Sabadell;Vallès Occidental;2018;0,0000000;NA;NA;NA;1869,60;2261;2,52100840336134e+03;1,40203449800973e+04;17466;82,2;0,000000000000;21248,1751824818;0,0000000000000;168264,0;9,63380281690141;43,8571995959869;Barcelona;26;0
08191;Sallent;Bages;2018;0,0000000;NA;NA;NA;1005,98;38;0,00000000000000e+00;1,05263157894737e+01;17488;82,2;0,000000000000;21274,9391727494;0,0000000000000;90538,2;5,17716148215920;23,5686580656776;Barcelona;68;0
08192;Santpedor;Bages;2018;484,1792373;NA;NA;NA;1268,46;67;0,00000000000000e+00;2,83582089552239e+01;18197;82,2;589,025836131387;22137,4695863747;31,9291688058471;114161,4;6,27363851184261;28,5602914691426;Barcelona;65;0
08194;Sant Adrià de Besòs;Barcelonès;2018;0,0000000;NA;NA;NA;2515,11;439;0,00000000000000e+00;1,89066059225513e+01;14856;82,2;0,000000000000;18072,9927007299;0,0000000000000;226359,9;15,23693457189015;69,3650569199955;Barcelona;8;1
08196;Sant Andreu de la Barca;Baix Llobregat;2018;907,1198502;NA;NA;NA;1909,45;297;0,00000000000000e+00;1,81818181818182e+01;16278;82,2;1103,552129197080;19802,9197080292;66,8720862661261;171850,5;10,55722447475120;48,0610107730773;Barcelona;27;0
08197;Sant Andreu de Llavaneres;Maresme;2018;0,0000000;NA;NA;NA;1963,95;138;0,00000000000000e+00;2,39130434782609e+01;21655;82,2;0,000000000000;26344,2822384428;0,0000000000000;176755,5;8,16234126067883;37,1584759044601;Barcelona;36;1
08198;Sant Antoni de Vilamajor;Vallès Oriental;2018;496,6666667;NA;NA;NA;1471,28;69;0,00000000000000e+00;4,34782608695652e+00;19089;82,2;604,217356100000;23222,6277372263;31,2221698381267;132415,2;6,93672795851014;31,5789588391526;Barcelona;44;0
08200;Sant Boi de Llobregat;Baix Llobregat;2018;370,8333333;NA;NA;NA;2287,74;687;2,91120815138282e-01;3,27510917030568e+01;16771;82,2;451,135441970803;20402,6763990268;26,5338977973883;205896,6;12,27694234094568;55,8899035934864;Barcelona;15;0
08202;Sant Celoni;Vallès Oriental;2018;541,7968733;NA;NA;NA;1302,66;173;0,00000000000000e+00;1,44508670520231e+01;16155;82,2;659,120283819951;19653,2846715328;40,2448930956360;117239,4;7,25715877437326;33,0376972537856;Barcelona;52;0
08205;Sant Cugat del Vallès;Vallès Occidental;2018;1149,5491550;NA;NA;NA;3599,98;1135;2,64317180616740e+02;3,45374449339207e+04;24835;82,2;1398,478290754258;30212,8953771290;55,5449561505939;323998,2;13,04603180994564;59,3911284981447;Barcelona;17;0
08208;Sant Esteve Sesrovires;Baix Llobregat;2018;769,3825000;NA;NA;NA;1557,30;83;0,00000000000000e+00;1,20481927710843e+00;19468;82,2;935,988442822384;23683,6982968370;47,4244401100000;140157,0;7,19935278405589;32,7745396094600;Barcelona;38;0
08209;Sant Fost de Campsentelles;Vallès Oriental;2018;829,9079747;NA;NA;NA;1507,52;81;0,00000000000000e+00;1,85185185185185e+01;19057;82,2;1009,620407177615;23183,6982968370;52,2584651120323;135676,8;7,11952563362544;32,4111322057435;Barcelona;22;0
08210;Sant Feliu de Codines;Vallès Oriental;2018;524,2823581;NA;NA;NA;1167,54;52;0,00000000000000e+00;3,65384615384615e+01;16302;82,2;637,813087712895;19832,1167883212;38,5927389105631;105078,6;6,44574898785425;29,3438121247409;Barcelona;39;0
08211;Sant Feliu de Llobregat;Baix Llobregat;2018;756,0832911;NA;NA;NA;2607,07;457;6,56455142231947e-01;3,78555798687090e+01;19171;82,2;919,809356600000;23322,3844282238;47,3266887131605;234636,3;12,23912681000000;55,7177510706987;Barcelona;16;0
08213;Sant Fruitós de Bages;Bages;2018;485,1990909;NA;NA;NA;1478,32;81;8,64197530864197e+00;4,69135802469136e+01;21404;82,2;590,266533941606;26038,9294403893;27,2023411082041;133048,8;6,21607176228742;28,2982229513082;Barcelona;57;0
08214;Vilassar de Dalt;Maresme;2018;789,1024390;NA;NA;NA;2135,70;83;0,00000000000000e+00;2,40963855421687e+00;20980;82,2;959,978636253041;25523,1143552311;45,1345532316492;192213,0;9,16172545300000;41,7081010961416;Barcelona;26;0
08217;Sant Joan Despí;Baix Llobregat;2018;814,7332790;NA;NA;NA;2935,20;289;1,73010380622837e+00;3,35640138408304e+01;19507;82,2;991,159706812652;23731,1435523114;50,1194409596555;264168,0;13,54221561490747;61,6499698491769;Barcelona;11;0
08218;Sant Joan de Vilatorrada;Bages;2018;459,4980702;NA;NA;NA;1152,68;80;0,00000000000000e+00;1,87500000000000e+01;16465;82,2;559,000085401460;20030,4136253041;33,4890789092013;103741,2;6,30071059823869;28,6835352098667;Barcelona;58;0
08219;Vilassar de Mar;Maresme;2018;823,9226511;NA;NA;NA;2901,39;210;0,00000000000000e+00;1,14285714285714e+01;20633;82,2;1002,338991605839;25100,9732360097;47,9187312227984;261125,1;12,65570203072747;57,6141800427128;Barcelona;24;1
08221;Sant Just Desvern;Baix Llobregat;2018;1058,9174930;NA;NA;NA;2817,42;230;4,34782608695652e-01;5,39130434782609e+01;29396;82,2;1288,220794403893;35761,5571776156;43,2270033882161;253567,8;8,62592869778201;39,2689246177716;Barcelona;10;0
08230;Premià de Dalt;Maresme;2018;922,7067785;NA;NA;NA;2465,17;79;0,00000000000000e+00;2,53164556962025e+00;22042;82,2;1122,514329075426;26815,0851581509;50,2335602123219;221865,3;10,06557027492968;45,8227901260916;Barcelona;24;0
08231;Sant Pere de Ribes;Garraf;2018;702,7687902;NA;NA;NA;2228,69;366;2,73224044000000e-01;4,09836065573770e+00;16526;82,2;854,949866423358;20104,6228710462;51,0300464867482;200582,1;12,13736536366937;55,2544893684129;Barcelona;42;0
08234;Sant Pere de Vilamajor;Vallès Oriental;2018;802,8762791;NA;NA;NA;NA;NA;NA;NA;18267;82,2;976,735132725061;22222,6277372263;52,7427347084907;NA;NA;NA;Barcelona;46;0
08235;Sant Pol de Mar;Maresme;2018;697,4170073;NA;NA;NA;2540,26;100;0,00000000000000e+00;2,50000000000000e+01;19444;82,2;848,439181630170;23654,5012165450;43,0415762579716;228623,4;11,75804361242543;53,5276541745039;Barcelona;48;1
08238;Sant Quirze del Vallès;Vallès Occidental;2018;782,9319283;NA;NA;NA;2358,72;190;0,00000000000000e+00;4,73684210526316e+00;22769;82,2;952,471932238443;27699,5133819951;41,2630468602047;212284,8;9,32341341300000;42,4441739923643;Barcelona;25;0
08240;Sant Sadurní d'Anoia;Alt Penedès;2018;522,5863604;NA;NA;NA;1435,83;73;2,73972602700000e+00;2,32876712328767e+01;17740;82,2;635,749830170316;21581,5085158151;35,3496974340473;129224,7;7,28436865839910;33,1615683083822;Barcelona;42;0
08244;Santa Coloma de Cervelló;Baix Llobregat;2018;773,7390909;NA;NA;NA;2043,43;57;0,00000000000000e+00;7,01754385964912e+00;18536;82,2;941,288431751825;22549,8783454988;50,0910071800000;183908,7;9,92170371169616;45,1678478671685;Barcelona;18;0
08245;Santa Coloma de Gramenet;Barcelonès;2018;583,9522844;NA;NA;NA;1946,75;1057;0,00000000000000e+00;1,70293282876064e+03;14343;82,2;710,404238929440;17448,9051094890;48,8560790127588;175207,5;12,21554068186572;55,6103769238030;Barcelona;9;0
08248;Santa Eulàlia de Ronçana;Vallès Oriental;2018;757,1639344;NA;NA;NA;1508,59;78;0,00000000000000e+00;1,66666666666667e+01;18902;82,2;921,124007800000;22995,1338199513;48,0688139498466;135773,1;7,18300179875146;32,7001029161089;Barcelona;38;0
08250;Santa Margarida de Montbui;Anoia;2018;382,2489394;NA;NA;NA;745,81;113;3,53982300884956e+00;1,76991150442478e+01;12204;82,2;465,023040632603;14846,7153284672;37,5859330776794;67122,9;5,50007374631268;25,0386930965095;Barcelona;66;0
08251;Santa Margarida i els Monjos;Alt Penedès;2018;430,2225373;NA;NA;NA;957,72;58;1,72413793103448e+00;1,37931034482759e+01;16119;82,2;523,385081873479;19609,4890510949;32,0284784887400;86194,8;5,34740368509213;24,3436735414554;Barcelona;52;0
08252;Barberà del Vallès;Vallès Occidental;2018;633,4109545;NA;NA;NA;1816,29;431;4,64037122969838e-01;3,94431554524362e+00;17265;82,2;770,572937347932;21003,6496350365;44,0250880625543;163466,1;9,46806255430061;43,1026788821913;Barcelona;19;0
08259;Santa Maria de Palautordera;Vallès Oriental;2018;586,3998639;NA;NA;NA;1220,91;90;0,00000000000000e+00;6,66666666666667e+00;16855;82,2;713,381829562044;20504,8661800487;41,7490262046870;109881,9;6,51924651438742;29,6784043675177;Barcelona;54;0
08260;Santa Perpètua de Mogoda;Vallès Occidental;2018;629,0190747;NA;NA;NA;1673,29;206;1,45631067961165e+00;3,20388349514563e+01;16373;82,2;765,230017883212;19918,4914841849;46,1016850693214;150596,1;9,19783179624992;41,8724726471196;Barcelona;20;0
08262;Sant Vicenç de Castellet;Bages;2018;431,9147137;NA;NA;NA;1180,59;121;8,26446280991736e-01;2,06611570247934e+01;15025;82,2;525,443690632603;18278,5888077859;34,4956842888519;106253,1;7,07175374376040;32,1936540874232;Barcelona;52;0
08263;Sant Vicenç dels Horts;Baix Llobregat;2018;674,4727303;NA;NA;NA;1833,43;255;7,84313725490196e-01;1,96078431372549e+01;16417;82,2;820,526435888078;19972,0194647202;49,3005589547420;165008,7;10,05108728756777;45,7568573600230;Barcelona;21;0
08264;Sant Vicenç de Montalt;Maresme;2018;1251,5688070;NA;NA;NA;2551,80;103;0,00000000000000e+00;1,74757281553398e+01;22910;82,2;1522,589789537713;27871,0462287105;65,5557646617198;229662,0;10,02453077258839;45,6359607213685;Barcelona;38;1
08266;Cerdanyola del Vallès;Vallès Occidental;2018;723,3509841;NA;NA;NA;2425,91;419;2,38663484486874e-01;3,57995226730310e+00;18938;82,2;879,989031751825;23038,9294403893;45,8348918006125;218331,9;11,52877283768085;52,4839153394244;Barcelona;18;0
08267;Sentmenat;Vallès Occidental;2018;544,1095000;NA;NA;NA;1558,44;102;0,00000000000000e+00;1,56862745098039e+01;17611;82,2;661,933698300000;21424,5742092457;37,0752029981262;140259,6;7,96431775594799;36,2569880354702;Barcelona;32;0
08270;Sitges;Garraf;2018;983,7446369;NA;NA;NA;4341,73;456;0,00000000000000e+00;1,20614035087719e+01;21841;82,2;1196,769631265207;26570,5596107056;54,0494283356989;390755,7;17,89092532393205;81,4471603583180;Barcelona;38;1
08274;Súria;Bages;2018;373,6045070;NA;NA;NA;782,43;41;0,00000000000000e+00;1,95121951219512e+01;17513;82,2;454,506699500000;21305,3527980535;25,5995779363901;70418,7;4,02093873100000;18,3050365312989;Barcelona;72;0
08278;Taradell;Osona;2018;483,5209589;NA;NA;NA;2117,06;36;0,00000000000000e+00;4,16666666666667e+01;18614;82,2;588,225010827251;22644,7688564477;31,1714382013538;190535,4;10,23613409261846;46,5992697300000;Barcelona;75;0
08279;Terrassa;Vallès Occidental;2018;560,8463467;NA;NA;NA;1560,77;2759;3,62450163102573e+01;8,33635375135919e+03;16986;82,2;682,294825669100;20664,2335766423;39,6217835888379;140469,3;8,26971034969975;37,6472660174743;Barcelona;28;0
08281;Teià;Maresme;2018;1117,6694570;NA;NA;NA;2784,30;97;0,00000000000000e+00;2,37113402061856e+01;24675;82,2;1359,695203163017;30018,2481751825;54,3547456291793;250587,0;10,15550151975684;46,2321956982485;Barcelona;22;0
08282;Tiana;Maresme;2018;925,9962143;NA;NA;NA;2861,86;106;0,00000000000000e+00;3,67924528301887e+01;23611;82,2;1126,516075790754;28723,8442822384;47,0626173037991;257567,4;10,90878827665071;49,6614798841516;Barcelona;17;0
08283;Tona;Osona;2018;509,8871304;NA;NA;NA;1580,70;54;0,00000000000000e+00;2,59259259259259e+01;17720;82,2;620,300645255474;21557,1776155718;34,5296025101580;142263,0;8,02838600451467;36,5486541634321;Barcelona;61;0
08284;Tordera;Maresme;2018;471,9633929;NA;NA;NA;1127,01;219;0,00000000000000e+00;1,27853881278539e+01;14259;82,2;574,164711557177;17346,7153284672;39,7191999074269;101430,9;7,11346517988639;32,3835424227339;Barcelona;65;0
08285;Torelló;Osona;2018;417,2004959;NA;NA;NA;1011,94;133;0,00000000000000e+00;4,51127819548872e+00;17778;82,2;507,543182360097;21627,7372262774;28,1606814647317;91074,6;5,12288221397233;23,3215555720892;Barcelona;82;0
08289;Torrelles de Llobregat;Baix Llobregat;2018;736,6010204;NA;NA;NA;1599,02;64;0,00000000000000e+00;1,71875000000000e+01;19381;82,2;896,108297323601;23577,8588807786;45,6076169691966;143911,8;7,42540632578298;33,8036322208961;Barcelona;25;0
08291;Vacarisses;Vallès Occidental;2018;746,9903797;NA;NA;NA;1762,19;84;0,00000000000000e+00;1,19047619047619e+00;17583;82,2;908,747420559610;21390,5109489051;50,9804046886197;158597,1;9,01991127793892;41,0625021887147;Barcelona;42;0
08295;Vallirana;Baix Llobregat;2018;723,5109662;NA;NA;NA;1511,77;139;2,15827338129496e+00;3,16546762589928e+01;18190;82,2;880,183657177615;22128,9537712895;47,7302451600000;136059,3;7,47989554700385;34,0516905106839;Barcelona;28;0
08298;Vic;Osona;2018;522,2663629;NA;NA;NA;1408,00;476;8,40336134453782e-01;1,44957983193277e+01;16586;82,2;635,360538807786;20177,6155717762;37,7860626721331;126720,0;7,64017846376462;34,7813670471261;Barcelona;70;0
08300;Viladecavalls;Vallès Occidental;2018;714,2559259;NA;NA;NA;1652,03;73;0,00000000000000e+00;0,00000000000000e+00;19081;82,2;868,924484063260;23212,8953771290;44,9194020795556;148682,7;7,79218594413291;35,4733702501499;Barcelona;32;0
08301;Viladecans;Baix Llobregat;2018;724,3793291;NA;NA;NA;2264,35;611;0,00000000000000e+00;2,12765957446809e+00;17308;82,2;881,240059700000;21055,9610705596;50,2227406355442;203791,5;11,77441067714352;53,6021640682380;Barcelona;18;1
08302;Vilanova del Camí;Anoia;2018;399,6332086;NA;NA;NA;834,32;88;1,13636363636364e+00;1,25000000000000e+01;14295;82,2;486,171786618005;17390,5109489051;33,5473837229801;75088,8;5,25280167890871;23,9130046616556;Barcelona;64;0
08305;Vilafranca del Penedès;Alt Penedès;2018;518,5399785;NA;NA;NA;1293,21;337;3,85756676557863e+00;2,25519287833828e+01;16569;82,2;630,827224452555;20156,9343065693;37,5549504617056;116388,9;7,02449755567626;31,9785236646461;Barcelona;48;0
08307;Vilanova i la Geltrú;Garraf;2018;631,6756391;NA;NA;NA;2057,45;1020;9,80392156900000e+01;4,70588235294118e+03;17114;82,2;768,461848053528;20819,9513381995;44,2918526890265;185170,5;10,81982587355381;49,2564848948090;Barcelona;45;1
08902;Vilanova del Vallès;Vallès Oriental;2018;782,9955056;NA;NA;NA;1684,97;41;0,00000000000000e+00;1,95121951219512e+01;20682;82,2;952,549276885645;25160,5839416058;45,4305486277923;151647,3;7,33233246301131;33,3799201048888;Barcelona;30;0
08904;Badia del Vallès;Vallès Occidental;2018;315,2734483;NA;NA;NA;1584,01;86;1,04651162790698e+01;1,04651162790698e+01;13035;82,2;383,544340997567;15857,6642335766;29,0240228584580;142560,9;10,93677790563866;49,7889006720245;Barcelona;20;0
17008;Anglès;Selva;2018;413,1490000;NA;NA;NA;1207,45;54;0,00000000000000e+00;1,11111111111111e+01;15144;82,2;502,614355231144;18423,3576642336;32,7376386687797;108670,5;7,17581220285262;32,6673727940228;Girona;101;0
17009;Arbúcies;Selva;2018;382,6803704;NA;NA;NA;944,20;29;0,00000000000000e+00;6,89655172413793e+00;14500;82,2;465,547895863747;17639,9026763990;31,6700996193103;84978,0;5,86055172413793;26,6797433571297;Girona;78;0
17015;Banyoles;Pla de l'Estany;2018;496,5091127;NA;NA;NA;1299,59;181;5,52486187845304e+00;3,92265193370166e+01;16537;82,2;604,025684549878;20118,0048661800;36,0289614343593;116963,1;7,07281248100000;32,1984739135953;Girona;118;0
17020;Bescanó;Gironès;2018;693,3333333;NA;NA;NA;NA;NA;NA;NA;17980;82,2;843,471208394161;21873,4793187348;46,2736373726363;NA;NA;NA;Girona;98;0
17022;Bisbal d'Empordà, la;Baix Empordà;2018;420,8908502;NA;NA;NA;867,28;103;9,70873786407767e-01;1,65048543689320e+01;14126;82,2;512,032664476886;17184,9148418491;35,7545674812403;78055,2;5,52564066260796;25,1550846577991;Girona;120;0
17023;Blanes;Selva;2018;494,4963119;NA;NA;NA;1729,56;572;1,74825174825175e-01;8,91608391608392e+00;14633;82,2;601,577021776156;17801,7031630170;40,5518741392742;155660,4;10,63762728080366;48,4270388079187;Girona;70;1
17033;Caldes de Malavella;Selva;2018;597,9753153;NA;NA;NA;2326,56;117;0,00000000000000e+00;1,53846153846154e+01;16433;82,2;727,463887226277;19991,4841849148;43,6664259940364;209390,4;12,74206779042171;58,0073539983312;Girona;85;0
17034;Calonge i Sant Antoni;Baix Empordà;2018;540,7426667;NA;NA;NA;2041,19;374;0,00000000000000e+00;2,03208556149733e+01;14658;82,2;657,837794038929;17832,1167883212;44,2687406221858;183707,1;12,53288988948015;57,0550865368705;Girona;112;1
17044;Cassà de la Selva;Gironès;2018;510,6061972;NA;NA;NA;1051,75;100;3,00000000000000e+00;4,60000000000000e+01;16523;82,2;621,175422384428;20100,9732360097;37,0833042813048;94657,5;5,72883253646432;26,0801011582788;Girona;96;0
17047;Castelló d'Empúries;Alt Empordà;2018;721,8571429;NA;NA;NA;2043,10;485;0,00000000000000e+00;7,83505154639175e+00;12415;82,2;878,171706690997;15103,4063260341;69,7727403527990;183879,0;14,81103503826017;67,4261796968207;Girona;142;1
17048;Castell d'Aro, Platja d'Aro i s'Agaró;Baix Empordà;2018;0,0000000;NA;NA;NA;2277,15;429;0,00000000000000e+00;6,99300699300699e-01;14062;82,2;0,000000000000;17107,0559610706;0,0000000000000;204943,5;14,57427820000000;66,3483610763247;Girona;107;1
17049;Celrà;Gironès;2018;558,4550000;NA;NA;NA;1416,26;49;4,08163265306122e+00;4,28571428571429e+01;15742;82,2;679,385644768856;19150,8515815085;42,5705755304282;127463,4;8,09702706136450;36,8611376746641;Girona;109;0
17062;Escala, l';Alt Empordà;2018;523,3552459;NA;NA;NA;1999,74;388;0,00000000000000e+00;5,41237113402062e+00;15809;82,2;636,685213990268;19232,3601000000;39,7258710300000;179976,6;11,38443924346891;51,8268469553119;Girona;140;1
17066;Figueres;Alt Empordà;2018;456,1656757;NA;NA;NA;1117,37;446;0,00000000000000e+00;1,30044843049327e+01;13767;82,2;554,946077493917;16748,1751824818;39,7616627326215;100563,3;7,30466332534321;33,2539583308705;Girona;138;0
17079;Girona;Gironès;2018;597,7491354;NA;NA;NA;1851,75;1147;2,78988666085440e+03;2,73757628596338e+04;17576;82,2;727,188729197080;21381,9951338199;40,8112746062813;166657,5;9,48210628129267;43,1666119467836;Girona;102;0
17089;Llagostera;Gironès;2018;492,3643137;NA;NA;NA;952,34;68;0,00000000000000e+00;2,20588235294118e+01;15177;82,2;598,983350000000;18463,5036496350;38,9297737655663;85710,6;5,64740067200000;25,7093884087954;Girona;90;0
17092;Llançà;Alt Empordà;2018;474,3930000;NA;NA;NA;NA;NA;NA;NA;15452;82,2;577,120437956204;18798,0535279805;36,8412891535076;NA;NA;NA;Girona;160;1
17095;Lloret de Mar;Selva;2018;485,7276334;NA;NA;NA;1863,54;523;0,00000000000000e+00;3,05927342256214e+00;11973;82,2;590,909529683698;14565,6934306569;48,6822985116512;167718,6;14,00806815334503;63,7707302746144;Girona;75;1
17103;Maçanet de la Selva;Selva;2018;559,3869231;NA;NA;NA;1076,65;90;0,00000000000000e+00;1,11111111111111e+01;14372;82,2;680,519371167883;17484,1849148418;46,7063949151127;96898,5;6,74217227900000;30,6932579988901;Girona;78;0
17114;Olot;Garrotxa;2018;419,5381818;NA;NA;NA;1177,54;427;4,68384074941452e+00;5,40983606557377e+01;16616;82,2;510,387082481752;20214,1119221411;30,2988576167549;105978,6;6,37810544053924;29,0358697044569;Girona;112;0
17117;Palafrugell;Baix Empordà;2018;482,9195607;NA;NA;NA;2145,82;516;1,93798449612403e-01;1,58914728682171e+01;13707;82,2;587,493382846715;16675,1824817518;42,2779217071569;193123,8;14,08942875902824;64,1411186200000;Girona;122;1
17118;Palamós;Baix Empordà;2018;545,1883648;NA;NA;NA;2185,67;333;3,00300300300300e-01;2,73273273273273e+01;15476;82,2;663,246185888078;18827,2506082725;42,2735873455673;196710,3;12,71066813130008;57,8644092917064;Girona;115;1
17141;Puigcerdà;Cerdanya;2018;490,9944000;NA;NA;NA;2068,95;77;0,00000000000000e+00;1,03896103896104e+01;13423;82,2;597,316788321168;16329,6836982968;43,8943067868584;186205,5;13,87212247634657;63,1518472800000;Girona;151;0
17147;Ripoll;Ripollès;2018;616,3305158;NA;NA;NA;1020,20;46;0,00000000000000e+00;1,52173913043478e+01;16467;82,2;749,793814800000;20032,8467153285;44,9138652400000;91818,0;5,57587903100000;25,3837912425779;Girona;102;0
17152;Roses;Alt Empordà;2018;393,4324324;NA;NA;NA;2292,05;645;0,00000000000000e+00;6,20155038759690e-01;12975;82,2;478,628263260341;15784,6715328467;36,3868145572254;206284,5;15,89861271676301;72,3772994393338;Girona;150;1
17155;Salt;Gironès;2018;0,0000000;NA;NA;NA;1032,64;327;3,66972477064220e+00;1,40672782874618e+01;12153;82,2;0,000000000000;14784,6715328467;0,0000000000000;92937,6;7,64729696371266;34,8137735099715;Girona;100;0
17160;Sant Feliu de Guíxols;Baix Empordà;2018;535,2344130;NA;NA;NA;1889,99;382;0,00000000000000e+00;2,61780104712042e-01;14501;82,2;651,136755474453;17641,1192214112;44,2922071305427;170099,1;11,73016343700434;53,4007316661806;Girona;105;1
17164;Sant Hilari Sacalm;Selva;2018;347,8254310;NA;NA;NA;806,53;39;0,00000000000000e+00;1,53846153846154e+01;15555;82,2;423,145293187348;18923,3576642336;26,8332058630665;72587,7;4,66651880424301;21,2439937276958;Girona;95;0
17180;Santa Coloma de Farners;Selva;2018;481,3174502;NA;NA;NA;1019,71;131;0,00000000000000e+00;1,75572519083969e+01;15450;82,2;585,544343309002;18795,6204379562;37,3838796271845;91773,9;5,94005825242719;27,0416911514366;Girona;90;0
17181;Santa Cristina d'Aro;Baix Empordà;2018;580,5484746;NA;NA;NA;1603,12;99;0,00000000000000e+00;1,01010101010101e+00;16499;82,2;706,263351094890;20071,7761557178;42,2242662900782;144280,8;8,74482089823626;39,8101728729860;Girona;101;1
17186;Sarrià de Ter;Gironès;2018;562,1328205;NA;NA;NA;1637,89;58;1,72413793103448e+00;2,24137931034483e+01;17675;82,2;683,859878953771;21502,4330900243;38,1646045035361;147410,1;8,34003394625177;37,9674091705891;Girona;106;0
17193;Sils;Selva;2018;468,6527273;NA;NA;NA;1149,86;60;0,00000000000000e+00;5,00000000000000e+00;15570;82,2;570,137137834550;18941,6058394161;36,1196706974952;103487,4;6,64658959537572;30,2581246530807;Girona;80;0
17199;Torroella de Montgrí;Baix Empordà;2018;499,7894811;NA;NA;NA;1661,65;248;4,03225806451613e-01;2,01612903225806e+01;14083;82,2;608,016400364963;17132,6034063260;42,5866205581197;149548,5;10,61907974153234;48,3426024594386;Girona;135;1
17202;Tossa de Mar;Selva;2018;511,9953684;NA;NA;NA;2155,21;162;0,00000000000000e+00;4,32098765432099e+00;13644;82,2;622,865411678832;16598,5401500000;45,0303754089710;193968,9;14,21642480211082;64,7192590441716;Girona;87;1
17213;Vidreres;Selva;2018;591,6233766;NA;NA;NA;1151,72;80;0,00000000000000e+00;1,50000000000000e+01;15541;82,2;719,736467883212;18906,3260340633;45,6822631696802;103654,8;6,66976385046007;30,3636237950124;Girona;82;0
17221;Vilafant;Alt Empordà;2018;523,1818182;NA;NA;NA;1144,89;40;0,00000000000000e+00;7,50000000000000e+00;16167;82,2;636,474231386861;19667,8832116788;38,8333136537391;103040,1;6,37348302100000;29,0148264693423;Girona;136;0
25003;Agramunt;Urgell;2018;328,0718750;NA;NA;NA;656,37;24;0,00000000000000e+00;8,33333333333333e+00;15184;82,2;399,114203163017;18472,0194647202;25,9277035036881;59073,3;3,89049657534247;17,7112079284988;Lleida;112;0
25011;Alcarràs;Segrià;2018;372,4060000;NA;NA;NA;564,03;87;0,00000000000000e+00;2,41379310344828e+01;13081;82,2;453,048661800487;15913,6253041363;34,1630762174146;50762,7;3,88064368167571;17,6663533334491;Lleida;165;0
25019;Almacelles;Segrià;2018;326,8461538;NA;NA;NA;575,88;39;2,56410256410256e+00;3,33333333333333e+01;14328;82,2;397,623058150852;17430,6569343066;27,3740497300000;51829,2;3,61733668341709;16,4676670205645;Lleida;170;0
25023;Alpicat;Segrià;2018;514,9711364;NA;NA;NA;975,97;51;0,00000000000000e+00;1,56862745098039e+01;18420;82,2;626,485567396594;22408,7591240876;33,5486082345277;87837,3;4,76858306188925;21,7086339745726;Lleida;160;0
25040;Balaguer;Noguera;2018;331,6457062;NA;NA;NA;677,66;121;8,26446280991736e-01;9,91735537190083e+00;13409;82,2;403,461929683698;16312,6520681265;29,6796813662466;60989,4;4,54839287046014;20,7062338468013;Lleida;145;0
25050;Bellpuig;Urgell;2018;342,7385106;NA;NA;NA;NA;NA;NA;NA;13641;82,2;416,956825547445;16594,8905109489;30,1507376819881;NA;NA;NA;Lleida;123;0
25058;Borges Blanques, les;Garrigues;2018;315,3835772;NA;NA;NA;645,59;42;0,00000000000000e+00;2,38095238095238e+01;14565;82,2;383,678317761557;17718,9781021898;25,9842288100000;58103,1;3,98922760041195;18,1606738720192;Lleida;125;0
25072;Cervera;Segarra;2018;295,4020313;NA;NA;NA;838,61;90;5,55555555555556e+00;5,11111111111111e+01;13998;82,2;359,369867761557;17029,1970802920;25,3237917959709;75474,9;5,39183454779254;24,5459418721145;Lleida;102;0
25110;Guissona;Segarra;2018;383,2746667;NA;NA;NA;498,60;65;0,00000000000000e+00;5,53846153846154e+01;14729;82,2;466,270884063260;17918,4914841849;31,2261253336954;44874,0;3,04664267771064;13,8696232996996;Lleida;110;0
25120;Lleida;Segrià;2018;432,3213018;NA;NA;NA;940,33;1474;8,61601085481682e+03;3,00542740841248e+04;16537;82,2;525,938323357664;20118,0048661800;31,3712016786600;84629,7;5,11759690391244;23,2974945753438;Lleida;155;0
25137;Mollerussa;Pla d'Urgell;2018;357,0733159;NA;NA;NA;683,60;143;2,09790209790210e+00;1,32867132867133e+01;14726;82,2;434,395761435523;17914,8418491484;29,0973773652044;61524,0;4,17791661007741;19,0196671185853;Lleida;135;0
25203;Seu d'Urgell, la;Alt Urgell;2018;384,3237856;NA;NA;NA;1036,09;82;1,21951219512195e+00;1,82926829268293e+01;14025;82,2;467,547184428224;17062,0437956204;32,8833185540107;93248,1;6,64870588235294;30,2677588984692;Lleida;180;0
25207;Solsona;Solsonès;2018;310,0391241;NA;NA;NA;951,32;47;0,00000000000000e+00;2,34042553191489e+01;14637;82,2;377,176550000000;17806,5693430657;25,4182516171347;85618,8;5,84947735191638;26,6293280681569;Lleida;115;0
25217;Tàrrega;Urgell;2018;331,5598328;NA;NA;NA;718,46;219;9,13242009000000e-01;2,60273972602740e+01;14367;82,2;403,357460827251;17478,1021897810;27,6934502234287;64661,4;4,50068907913970;20,4890657422440;Lleida;100;0
25234;Tremp;Pallars Jussà;2018;315,5045652;NA;NA;NA;583,11;72;0,00000000000000e+00;0,00000000000000e+00;15558;82,2;383,825505109489;18927,0072992701;24,3350995140764;52479,9;3,37317778600000;15,3561510714198;Lleida;190;0
25243;Vielha e Mijaran;Val d'Aran;2018;550,0861765;NA;NA;NA;1545,33;152;0,00000000000000e+00;5,92105263157895e+00;15943;82,2;669,204594282238;19395,3771289538;41,4039648623220;139079,7;8,72355892868343;39,7133792744243;Lleida;280;0
43004;Alcanar;Montsià;2018;351,7991667;NA;NA;NA;940,39;138;1,44927536231884e+00;1,44927536231884e+01;13045;82,2;427,979521532847;15869,8296836983;32,3617477991568;84635,1;6,48793407435799;29,5358567195838;Tarragona;190;1
43005;Alcover;Alt Camp;2018;394,5972222;NA;NA;NA;1073,70;13;0,00000000000000e+00;7,69230769230769e+00;15558;82,2;480,045282481752;18927,0072992701;30,4355744080216;96633,0;6,21114539143849;28,2757959996971;Tarragona;105;0
43012;Altafulla;Tarragonès;2018;592,8777165;NA;NA;NA;1902,60;127;0,00000000000000e+00;2,20472440944882e+01;19467;82,2;721,262428832117;23682,4817518248;36,5466306981045;171234,0;8,79611650500000;40,0436924602772;Tarragona;88;1
43013;Ametlla de Mar, l';Baix Ebre;2018;356,7593750;NA;NA;NA;1656,91;164;0,00000000000000e+00;4,26829268292683e+00;13238;82,2;434,013838199513;16104,6228710462;32,3395716875661;149121,9;11,26468499773380;51,2816743000000;Tarragona;144;1
43014;Amposta;Montsià;2018;312,2829562;NA;NA;NA;628,06;248;0,00000000000000e+00;3,22580645161290e+00;13180;82,2;379,906272749392;16034,0632603406;28,4324391100000;56525,4;4,28872534142640;19,5241159577524;Tarragona;168;0
43016;Arboç, l';Baix Penedès;2018;400,7429268;NA;NA;NA;774,16;39;5,12820512820513e+00;1,53846153846154e+01;13465;82,2;487,521808759124;16380,7785888078;35,7141858269588;69674,4;5,17448199034534;23,5564598704758;Tarragona;60;0
43037;Calafell;Baix Penedès;2018;541,3073323;NA;NA;NA;1529,86;537;1,86219739000000e-01;4,13407821229050e+01;14282;82,2;658,524735158151;17374,6958637470;45,4816411398964;137687,4;9,64062456200000;43,8882551053228;Tarragona;62;1
43038;Cambrils;Baix Camp;2018;527,7134961;NA;NA;NA;1814,74;712;0,00000000000000e+00;6,88202247191011e+00;15657;82,2;641,987221532847;19047,4452554744;40,4455639854378;163326,6;10,43153860892891;47,4888348412540;Tarragona;115;1
43043;Catllar, el;Tarragonès;2018;586,1875000;NA;NA;NA;NA;NA;NA;NA;18115;82,2;713,123479318735;22037,7128953771;38,8310792161192;NA;NA;NA;Tarragona;92;0
43044;Sénia, la;Montsià;2018;252,1523529;NA;NA;NA;546,03;36;0,00000000000000e+00;2,22222222222222e+01;11991;82,2;306,754687226277;14587,5912408759;25,2341609106830;49142,7;4,09829872404303;18,6572123760931;Tarragona;195;0
43047;Constantí;Tarragonès;2018;357,4773077;NA;NA;NA;629,44;70;0,00000000000000e+00;2,28571428571429e+01;12695;82,2;434,887235644769;15444,0389294404;33,7906868247341;56649,6;4,46235525797558;20,3145537579295;Tarragona;95;0
43051;Cunit;Baix Penedès;2018;552,2204795;NA;NA;NA;1507,30;349;5,73065902578797e-01;1,14613180515759e+01;14281;82,2;671,801069951338;17373,4793187348;46,4018328828513;135657,0;9,49912471115468;43,2440871338363;Tarragona;55;1
43086;Montblanc;Conca de Barberà;2018;378,3733945;NA;NA;NA;809,40;41;2,43902439024390e+00;2,43902439024390e+00;16641;82,2;460,308265815085;20244,5255474453;27,2849031548585;72846,0;4,37750135208221;19,9282624088129;Tarragona;114;0
43092;Mont-roig del Camp;Baix Camp;2018;456,4114793;NA;NA;NA;1963,12;427;0,00000000000000e+00;2,34192037000000e-01;13825;82,2;555,245108637470;16818,7347931873;39,6161862683544;176680,8;12,77980470162748;58,1791485900000;Tarragona;120;1
43093;Móra d'Ebre;Ribera d'Ebre;2018;322,1621622;NA;NA;NA;662,08;39;0,00000000000000e+00;7,69230769230769e+00;14663;82,2;391,924771532847;17838,1995133820;26,3653136902407;59587,2;4,06377958125895;18,5000664427855;Tarragona;150;0
43100;Pallaresos, els;Tarragonès;2018;693,4375000;NA;NA;NA;NA;NA;NA;NA;17536;82,2;843,597931873479;21333,3333333333;47,4523836678832;NA;NA;NA;Tarragona;95;0
43123;Reus;Baix Camp;2018;328,5294118;NA;NA;NA;1028,61;1182;1,86125211505922e+03;1,15905245346870e+04;15544;82,2;399,670817274939;18909,9756690998;25,3625382243953;92574,9;5,95566778178075;27,1127524195018;Tarragona;108;0
43129;Riudoms;Baix Camp;2018;0,0000000;NA;NA;NA;980,34;45;0,00000000000000e+00;3,11111111111111e+01;13606;82,2;0,000000000000;16552,3114355231;0,0000000000000;88230,6;6,48468322798765;29,5210574735509;Tarragona;115;0
43131;Roda de Berà;Tarragonès;2018;437,2725758;NA;NA;NA;1530,74;125;0,00000000000000e+00;1,36000000000000e+01;14952;82,2;531,961771046229;18189,7810218978;35,0941072100000;137766,6;9,21392455900000;41,9457337988478;Tarragona;75;1
43133;Roquetes;Baix Ebre;2018;481,2394508;NA;NA;NA;712,44;36;0,00000000000000e+00;0,00000000000000e+00;14046;82,2;585,449453527980;17087,5912408759;41,1140069030329;64119,6;4,56497223408800;20,7817102161667;Tarragona;178;0
43136;Ràpita, la;Montsià;2018;0,0000000;NA;NA;NA;916,85;222;0,00000000000000e+00;9,00900900900901e-01;13060;82,2;0,000000000000;15888,0778588808;0,0000000000000;82516,5;6,31826186830015;28,7634361138895;Tarragona;180;1
43145;Selva del Camp, la;Baix Camp;2018;437,4333333;NA;NA;NA;1239,99;30;0,00000000000000e+00;0,00000000000000e+00;15342;82,2;532,157339781022;18664,2335766423;34,2145743684005;111599,1;7,27409073132577;33,1147787790909;Tarragona;116;0
43148;Tarragona;Tarragonès;2018;513,7768456;NA;NA;NA;1271,17;1625;6,15384615384615e+01;1,51384615384615e+04;16231;82,2;625,032658880779;19745,7420924574;37,9848570463927;114405,3;7,04856755591153;32,0881006224328;Tarragona;98;1
43153;Torredembarra;Tarragonès;2018;487,6006352;NA;NA;NA;1518,75;320;1,56250000000000e+00;1,71875000000000e+01;14104;82,2;593,188120681265;17158,1508515815;41,4861572773681;136687,5;9,69139960294952;44,1194048528111;Tarragona;84;1
43155;Tortosa;Baix Ebre;2018;346,4208947;NA;NA;NA;881,57;328;0,00000000000000e+00;1,82926829268293e+00;14739;82,2;421,436611557178;17930,6569343066;28,2044286342357;79341,3;5,38308569102381;24,5061133262292;Tarragona;175;0
43156;Ulldecona;Montsià;2018;251,8254930;NA;NA;NA;626,71;64;1,56250000000000e+00;2,34375000000000e+01;12450;82,2;306,357047445255;15145,9854014599;24,2723366746988;56403,9;4,53043373493976;20,6244761643930;Tarragona;198;0
43161;Valls;Alt Camp;2018;407,3067804;NA;NA;NA;1167,36;99;0,00000000000000e+00;3,03030303030303e+00;16113;82,2;495,507032116788;19602,1897810219;30,3337762353379;105062,4;6,52035002800000;29,6834280341336;Tarragona;101;0
43162;Vandellòs i l'Hospitalet de l'Infant;Baix Camp;2018;463,7857143;NA;NA;NA;1342,68;69;0,00000000000000e+00;3,18840579710145e+01;14987;82,2;564,216197445255;18232,3601000000;37,1350408460666;120841,2;8,06306799200000;36,7065414368006;Tarragona;132;1
43163;Vendrell, el;Baix Penedès;2018;464,4920791;NA;NA;NA;1228,25;752;0,00000000000000e+00;4,25531914900000e+00;14986;82,2;565,075522019465;18231,1435523114;37,1940808034165;110542,5;7,37638462565061;33,5804644305539;Tarragona;65;1
43171;Vila-seca;Tarragonès;2018;476,8141274;NA;NA;NA;2057,74;375;0,00000000000000e+00;8,00000000000000e-01;13961;82,2;580,065848418491;16984,1849148418;40,9839519289449;185196,6;13,26528185660053;60,3892486800000;Tarragona;106;1
43901;Deltebre;Baix Ebre;2018;292,2796703;NA;NA;NA;850,15;134;0,00000000000000e+00;2,76119402985075e+01;13010;82,2;355,571375060827;15827,2506082725;26,9589242398155;76513,5;5,88112990007686;26,7734240340781;Tarragona;170;1
43905;Salou;Tarragonès;2018;455,9760032;NA;NA;NA;1722,45;848;1,53301886792453e+00;1,48584905660377e+01;13143;82,2;554,715332360097;15989,0510948905;41,6321390732709;155020,5;11,79490983793654;53,6954850343753;Tarragona;110;1
43907;Canonja, la;Tarragonès;2018;413,7550485;NA;NA;NA;NA;NA;NA;NA;14224;82,2;503,351640510949;17304,1362530414;34,9062189398200;NA;NA;NA;Tarragona;100;0
08001;Abrera;Baix Llobregat;2017;613,6871975;NA;NA;NA;1391,60;102;0,00000000000000e+00;3,92156862745098e+00;17437;80,8;759,513858292079;21580,4455445545;42,2334482422435;125244,0;7,18265756724207;32,6985358267360;Barcelona;35;0
08003;Alella;Maresme;2017;1121,6591720;NA;NA;NA;3116,20;119;0,00000000000000e+00;3,86554621848740e+01;27406;80,8;1388,192044554455;33918,3168316832;49,1130046851055;280458,0;10,23345252864336;46,5870621015184;Barcelona;18;0
08005;Ametlla del Vallès, l';Vallès Oriental;2017;917,3300971;NA;NA;NA;1383,30;95;0,00000000000000e+00;2,52631578947368e+01;21675;80,8;1135,309526113862;26825,4950495050;50,7864413619377;124497,0;5,74380622837370;26,1482678217698;Barcelona;35;0
08006;Arenys de Mar;Maresme;2017;573,1845141;NA;NA;NA;1743,80;225;0,00000000000000e+00;1,86666666666667e+01;17048;80,8;709,386774876238;21099,0099009901;40,3461647653684;156942,0;9,20588925387142;41,9091536477439;Barcelona;40;1
08007;Arenys de Munt;Maresme;2017;568,3511602;NA;NA;NA;1428,30;75;0,00000000000000e+00;1,73333333333333e+01;17564;80,8;703,404901237624;21737,6237623762;38,8306417809155;128547,0;7,31877704395354;33,3182100273085;Barcelona;45;0
08009;Argentona;Maresme;2017;685,7961215;NA;NA;NA;1755,40;122;0,00000000000000e+00;2,13114754098361e+01;18082;80,8;848,757576113861;22378,7128712871;45,5124071341666;157986,0;8,73719721300000;39,7754665888036;Barcelona;35;0
08010;Artés;Bages;2017;338,2545255;NA;NA;NA;1196,70;48;0,00000000000000e+00;2,50000000000000e+01;16692;80,8;418,631838500000;20658,4158415842;24,3173634435658;107703,0;6,45237239396118;29,3739647082178;Barcelona;72;0
08015;Badalona;Barcelonès;2017;638,2380430;NA;NA;NA;1957,50;2383;3,98657154846832e+03;2,88711707931179e+04;16369;80,8;789,898568100000;20258,6633663366;46,7887868287617;176175,0;10,76272221882827;48,9965245831277;Barcelona;10;1
08019;Barcelona;Barcelonès;2017;877,2765183;NA;NA;NA;3745,90;15676;5,29471804031641e+02;5,36374075019137e+02;21371;80,8;1085,738265222772;26449,2574257426;49,2598297674419;337131,0;15,77516260352815;71,8153016115611;Barcelona;0;1
08020;Begues;Baix Llobregat;2017;910,9117647;NA;NA;NA;1720,90;70;0,00000000000000e+00;1,57142857142857e+01;21783;80,8;1127,366045420792;26959,1584158416;50,1810640242391;154881,0;7,11017766147913;32,3685762298708;Barcelona;32;0
08022;Berga;Berguedà;2017;343,5981285;NA;NA;NA;960,00;114;0,00000000000000e+00;8,77192982456140e-01;16717;80,8;425,245208539604;20689,3564356436;24,6645782257582;86400,0;5,16839145779745;23,5287331558362;Barcelona;108;0
08023;Bigues i Riells del Fai;Vallès Oriental;2017;686,0646721;NA;NA;NA;1207,60;105;0,00000000000000e+00;2,09523809523810e+01;18443;80,8;849,089940700000;22825,4950495050;44,6390287111641;108684,0;5,89296752155289;26,8273139607958;Barcelona;41;0
08029;Cabrera de Mar;Maresme;2017;876,3076923;NA;NA;NA;NA;NA;NA;NA;23569;80,8;1084,539223143564;29169,5544554455;44,6166248360134;NA;NA;NA;Barcelona;28;1
08030;Cabrils;Maresme;2017;1147,0534580;NA;NA;NA;2398,70;77;0,00000000000000e+00;1,29870129870130e+00;24446;80,8;1419,620616336634;30254,9504950495;56,3063139000245;215883,0;8,83101529902642;40,2025667294265;Barcelona;27;0
08033;Caldes de Montbui;Vallès Oriental;2017;585,1193043;NA;NA;NA;1499,00;166;0,00000000000000e+00;2,71084337349398e+01;17825;80,8;724,157554826733;22060,6435643564;39,3909209065919;134910,0;7,56858345021038;34,4554358588712;Barcelona;34;0
08035;Calella;Maresme;2017;490,3127113;NA;NA;NA;1731,70;262;3,81679389312977e-01;3,54961832061069e+01;14683;80,8;606,822662500000;18172,0297000000;40,0718690703535;155853,0;10,61452019342096;48,3218454421539;Barcelona;50;1
08040;Canet de Mar;Maresme;2017;549,9479021;NA;NA;NA;1701,50;155;0,00000000000000e+00;2,19354838709677e+01;16750;80,8;680,628591707921;20730,1980198020;39,3992526877612;153135,0;9,14238805970149;41,6200689944430;Barcelona;43;1
08041;Canovelles;Vallès Oriental;2017;475,7252657;NA;NA;NA;946,20;133;7,51879699248120e-01;1,50375939849624e+01;14055;80,8;588,768893193069;17394,8019801980;40,6168850100000;85158,0;6,05891141942369;27,5827617096212;Barcelona;31;0
08043;Canyelles;Garraf;2017;882,5000000;NA;NA;NA;NA;NA;NA;NA;17728;80,8;1092,202970297030;21940,5940594059;59,7360108303249;NA;NA;NA;Barcelona;46;0
08044;Capellades;Anoia;2017;408,8068182;NA;NA;NA;886,80;41;0,00000000000000e+00;9,75609756100000e+00;16073;80,8;505,949032425743;19892,3267326733;30,5212581248056;79812,0;4,96559447520687;22,6055143696539;Barcelona;60;0
08046;Cardedeu;Vallès Oriental;2017;615,6352033;NA;NA;NA;1851,10;160;0,00000000000000e+00;1,25000000000000e+00;17453;80,8;761,924756600000;21600,2475247525;42,3286680776944;166599,0;9,54557955652324;43,4555695011062;Barcelona;39;0
08051;Castellar del Vallès;Vallès Occidental;2017;628,7416975;NA;NA;NA;1481,40;292;0,00000000000000e+00;2,73972602700000e+00;17964;80,8;778,145665222772;22232,6732673267;42,0001133934536;133326,0;7,42184368737475;33,7874135638685;Barcelona;34;0
08054;Castellbisbal;Vallès Occidental;2017;640,5081875;NA;NA;NA;1754,60;102;0,00000000000000e+00;0,00000000000000e+00;17378;80,8;792,708152846535;21507,4257425743;44,2289000460352;157914,0;9,08700656001841;41,3679486706530;Barcelona;29;0
08056;Castelldefels;Baix Llobregat;2017;913,7680851;NA;NA;NA;2992,10;788;0,00000000000000e+00;5,07614213197970e-01;22243;80,8;1130,901095420792;27528,4653465347;49,2973835417884;269289,0;12,10668524929191;55,1148203378699;Barcelona;22;1
08067;Centelles;Osona;2017;479,0682000;NA;NA;NA;1406,20;61;0,00000000000000e+00;2,13114754098361e+01;17093;80,8;592,906188118812;21154,7029702970;33,6325887790324;126558,0;7,40408354297081;33,7065617743124;Barcelona;54;0
08068;Cervelló;Baix Llobregat;2017;764,1826087;NA;NA;NA;1570,50;124;0,00000000000000e+00;2,50000000000000e+01;19328;80,8;945,770555321782;23920,7920792079;47,4451122951159;141345,0;7,31296564569536;33,2917540515962;Barcelona;25;0
08072;Corbera de Llobregat;Baix Llobregat;2017;655,0517803;NA;NA;NA;1491,40;154;0,00000000000000e+00;2,14285714285714e+01;18585;80,8;810,707648886139;23001,2376237624;42,2955144665052;134226,0;7,22227602900000;32,8788960459007;Barcelona;30;0
08073;Cornellà de Llobregat;Baix Llobregat;2017;602,4542186;NA;NA;NA;2209,70;634;4,73186119873817e-01;9,46372239747634e-01;16380;80,8;745,611656683168;20272,2772277228;44,1358401904762;198873,0;12,14120879120879;55,2719862979155;Barcelona;12;0
08074;Cubelles;Garraf;2017;615,6633333;NA;NA;NA;1628,60;277;0,00000000000000e+00;3,61010830324910e-01;17329;80,8;761,959570915842;21446,7821782178;42,6335045276704;146574,0;8,45830688400000;38,5058382784238;Barcelona;50;1
08075;Dosrius;Maresme;2017;763,5498958;NA;NA;NA;1526,10;56;0,00000000000000e+00;2,32142857142857e+01;17858;80,8;944,987494801980;22101,4851485149;51,3080902094299;137349,0;7,69117482360847;35,0135243348398;Barcelona;39;0
08076;Esparreguera;Baix Llobregat;2017;545,2598058;NA;NA;NA;1454,60;230;0,00000000000000e+00;0,00000000000000e+00;16908;80,8;674,826492326733;20925,7425742574;38,6983538537970;130914,0;7,74272533711852;35,2482043675596;Barcelona;39;0
08077;Esplugues de Llobregat;Baix Llobregat;2017;772,9884540;NA;NA;NA;2601,80;345;0,00000000000000e+00;1,15942028985507e+01;20116;80,8;956,668878712871;24896,0396000000;46,1118584609266;234162,0;11,64058460926626;52,9929304476637;Barcelona;8;0
08086;Franqueses del Vallès, les;Vallès Oriental;2017;563,4337173;NA;NA;NA;1499,30;165;0,00000000000000e+00;2,06060606060606e+01;16028;80,8;697,318957054455;19836,6336633663;42,1837073097080;134937,0;8,41882954829049;38,3261205238914;Barcelona;35;0
08088;Garriga, la;Vallès Oriental;2017;651,7595122;NA;NA;NA;1718,20;192;0,00000000000000e+00;3,90625000000000e+01;18532;80,8;806,633059653465;22935,6435643564;42,2032923936974;154638,0;8,34437729333045;37,9871819481065;Barcelona;38;0
08089;Gavà;Baix Llobregat;2017;820,2878387;NA;NA;NA;2579,60;625;1,98400000000000e+01;2,88000000000000e+01;17923;80,8;1015,207721163366;22181,9306930693;54,9207948691625;232164,0;12,95341182000000;58,9694825931129;Barcelona;20;1
08091;Gelida;Alt Penedès;2017;503,6905031;NA;NA;NA;1057,00;57;0,00000000000000e+00;1,75438596491228e+00;16479;80,8;623,379335500000;20394,8019801980;36,6787185945749;95130,0;5,77280174767886;26,2802678535044;Barcelona;35;0
08092;Gironella;Berguedà;2017;286,6856098;NA;NA;NA;NA;NA;NA;NA;16881;80,8;354,808923000000;20892,3267326733;20,3792862839879;NA;NA;NA;Barcelona;94;0
08096;Granollers;Vallès Oriental;2017;582,4120390;NA;NA;NA;1634,40;539;7,42115027829314e-01;9,83302411873840e+00;17076;80,8;720,806978960396;21133,6633663366;40,9284637385805;147096,0;8,61419536191145;39,2155094438281;Barcelona;30;0
08101;Hospitalet de Llobregat, l';Barcelonès;2017;608,2501545;NA;NA;NA;1962,60;2630;4,98098859315589e+03;1,46007604562738e+04;15365;80,8;752,784844678218;19016,0891089109;47,5040797526847;176634,0;11,49586723071917;52,3341149127627;Barcelona;0;0
08102;Igualada;Anoia;2017;416,7443538;NA;NA;NA;1024,60;337;1,48367952522255e+00;1,66172106824926e+01;16334;80,8;515,772715099010;20215,3465346535;30,6167028627403;92214,0;5,64552467246235;25,7008480545054;Barcelona;65;0
08105;Llagosta, la;Vallès Oriental;2017;517,5978049;NA;NA;NA;1333,60;93;3,22580645161290e+00;2,04301075268817e+01;15270;80,8;640,591342698020;18898,5148514851;40,6756624700000;120024,0;7,86011787819253;35,7826255305016;Barcelona;19;0
08106;Llinars del Vallès;Vallès Oriental;2017;582,8053691;NA;NA;NA;1441,70;87;0,00000000000000e+00;2,29885057471264e+00;16700;80,8;721,293773600000;20668,3168316832;41,8782301149701;129753,0;7,76964071856287;35,3707347201776;Barcelona;41;0
08107;Lliçà d'Amunt;Vallès Oriental;2017;774,1552326;NA;NA;NA;1265,80;163;6,13496932515337e-01;1,84049079754601e+01;17817;80,8;958,112911633663;22050,7425742574;52,1404433473649;113922,0;6,39400572486951;29,1082546137974;Barcelona;32;0
08108;Lliçà de Vall;Vallès Oriental;2017;791,1583333;NA;NA;NA;1177,10;46;0,00000000000000e+00;1,73913043478261e+01;20105;80,8;979,156353094060;24882,4257425743;47,2215866679930;105939,0;5,26928624720219;23,9880494820283;Barcelona;28;0
08110;Malgrat de Mar;Maresme;2017;495,2137798;NA;NA;NA;1387,10;177;0,00000000000000e+00;1,75141242937853e+01;15038;80,8;612,888341336634;18611,3861386139;39,5169926692379;124839,0;8,30156935762734;37,7923018767467;Barcelona;62;1
08112;Manlleu;Osona;2017;380,1850139;NA;NA;NA;798,40;192;0,00000000000000e+00;1,04166666666667e+01;15071;80,8;470,526007301980;18652,2277227723;30,2715159365669;71856,0;4,76783226063300;21,7052160054510;Barcelona;78;0
08113;Manresa;Bages;2017;396,4115135;NA;NA;NA;941,30;751;1,19840213049268e+00;2,60985352862850e+01;16256;80,8;490,608308787129;20118,8118811881;29,2626609400000;84717,0;5,21142962598425;23,7246613441424;Barcelona;55;0
08114;Martorell;Baix Llobregat;2017;554,9366583;NA;NA;NA;1302,40;219;0,00000000000000e+00;4,56621005000000e-01;15575;80,8;686,802794925743;19275,9901000000;42,7559544115570;117216,0;7,52590690208668;34,2611539200000;Barcelona;32;0
08118;Masnou, el;Maresme;2017;791,3084676;NA;NA;NA;2369,30;220;0,00000000000000e+00;9,09090909090909e+00;19818;80,8;979,342162871287;24527,2277227723;47,9145302815622;213237,0;10,75976385104451;48,9830568249810;Barcelona;19;1
08119;Masquefa;Anoia;2017;569,7786508;NA;NA;NA;1351,20;67;0,00000000000000e+00;1,04477611940298e+01;15649;80,8;705,171597524753;19367,5742574257;43,6918896389546;121608,0;7,77097578120008;35,3768124975273;Barcelona;46;0
08120;Matadepera;Vallès Occidental;2017;954,3214953;NA;NA;NA;2047,90;70;0,00000000000000e+00;0,00000000000000e+00;27915;80,8;1181,090959529703;34548,2673267327;41,0240298893068;184311,0;6,60257925846319;30,0577707360508;Barcelona;32;0
08121;Mataró;Maresme;2017;576,5113259;NA;NA;NA;1630,90;1167;0,00000000000000e+00;1,28534704370180e+04;15338;80,8;713,504116212871;18982,6732673267;45,1045502100000;146781,0;9,56976137697223;43,5656555124334;Barcelona;31;1
08123;Molins de Rei;Baix Llobregat;2017;679,5067925;NA;NA;NA;2076,60;248;0,00000000000000e+00;3,10483870967742e+01;19390;80,8;840,973753094059;23997,5247524752;42,0530248066013;186894,0;9,63867973182053;43,8794014030080;Barcelona;18;0
08124;Mollet del Vallès;Vallès Oriental;2017;558,5832774;NA;NA;NA;1641,90;387;2,58397932816537e+00;1,80878552971576e+01;16123;80,8;691,315937376238;19954,2079207921;41,5741445686287;147771,0;9,16522979594368;41,7240543680833;Barcelona;23;0
08125;Montcada i Reixac;Vallès Occidental;2017;556,6322876;NA;NA;NA;1415,30;268;1,11940298507463e+00;1,60447761194030e+01;15930;80,8;688,901346000000;19715,3465346535;41,9308691224106;127377,0;7,99604519774011;36,4014249493030;Barcelona;14;0
08126;Montgat;Maresme;2017;835,0405430;NA;NA;NA;2470,50;125;3,20000000000000e+01;3,52000000000000e+01;19157;80,8;1033,466018564356;23709,1584158416;52,3071802265490;222345,0;11,60646238972699;52,8375914790930;Barcelona;15;1
08135;Montmeló;Vallès Oriental;2017;535,8342500;NA;NA;NA;1391,10;49;2,04081632653061e+00;2,44897959183673e+01;16512;80,8;663,161200495050;20435,6435643564;38,9414425872093;125199,0;7,58230377906977;34,5178966765510;Barcelona;24;0
08136;Montornès del Vallès;Vallès Oriental;2017;550,6895434;NA;NA;NA;1438,30;141;1,41843971631206e+00;1,98581560283688e+01;15662;80,8;681,546464603961;19383,6633663366;42,1930438053888;129447,0;8,26503639381944;37,6259881669887;Barcelona;26;0
08138;Moià;Moianès;2017;454,0087500;NA;NA;NA;1427,00;65;0,00000000000000e+00;2,92307692307692e+01;15636;80,8;561,892017326733;19351,4851485149;34,8433422870299;128430,0;8,21373752877974;37,3924537459658;Barcelona;55;0
08140;Navarcles;Bages;2017;380,6902941;NA;NA;NA;1058,90;36;0,00000000000000e+00;1,66666666666667e+01;16831;80,8;471,151354084158;20830,4455445545;27,1420802637989;95301,0;5,66223040817539;25,7768997237673;Barcelona;60;0
08141;Navàs;Bages;2017;304,1283432;NA;NA;NA;1045,30;33;0,00000000000000e+00;2,12121212121212e+01;16612;80,8;376,396464356436;20559,4059405941;21,9693000144474;94077,0;5,66319528052011;25,7812922362373;Barcelona;80;0
08147;Olesa de Montserrat;Baix Llobregat;2017;525,0828329;NA;NA;NA;1341,30;221;0,00000000000000e+00;0,00000000000000e+00;16404;80,8;649,854991212871;20301,9801980198;38,4113264740307;120717,0;7,35899780541331;33,5013121726160;Barcelona;38;0
08155;Palafolls;Maresme;2017;474,0262097;NA;NA;NA;1424,00;77;0,00000000000000e+00;1,03896103896104e+01;15077;80,8;586,666101113861;18659,6534653465;37,7284241984480;128160,0;8,50036479405717;38,6973039096904;Barcelona;60;0
08156;Palau-solità i Plegamans;Vallès Occidental;2017;679,5135556;NA;NA;NA;1727,10;104;0,00000000000000e+00;7,69230769230769e+00;17936;80,8;840,982123267327;22198,0198000000;45,4625483229260;155439,0;8,66631355932203;39,4527738169798;Barcelona;28;0
08157;Pallejà;Baix Llobregat;2017;741,4767544;NA;NA;NA;1987,70;130;7,69230769230769e-01;5,15384615384615e+01;18961;80,8;917,669250495050;23466,5841584158;46,9264334834661;178893,0;9,43478719476821;42,9511951800000;Barcelona;22;0
08159;Parets del Vallès;Vallès Oriental;2017;620,9169421;NA;NA;NA;1807,00;149;0,00000000000000e+00;1,81208053691275e+01;17288;80,8;768,461562004951;21396,0396000000;43,0992787204998;162630,0;9,40710319300000;42,8251657414203;Barcelona;25;0
08161;Piera;Anoia;2017;501,8409524;NA;NA;NA;982,60;136;0,00000000000000e+00;1,39705882352941e+01;14832;80,8;621,090287623762;18356,4356435644;40,6020188000000;88434,0;5,96237864077670;27,1433031260130;Barcelona;50;0
08163;Pineda de Mar;Maresme;2017;476,4289465;NA;NA;NA;1536,10;333;3,00300300300300e-01;8,10810810810811e+00;14162;80,8;589,639785272277;17527,2277227723;40,3696325236549;138249,0;9,76196864849598;44,4406653949513;Barcelona;55;1
08167;Polinyà;Vallès Occidental;2017;526,0387931;NA;NA;NA;1657,60;89;0,00000000000000e+00;3,70786516853933e+01;16333;80,8;651,038110272277;20214,1089108911;38,6485368101390;149184,0;9,13390069185086;41,5814308581904;Barcelona;25;0
08169;Prat de Llobregat, el;Baix Llobregat;2017;636,6177917;NA;NA;NA;2059,60;374;2,67379679000000e-01;3,20855614973262e+00;17268;80,8;787,893306600000;21371,2871287129;44,2402912925643;185364,0;10,73453787352328;48,8682173631216;Barcelona;11;1
08172;Premià de Mar;Maresme;2017;696,3077431;NA;NA;NA;1993,20;264;0,00000000000000e+00;7,57575757575758e-01;17933;80,8;861,767008787129;22194,3069306931;46,5939492399487;179388,0;10,00323426085987;45,5390098720177;Barcelona;22;1
08180;Ripollet;Vallès Occidental;2017;540,3884308;NA;NA;NA;1930,50;368;5,43478260869565e-01;8,96739130434783e+00;15654;80,8;668,797562871287;19373,7623762376;41,4249467842085;173745,0;11,09908010732081;50,5277698589207;Barcelona;16;0
08181;Roca del Vallès, la;Vallès Oriental;2017;608,7806667;NA;NA;NA;1573,50;98;0,00000000000000e+00;1,12244897959184e+01;18528;80,8;753,441419183168;22930,6930693069;39,4287996567358;141615,0;7,64329663212435;34,7955622859872;Barcelona;36;0
08183;Roda de Ter;Osona;2017;387,4358824;NA;NA;NA;884,40;65;0,00000000000000e+00;2,00000000000000e+01;16413;80,8;479,499854455446;20313,1188118812;28,3265130615975;79596,0;4,84957046243831;22,0773233341274;Barcelona;79;0
08184;Rubí;Vallès Occidental;2017;582,2553263;NA;NA;NA;1445,70;807;0,00000000000000e+00;4,95662949194548e+00;15832;80,8;720,613027599010;19594,0594059406;44,1325411546235;130113,0;8,21835522991410;37,4134755007363;Barcelona;24;0
08187;Sabadell;Vallès Occidental;2017;589,1953778;NA;NA;NA;1581,10;2361;1,56713257094452e+03;1,44006776789496e+04;17215;80,8;729,202200247525;21305,6930693069;41,0708366749927;142299,0;8,26598896311356;37,6303246706992;Barcelona;26;0
08191;Sallent;Bages;2017;337,4730645;NA;NA;NA;762,80;39;0,00000000000000e+00;3,58974359000000e+01;17330;80,8;417,664683787129;21448,0198000000;23,3680136987882;68652,0;3,96145412579342;18,0342371114825;Barcelona;68;0
08192;Santpedor;Bages;2017;430,1088618;NA;NA;NA;1245,80;57;0,00000000000000e+00;2,45614035087719e+01;17937;80,8;532,312947772277;22199,2574257426;28,7746353437030;112122,0;6,25087807325640;28,4566761972776;Barcelona;65;0
08194;Sant Adrià de Besòs;Barcelonès;2017;654,0798792;NA;NA;NA;2190,60;324;3,08641975308642e-01;1,51234567901235e+01;14597;80,8;809,504800990099;18065,5940594059;53,7710389148455;197154,0;13,50647393299993;61,4872583937831;Barcelona;8;1
08196;Sant Andreu de la Barca;Baix Llobregat;2017;606,7301520;NA;NA;NA;1742,30;206;0,00000000000000e+00;9,70873786407767e-01;16099;80,8;750,903653465347;19924,5049504951;45,2249321324306;156807,0;9,74017019700000;44,3414295002161;Barcelona;27;0
08197;Sant Andreu de Llavaneres;Maresme;2017;837,3806167;NA;NA;NA;2128,60;141;0,00000000000000e+00;2,12765957446809e+01;19920;80,8;1036,362149381188;24653,4653465347;50,4446154638554;191574,0;9,61716867469880;43,7814738510704;Barcelona;36;1
08198;Sant Antoni de Vilamajor;Vallès Oriental;2017;607,0533333;NA;NA;NA;1501,20;76;0,00000000000000e+00;3,94736842105263e+00;18544;80,8;751,303630321782;22950,4950495050;39,2830025862813;135108,0;7,28580672993960;33,1681150264107;Barcelona;44;0
08200;Sant Boi de Llobregat;Baix Llobregat;2017;639,5874379;NA;NA;NA;2004,90;473;2,32558139534884e+00;2,51585623678647e+01;16641;80,8;791,568611262376;20595,2970297030;46,1213223652425;180441,0;10,84315846403461;49,3627048500000;Barcelona;15;0
08202;Sant Celoni;Vallès Oriental;2017;505,9779392;NA;NA;NA;1187,20;146;6,84931507000000e-01;1,64383561643836e+01;15883;80,8;626,210320792079;19657,1782178218;38,2278868626834;106848,0;6,72719259585721;30,6250640587690;Barcelona;52;0
08205;Sant Cugat del Vallès;Vallès Occidental;2017;1095,8470730;NA;NA;NA;3311,30;960;2,91666666666667e+00;4,02083333333333e+01;24391;80,8;1356,246377475248;30186,8811881188;53,9140046574556;298017,0;12,21831823213480;55,6230215231221;Barcelona;17;0
08208;Sant Esteve Sesrovires;Baix Llobregat;2017;774,4666667;NA;NA;NA;1299,80;98;0,00000000000000e+00;2,04081632653061e+00;18481;80,8;958,498349876238;22872,5247524752;50,2873221167686;116982,0;6,32985228100000;28,8162006390299;Barcelona;38;0
08209;Sant Fost de Campsentelles;Vallès Oriental;2017;749,1707895;NA;NA;NA;1619,60;61;0,00000000000000e+00;2,45901639344262e+01;18847;80,8;927,191571163366;23325,4950495050;47,7001616915159;145764,0;7,73406908261262;35,2087973868652;Barcelona;22;0
08210;Sant Feliu de Codines;Vallès Oriental;2017;495,0122768;NA;NA;NA;1117,90;46;0,00000000000000e+00;2,82608695652174e+01;16088;80,8;612,638956435644;19910,8910891089;36,9228451118846;100611,0;6,25379164594729;28,4699400289617;Barcelona;39;0
08211;Sant Feliu de Llobregat;Baix Llobregat;2017;729,2431922;NA;NA;NA;2324,10;407;7,37100737100737e-01;2,60442260442260e+01;19146;80,8;902,528703217822;23695,5445544554;45,7062483359448;209169,0;10,92494516000000;49,7350329342762;Barcelona;16;0
08213;Sant Fruitós de Bages;Bages;2017;419,3751064;NA;NA;NA;1520,80;62;3,22580645161290e+00;1,45161290322581e+01;19139;80,8;519,028597000000;23686,8811881188;26,2944839166101;136872,0;7,15147081874706;32,5565603805399;Barcelona;57;0
08214;Vilassar de Dalt;Maresme;2017;720,3348000;NA;NA;NA;2171,90;79;0,00000000000000e+00;1,26582278481013e+00;20439;80,8;891,503465346535;25295,7920792079;42,2917833553501;195471,0;9,56362835755174;43,5377353793393;Barcelona;26;0
08217;Sant Joan Despí;Baix Llobregat;2017;754,4521903;NA;NA;NA;2551,00;256;0,00000000000000e+00;1,83593750000000e+01;19456;80,8;933,727958292079;24079,2079207921;46,5328242372533;229590,0;11,80047286184210;53,7208103035780;Barcelona;11;0
08218;Sant Joan de Vilatorrada;Bages;2017;399,0845000;NA;NA;NA;1138,50;94;1,06382978723404e+00;1,59574468085106e+01;16272;80,8;493,916460396040;20138,6138613861;29,4310103244838;102465,0;6,29701327433628;28,6667034067417;Barcelona;58;0
08219;Vilassar de Mar;Maresme;2017;798,6760398;NA;NA;NA;2518,80;233;0,00000000000000e+00;8,15450643800000e+00;20756;80,8;988,460445297030;25688,1188118812;46,1751420196570;226692,0;10,92175756407786;49,7205216393256;Barcelona;24;1
08221;Sant Just Desvern;Baix Llobregat;2017;891,9425571;NA;NA;NA;3465,40;151;1,32450331125828e+00;1,98675496688742e+01;25440;80,8;1103,889303341584;31485,1485148515;42,0727621273585;311886,0;12,25966981132076;55,8112716354024;Barcelona;10;0
08230;Premià de Dalt;Maresme;2017;884,7042063;NA;NA;NA;2157,00;86;0,00000000000000e+00;2,32558139534884e+00;20988;80,8;1094,930948391089;25975,2475247525;50,5834308919382;194130,0;9,24957118353345;42,1080125142099;Barcelona;24;0
08231;Sant Pere de Ribes;Garraf;2017;660,3247541;NA;NA;NA;1940,90;271;0,00000000000000e+00;8,48708487084871e+00;16126;80,8;817,233606600000;19957,9207920792;49,1373995361528;174681,0;10,83225846459134;49,3130833800000;Barcelona;42;0
08234;Sant Pere de Vilamajor;Vallès Oriental;2017;709,7467500;NA;NA;NA;NA;NA;NA;NA;17846;80,8;878,399443100000;22086,6336633663;47,7247618513953;NA;NA;NA;Barcelona;46;0
08235;Sant Pol de Mar;Maresme;2017;651,5156716;NA;NA;NA;NA;NA;NA;NA;18623;80,8;806,331276732673;23048,2673267327;41,9813567051495;NA;NA;NA;Barcelona;48;1
08238;Sant Quirze del Vallès;Vallès Occidental;2017;740,9130481;NA;NA;NA;2467,50;187;0,00000000000000e+00;4,27807486600000e+00;22256;80,8;916,971594183168;27544,5544554455;39,9485827516175;222075,0;9,97820812365205;45,4250801689192;Barcelona;25;0
08240;Sant Sadurní d'Anoia;Alt Penedès;2017;502,1581132;NA;NA;NA;1612,10;82;0,00000000000000e+00;1,46341463414634e+01;17477;80,8;621,482813366337;21629,9504950495;34,4790144670138;145089,0;8,30171082000000;37,7929458738027;Barcelona;42;0
08244;Santa Coloma de Cervelló;Baix Llobregat;2017;705,5507246;NA;NA;NA;1892,40;46;0,00000000000000e+00;1,08695652173913e+01;18511;80,8;873,206342326733;22909,6534653465;45,7382566862946;170316,0;9,20079952500000;41,8859830186080;Barcelona;18;0
08245;Santa Coloma de Gramenet;Barcelonès;2017;529,1409399;NA;NA;NA;1678,00;892;0,00000000000000e+00;5,60538116591928e-01;14142;80,8;654,877400866337;17502,4752475248;44,8995282053458;151020,0;10,67882901994060;48,6146067840725;Barcelona;9;0
08248;Santa Eulàlia de Ronçana;Vallès Oriental;2017;707,7272727;NA;NA;NA;1237,80;66;0,00000000000000e+00;2,57575757575758e+01;18062;80,8;875,900089975248;22353,9603960396;47,0198608814085;111402,0;6,16775550880301;28,0782666564712;Barcelona;38;0
08250;Santa Margarida de Montbui;Anoia;2017;354,7667391;NA;NA;NA;760,90;91;1,09890109890110e+00;1,64835164835165e+01;11963;80,8;439,067746410891;14805,6930693069;35,5863986391373;68481,0;5,72440023405500;26,0599234179689;Barcelona;66;0
08251;Santa Margarida i els Monjos;Alt Penedès;2017;452,8362366;NA;NA;NA;1092,00;57;3,50877192982456e+00;1,92982456140351e+01;16021;80,8;560,440886881188;19827,9702970297;33,9182001073591;98280,0;6,13444853629611;27,9266390418173;Barcelona;52;0
08252;Barberà del Vallès;Vallès Occidental;2017;613,1251332;NA;NA;NA;1646,60;304;3,28947368421053e-01;5,59210526315789e+00;17091;80,8;758,818234200000;21152,2277227723;43,0489824960506;148194,0;8,67087941021590;39,4735595272319;Barcelona;19;0
08259;Santa Maria de Palautordera;Vallès Oriental;2017;575,5193750;NA;NA;NA;1241,10;64;0,00000000000000e+00;6,25000000000000e+00;16813;80,8;712,276454207921;20808,1683168317;41,0767412121573;111699,0;6,64360911199667;30,2445562152652;Barcelona;54;0
08260;Santa Perpètua de Mogoda;Vallès Occidental;2017;596,3583056;NA;NA;NA;1543,90;135;0,00000000000000e+00;1,18518518518519e+01;16236;80,8;738,067209900990;20094,0594059406;44,0767409903917;138951,0;8,55820399100000;38,9606127254034;Barcelona;20;0
08262;Sant Vicenç de Castellet;Bages;2017;390,1180282;NA;NA;NA;1258,10;82;0,00000000000000e+00;2,31707317073171e+01;14751;80,8;482,819341831683;18256,1881188119;31,7362642424242;113229,0;7,67602196461257;34,9445420259776;Barcelona;52;0
08263;Sant Vicenç dels Horts;Baix Llobregat;2017;646,7198925;NA;NA;NA;1748,20;236;4,23728814000000e-01;1,65254237288136e+01;16015;80,8;800,395906559406;19820,5445544554;48,4585620355916;157338,0;9,82441461130190;44,7249461800000;Barcelona;21;0
08264;Sant Vicenç de Montalt;Maresme;2017;1213,6893140;NA;NA;NA;2412,00;88;0,00000000000000e+00;2,04545454545455e+01;22065;80,8;1502,090735148515;27308,1683168317;66,0062169408566;217080,0;9,83820530251530;44,7877273200708;Barcelona;38;1
08266;Cerdanyola del Vallès;Vallès Occidental;2017;698,9490011;NA;NA;NA;2234,50;433;2,30946882217090e-01;3,46420323325635e+00;18812;80,8;865,035892450495;23282,1782178218;44,5853073208590;201105,0;10,69025090367850;48,6666040944157;Barcelona;18;0
08267;Sentmenat;Vallès Occidental;2017;501,2238537;NA;NA;NA;1458,50;90;0,00000000000000e+00;1,55555555555556e+01;17197;80,8;620,326551608911;21283,4158415842;34,9752063987905;131265,0;7,63301738675350;34,7487667552406;Barcelona;32;0
08270;Sitges;Garraf;2017;955,3731572;NA;NA;NA;3979,60;484;0,00000000000000e+00;9,29752066115702e+00;20994;80,8;1182,392521287129;25982,6732673267;54,6083542269220;358164,0;17,06030294000000;77,6658112700000;Barcelona;38;1
08274;Súria;Bages;2017;370,1608511;NA;NA;NA;1012,50;41;0,00000000000000e+00;1,95121951219512e+01;17573;80,8;458,119865222772;21748,7623762376;25,2770170898538;91125,0;5,18551186500000;23,6066725865076;Barcelona;72;0
08278;Taradell;Osona;2017;437,2002837;NA;NA;NA;1291,30;58;0,00000000000000e+00;5,17241379310345e+01;18080;80,8;541,089460024752;22376,2376237624;29,0177179446903;116217,0;6,42793141592920;29,2626989004945;Barcelona;75;0
08279;Terrassa;Vallès Occidental;2017;525,7353534;NA;NA;NA;1380,00;2568;0,00000000000000e+00;5,99688473520249e+03;16770;80,8;650,662566100000;20754,9504950495;37,6197032800000;124200,0;7,40608229000000;33,7156609265825;Barcelona;28;0
08281;Teià;Maresme;2017;834,3650575;NA;NA;NA;1921,60;65;1,53846153846154e+00;1,69230769230769e+01;23895;80,8;1032,630021658416;29573,0198000000;41,9015722536095;172944,0;7,23766478342749;32,9489522516219;Barcelona;22;0
08282;Tiana;Maresme;2017;930,2195604;NA;NA;NA;2664,40;80;0,00000000000000e+00;2,00000000000000e+01;23160;80,8;1151,261832178218;28663,3663366337;48,1979046839378;239796,0;10,35388601036270;47,1353269296647;Barcelona;17;0
08283;Tona;Osona;2017;482,4496350;NA;NA;NA;1856,10;39;0,00000000000000e+00;2,82051282051282e+01;17469;80,8;597,091132425743;21620,0495049505;33,1409675425039;167049,0;9,56259659969088;43,5330383753318;Barcelona;61;0
08284;Tordera;Maresme;2017;457,0857333;NA;NA;NA;1064,20;151;0,00000000000000e+00;1,39072847682119e+01;13777;80,8;565,700164975248;17050,7425742574;39,8129404050229;95778,0;6,95202148508384;31,6485815271209;Barcelona;65;0
08285;Torelló;Osona;2017;387,0824206;NA;NA;NA;913,20;118;0,00000000000000e+00;1,77966101694915e+01;17493;80,8;479,062401732673;21649,7524752475;26,5534159217973;82188,0;4,69833647744812;21,3888414135949;Barcelona;82;0
08289;Torrelles de Llobregat;Baix Llobregat;2017;710,9788764;NA;NA;NA;1523,80;36;0,00000000000000e+00;3,33333333333333e+01;18609;80,8;879,924352000000;23030,9405940594;45,8474206932130;137142,0;7,36965984200000;33,5498503331007;Barcelona;25;0
08291;Vacarisses;Vallès Occidental;2017;726,9811321;NA;NA;NA;1284,60;96;0,00000000000000e+00;0,00000000000000e+00;16775;80,8;899,729123886139;20761,1386138614;52,0046115362146;115614,0;6,89204172876304;31,3755279682433;Barcelona;42;0
08295;Vallirana;Baix Llobregat;2017;732,7907000;NA;NA;NA;1353,20;126;7,93650793650794e-01;3,57142857142857e+01;17515;80,8;906,919183168317;21676,9801980198;50,2054718812446;121788,0;6,95335426777048;31,6546489251585;Barcelona;28;0
08298;Vic;Osona;2017;494,2011686;NA;NA;NA;1478,10;492;6,09756097560976e-01;2,23577235772358e+01;17579;80,8;611,635109653465;21756,1881188119;33,7357871505774;133029,0;7,56749530690028;34,4504821641313;Barcelona;70;0
08300;Viladecavalls;Vallès Occidental;2017;729,8613043;NA;NA;NA;1861,40;65;0,00000000000000e+00;0,00000000000000e+00;18608;80,8;903,293693440594;23029,7029702970;47,0675819625967;167526,0;9,00290197764402;40,9850685633646;Barcelona;32;0
08301;Viladecans;Baix Llobregat;2017;683,7602264;NA;NA;NA;2080,40;582;0,00000000000000e+00;1,71821305841924e-01;16808;80,8;846,237904000000;20801,9801980198;48,8167700904331;187236,0;11,13969538315088;50,7126680027358;Barcelona;18;1
08302;Vilanova del Camí;Anoia;2017;359,2385065;NA;NA;NA;749,10;95;0,00000000000000e+00;8,42105263157895e+00;13780;80,8;444,602112004951;17054,4554455446;31,2834693613933;67419,0;4,89252539912917;22,2728726169899;Barcelona;64;0
08305;Vilafranca del Penedès;Alt Penedès;2017;491,4513470;NA;NA;NA;1251,40;383;1,56657963446475e+00;2,03655352480418e+01;16196;80,8;608,231865100000;20044,5544554455;36,4127942948876;112626,0;6,95393924425784;31,6573119888575;Barcelona;48;0
08307;Vilanova i la Geltrú;Garraf;2017;583,2312737;NA;NA;NA;1808,70;663;1,05580693815988e+00;1,31221719457014e+01;16797;80,8;721,820883292079;20788,3663366337;41,6668171959278;162783,0;9,69119485622433;44,1184727579609;Barcelona;45;1
08902;Vilanova del Vallès;Vallès Oriental;2017;741,8125000;NA;NA;NA;1537,40;30;0,00000000000000e+00;3,33333333333333e+01;20811;80,8;918,084777227723;25756,1881188119;42,7742540002883;138366,0;6,64869540147038;30,2677111849995;Barcelona;30;0
08904;Badia del Vallès;Vallès Occidental;2017;274,6365116;NA;NA;NA;938,30;47;4,25531914900000e+00;4,25531914900000e+00;12579;80,8;339,896672772277;15568,0693069307;26,1995241211543;84447,0;6,71333174338183;30,5619635173590;Barcelona;20;0
17008;Anglès;Selva;2017;391,1072115;NA;NA;NA;736,60;31;0,00000000000000e+00;3,22580645161290e+00;14936;80,8;484,043578589109;18485,1485148515;31,4226468800214;66294,0;4,43853776111409;20,2061263037264;Girona;101;0
17009;Arbúcies;Selva;2017;347,0977027;NA;NA;NA;857,30;77;0,00000000000000e+00;6,49350649350649e+00;14077;80,8;429,576364727723;17422,0297000000;29,5884949378419;77157,0;5,48106840946224;24,9521726572312;Girona;78;0
17015;Banyoles;Pla de l'Estany;2017;451,5916376;NA;NA;NA;970,30;236;3,38983050847458e+00;5,55084745762712e+01;16289;80,8;558,900541584158;20159,6534653465;33,2684612388729;87327,0;5,36110258456627;24,4060368033886;Girona;118;0
17020;Bescanó;Gironès;2017;596,1744444;NA;NA;NA;NA;NA;NA;NA;17657;80,8;737,839658910891;21852,7227722772;40,5170376213400;NA;NA;NA;Girona;98;0
17022;Bisbal d'Empordà, la;Baix Empordà;2017;389,1589524;NA;NA;NA;940,70;90;0,00000000000000e+00;2,33333333333333e+01;13760;80,8;481,632366831683;17029,7029702970;33,9382807325581;84663,0;6,15283430232558;28,0103389291624;Girona;120;0
17023;Blanes;Selva;2017;451,9718481;NA;NA;NA;1636,50;531;0,00000000000000e+00;5,64971751412429e-01;14250;80,8;559,371099133663;17636,1386138614;38,0607872084211;147285,0;10,33578947368421;47,0529437382928;Girona;70;1
17033;Caldes de Malavella;Selva;2017;588,0956452;NA;NA;NA;1708,30;82;0,00000000000000e+00;1,70731707317073e+01;16301;80,8;727,841145000000;20174,5049504951;43,2927289270597;153747,0;9,43175265300000;42,9373806495366;Girona;85;0
17034;Calonge i Sant Antoni;Baix Empordà;2017;517,1905442;NA;NA;NA;2098,10;326;6,13496932515337e-01;2,11656441717791e+01;14243;80,8;640,087307178218;17627,4752475248;43,5742928484168;188829,0;13,25767043459945;60,3545982286418;Girona;112;1
17044;Cassà de la Selva;Gironès;2017;472,4376296;NA;NA;NA;982,80;70;4,28571428571429e+00;3,42857142857143e+01;16284;80,8;584,700036633663;20153,4653465347;34,8148584819455;88452,0;5,43183492999263;24,7280407565745;Girona;96;0
17047;Castelló d'Empúries;Alt Empordà;2017;501,1620112;NA;NA;NA;1988,30;528;0,00000000000000e+00;9,09090909090909e+00;12127;80,8;620,250013861386;15008,6633663366;49,5913592300000;178947,0;14,75608147109755;67,1760075052813;Girona;142;1
17048;Castell d'Aro, Platja d'Aro i s'Agaró;Baix Empordà;2017;561,9354286;NA;NA;NA;2207,50;406;0,00000000000000e+00;0,00000000000000e+00;13243;80,8;695,464639356436;16389,8514851485;50,9191659231292;198675,0;15,00226534773088;68,2967420300000;Girona;107;1
17049;Celrà;Gironès;2017;523,1271930;NA;NA;NA;1322,50;38;0,00000000000000e+00;2,10526315789474e+01;15253;80,8;647,434644801980;18877,4752475248;41,1560107257589;119025,0;7,80338294106078;35,5243437793443;Girona;109;0
17062;Escala, l';Alt Empordà;2017;480,1761491;NA;NA;NA;1950,50;390;0,00000000000000e+00;6,41025641000000e+00;16125;80,8;594,277412252475;19956,6831683168;35,7340390027907;175545,0;10,88651162790698;49,5600670310081;Girona;140;1
17066;Figueres;Alt Empordà;2017;437,6287307;NA;NA;NA;1104,60;365;0,00000000000000e+00;1,34246575342466e+01;13260;80,8;541,619716212871;16410,8910891089;39,6044100180995;99414,0;7,49728506787330;34,1308550630569;Girona;138;0
17079;Girona;Gironès;2017;561,0305173;NA;NA;NA;1763,70;1091;1,83318056828598e+03;2,37396883593034e+04;17641;80,8;694,344699600000;21832,9207920792;38,1631778674678;158733,0;8,99795929935945;40,9625673733169;Girona;102;0
17089;Llagostera;Gironès;2017;413,9532258;NA;NA;NA;975,70;60;0,00000000000000e+00;4,83333333333333e+01;15009;80,8;512,318348762376;18575,4950495050;33,0964002238657;87813,0;5,85068958624825;26,6348466800000;Girona;90;0
17092;Llançà;Alt Empordà;2017;458,8309259;NA;NA;NA;NA;NA;NA;NA;15186;80,8;567,860056806931;18794,5544554455;36,2568886527065;NA;NA;NA;Girona;160;1
17095;Lloret de Mar;Selva;2017;449,1089019;NA;NA;NA;1668,80;521;0,00000000000000e+00;1,34357005758157e+00;11640;80,8;555,827848886139;14405,9405940594;46,2998867938144;150192,0;12,90309278350516;58,7404087842579;Girona;75;1
17103;Maçanet de la Selva;Selva;2017;536,0646479;NA;NA;NA;975,00;88;0,00000000000000e+00;1,13636363636364e+01;14072;80,8;663,446346410891;17415,8415841584;45,7133014100000;87750,0;6,23578737919272;28,3879768898315;Girona;78;0
17114;Olot;Garrotxa;2017;396,1751505;NA;NA;NA;1034,20;393;3,05343511450382e+00;3,46055979643766e+01;16470;80,8;490,315780321782;20383,6633663366;28,8652204371585;93078,0;5,65136612021858;25,7274408284125;Girona;112;0
17117;Palafrugell;Baix Empordà;2017;439,2911169;NA;NA;NA;2138,80;414;2,41545893719807e-01;1,40096618357488e+01;12977;80,8;543,677124876238;16060,6435643564;40,6218186237189;192492,0;14,83332049009787;67,5276326300000;Girona;122;1
17118;Palamós;Baix Empordà;2017;506,5781548;NA;NA;NA;1867,40;313;0,00000000000000e+00;2,42811501597444e+01;15205;80,8;626,953161881188;18818,0693069307;39,9798609510030;168066,0;11,05333771785597;50,3195308962924;Girona;115;1
17141;Puigcerdà;Cerdanya;2017;456,9190074;NA;NA;NA;1970,90;82;0,00000000000000e+00;1,21951219512195e+01;13286;80,8;565,493821000000;16443,0693069307;41,2692163841638;177381,0;13,35097094686136;60,7793421502736;Girona;151;0
17147;Ripoll;Ripollès;2017;351,1353211;NA;NA;NA;730,70;62;0,00000000000000e+00;3,22580645161290e+01;17128;80,8;434,573417202970;21198,0198000000;24,6007931644092;65763,0;3,83950256889304;17,4790613544452;Girona;102;0
17152;Roses;Alt Empordà;2017;470,2254525;NA;NA;NA;2271,00;788;0,00000000000000e+00;1,26903553299492e+00;12705;80,8;581,962193688119;15724,0099000000;44,4132658795750;204390,0;16,08736717827627;73,2365906507645;Girona;150;1
17155;Salt;Gironès;2017;392,6339117;NA;NA;NA;954,80;231;6,92640692640693e+00;1,94805194805195e+01;11943;80,8;485,933059034654;14780,9405940594;39,4507823863351;85932,0;7,19517709100000;32,7555300657468;Girona;100;0
17160;Sant Feliu de Guíxols;Baix Empordà;2017;500,0855338;NA;NA;NA;1797,00;345;0,00000000000000e+00;0,00000000000000e+00;14572;80,8;618,917739851485;18034,6534653465;41,1818995717815;161730,0;11,09868240461158;50,5259593457277;Girona;105;1
17164;Sant Hilari Sacalm;Selva;2017;335,8803704;NA;NA;NA;806,40;25;0,00000000000000e+00;8,00000000000000e+00;15224;80,8;415,693527722772;18841,5841584158;26,4750686074619;72576,0;4,76720966894377;21,7023817012307;Girona;95;0
17180;Santa Coloma de Farners;Selva;2017;467,8821374;NA;NA;NA;1032,30;133;1,50375939849624e+00;1,27819548872180e+01;15411;80,8;579,062051237624;19073,0198000000;36,4323252793459;92907,0;6,02861592400000;27,4448436280011;Girona;90;0
17181;Santa Cristina d'Aro;Baix Empordà;2017;584,5578000;NA;NA;NA;1722,50;84;0,00000000000000e+00;0,00000000000000e+00;15374;80,8;723,462623762376;19027,2277227723;45,6269910238064;155025,0;10,08358267204371;45,9047902781029;Girona;101;1
17186;Sarrià de Ter;Gironès;2017;573,5961538;NA;NA;NA;1352,30;47;4,25531914900000e+00;2,12765957446809e+01;17312;80,8;709,896229950495;21425,7425742574;39,7594376478743;121707,0;7,03021025878004;32,0045303377135;Girona;106;0
17193;Sils;Selva;2017;505,4607843;NA;NA;NA;1095,10;53;0,00000000000000e+00;1,88679245283019e+00;15305;80,8;625,570277600000;18941,8316831683;39,6310317647828;98559,0;6,43966024175106;29,3160935427632;Girona;80;0
17199;Torroella de Montgrí;Baix Empordà;2017;471,5211111;NA;NA;NA;1606,30;240;4,16666666666667e-01;2,04166666666667e+01;13831;80,8;583,565731600000;17117,5742574257;40,9099366100000;144567,0;10,45238955968477;47,5837573060839;Girona;135;1
17202;Tossa de Mar;Selva;2017;488,3727273;NA;NA;NA;2051,60;153;0,00000000000000e+00;6,53594771241830e-01;13640;80,8;604,421692202970;16881,1881188119;42,9653425777126;184644,0;13,53695014662757;61,6259991807184;Girona;87;1
17213;Vidreres;Selva;2017;490,5253012;NA;NA;NA;1035,10;102;0,00000000000000e+00;7,84313725490196e+00;15115;80,8;607,085768811881;18706,6831683168;38,9434575878267;93159,0;6,16334766787959;28,0582002753297;Girona;82;0
17221;Vilafant;Alt Empordà;2017;528,5555556;NA;NA;NA;1127,20;24;0,00000000000000e+00;2,08333333333333e+01;15963;80,8;654,152915346535;19756,1881188119;39,7335505055441;101448,0;6,35519639165570;28,9315778948221;Girona;136;0
25003;Agramunt;Urgell;2017;305,2467213;NA;NA;NA;802,30;31;0,00000000000000e+00;3,22580645161290e+00;15115;80,8;377,780595668317;18706,6831683168;24,2339441323189;72207,0;4,77717499173007;21,7477481218211;Lleida;112;0
25011;Alcarràs;Segrià;2017;350,7484138;NA;NA;NA;593,40;124;8,06451612903226e-01;1,29032258064516e+01;12523;80,8;434,094571534653;15498,7623762376;33,6100053150204;53406,0;4,26463307514174;19,4144376353653;Lleida;165;0
25019;Almacelles;Segrià;2017;317,2500000;NA;NA;NA;869,40;35;2,85714285714286e+00;2,28571428571429e+01;13539;80,8;392,636138613861;16756,1881188119;28,1187680035453;78246,0;5,77930423221804;26,3098699500000;Lleida;170;0
25023;Alpicat;Segrià;2017;499,8326667;NA;NA;NA;940,50;53;1,88679245283019e+00;9,43396226415094e+00;18017;80,8;618,604785500000;22298,2673267327;33,2907365288339;84645,0;4,69806294055614;21,3875961564211;Lleida;160;0
25040;Balaguer;Noguera;2017;320,4652994;NA;NA;NA;610,10;130;0,00000000000000e+00;1,15384615384615e+01;13291;80,8;396,615469554455;16449,2574257426;28,9337415755022;54909,0;4,13129185162892;18,8074112341486;Lleida;145;0
25050;Bellpuig;Urgell;2017;349,3928889;NA;NA;NA;NA;NA;NA;NA;13831;80,8;432,416941707921;17117,5742574257;30,3138939107801;NA;NA;NA;Lleida;123;0
25058;Borges Blanques, les;Garrigues;2017;317,6163636;NA;NA;NA;645,40;44;0,00000000000000e+00;2,27272727272727e+00;14339;80,8;393,089558910891;17746,2871287129;26,5806287969872;58086,0;4,05091010530720;18,4414790722280;Lleida;125;0
25072;Cervera;Segarra;2017;276,9032402;NA;NA;NA;850,80;58;1,72413793103448e+00;8,62068965517241e+00;13469;80,8;342,702029950495;16669,5544554455;24,6702716044250;76572,0;5,68505456975277;25,8808050900006;Lleida;102;0
25110;Guissona;Segarra;2017;356,9187692;NA;NA;NA;1033,30;22;0,00000000000000e+00;9,09090909090909e+00;14670;80,8;441,731150000000;18155,9405940594;29,1958093415133;92997,0;6,33926380368098;28,8590459254463;Lleida;110;0
25120;Lleida;Segrià;2017;407,1832622;NA;NA;NA;980,40;1204;7,89036544850498e+03;2,30897009966777e+04;16234;80,8;503,939680940594;20091,5841584158;30,0985533226562;88236,0;5,43525933226562;24,7436301034646;Lleida;155;0
25137;Mollerussa;Pla d'Urgell;2017;355,4769388;NA;NA;NA;649,30;94;2,12765957446809e+00;6,38297872340426e+00;14265;80,8;439,946706435644;17654,7029702970;29,9034228222923;58437,0;4,09652996845426;18,6491602425413;Lleida;135;0
25203;Seu d'Urgell, la;Alt Urgell;2017;368,9535465;NA;NA;NA;1136,70;77;0,00000000000000e+00;1,29870129870130e+01;13809;80,8;456,625676361386;17090,3465346535;32,0620070823376;102303,0;7,40842928524875;33,7263454558034;Lleida;180;0
25207;Solsona;Solsonès;2017;323,6351351;NA;NA;NA;826,80;44;0,00000000000000e+00;1,13636363636364e+01;14244;80,8;400,538533539604;17628,7128712871;27,2649650500000;74412,0;5,22409435551811;23,7823166212486;Lleida;115;0
25217;Tàrrega;Urgell;2017;306,6208582;NA;NA;NA;728,60;154;6,49350649350649e-01;1,88311688311688e+01;14254;80,8;379,481260148515;17641,0891089109;25,8134579654834;65574,0;4,60039287217623;20,9429601424915;Lleida;100;0
25234;Tremp;Pallars Jussà;2017;301,8867045;NA;NA;NA;650,50;48;0,00000000000000e+00;0,00000000000000e+00;15368;80,8;373,622159034654;19019,8019801980;23,5726213820927;58545,0;3,80953930244664;17,3426557229346;Lleida;190;0
25243;Vielha e Mijaran;Val d'Aran;2017;575,8387755;NA;NA;NA;1561,80;130;0,00000000000000e+00;1,23076923076923e+01;15419;80,8;712,671751856436;19082,9207920792;44,8152623775861;140562,0;9,11615539269732;41,5006466505770;Lleida;280;0
43004;Alcanar;Montsià;2017;348,8541667;NA;NA;NA;897,20;129;0,00000000000000e+00;1,47286821705426e+01;12458;80,8;431,750206311881;15418,3168316832;33,6029057665757;80748,0;6,48161823727725;29,5071043221422;Tarragona;190;1
43005;Alcover;Alt Camp;2017;419,5970588;NA;NA;NA;1541,60;12;0,00000000000000e+00;8,33333333333333e+00;14632;80,8;519,303290594059;18108,9108910891;34,4120059158010;138744,0;9,48223072717332;43,1671784777714;Tarragona;105;0
43012;Altafulla;Tarragonès;2017;600,2129915;NA;NA;NA;1757,00;108;0,00000000000000e+00;1,20370370370370e+01;17493;80,8;742,837860767327;21649,7524752475;41,1739318470245;158130,0;9,03961584633854;41,1522058297046;Tarragona;88;1
43013;Ametlla de Mar, l';Baix Ebre;2017;366,5820000;NA;NA;NA;1762,70;145;0,00000000000000e+00;1,37931034482759e+00;12445;80,8;453,690594059406;15402,2277227723;35,3474005624749;158643,0;12,74752912816392;58,0322163485343;Tarragona;144;1
43014;Amposta;Montsià;2017;292,5941115;NA;NA;NA;616,90;268;0,00000000000000e+00;1,49253731343284e+00;12600;80,8;362,121425123762;15594,0594059406;27,8661058571429;55521,0;4,40642857142857;20,0599515098608;Tarragona;168;0
43016;Arboç, l';Baix Penedès;2017;376,8033654;NA;NA;NA;748,50;36;1,11111111111111e+01;3,61111111111111e+01;13059;80,8;466,340798762376;16162,1287128713;34,6247062164025;67365,0;5,15851137146795;23,4837547681306;Tarragona;60;0
43037;Calafell;Baix Penedès;2017;492,3202500;NA;NA;NA;1418,00;737;6,78426051560380e-01;5,64450474898236e+01;13825;80,8;609,307240100000;17110,1485148515;42,7330415913201;127620,0;9,23110307414105;42,0239377645833;Tarragona;62;1
43038;Cambrils;Baix Camp;2017;500,0478938;NA;NA;NA;1834,60;734;0,00000000000000e+00;1,77111716621253e+00;15549;80,8;618,871155693069;19243,8118811881;38,5913867489871;165114,0;10,61894655604862;48,3419961420317;Tarragona;115;1
43043;Catllar, el;Tarragonès;2017;575,5555556;NA;NA;NA;NA;NA;NA;NA;18586;80,8;712,321232178218;23002,4752475248;37,1605868244916;NA;NA;NA;Tarragona;92;0
43044;Sénia, la;Montsià;2017;256,6250000;NA;NA;NA;821,10;18;0,00000000000000e+00;2,77777777777778e+01;11681;80,8;317,605198000000;14456,6831683168;26,3633250577861;73899,0;6,32642753188939;28,8006097144576;Tarragona;195;0
43047;Constantí;Tarragonès;2017;326,3016484;NA;NA;NA;609,50;50;2,00000000000000e+00;2,60000000000000e+01;12003;80,8;403,838673762376;14855,1980198020;32,6220093376656;54855,0;4,57010747313172;20,8050880253241;Tarragona;95;0
43051;Cunit;Baix Penedès;2017;533,6666023;NA;NA;NA;1409,80;320;3,12500000000000e-01;1,53125000000000e+01;13496;80,8;660,478468193069;16702,9702970297;47,4510908980439;126882,0;9,40145228215768;42,7994403733658;Tarragona;55;1
43086;Montblanc;Conca de Barberà;2017;362,0584286;NA;NA;NA;937,10;51;0,00000000000000e+00;3,92156862745098e+00;16302;80,8;448,092114603960;20175,7425742574;26,6513381376518;84339,0;5,17353698932646;23,5521578207981;Tarragona;114;0
43092;Mont-roig del Camp;Baix Camp;2017;480,0372956;NA;NA;NA;1298,80;443;0,00000000000000e+00;0,00000000000000e+00;13593;80,8;594,105563861386;16823,0198000000;42,3780441900000;116892,0;8,59942617523726;39,1482737758213;Tarragona;120;1
43093;Móra d'Ebre;Ribera d'Ebre;2017;301,9375000;NA;NA;NA;567,10;33;0,00000000000000e+00;1,51515151515152e+01;14833;80,8;373,685024752475;18357,6732673267;24,4269534146835;51039,0;3,44090878446707;15,6644916052470;Tarragona;150;0
43100;Pallaresos, els;Tarragonès;2017;597,7272727;NA;NA;NA;NA;NA;NA;NA;17247;80,8;739,761476113861;21345,2970297030;41,5882604070273;NA;NA;NA;Tarragona;95;0
43123;Reus;Baix Camp;2017;410,9027120;NA;NA;NA;1017,00;1020;1,47058823529412e+03;1,06862745098039e+04;15144;80,8;508,542960396040;18742,5742574257;32,5596443740095;91530,0;6,04397781299525;27,5147775324206;Tarragona;108;0
43129;Riudoms;Baix Camp;2017;396,8965517;NA;NA;NA;973,40;69;0,00000000000000e+00;4,34782608695652e+01;13214;80,8;491,208603589109;16353,9603960396;36,0432769800000;87606,0;6,62978658998032;30,1816301705337;Tarragona;115;0
43131;Roda de Berà;Tarragonès;2017;490,4875510;NA;NA;NA;1442,70;157;0,00000000000000e+00;1,65605095541401e+01;13907;80,8;607,039048267327;17211,6336633663;42,3229353000000;129843,0;9,33652117638599;42,5038461500000;Tarragona;75;1
43133;Roquetes;Baix Ebre;2017;355,3865672;NA;NA;NA;632,80;33;0,00000000000000e+00;0,00000000000000e+00;13414;80,8;439,834860396040;16601,4851485149;31,7924467451916;56952,0;4,24571343372596;19,3283073184357;Tarragona;178;0
43136;Ràpita, la;Montsià;2017;290,4208772;NA;NA;NA;940,10;367;0,00000000000000e+00;4,71389645776567e+01;12357;80,8;359,431778712871;15293,3168316832;28,2030470696771;84609,0;6,84705025491624;31,1707074953606;Tarragona;180;1
43145;Selva del Camp, la;Baix Camp;2017;442,3685185;NA;NA;NA;1468,80;28;0,00000000000000e+00;0,00000000000000e+00;14979;80,8;547,485790222772;18538,3663366337;35,4390962147006;132192,0;8,82515521730423;40,1758891257196;Tarragona;116;0
43148;Tarragona;Tarragonès;2017;476,7515492;NA;NA;NA;1202,70;1344;7,44047619000000e+01;1,21279761904762e+04;16127;80,8;590,039046000000;19959,1584158416;35,4747850834005;108243,0;6,71191170100000;30,5554988752161;Tarragona;98;1
43153;Torredembarra;Tarragonès;2017;466,4741875;NA;NA;NA;1402,90;325;9,23076923076923e-01;1,53846153846154e+01;13570;80,8;577,319538985149;16794,5544554455;41,2504808400884;126261,0;9,30442151805453;42,3577147465181;Tarragona;84;1
43155;Tortosa;Baix Ebre;2017;337,7167718;NA;NA;NA;719,50;264;0,00000000000000e+00;3,03030303030303e+00;14382;80,8;417,966301732673;17799,5049504951;28,1782871756362;64755,0;4,50250312891114;20,4973240743289;Tarragona;175;0
43156;Ulldecona;Montsià;2017;246,8756923;NA;NA;NA;655,60;32;0,00000000000000e+00;3,12500000000000e+00;11619;80,8;305,539223143564;14379,9504950495;25,4971022256649;59004,0;5,07823392718823;23,1182974338103;Tarragona;198;0
43161;Valls;Alt Camp;2017;386,3555629;NA;NA;NA;1111,70;74;0,00000000000000e+00;2,70270270270270e+01;15987;80,8;478,162825371287;19785,8910891089;29,0002299042972;100053,0;6,25839744800000;28,4909076136776;Tarragona;101;0
43162;Vandellòs i l'Hospitalet de l'Infant;Baix Camp;2017;433,1270370;NA;NA;NA;1332,20;83;2,40963855421687e+00;4,21686746987952e+01;14513;80,8;536,048313118812;17961,6336633663;35,8128880600000;119898,0;8,26142079514918;37,6095284121490;Tarragona;132;1
43163;Vendrell, el;Baix Penedès;2017;429,2606936;NA;NA;NA;1246,10;669;0,00000000000000e+00;2,84005979073244e+00;14577;80,8;531,263234653465;18040,8415841584;35,3373693023256;112149,0;7,69355834533855;35,0243751473636;Tarragona;65;1
43171;Vila-seca;Tarragonès;2017;448,3071470;NA;NA;NA;1902,30;405;0,00000000000000e+00;1,08641975308642e+01;13440;80,8;554,835577970297;16633,6633663366;40,0274238392857;171207,0;12,73861607142857;57,9916402940227;Tarragona;106;1
43901;Deltebre;Baix Ebre;2017;285,2770455;NA;NA;NA;767,30;139;0,00000000000000e+00;1,43884892086331e+01;12395;80,8;353,065650371287;15340,3465346535;27,6185925453812;69057,0;5,57135941912061;25,3632160330996;Tarragona;170;1
43905;Salou;Tarragonès;2017;468,6636478;NA;NA;NA;1672,00;920;1,30434782608696e+00;2,42391304347826e+01;12905;80,8;580,029267079208;15971,5346534653;43,5797270329330;150480,0;11,66059666795816;53,0840339162584;Tarragona;110;1
43907;Canonja, la;Tarragonès;2017;382,4119200;NA;NA;NA;NA;NA;NA;NA;13966;80,8;473,282079207921;17284,6534653465;32,8579624803093;NA;NA;NA;Tarragona;100;0
08001;Abrera;Baix Llobregat;2016;603,9389714;NA;NA;NA;1299,10;98;0,00000000000000e+00;1,02040816326531e+00;17499;79,0;764,479710632911;22150,6329113924;41,4153246288359;116919,0;6,68146751242928;30,4169038806383;Barcelona;35;0
08003;Alella;Maresme;2016;1025,9910940;NA;NA;NA;2333,50;85;0,00000000000000e+00;1,05882352941176e+01;24329;79,0;1298,722903797468;30796,2025316456;50,6058330716429;210015,0;8,63229068190226;39,2978870963162;Barcelona;18;0
08005;Ametlla del Vallès, l';Vallès Oriental;2016;851,8107143;NA;NA;NA;1298,30;77;0,00000000000000e+00;2,46753246753247e+01;21493;79,0;1078,241410506329;27206,3291139241;47,5584077215838;116847,0;5,43651421393012;24,7493428626600;Barcelona;35;0
08006;Arenys de Mar;Maresme;2016;551,5300000;NA;NA;NA;1556,70;164;0,00000000000000e+00;1,34146341463415e+01;16514;79,0;698,139240506329;20903,7974683544;40,0772677727988;140103,0;8,48389245488676;38,6223147615274;Barcelona;40;1
08007;Arenys de Munt;Maresme;2016;509,5554082;NA;NA;NA;1280,90;72;0,00000000000000e+00;2,08333333333333e+01;16928;79,0;645,006845822785;21427,8481012658;36,1216026606805;115281,0;6,81007797731569;31,0023938409228;Barcelona;45;0
08009;Argentona;Maresme;2016;637,9378531;NA;NA;NA;1613,00;76;0,00000000000000e+00;3,02631578947368e+01;17587;79,0;807,516269746835;22262,0253164557;43,5279140114858;145170,0;8,25439244896799;37,5775323700000;Barcelona;35;0
08010;Artés;Bages;2016;324,4117204;NA;NA;NA;1142,00;20;0,00000000000000e+00;2,00000000000000e+01;16085;79,0;410,647747341772;20360,7594936709;24,2023042884675;102780,0;6,38980416537146;29,0891273141191;Barcelona;72;0
08015;Badalona;Barcelonès;2016;580,0821736;NA;NA;NA;1753,60;1772;3,21670428893905e+03;2,07110609480813e+04;16133;79,0;734,281232405063;20421,5189873418;43,1474994309800;157824,0;9,78268146000000;44,5349589923408;Barcelona;10;1
08019;Barcelona;Barcelonès;2016;801,2836764;NA;NA;NA;3238,20;14266;6,65918968200000e+02;6,73636618533576e+02;21132;79,0;1014,283134683544;26749,3670886076;45,5016284156729;291438,0;13,79131175468484;62,7839622432956;Barcelona;0;1
08020;Begues;Baix Llobregat;2016;731,6453982;NA;NA;NA;1772,20;53;0,00000000000000e+00;1,13207547169811e+01;20566;79,0;926,133415400000;26032,9113924051;42,6905804648449;159498,0;7,75542156958086;35,3060030594988;Barcelona;32;0
08022;Berga;Berguedà;2016;319,6445609;NA;NA;NA;849,60;84;0,00000000000000e+00;0,00000000000000e+00;16329;79,0;404,613368227848;20669,6202531646;23,4903223148999;76464,0;4,68271173984935;21,3177109110791;Barcelona;108;0
08023;Bigues i Riells del Fai;Vallès Oriental;2016;652,3203261;NA;NA;NA;1139,70;98;0,00000000000000e+00;2,65306122448980e+01;17845;79,0;825,721931772152;22588,6075949367;43,8657546270664;102573,0;5,74799663771365;26,1673443611493;Barcelona;41;0
08029;Cabrera de Mar;Maresme;2016;800,0687500;NA;NA;NA;NA;NA;NA;NA;22267;79,0;1012,745253164557;28186,0759493671;43,1168320833521;NA;NA;NA;Barcelona;28;1
08030;Cabrils;Maresme;2016;900,6295098;NA;NA;NA;1968,20;63;0,00000000000000e+00;0,00000000000000e+00;23750;79,0;1140,037354177215;30063,2911392405;45,5054910214737;177138,0;7,45844210526316;33,9540252500000;Barcelona;27;0
08033;Caldes de Montbui;Vallès Oriental;2016;565,5765605;NA;NA;NA;1362,70;134;0,00000000000000e+00;2,98507462686567e+01;17212;79,0;715,919696800000;21787,3417721519;39,4313195793632;122643,0;7,12543574250523;32,4380375545140;Barcelona;34;0
08035;Calella;Maresme;2016;459,2059895;NA;NA;NA;1440,00;199;0,00000000000000e+00;1,75879396984925e+01;14277;79,0;581,273404430380;18072,1518987342;38,5968471947888;129600,0;9,07753729775163;41,3248405301654;Barcelona;50;1
08040;Canet de Mar;Maresme;2016;529,8032932;NA;NA;NA;1520,60;135;0,00000000000000e+00;2,51851851851852e+01;16182;79,0;670,637080000000;20483,5443037975;39,2883420986281;136854,0;8,45717463848721;38,5006838096723;Barcelona;43;1
08041;Canovelles;Vallès Oriental;2016;474,1310638;NA;NA;NA;984,30;100;2,00000000000000e+00;3,00000000000000e+01;14098;79,0;600,165903544304;17845,5696202532;40,3573043382040;88587,0;6,28365725634842;28,6059010882975;Barcelona;31;0
08043;Canyelles;Garraf;2016;853,0000000;NA;NA;NA;NA;NA;NA;NA;16885;79,0;1079,746835443038;21373,4177215190;60,6218537163163;NA;NA;NA;Barcelona;46;0
08044;Capellades;Anoia;2016;357,2514286;NA;NA;NA;916,00;20;5,00000000000000e+00;2,50000000000000e+01;16171;79,0;452,216998227848;20469,6202531646;26,5105258994496;82440,0;5,09801496506091;23,2083491966174;Barcelona;60;0
08046;Cardedeu;Vallès Oriental;2016;565,7459403;NA;NA;NA;1652,90;155;0,00000000000000e+00;7,74193548387097e+00;17128;79,0;716,134101645570;21681,0126582278;39,6365675128445;148761,0;8,68525221858944;39,5389907113212;Barcelona;39;0
08051;Castellar del Vallès;Vallès Occidental;2016;590,8196100;NA;NA;NA;1402,10;246;0,00000000000000e+00;1,46341463414634e+01;17589;79,0;747,872924100000;22264,5569620253;40,3083479447382;126189,0;7,17431349138666;32,6605500170625;Barcelona;34;0
08054;Castellbisbal;Vallès Occidental;2016;614,6397059;NA;NA;NA;1502,30;69;0,00000000000000e+00;1,44927536231884e+00;17453;79,0;778,024944177215;22092,4050632911;42,2602215700000;135207,0;7,74692030023492;35,2673016376813;Barcelona;29;0
08056;Castelldefels;Baix Llobregat;2016;843,9717979;NA;NA;NA;2902,60;659;0,00000000000000e+00;3,79362670713202e+00;21234;79,0;1068,318731518987;26878,4810126582;47,6954957841198;261234,0;12,30262786097768;56,0068350900000;Barcelona;22;1
08067;Centelles;Osona;2016;433,8379394;NA;NA;NA;1825,20;32;0,00000000000000e+00;3,43750000000000e+01;16752;79,0;549,161948607595;21205,0632911392;31,0772162893983;164268,0;9,80587392550143;44,6405410342541;Barcelona;54;0
08068;Cervelló;Baix Llobregat;2016;679,0983607;NA;NA;NA;1445,00;93;0,00000000000000e+00;2,15053763440860e+01;20641;79,0;859,618178101266;26127,8481012658;39,4805500140497;130050,0;6,30056683300228;28,6828807288909;Barcelona;25;0
08072;Corbera de Llobregat;Baix Llobregat;2016;642,4705882;NA;NA;NA;1335,60;131;0,00000000000000e+00;2,36641221374046e+01;17956;79,0;813,253909100000;22729,1139240506;42,9363280151481;120204,0;6,69436400089107;30,4756142237194;Barcelona;30;0
08073;Cornellà de Llobregat;Baix Llobregat;2016;566,3610008;NA;NA;NA;2149,60;542;1,84501845018450e+00;2,02952029520295e+00;16370;79,0;716,912659240506;20721,5189873418;41,5169945607819;193464,0;11,81820403176542;53,8015301888795;Barcelona;12;0
08074;Cubelles;Garraf;2016;580,7293354;NA;NA;NA;1493,30;255;0,00000000000000e+00;7,84313725490196e-01;16957;79,0;735,100424556962;21464,5569620253;41,0966092162529;134397,0;7,92575337618683;36,0814264496016;Barcelona;50;1
08075;Dosrius;Maresme;2016;711,0810811;NA;NA;NA;1338,30;71;0,00000000000000e+00;2,25352112676056e+01;17239;79,0;900,102634303797;21821,5189873418;49,4980739787691;120447,0;6,98689019084634;31,8073188209335;Barcelona;39;0
08076;Esparreguera;Baix Llobregat;2016;506,4809295;NA;NA;NA;1342,00;187;0,00000000000000e+00;0,00000000000000e+00;16615;79,0;641,115100632911;21031,6455696203;36,5800250015047;120780,0;7,26933493830876;33,0931283708825;Barcelona;39;0
08077;Esplugues de Llobregat;Baix Llobregat;2016;740,4487785;NA;NA;NA;2323,30;381;4,46194225721785e+00;2,04724409448819e+01;20003;79,0;937,276934810127;25320,2531645570;44,4202636704494;209097,0;10,45328200769885;47,5878201119589;Barcelona;8;0
08086;Franqueses del Vallès, les;Vallès Oriental;2016;512,0650000;NA;NA;NA;1415,40;114;0,00000000000000e+00;1,40350877192982e+01;15911;79,0;648,183544303797;20140,5063291139;38,6196970649236;127386,0;8,00615926088869;36,4474684997746;Barcelona;35;0
08088;Garriga, la;Vallès Oriental;2016;592,5646264;NA;NA;NA;1402,80;158;0,00000000000000e+00;2,02531645569620e+01;17620;79,0;750,081805569620;22303,7974683544;40,3562742156640;126252,0;7,16526674233825;32,6193653378396;Barcelona;38;0
08089;Gavà;Baix Llobregat;2016;749,7905263;NA;NA;NA;2357,80;397;1,00755667506297e+00;9,57178841309824e+00;18624;79,0;949,101932025316;23574,6835443038;48,3112452512887;212202,0;11,39400773195876;51,8704068160966;Barcelona;20;1
08091;Gelida;Alt Penedès;2016;459,1129697;NA;NA;NA;1105,60;60;0,00000000000000e+00;0,00000000000000e+00;16375;79,0;581,155657848101;20727,8481012658;33,6449199169466;99504,0;6,07658015267176;27,6631973564157;Barcelona;35;0
08092;Gironella;Berguedà;2016;280,5424615;NA;NA;NA;NA;NA;NA;NA;16232;79,0;355,117039873418;20546,8354430380;20,7399552612124;NA;NA;NA;Barcelona;94;0
08096;Granollers;Vallès Oriental;2016;531,1517695;NA;NA;NA;1573,60;510;3,92156862745098e-01;6,07843137254902e+00;16804;79,0;672,344012025316;21270,8860759494;37,9303810640324;141624,0;8,42799333492026;38,3678380083485;Barcelona;30;0
08101;Hospitalet de Llobregat, l';Barcelonès;2016;554,7427528;NA;NA;NA;1675,20;2089;5,74437529918621e+02;7,37194830062231e+03;15528;79,0;702,206016202532;19655,6962025316;42,8703827500000;150768,0;9,70942812982998;44,2014784344326;Barcelona;0;0
08102;Igualada;Anoia;2016;368,4691898;NA;NA;NA;983,50;321;1,55763239875389e+00;1,46417445482866e+01;16061;79,0;466,416695949367;20330,3797468354;27,5302302322396;88515,0;5,51117614100000;25,0892359555868;Barcelona;65;0
08105;Llagosta, la;Vallès Oriental;2016;492,9647853;NA;NA;NA;1313,80;61;3,27868852459016e+00;1,63934426229508e+01;15442;79,0;624,006057341772;19546,8354430380;38,3083630591892;118242,0;7,65716876052325;34,8587141602340;Barcelona;19;0
08106;Llinars del Vallès;Vallès Oriental;2016;539,6864881;NA;NA;NA;1268,00;85;0,00000000000000e+00;1,17647058823529e+00;16239;79,0;683,147453291139;20555,6962025316;39,8807676408646;114120,0;7,02752632551265;31,9923119231116;Barcelona;41;0
08107;Lliçà d'Amunt;Vallès Oriental;2016;685,2083333;NA;NA;NA;1210,30;135;0,00000000000000e+00;1,70370370370370e+01;17667;79,0;867,352320632911;22363,2911392405;46,5415746850059;108927,0;6,16556291390728;28,0682850247311;Barcelona;32;0
08108;Lliçà de Vall;Vallès Oriental;2016;703,0202381;NA;NA;NA;1197,10;38;0,00000000000000e+00;1,31578947368421e+01;19228;79,0;889,899035569620;24339,2405063291;43,8747808258789;107739,0;5,60323486582068;25,5083267287102;Barcelona;28;0
08110;Malgrat de Mar;Maresme;2016;471,1471563;NA;NA;NA;1317,90;147;0,00000000000000e+00;5,44217687074830e+00;14606;79,0;596,388805400000;18488,6075949367;38,7085161960838;118611,0;8,12070382034780;36,9689244297236;Barcelona;62;1
08112;Manlleu;Osona;2016;360,5441796;NA;NA;NA;759,90;148;0,00000000000000e+00;6,75675675675676e+00;15246;79,0;456,385037468354;19298,7341772152;28,3781329870130;68391,0;4,48583234946871;20,4214315409937;Barcelona;78;0
08113;Manresa;Bages;2016;363,8510656;NA;NA;NA;918,20;568;8,80281690140845e-01;2,21830985915493e+01;15989;79,0;460,570969113924;20239,2405063291;27,3076038976797;82638,0;5,16842829445244;23,5289008520784;Barcelona;55;0
08114;Martorell;Baix Llobregat;2016;501,1929345;NA;NA;NA;1195,80;170;0,00000000000000e+00;1,17647058823529e+00;15478;79,0;634,421436075949;19592,4050632911;38,8571857733557;107622,0;6,95322393074041;31,6540555751335;Barcelona;32;0
08118;Masnou, el;Maresme;2016;725,3383299;NA;NA;NA;1964,50;120;0,00000000000000e+00;1,08333333333333e+01;19495;79,0;918,149784683544;24677,2151898734;44,6476530330854;176805,0;9,06924852526289;41,2871064851207;Barcelona;19;1
08119;Masquefa;Anoia;2016;506,4950000;NA;NA;NA;1318,90;64;0,00000000000000e+00;6,25000000000000e+00;15431;79,0;641,132911400000;19532,9113924051;39,3878556153198;118701,0;7,69237249692178;35,0189766571004;Barcelona;46;0
08120;Matadepera;Vallès Occidental;2016;877,5619828;NA;NA;NA;1902,10;82;0,00000000000000e+00;0,00000000000000e+00;26615;79,0;1110,837952911392;33689,8734177215;39,5669501919970;171189,0;6,43204959609243;29,2814466200000;Barcelona;32;0
08121;Mataró;Maresme;2016;539,7209821;NA;NA;NA;1650,20;1007;9,93048659384310e+01;1,48957298907647e+04;15164;79,0;683,191116582278;19194,9367088608;42,7107081587972;148518,0;9,79411764705882;44,5870214158891;Barcelona;31;1
08123;Molins de Rei;Baix Llobregat;2016;629,7807027;NA;NA;NA;1912,30;185;0,00000000000000e+00;3,13513513513514e+01;19209;79,0;797,190762911392;24315,1898734177;39,3428519568952;172107,0;8,95970638763080;40,7884237234315;Barcelona;18;0
08124;Mollet del Vallès;Vallès Oriental;2016;517,0498915;NA;NA;NA;1524,20;361;1,66204986149584e+00;1,52354570637119e+01;16184;79,0;654,493533544304;20486,0759493671;38,3378565126050;137178,0;8,47614928324271;38,5870645253794;Barcelona;23;0
08125;Montcada i Reixac;Vallès Occidental;2016;535,4428139;NA;NA;NA;1372,30;212;9,43396226415094e-01;1,69811320800000e+01;15889;79,0;677,775713797468;20112,6582300000;40,4387549046510;123507,0;7,77311347473095;35,3865441947232;Barcelona;14;0
08126;Montgat;Maresme;2016;740,5837107;NA;NA;NA;2236,80;69;0,00000000000000e+00;4,34782608695652e+00;18998;79,0;937,447735100000;24048,1012658228;46,7786321107485;201312,0;10,59648384040425;48,2397362326058;Barcelona;15;1
08135;Montmeló;Vallès Oriental;2016;526,8700000;NA;NA;NA;1209,40;48;0,00000000000000e+00;1,04166666666667e+01;16361;79,0;666,924050632911;20710,1265822785;38,6433592078724;108846,0;6,65277183546238;30,2862688597438;Barcelona;24;0
08136;Montornès del Vallès;Vallès Oriental;2016;497,2745833;NA;NA;NA;1205,80;117;8,54700854700855e-01;2,64957264957265e+01;15620;79,0;629,461497848101;19772,1518987342;38,2029129295775;108522,0;6,94763124199744;31,6285952588762;Barcelona;26;0
08138;Moià;Moianès;2016;412,1508876;NA;NA;NA;1279,40;34;0,00000000000000e+00;3,23529411764706e+01;14534;79,0;521,709984303797;18397,4683544304;34,0292462584285;115146,0;7,92252648961057;36,0667362800000;Barcelona;55;0
08140;Navarcles;Bages;2016;348,8341818;NA;NA;NA;914,00;29;0,00000000000000e+00;3,44827586206897e+01;16708;79,0;441,562255443038;21149,3670886076;25,0539273497726;82260,0;4,92338999281781;22,4133814764277;Barcelona;60;0
08141;Navàs;Bages;2016;296,1111111;NA;NA;NA;1082,00;96;0,00000000000000e+00;7,70833333333333e+01;15966;79,0;374,824191265823;20210,1265822785;22,2556265388952;97380,0;6,09921082299887;27,7662218675450;Barcelona;80;0
08147;Olesa de Montserrat;Baix Llobregat;2016;499,1781081;NA;NA;NA;1206,20;201;0,00000000000000e+00;0,00000000000000e+00;16211;79,0;631,871022911392;20520,2531645570;36,9510659256061;108558,0;6,69656406143976;30,4856298423117;Barcelona;38;0
08155;Palafolls;Maresme;2016;462,1444860;NA;NA;NA;1371,90;100;1,00000000000000e+00;2,10000000000000e+01;14860;79,0;584,993020253164;18810,1265822785;37,3198777388964;123471,0;8,30895020188425;37,8259026433302;Barcelona;60;0
08156;Palau-solità i Plegamans;Vallès Occidental;2016;631,9630822;NA;NA;NA;1604,30;93;0,00000000000000e+00;1,29032258064516e+01;17263;79,0;799,953268600000;21851,8987341772;43,9295428743556;144387,0;8,36395759717315;38,0763198835718;Barcelona;28;0
08157;Pallejà;Baix Llobregat;2016;685,3608247;NA;NA;NA;1785,90;78;0,00000000000000e+00;1,66666666666667e+01;18639;79,0;867,545347721519;23593,6708860759;44,1243086882343;160731,0;8,62337035248672;39,2572779334473;Barcelona;22;0
08159;Parets del Vallès;Vallès Oriental;2016;569,7339207;NA;NA;NA;1768,90;137;0,00000000000000e+00;1,75182481751825e+01;17132;79,0;721,182178101266;21686,0759493671;39,9066486598179;159201,0;9,29261031986925;42,3039451099453;Barcelona;25;0
08161;Piera;Anoia;2016;475,9186977;NA;NA;NA;943,10;104;0,00000000000000e+00;1,44230769230769e+01;14585;79,0;602,428731265823;18462,0253164557;39,1568349153240;84879,0;5,81960918752143;26,4933553819465;Barcelona;50;0
08163;Pineda de Mar;Maresme;2016;466,4056173;NA;NA;NA;1416,50;315;0,00000000000000e+00;1,01587301587302e+01;13869;79,0;590,386857341772;17555,6962025316;40,3552340298507;127485,0;9,19208306300000;41,8463019500000;Barcelona;55;1
08167;Polinyà;Vallès Occidental;2016;563,7966102;NA;NA;NA;1299,30;49;0,00000000000000e+00;6,12244897959184e+00;16264;79,0;713,666595189873;20587,3417721519;41,5983726168224;116937,0;7,18992867683227;32,7316370340829;Barcelona;25;0
08169;Prat de Llobregat, el;Baix Llobregat;2016;612,8484615;NA;NA;NA;1949,60;444;0,00000000000000e+00;1,55405405405405e+01;17419;79,0;775,757546202532;22049,3670886076;42,2193095929732;175464,0;10,07313852689592;45,8572440528934;Barcelona;11;1
08172;Premià de Mar;Maresme;2016;628,1385959;NA;NA;NA;1729,80;260;0,00000000000000e+00;2,30769230769231e+00;17705;79,0;795,112146708861;22411,3924050633;42,5736410663654;155682,0;8,79310929100000;40,0300023346126;Barcelona;22;1
08180;Ripollet;Vallès Occidental;2016;509,5488431;NA;NA;NA;1722,60;265;3,77358490566038e-01;1,05660377358491e+01;15705;79,0;644,998535569620;19879,7468354430;38,9340090238777;155034,0;9,87163323800000;44,9399056092372;Barcelona;16;0
08181;Roca del Vallès, la;Vallès Oriental;2016;610,2842963;NA;NA;NA;1493,30;89;0,00000000000000e+00;0,00000000000000e+00;18229;79,0;772,511767468354;23074,6835443038;40,1745107005321;134397,0;7,37270283614022;33,5637033466396;Barcelona;36;0
08183;Roda de Ter;Osona;2016;374,1252083;NA;NA;NA;881,80;54;0,00000000000000e+00;1,85185185185185e+01;16073;79,0;473,576213037975;20345,5696202532;27,9319510956262;79362,0;4,93759721271698;22,4780588308083;Barcelona;79;0
08184;Rubí;Vallès Occidental;2016;537,0371662;NA;NA;NA;1320,90;646;0,00000000000000e+00;6,03715170278638e+00;15862;79,0;679,793881265823;20078,4810126582;40,6282057395032;118881,0;7,49470432480141;34,1191064144536;Barcelona;24;0
08187;Sabadell;Vallès Occidental;2016;542,0095385;NA;NA;NA;1479,50;2061;2,28044638524988e+03;1,60601649684619e+04;17008;79,0;686,088023417721;21529,1139240506;38,2415008349012;133155,0;7,82896284101599;35,6407944478190;Barcelona;26;0
08191;Sallent;Bages;2016;331,7540984;NA;NA;NA;897,70;37;0,00000000000000e+00;1,89189189189189e+01;16958;79,0;419,941896708861;21465,8227848101;23,4759357282698;80793,0;4,76430003538153;21,6891358021485;Barcelona;68;0
08192;Santpedor;Bages;2016;411,5084762;NA;NA;NA;1393,90;52;0,00000000000000e+00;2,69230769230769e+01;17203;79,0;520,896805316456;21775,9493670886;28,7048870220310;125451,0;7,29239086205894;33,1980888178628;Barcelona;65;0
08194;Sant Adrià de Besòs;Barcelonès;2016;588,4647534;NA;NA;NA;1863,50;239;6,27615062761506e+00;6,27615062761506e+00;14673;79,0;744,892092911392;18573,4177215190;48,1263343610714;167715,0;11,43017787773461;52,0350688226642;Barcelona;8;1
08196;Sant Andreu de la Barca;Baix Llobregat;2016;544,1990722;NA;NA;NA;1601,50;158;0,00000000000000e+00;6,32911392405063e-01;16145;79,0;688,859585063291;20436,7088607595;40,4483670882626;144135,0;8,92753174357386;40,6419509532125;Barcelona;27;0
08197;Sant Andreu de Llavaneres;Maresme;2016;770,4792647;NA;NA;NA;1990,60;129;0,00000000000000e+00;1,47286821705426e+01;20012;79,0;975,290208481013;25331,6455696203;46,2010352600000;179154,0;8,95232860283830;40,7548368800000;Barcelona;36;1
08198;Sant Antoni de Vilamajor;Vallès Oriental;2016;556,0454545;NA;NA;NA;1295,90;67;0,00000000000000e+00;1,49253731343284e+01;17890;79,0;703,855005696203;22645,5696202532;37,2976269088877;116631,0;6,51934041363891;29,6788318371569;Barcelona;44;0
08200;Sant Boi de Llobregat;Baix Llobregat;2016;590,6861127;NA;NA;NA;1851,70;429;0,00000000000000e+00;2,79720279720280e+01;16674;79,0;747,703940126582;21106,3291139241;42,5106954084203;166653,0;9,99478229578985;45,5005329043966;Barcelona;15;0
08202;Sant Celoni;Vallès Oriental;2016;466,8088652;NA;NA;NA;1100,40;125;8,00000000000000e-01;1,12000000000000e+01;15569;79,0;590,897297700000;19707,5949367089;35,9798727111568;99036,0;6,36110219024986;28,9584636213250;Barcelona;52;0
08205;Sant Cugat del Vallès;Vallès Occidental;2016;996,0672174;NA;NA;NA;2946,80;740;5,40540540540541e-01;2,85135135135135e+01;24014;79,0;1260,844578987341;30397,4683544304;49,7743258465895;265212,0;11,04405763304739;50,2772839726785;Barcelona;17;0
08208;Sant Esteve Sesrovires;Baix Llobregat;2016;662,8596491;NA;NA;NA;1419,00;68;0,00000000000000e+00;1,47058823529412e+00;18308;79,0;839,062846962025;23174,6835443038;43,4472131811230;127710,0;6,97563906488967;31,7560988731995;Barcelona;38;0
08209;Sant Fost de Campsentelles;Vallès Oriental;2016;709,1158182;NA;NA;NA;1392,00;51;0,00000000000000e+00;1,17647058823529e+01;18699;79,0;897,614959746835;23669,6202531646;45,5071919268410;125280,0;6,69982351997433;30,5004682946075;Barcelona;22;0
08210;Sant Feliu de Codines;Vallès Oriental;2016;442,8624365;NA;NA;NA;1104,60;36;0,00000000000000e+00;3,05555555555556e+01;15512;79,0;560,585362658228;19635,4430379747;34,2596005544095;99414,0;6,40884476534296;29,1758082862387;Barcelona;39;0
08211;Sant Feliu de Llobregat;Baix Llobregat;2016;632,6954160;NA;NA;NA;2122,60;441;6,80272108843537e-01;3,96825396825397e+01;19126;79,0;800,880273417721;24210,1265822785;39,6964602739726;191034,0;9,98818362438565;45,4704929238882;Barcelona;16;0
08213;Sant Fruitós de Bages;Bages;2016;409,4747748;NA;NA;NA;1575,70;63;1,58730158730159e+00;1,58730158730159e+01;18974;79,0;518,322499746835;24017,7215189873;25,8970027300000;141813,0;7,47406977969854;34,0251691209103;Barcelona;57;0
08214;Vilassar de Dalt;Maresme;2016;699,0248855;NA;NA;NA;1742,90;57;0,00000000000000e+00;1,75438596491228e+00;20540;79,0;884,841627215190;26000,0000000000;40,8388443330088;156861,0;7,63685491723466;34,7662368400000;Barcelona;26;0
08217;Sant Joan Despí;Baix Llobregat;2016;697,1116009;NA;NA;NA;2368,70;210;8,57142857142857e+00;2,85714285714286e+01;19556;79,0;882,419747974683;24754,4303797468;42,7763305931683;213183,0;10,90115565555328;49,6267329214752;Barcelona;11;0
08218;Sant Joan de Vilatorrada;Bages;2016;384,5241045;NA;NA;NA;1022,80;67;0,00000000000000e+00;7,46268656716418e+00;16037;79,0;486,739372784810;20300,0000000000;28,7727708050134;92052,0;5,73997630479516;26,1308323680851;Barcelona;58;0
08219;Vilassar de Mar;Maresme;2016;752,1298525;NA;NA;NA;2414,90;181;0,00000000000000e+00;3,86740331491713e+00;19936;79,0;952,063104430380;25235,4430379747;45,2726636737560;217341,0;10,90193619582664;49,6302862753493;Barcelona;24;1
08221;Sant Just Desvern;Baix Llobregat;2016;1003,1788930;NA;NA;NA;2573,80;142;3,52112676056338e+00;1,05633802816901e+01;26138;79,0;1269,846700000000;33086,0759493671;46,0561126176448;231642,0;8,86226949269263;40,3448492149498;Barcelona;10;0
08230;Premià de Dalt;Maresme;2016;834,9519048;NA;NA;NA;1801,30;101;0,00000000000000e+00;9,90099009900990e-01;20419;79,0;1056,901145316456;25846,8354430380;49,0691163014839;162117,0;7,93951711641119;36,1440848944213;Barcelona;24;0
08231;Sant Pere de Ribes;Garraf;2016;604,7201310;NA;NA;NA;2000,50;223;0,00000000000000e+00;1,47982062780269e+01;16068;79,0;765,468520253165;20339,2405063291;45,1620710231516;180045,0;11,20519044062733;51,0108295764039;Barcelona;42;0
08234;Sant Pere de Vilamajor;Vallès Oriental;2016;761,3000000;NA;NA;NA;NA;NA;NA;NA;17796;79,0;963,670886075949;22526,5822784810;51,3351314902225;NA;NA;NA;Barcelona;46;0
08235;Sant Pol de Mar;Maresme;2016;583,4485806;NA;NA;NA;NA;NA;NA;NA;18758;79,0;738,542507088608;23744,3037974684;37,3247839172620;NA;NA;NA;Barcelona;48;1
08238;Sant Quirze del Vallès;Vallès Occidental;2016;737,9772772;NA;NA;NA;2183,10;189;0,00000000000000e+00;9,52380952380952e+00;22552;79,0;934,148452151899;28546,8354430380;39,2680353245832;196479,0;8,71226498800000;39,6619644138105;Barcelona;25;0
08240;Sant Sadurní d'Anoia;Alt Penedès;2016;454,6769835;NA;NA;NA;1357,40;82;1,21951219512195e+00;2,80487804878049e+01;17937;79,0;575,540485443038;22705,0632911392;30,4182628198695;122166,0;6,81083793276468;31,0058534838534;Barcelona;42;0
08244;Santa Coloma de Cervelló;Baix Llobregat;2016;691,7161644;NA;NA;NA;1844,40;42;0,00000000000000e+00;9,52380952380952e+00;18685;79,0;875,590081518987;23651,8987341772;44,4238371570779;165996,0;8,88391758094728;40,4434005913378;Barcelona;18;0
08245;Santa Coloma de Gramenet;Barcelonès;2016;505,8164316;NA;NA;NA;1481,50;705;0,00000000000000e+00;5,67375886524823e-01;14261;79,0;640,273964050633;18051,8987341772;42,5622128826870;133335,0;9,34962485099222;42,5634996927881;Barcelona;9;0
08248;Santa Eulàlia de Ronçana;Vallès Oriental;2016;649,0006494;NA;NA;NA;1212,10;52;0,00000000000000e+00;9,61538461538462e+00;17396;79,0;821,519809367089;22020,2531645570;44,7689571901587;109089,0;6,27092435042538;28,5479354430465;Barcelona;38;0
08250;Santa Margarida de Montbui;Anoia;2016;325,1614167;NA;NA;NA;746,10;63;3,17460317460317e+00;1,11111111111111e+01;11877;79,0;411,596730000000;15034,1772151899;32,8528837300000;67149,0;5,65370042940136;25,7380676043278;Barcelona;66;0
08251;Santa Margarida i els Monjos;Alt Penedès;2016;407,1039773;NA;NA;NA;933,40;48;0,00000000000000e+00;4,16666666666667e+00;15607;79,0;515,321490253164;19755,6962025316;31,3016449516243;84006,0;5,38258473761774;24,5038327716096;Barcelona;52;0
08252;Barberà del Vallès;Vallès Occidental;2016;569,2471842;NA;NA;NA;1555,90;299;2,00668896321070e+00;1,77257525083612e+01;16927;79,0;720,566055949367;21426,5822784810;40,3554452082472;140031,0;8,27264134200000;37,6606091517532;Barcelona;19;0
08259;Santa Maria de Palautordera;Vallès Oriental;2016;520,1937762;NA;NA;NA;1044,60;61;0,00000000000000e+00;1,14754098360656e+01;16037;79,0;658,473134430380;20300,0000000000;38,9245202618944;94014,0;5,86231838900000;26,6877859715503;Barcelona;54;0
08260;Santa Perpètua de Mogoda;Vallès Occidental;2016;523,5344518;NA;NA;NA;1483,60;171;0,00000000000000e+00;1,81286549707602e+01;16288;79,0;662,701837700000;20617,7215189873;38,5708093200000;133524,0;8,19769155206287;37,3194055824359;Barcelona;20;0
08262;Sant Vicenç de Castellet;Bages;2016;369,9483575;NA;NA;NA;884,10;62;0,00000000000000e+00;2,41935483870968e+01;14163;79,0;468,289060126582;17927,8481012658;31,3449148485490;79569,0;5,61808938784156;25,5759508797910;Barcelona;52;0
08263;Sant Vicenç dels Horts;Baix Llobregat;2016;584,5280576;NA;NA;NA;1608,40;175;1,71428571428571e+00;2,34285714285714e+01;16196;79,0;739,908933670886;20501,2658227848;43,3090682341319;144756,0;8,93776241047172;40,6885253339288;Barcelona;21;0
08264;Sant Vicenç de Montalt;Maresme;2016;1148,2324040;NA;NA;NA;2501,90;66;0,00000000000000e+00;1,96969696969697e+01;22761;79,0;1453,458739240506;28811,3924050633;60,5368342691446;225171,0;9,89284302100000;45,0364616300000;Barcelona;38;1
08266;Cerdanyola del Vallès;Vallès Occidental;2016;643,8817494;NA;NA;NA;2088,30;431;2,32018561484919e-01;6,03248259860789e+00;18653;79,0;815,040189100000;23611,3924050633;41,4227255283332;187947,0;10,07596633249344;45,8701174360076;Barcelona;18;0
08267;Sentmenat;Vallès Occidental;2016;511,1577333;NA;NA;NA;1446,60;61;0,00000000000000e+00;2,13114754098361e+01;16572;79,0;647,035105400000;20977,2151898734;37,0135940115858;130194,0;7,85626357711803;35,7650791000068;Barcelona;32;0
08270;Sitges;Garraf;2016;847,1086718;NA;NA;NA;3871,20;341;0,00000000000000e+00;6,45161290322581e+00;19681;79,0;1072,289457974684;24912,6582300000;51,6503432833698;348408,0;17,70275900614806;80,5905466292289;Barcelona;38;1
08274;Súria;Bages;2016;365,5593750;NA;NA;NA;1051,20;38;0,00000000000000e+00;1,31578947368421e+01;17251;79,0;462,733386075949;21836,7088607595;25,4287432612602;94608,0;5,48420381427164;24,9664463637989;Barcelona;72;0
08278;Taradell;Osona;2016;410,1577273;NA;NA;NA;1825,20;20;0,00000000000000e+00;2,00000000000000e+01;17230;79,0;519,186996582278;21810,1265822785;28,5658312687173;164268,0;9,53383633197911;43,4021093096822;Barcelona;75;0
08279;Terrassa;Vallès Occidental;2016;481,3304761;NA;NA;NA;1237,50;2166;0,00000000000000e+00;6,87903970452447e+03;16578;79,0;609,279083700000;20984,8101265823;34,8411491929063;111375,0;6,71824104234528;30,5843127504302;Barcelona;28;0
08281;Teià;Maresme;2016;969,0982278;NA;NA;NA;2026,90;37;0,00000000000000e+00;8,10810810810811e+00;23230;79,0;1226,706617468354;29405,0632911392;50,0610363047783;182421,0;7,85281962978907;35,7494007756447;Barcelona;22;0
08282;Tiana;Maresme;2016;896,1287209;NA;NA;NA;2267,40;58;0,00000000000000e+00;2,24137931034483e+01;23635;79,0;1134,340153037975;29917,7215189873;45,4983907374656;204066,0;8,63405965700000;39,3059402300000;Barcelona;17;0
08283;Tona;Osona;2016;438,6672662;NA;NA;NA;1495,10;54;0,00000000000000e+00;4,81481481481481e+01;16960;79,0;555,275020500000;21468,3544303797;31,0377782688679;134559,0;7,93390330188679;36,1185284045522;Barcelona;61;0
08284;Tordera;Maresme;2016;428,3086667;NA;NA;NA;1101,60;175;0,00000000000000e+00;2,40000000000000e+01;13262;79,0;542,162869240506;16787,3417721519;38,7551198944352;99144,0;7,47579550595687;34,0330253700000;Barcelona;65;0
08285;Torelló;Osona;2016;354,1275758;NA;NA;NA;861,60;112;0,00000000000000e+00;1,96428571428571e+01;17072;79,0;448,262754177215;21610,1265822785;24,8918164807873;77544,0;4,54217432052484;20,6779243421443;Barcelona;82;0
08289;Torrelles de Llobregat;Baix Llobregat;2016;676,8861644;NA;NA;NA;1655,70;35;0,00000000000000e+00;2,85714285714286e+01;18068;79,0;856,817929620253;22870,8860759494;44,9559108523356;149013,0;8,24734336949303;37,5454419367940;Barcelona;25;0
08291;Vacarisses;Vallès Occidental;2016;675,4897959;NA;NA;NA;1205,20;72;0,00000000000000e+00;0,00000000000000e+00;15966;79,0;855,050374600000;20210,1265822785;50,7696201352875;108468,0;6,79368658399098;30,9277731929439;Barcelona;42;0
08295;Vallirana;Baix Llobregat;2016;628,4586705;NA;NA;NA;1377,20;102;9,80392156862745e-01;2,64705882352941e+01;17064;79,0;795,517304430380;21600,0000000000;44,1954058016878;123948,0;7,26371308016878;33,0675352630277;Barcelona;28;0
08298;Vic;Osona;2016;455,2643099;NA;NA;NA;1330,90;429;1,63170163170163e+00;2,58741258741259e+01;16599;79,0;576,283936582278;21011,3924050633;32,9126556949214;119781,0;7,21615759985541;32,8510423337426;Barcelona;70;0
08300;Viladecavalls;Vallès Occidental;2016;692,3583333;NA;NA;NA;1445,90;80;0,00000000000000e+00;0,00000000000000e+00;18427;79,0;876,402953544304;23325,3164600000;45,0876431300000;130131,0;7,06197427687632;32,1491337625599;Barcelona;32;0
08301;Viladecans;Baix Llobregat;2016;624,4081385;NA;NA;NA;1896,70;572;0,00000000000000e+00;4,02097902097902e+00;16897;79,0;790,390048734177;21388,6075949367;44,3445443688229;170703,0;10,10256258507427;45,9911949772561;Barcelona;18;1
08302;Vilanova del Camí;Anoia;2016;346,0074172;NA;NA;NA;788,60;63;1,58730158730159e+00;1,11111111111111e+01;13404;79,0;437,984072405063;16967,0886075949;30,9764921396598;70974,0;5,29498657117278;24,1050483722363;Barcelona;64;0
08305;Vilafranca del Penedès;Alt Penedès;2016;445,0738652;NA;NA;NA;1167,40;316;3,48101265822785e+00;2,40506329113924e+01;15971;79,0;563,384639493671;20216,4556962025;33,4411519779601;105066,0;6,57854861937261;29,9483729670654;Barcelona;48;0
08307;Vilanova i la Geltrú;Garraf;2016;543,4195743;NA;NA;NA;1620,70;449;6,68151447661470e-01;1,73719376391982e+01;16408;79,0;687,872878860759;20769,6202531646;39,7430210360800;145863,0;8,88974890297416;40,4699472685847;Barcelona;45;1
08902;Vilanova del Vallès;Vallès Oriental;2016;743,6551724;NA;NA;NA;1466,30;40;0,00000000000000e+00;1,75000000000000e+01;20069;79,0;941,335661265823;25403,7974683544;44,4659029800000;131967,0;6,57566395934028;29,9352407581953;Barcelona;30;0
08904;Badia del Vallès;Vallès Occidental;2016;247,2317143;NA;NA;NA;745,20;53;1,88679245283019e+00;1,88679245283019e+00;12492;79,0;312,951537088608;15812,6582300000;23,7494442170989;67068,0;5,36887608069164;24,4414250895730;Barcelona;20;0
17008;Anglès;Selva;2016;353,3083471;NA;NA;NA;712,90;41;0,00000000000000e+00;1,46341463414634e+01;14523;79,0;447,225755822785;18383,5443037975;29,1930053377401;64161,0;4,41788886600000;20,1121236824938;Girona;101;0
17009;Arbúcies;Selva;2016;337,9179070;NA;NA;NA;860,40;25;0,00000000000000e+00;2,00000000000000e+01;13668;79,0;427,744186075949;17301,2658227848;29,6679461808604;77436,0;5,66549604916594;25,7917663212525;Girona;78;0
17015;Banyoles;Pla de l'Estany;2016;426,6815445;NA;NA;NA;1174,90;132;4,54545454545455e+00;3,63636363636364e+01;16032;79,0;540,103220886076;20293,6708860759;31,9372413547904;105741,0;6,59562125748503;30,0260949333084;Girona;118;0
17020;Bescanó;Gironès;2016;585,6818182;NA;NA;NA;NA;NA;NA;NA;17454;79,0;741,369390126582;22093,6708860759;40,2668833413544;NA;NA;NA;Girona;98;0
17022;Bisbal d'Empordà, la;Baix Empordà;2016;381,9257143;NA;NA;NA;578,50;116;0,00000000000000e+00;1,03448275862069e+01;12949;79,0;483,450271265823;16391,1392405063;35,3935328720364;52065,0;4,02077380492702;18,3042857160863;Girona;120;0
17023;Blanes;Selva;2016;430,7759071;NA;NA;NA;1951,60;419;0,00000000000000e+00;9,54653937947494e-01;13787;79,0;545,285958354430;17451,8987341772;37,4940950547617;175644,0;12,73982737361282;57,9971546607453;Girona;70;1
17033;Caldes de Malavella;Selva;2016;534,6095327;NA;NA;NA;1899,90;95;0,00000000000000e+00;2,21052631578947e+01;15821;79,0;676,720927468354;20026,5822784810;40,5493609278807;170991,0;10,80785032551672;49,2019670672682;Girona;85;0
17034;Calonge i Sant Antoni;Baix Empordà;2016;0,0000000;NA;NA;NA;1943,60;318;0,00000000000000e+00;2,07547169811321e+01;13935;79,0;0,000000000000;17639,2405063291;0,0000000000000;174924,0;12,55285252960172;57,1459650309517;Girona;112;1
17044;Cassà de la Selva;Gironès;2016;460,7904255;NA;NA;NA;1032,50;75;1,33333333333333e+01;4,00000000000000e+01;15961;79,0;583,279019620253;20203,7974683544;34,6437259946119;92925,0;5,82200363385753;26,5042559279593;Girona;96;0
17047;Castelló d'Empúries;Alt Empordà;2016;438,2877368;NA;NA;NA;1939,80;429;0,00000000000000e+00;7,69230769230769e+00;11489;79,0;554,794603544304;14543,0379746835;45,7781603411959;174582,0;15,19557837931935;69,1767858056101;Girona;142;1
17048;Castell d'Aro, Platja d'Aro i s'Agaró;Baix Empordà;2016;519,8734127;NA;NA;NA;2117,10;386;0,00000000000000e+00;0,00000000000000e+00;12591;79,0;658,067611012658;15937,9746835443;49,5471444079104;190539,0;15,13295210864903;68,8916841790829;Girona;107;1
17049;Celrà;Gironès;2016;497,4719101;NA;NA;NA;1278,90;18;5,55555555555556e+00;1,66666666666667e+01;15358;79,0;629,711278607595;19440,5063291139;38,8700541815341;115101,0;7,49453053783045;34,1183152616744;Girona;109;0
17062;Escala, l';Alt Empordà;2016;473,1032026;NA;NA;NA;1936,10;319;0,00000000000000e+00;4,07523510971787e+00;12603;79,0;598,864813417722;15953,1645569620;45,0467224565580;174249,0;13,82599381099738;62,9418498288117;Girona;140;1
17066;Figueres;Alt Empordà;2016;422,1966229;NA;NA;NA;1027,80;352;2,84090909090909e-01;9,65909090909091e+00;12906;79,0;534,426104936709;16336,7088607595;39,2558459200000;92502,0;7,16736401673640;32,6289130298191;Girona;138;0
17079;Girona;Gironès;2016;515,4606004;NA;NA;NA;1603,20;889;2,47469066366704e+00;2,44094488188976e+01;17276;79,0;652,481772658228;21868,3544303797;35,8041630284788;144288,0;8,35193331789766;38,0215802105470;Girona;102;0
17089;Llagostera;Gironès;2016;414,8044025;NA;NA;NA;1066,30;68;0,00000000000000e+00;3,08823529411765e+01;14888;79,0;525,068863924051;18845,5696202532;33,4339926786674;95967,0;6,44592960773778;29,3446343838667;Girona;90;0
17092;Llançà;Alt Empordà;2016;454,6660194;NA;NA;NA;NA;NA;NA;NA;14809;79,0;575,526606800000;18745,5696202532;36,8424082166250;NA;NA;NA;Girona;160;1
17095;Lloret de Mar;Selva;2016;424,8477793;NA;NA;NA;1766,00;436;0,00000000000000e+00;1,14678899082569e+00;11300;79,0;537,781999100000;14303,7974683544;45,1165783327434;158940,0;14,06548672566372;64,0321242261576;Girona;75;1
17103;Maçanet de la Selva;Selva;2016;487,4013043;NA;NA;NA;1005,90;88;0,00000000000000e+00;1,93181818181818e+01;13552;79,0;616,963676329114;17154,4303797468;43,1583209238489;90531,0;6,68026859504132;30,4114458948167;Girona;78;0
17114;Olot;Garrotxa;2016;361,1415577;NA;NA;NA;993,80;336;1,19047619047619e+00;2,41071428571429e+01;15967;79,0;457,141212300000;20211,3924050633;27,1415963700132;89442,0;5,60167846182752;25,5012413106383;Girona;112;0
17117;Palafrugell;Baix Empordà;2016;404,7012371;NA;NA;NA;2070,60;317;6,30914826498423e-01;1,35646687697161e+01;12495;79,0;512,280046962025;15816,4556962025;38,8668655078031;186354,0;14,91428571428572;67,8962210286744;Girona;122;1
17118;Palamós;Baix Empordà;2016;484,4055068;NA;NA;NA;1815,00;231;8,65800865800866e-01;2,94372294372294e+01;14729;79,0;613,171527594937;18644,3037974684;39,4654496700000;163350,0;11,09036594473488;50,4880992558259;Girona;115;1
17141;Puigcerdà;Cerdanya;2016;432,9834228;NA;NA;NA;1998,80;71;0,00000000000000e+00;8,45070422535211e+00;12936;79,0;548,080282025316;16374,6835443038;40,1654381076067;179892,0;13,90630797773655;63,3074743395070;Girona;151;0
17147;Ripoll;Ripollès;2016;333,3041739;NA;NA;NA;931,40;47;0,00000000000000e+00;3,19148936170213e+01;16361;79,0;421,904017594937;20710,1265822785;24,4462446476377;83826,0;5,12352545687916;23,3244838900000;Girona;102;0
17152;Roses;Alt Empordà;2016;440,3501865;NA;NA;NA;2154,40;690;0,00000000000000e+00;8,69565217391304e-01;12445;79,0;557,405299367089;15753,1645569620;42,4604438569707;193896,0;15,58023302531137;70,9278986200000;Girona;150;1
17155;Salt;Gironès;2016;390,3696635;NA;NA;NA;844,70;233;6,00858369098712e+00;1,58798283261803e+01;11775;79,0;494,138814600000;14905,0632911392;39,7828956400000;76023,0;6,45630573248408;29,3918709510542;Girona;100;0
17160;Sant Feliu de Guíxols;Baix Empordà;2016;464,2567835;NA;NA;NA;1821,70;310;0,00000000000000e+00;0,00000000000000e+00;13956;79,0;587,666814600000;17665,8227848101;39,9188979793637;163953,0;11,74785038693035;53,4812502431011;Girona;105;1
17164;Sant Hilari Sacalm;Selva;2016;328,8435593;NA;NA;NA;918,00;20;0,00000000000000e+00;2,50000000000000e+01;14727;79,0;416,257670000000;18641,7721518987;26,7951565900000;82620,0;5,61010389081279;25,5395974746280;Girona;95;0
17180;Santa Coloma de Farners;Selva;2016;416,8170175;NA;NA;NA;1040,90;92;0,00000000000000e+00;1,41304347826087e+01;14679;79,0;527,616477848101;18581,0126582278;34,0745569180462;93681,0;6,38197424892704;29,0534821784599;Girona;90;0
17181;Santa Cristina d'Aro;Baix Empordà;2016;505,2728571;NA;NA;NA;1712,50;64;0,00000000000000e+00;0,00000000000000e+00;14823;79,0;639,585895063291;18763,2911392405;40,9045016879174;154125,0;10,39769277474196;47,3347540972693;Girona;101;1
17186;Sarrià de Ter;Gironès;2016;518,3333333;NA;NA;NA;1299,80;24;0,00000000000000e+00;8,33333333333333e+00;17270;79,0;656,118143417722;21860,7594936709;36,0162130839606;116982,0;6,77371163867979;30,8368386803655;Girona;106;0
17193;Sils;Selva;2016;486,3825926;NA;NA;NA;1224,30;53;0,00000000000000e+00;9,43396226415094e+00;14823;79,0;615,674167848101;18763,2911392405;39,3752351831613;110187,0;7,43351548300000;33,8405485788536;Girona;80;0
17199;Torroella de Montgrí;Baix Empordà;2016;449,5254592;NA;NA;NA;1300,90;376;2,65957446808511e-01;1,03723404255319e+01;13419;79,0;569,019568607595;16986,0759493671;40,1990126715851;117081,0;8,72501676700000;39,7200159805203;Girona;135;1
17202;Tossa de Mar;Selva;2016;482,1114865;NA;NA;NA;2285,60;138;0,00000000000000e+00;5,07246376811594e+00;13449;79,0;610,267704430380;17024,0506329114;43,0168625027883;205704,0;15,29511487842962;69,6299186122009;Girona;87;1
17213;Vidreres;Selva;2016;499,6238462;NA;NA;NA;1041,90;69;0,00000000000000e+00;1,59420289855072e+01;14823;79,0;632,435248354430;18763,2911392405;40,4471844727788;93771,0;6,32604735883424;28,7988790037634;Girona;82;0
17221;Vilafant;Alt Empordà;2016;508,9625000;NA;NA;NA;988,20;14;0,00000000000000e+00;7,14285714285714e+00;15494;79,0;644,256329100000;19612,6582300000;39,4188072802375;88938,0;5,74015748000000;26,1316571567054;Girona;136;0
25003;Agramunt;Urgell;2016;312,1692537;NA;NA;NA;832,10;16;1,25000000000000e+01;1,87500000000000e+01;14360;79,0;395,150954050633;18177,2151898734;26,0865671615599;74889,0;5,21511142061281;23,7414224513567;Lleida;112;0
25011;Alcarràs;Segrià;2016;340,1144138;NA;NA;NA;569,00;89;0,00000000000000e+00;1,57303370786517e+01;12009;79,0;430,524574430380;15201,2658227848;33,9859519160630;51210,0;4,26430177366975;19,4129294090646;Lleida;165;0
25019;Almacelles;Segrià;2016;303,7564103;NA;NA;NA;711,20;43;4,65116279069767e+00;2,79069767441860e+01;12905;79,0;384,501785189873;16335,4430379747;28,2454624068191;64008,0;4,95993800852383;22,5797637088774;Lleida;170;0
25023;Alpicat;Segrià;2016;468,6206897;NA;NA;NA;1022,60;42;2,38095238095238e+00;9,52380952380952e+00;17720;79,0;593,190746455696;22430,3797468354;31,7350354198646;92034,0;5,19379232505643;23,6443687907419;Lleida;160;0
25040;Balaguer;Noguera;2016;291,1219757;NA;NA;NA;736,20;96;0,00000000000000e+00;2,29166666666667e+01;13227;79,0;368,508830000000;16743,0379746835;26,4116104059878;66258,0;5,00929916100000;22,8044768309056;Lleida;145;0
25050;Bellpuig;Urgell;2016;323,2631579;NA;NA;NA;707,60;34;0,00000000000000e+00;0,00000000000000e+00;13188;79,0;409,193870759494;16693,6708860759;29,4143000818926;63684,0;4,82893539581438;21,9833836663967;Lleida;123;0
25058;Borges Blanques, les;Garrigues;2016;286,4114286;NA;NA;NA;575,50;50;0,00000000000000e+00;2,40000000000000e+01;13827;79,0;362,546112151899;17502,5316455696;24,8567089260143;51795,0;3,74593187242352;17,0530874384958;Lleida;125;0
25072;Cervera;Segarra;2016;287,3132374;NA;NA;NA;816,70;43;0,00000000000000e+00;4,65116279069767e+00;13603;79,0;363,687642300000;17218,9873417722;25,3455770697640;73503,0;5,40344041755495;24,5987767657001;Lleida;102;0
25110;Guissona;Segarra;2016;350,2857447;NA;NA;NA;969,70;26;3,84615384615385e+00;3,84615384615385e+00;14039;79,0;443,399676800000;17770,8860759494;29,9410850943799;87273,0;6,21646840943087;28,3000286591134;Lleida;110;0
25120;Lleida;Segrià;2016;393,6267788;NA;NA;NA;979,10;1063;7,33772342427093e+03;3,06679209783631e+04;15838;79,0;498,261745316456;20048,1012658228;29,8239761687082;88119,0;5,56377067811592;25,3286688314130;Lleida;155;0
25137;Mollerussa;Pla d'Urgell;2016;331,1186667;NA;NA;NA;646,80;141;0,00000000000000e+00;7,80141843971631e+00;13908;79,0;419,137552784810;17605,0632911392;28,5693413891286;58212,0;4,18550474547023;19,0542115632671;Lleida;135;0
25203;Seu d'Urgell, la;Alt Urgell;2016;361,8720888;NA;NA;NA;1067,80;83;2,40963855421687e+00;6,02409638554217e+00;13392;79,0;458,065935189873;16951,8987341772;32,4258144086021;96102,0;7,17607526881720;32,6685703830471;Lleida;180;0
25207;Solsona;Solsonès;2016;273,8562222;NA;NA;NA;1016,80;55;0,00000000000000e+00;2,00000000000000e+01;13612;79,0;346,653445822785;17230,3797468354;24,1424821216574;91512,0;6,72289156600000;30,6054839285882;Lleida;115;0
25217;Tàrrega;Urgell;2016;291,9395935;NA;NA;NA;768,00;128;0,00000000000000e+00;1,79687500000000e+01;13723;79,0;369,543789240506;17370,8860759494;25,5284932011951;69120,0;5,03679953362967;22,9296703150107;Lleida;100;0
25234;Tremp;Pallars Jussà;2016;303,2589610;NA;NA;NA;733,60;40;0,00000000000000e+00;0,00000000000000e+00;14941;79,0;383,872102531646;18912,6582300000;24,3565191888093;66024,0;4,41898132655110;20,1170970314530;Lleida;190;0
25243;Vielha e Mijaran;Val d'Aran;2016;540,9124074;NA;NA;NA;1554,30;135;0,00000000000000e+00;1,25925925925926e+01;14790;79,0;684,699249873418;18721,5189873418;43,8874164219067;139887,0;9,45821501014199;43,0578486403955;Lleida;280;0
43004;Alcanar;Montsià;2016;301,5081967;NA;NA;NA;1162,80;98;3,06122448979592e+00;2,14285714285714e+01;11805;79,0;381,655945189873;14943,0379746835;30,6488637052097;104652,0;8,86505717916137;40,3575399585943;Tarragona;190;1
43005;Alcover;Alt Camp;2016;439,6686207;NA;NA;NA;951,30;10;0,00000000000000e+00;5,00000000000000e+01;15299;79,0;556,542557848101;19365,8227848101;34,4860673795673;85617,0;5,59624812079221;25,4765200707307;Tarragona;105;0
43012;Altafulla;Tarragonès;2016;562,6183838;NA;NA;NA;1964,80;78;0,00000000000000e+00;2,43589743589744e+01;17142;79,0;712,175169367089;21698,7341772152;39,3852561288064;176832,0;10,31571578578929;46,9615597071509;Tarragona;88;1
43013;Ametlla de Mar, l';Baix Ebre;2016;397,2898551;NA;NA;NA;1682,00;109;0,00000000000000e+00;6,42201834862385e+00;12102;79,0;502,898550759494;15318,9873417722;39,3941353594447;151380,0;12,50867625185920;56,9448556801393;Tarragona;144;1
43014;Amposta;Montsià;2016;304,0111607;NA;NA;NA;662,00;198;5,05050505050505e-01;3,03030303030303e+00;12385;79,0;384,824254050633;15677,2151898734;29,4560672458619;59580,0;4,81065805409770;21,9001773729955;Tarragona;168;0
43016;Arboç, l';Baix Penedès;2016;344,7315464;NA;NA;NA;729,10;45;8,88888888900000e+00;1,77777777777778e+01;12870;79,0;436,369046075949;16291,1392405063;32,1428015291375;65619,0;5,09860139860140;23,2110188934468;Tarragona;60;0
43037;Calafell;Baix Penedès;2016;465,3510124;NA;NA;NA;1393,40;536;1,30597014925373e+00;5,18656716417910e+01;13395;79,0;589,051914430380;16955,6962025316;41,6887805061590;125406,0;9,36215005599104;42,6205197944089;Tarragona;62;1
43038;Cambrils;Baix Camp;2016;491,8426034;NA;NA;NA;1825,50;609;0,00000000000000e+00;1,64203612479475e+00;15289;79,0;622,585573924051;19353,1645569620;38,6036447171169;164295,0;10,74596114853816;48,9202210071539;Tarragona;115;1
43043;Catllar, el;Tarragonès;2016;510,0000000;NA;NA;NA;NA;NA;NA;NA;17508;79,0;645,569620253165;22162,0253164557;34,9554489376285;NA;NA;NA;Tarragona;92;0
43044;Sénia, la;Montsià;2016;235,6385714;NA;NA;NA;584,30;37;0,00000000000000e+00;8,10810810810811e+00;11215;79,0;298,276672658228;14196,2025316456;25,2132220847080;52587,0;4,68898796255016;21,3462829668840;Tarragona;195;0
43047;Constantí;Tarragonès;2016;318,0047899;NA;NA;NA;604,80;37;0,00000000000000e+00;2,16216216216216e+01;11915;79,0;402,537708734177;15082,2784810127;32,0273393100000;54432,0;4,56835921107847;20,7971291871298;Tarragona;95;0
43051;Cunit;Baix Penedès;2016;479,5813693;NA;NA;NA;1397,90;257;0,00000000000000e+00;1,05058365758755e+01;13462;79,0;607,065024430380;17040,5063291139;42,7497877848759;125811,0;9,34563957800000;42,5453570223136;Tarragona;55;1
43086;Montblanc;Conca de Barberà;2016;343,0950000;NA;NA;NA;670,70;20;0,00000000000000e+00;0,00000000000000e+00;15799;79,0;434,297468354430;19998,7341772152;26,0594974365466;60363,0;3,82068485347174;17,3933950483293;Tarragona;114;0
43092;Mont-roig del Camp;Baix Camp;2016;446,3253988;NA;NA;NA;1324,90;379;0,00000000000000e+00;7,91556728000000e-01;12965;79,0;564,968859240506;16411,3924050633;41,3104881264944;119241,0;9,19714616274586;41,8693513495376;Tarragona;120;1
43093;Móra d'Ebre;Ribera d'Ebre;2016;309,2977143;NA;NA;NA;865,20;33;0,00000000000000e+00;3,03030303030303e+01;14925;79,0;391,516094050633;18892,4050632911;24,8681579336683;77868,0;5,21728643216080;23,7513240361615;Tarragona;150;0
43100;Pallaresos, els;Tarragonès;2016;590,3846154;NA;NA;NA;NA;NA;NA;NA;17096;79,0;747,322297974684;21640,5063291139;41,4401929386991;NA;NA;NA;Tarragona;95;0
43123;Reus;Baix Camp;2016;395,0539675;NA;NA;NA;1002,70;942;1,59235668789809e+00;1,02972399150743e+01;14795;79,0;500,068313291139;18727,8481012658;32,0422278472457;90243,0;6,09956066238594;27,7678144863807;Tarragona;108;0
43129;Riudoms;Baix Camp;2016;376,5742574;NA;NA;NA;1093,40;32;3,12500000000000e+00;3,75000000000000e+01;12894;79,0;476,676275189873;16321,5189873418;35,0464641600744;98406,0;7,63192182410424;34,7437792844887;Tarragona;115;0
43131;Roda de Berà;Tarragonès;2016;460,4491525;NA;NA;NA;1398,10;134;7,46268656716418e-01;2,08955223900000e+01;13198;79,0;582,847028481013;16706,3291139241;41,8653570995605;125829,0;9,53394453705107;43,4026019055479;Tarragona;75;1
43133;Roquetes;Baix Ebre;2016;350,1527941;NA;NA;NA;646,70;40;0,00000000000000e+00;0,00000000000000e+00;13103;79,0;443,231384936709;16586,0759493671;32,0677213554148;58203,0;4,44195985652141;20,2217051487752;Tarragona;178;0
43136;Ràpita, la;Montsià;2016;293,4662553;NA;NA;NA;901,30;223;0,00000000000000e+00;4,03587443946188e+00;12067;79,0;371,476272531646;15274,6835443038;29,1836832982514;81117,0;6,72221761829784;30,6024158285785;Tarragona;180;1
43145;Selva del Camp, la;Baix Camp;2016;401,1650000;NA;NA;NA;1309,70;29;0,00000000000000e+00;0,00000000000000e+00;14845;79,0;507,803797468355;18791,1392405063;32,4282923543281;117873,0;7,94024924216908;36,1474178446699;Tarragona;116;0
43148;Tarragona;Tarragonès;2016;447,6699191;NA;NA;NA;1148,80;1198;1,66944908180301e+02;9,09849749582638e+03;16309;79,0;566,670783670886;20644,3037974684;32,9391074200000;103392,0;6,33956711018456;28,8604267066517;Tarragona;98;1
43153;Torredembarra;Tarragonès;2016;430,8436421;NA;NA;NA;1366,40;254;3,93700787401575e-01;1,65354330708661e+01;13425;79,0;545,371698860759;16993,6708860759;38,5111635400000;122976,0;9,16022346368715;41,7012633978723;Tarragona;84;1
43155;Tortosa;Baix Ebre;2016;327,7840712;NA;NA;NA;697,00;237;0,00000000000000e+00;3,37552742616034e+00;13849;79,0;414,916545822785;17530,3797468354;28,4021146248827;62730,0;4,52956892194382;20,6205391649654;Tarragona;175;0
43156;Ulldecona;Montsià;2016;241,6363636;NA;NA;NA;551,70;47;0,00000000000000e+00;2,34042553191489e+01;11217;79,0;305,868814683544;14198,7341772152;25,8503732120888;49653,0;4,42658464830169;20,1517106109444;Tarragona;198;0
43161;Valls;Alt Camp;2016;380,4935381;NA;NA;NA;1140,50;45;0,00000000000000e+00;3,55555555555556e+01;15726;79,0;481,637390000000;19906,3291139241;29,0342264860740;102645,0;6,52708889736742;29,7141062561902;Tarragona;101;0
43162;Vandellòs i l'Hospitalet de l'Infant;Baix Camp;2016;458,2589041;NA;NA;NA;1524,20;45;0,00000000000000e+00;8,88888888900000e+00;14639;79,0;580,074562151899;18530,3797468354;37,5647711537673;137178,0;9,37072204385546;42,6595431572335;Tarragona;132;1
43163;Vendrell, el;Baix Penedès;2016;404,1712434;NA;NA;NA;1176,70;555;0,00000000000000e+00;3,24324324324324e+00;14293;79,0;511,609168860759;18092,4050632911;33,9330785755265;105903,0;7,40943119009305;33,7309065560841;Tarragona;65;1
43171;Vila-seca;Tarragonès;2016;422,5482561;NA;NA;NA;1756,00;300;0,00000000000000e+00;1,33333333333333e+00;13645;79,0;534,871210253165;17272,1518987342;37,1607114195676;158040,0;11,58226456577501;52,7274326129608;Tarragona;106;1
43901;Deltebre;Baix Ebre;2016;270,1447368;NA;NA;NA;748,80;107;0,00000000000000e+00;1,68224299065421e+01;11883;79,0;341,955363037975;15041,7721518987;27,2804581469326;67392,0;5,67129512749306;25,8181662113582;Tarragona;170;1
43905;Salou;Tarragonès;2016;459,8286711;NA;NA;NA;1549,00;757;9,24702774108322e-01;1,36063408190225e+01;12573;79,0;582,061608987342;15915,1898734177;43,8872508804581;139410,0;11,08804581245526;50,4775370192501;Tarragona;110;1
43907;Canonja, la;Tarragonès;2016;350,8604301;NA;NA;NA;NA;NA;NA;NA;13769;79,0;444,127126708861;17429,1139240506;30,5782929856925;NA;NA;NA;Tarragona;100;0
08001;Abrera;Baix Llobregat;2015;558,0813776;NA;NA;NA;1232,40;80;0,00000000000000e+00;1,25000000000000e+00;17446;79,0;706,432123544304;22083,5443037975;38,3868882907257;110916,0;6,35767511177347;28,9428620912100;Barcelona;35;0
08003;Alella;Maresme;2015;1029,7633600;NA;NA;NA;2001,80;61;0,00000000000000e+00;1,96721311475410e+01;23142;79,0;1303,497924050633;29293,6708860759;53,3971148561058;180162,0;7,78506611355976;35,4409577297287;Barcelona;18;0
08005;Ametlla del Vallès, l';Vallès Oriental;2015;808,9743667;NA;NA;NA;1285,20;47;0,00000000000000e+00;3,19148936170213e+01;21175;79,0;1024,018185696202;26803,7974683544;45,8450644646989;115668,0;5,46247933884298;24,8675472402543;Barcelona;35;0
08006;Arenys de Mar;Maresme;2015;545,7554942;NA;NA;NA;1510,10;97;0,00000000000000e+00;1,34020618556701e+01;15982;79,0;690,829739493671;20230,3797468354;40,9777620473032;135909,0;8,50387936400000;38,7133037397573;Barcelona;40;1
08007;Arenys de Munt;Maresme;2015;519,8265719;NA;NA;NA;1166,00;40;0,00000000000000e+00;1,50000000000000e+01;16512;79,0;658,008318860759;20901,2658227848;37,7780938880814;104940,0;6,35537790697674;28,9324042303633;Barcelona;45;0
08009;Argentona;Maresme;2015;584,1446528;NA;NA;NA;1327,10;84;0,00000000000000e+00;2,50000000000000e+01;17076;79,0;739,423611139241;21615,1898734177;41,0502215600843;119439,0;6,99455375966268;31,8422066708910;Barcelona;35;0
08010;Artés;Bages;2015;308,4930144;NA;NA;NA;960,60;35;0,00000000000000e+00;3,14285714285714e+01;15660;79,0;390,497486582278;19822,7848101266;23,6393114482759;86454,0;5,52068965517241;25,1325455498862;Barcelona;72;0
08015;Badalona;Barcelonès;2015;549,1629557;NA;NA;NA;1717,20;1264;3,32278481012658e+03;1,92246835400000e+04;16128;79,0;695,142981898734;20415,1898734177;40,8603389657738;154548,0;9,58258928571429;43,6240536512361;Barcelona;10;1
08019;Barcelona;Barcelonès;2015;734,9362750;NA;NA;NA;2970,60;12229;4,74282443372312e+02;4,83539128301578e+02;20556;79,0;930,299082300000;26020,2531645570;42,9034603035610;267354,0;13,00612959719790;59,2094765231085;Barcelona;0;1
08020;Begues;Baix Llobregat;2015;841,6666677;NA;NA;NA;1562,10;42;0,00000000000000e+00;0,00000000000000e+00;20522;79,0;1065,400845189873;25977,2151898734;49,2154761348797;140589,0;6,85064808500000;31,1870863598966;Barcelona;32;0
08022;Berga;Berguedà;2015;322,5885926;NA;NA;NA;862,00;73;0,00000000000000e+00;0,00000000000000e+00;16015;79,0;408,339990632911;20272,1518987342;24,1714836790509;77580,0;4,84420855448017;22,0529136309183;Barcelona;108;0
08023;Bigues i Riells del Fai;Vallès Oriental;2015;594,1499009;NA;NA;NA;1173,10;63;0,00000000000000e+00;3,80952380952381e+01;18090;79,0;752,088482151899;22898,7341772152;39,4129287495854;105579,0;5,83631840796020;26,5694229151735;Barcelona;41;0
08029;Cabrera de Mar;Maresme;2015;748,6363782;NA;NA;NA;NA;NA;NA;NA;20424;79,0;947,640985100000;25853,1645569620;43,9856861457109;NA;NA;NA;Barcelona;28;1
08030;Cabrils;Maresme;2015;1014,1847820;NA;NA;NA;2044,40;44;0,00000000000000e+00;0,00000000000000e+00;23666;79,0;1283,778205063291;29956,9620253165;51,4249023240091;183996,0;7,77469787881349;35,3937570812031;Barcelona;27;0
08033;Caldes de Montbui;Vallès Oriental;2015;511,2256783;NA;NA;NA;1413,50;99;0,00000000000000e+00;3,13131313131313e+01;17089;79,0;647,121111800000;21631,6455696203;35,8985788495523;127215,0;7,44426239101176;33,8894731117728;Barcelona;34;0
08035;Calella;Maresme;2015;454,0003148;NA;NA;NA;1477,80;176;5,68181818181818e-01;3,57954545454545e+01;13912;79,0;574,683942784810;17610,1265822785;39,1604641863140;133002,0;9,56023576768258;43,5222908561466;Barcelona;50;1
08040;Canet de Mar;Maresme;2015;495,6075012;NA;NA;NA;1402,90;101;2,97029702970297e+00;1,48514851485149e+01;15860;79,0;627,351267341772;20075,9493670886;37,4986760050441;126261,0;7,96097099621690;36,2417521507094;Barcelona;43;1
08041;Canovelles;Vallès Oriental;2015;411,8639503;NA;NA;NA;1036,40;81;0,00000000000000e+00;2,09876543209877e+01;13659;79,0;521,346772531646;17289,8734177215;36,1839622490666;93276,0;6,82890401932792;31,0880980532494;Barcelona;31;0
08043;Canyelles;Garraf;2015;744,3750025;NA;NA;NA;NA;NA;NA;NA;17245;79,0;942,246838600000;21829,1139240506;51,7976226732386;NA;NA;NA;Barcelona;46;0
08044;Capellades;Anoia;2015;332,0884918;NA;NA;NA;831,30;23;0,00000000000000e+00;1,30434782608696e+01;16146;79,0;420,365179493671;20437,9746835443;24,6814189371981;74817,0;4,63377926421405;21,0949493088904;Barcelona;60;0
08046;Cardedeu;Vallès Oriental;2015;529,8955017;NA;NA;NA;1560,10;92;0,00000000000000e+00;8,69565217391304e+00;17003;79,0;670,753799620253;21522,7848101266;37,3977887500000;140409,0;8,25789566500000;37,5934805109365;Barcelona;39;0
08051;Castellar del Vallès;Vallès Occidental;2015;537,9355850;NA;NA;NA;1404,70;192;0,00000000000000e+00;1,25000000000000e+01;17057;79,0;680,931120253164;21591,1392405063;37,8450314826757;126423,0;7,41179574368295;33,7416710175038;Barcelona;34;0
08054;Castellbisbal;Vallès Occidental;2015;602,3081761;NA;NA;NA;1431,40;68;0,00000000000000e+00;1,61764705882353e+01;17664;79,0;762,415412784810;22359,4936708861;40,9176750067935;128826,0;7,29313858695652;33,2014927820812;Barcelona;29;0
08056;Castelldefels;Baix Llobregat;2015;805,6494629;NA;NA;NA;2553,60;510;0,00000000000000e+00;2,94117647058824e+00;19299;79,0;1019,809446708861;24429,1139240506;50,0947901694388;229824,0;11,90859630032644;54,2130345386737;Barcelona;22;1
08067;Centelles;Osona;2015;404,2288136;NA;NA;NA;1388,90;49;0,00000000000000e+00;7,55102040816327e+01;16227;79,0;511,682042531645;20540,5063291139;29,8930533259383;125001,0;7,70327232390460;35,0685973413341;Barcelona;54;0
08068;Cervelló;Baix Llobregat;2015;685,7142878;NA;NA;NA;1410,60;71;0,00000000000000e+00;1,97183098591549e+01;19184;79,0;867,992769367088;24283,5443037975;42,8928870600500;126954,0;6,61770225187656;30,1266170839806;Barcelona;25;0
08072;Corbera de Llobregat;Baix Llobregat;2015;567,3437098;NA;NA;NA;1249,00;103;0,00000000000000e+00;2,62135922330097e+01;17426;79,0;718,156594683544;22058,2278481013;39,0687737725238;112410,0;6,45070584184552;29,3663778486813;Barcelona;30;0
08073;Cornellà de Llobregat;Baix Llobregat;2015;537,0308625;NA;NA;NA;1939,40;402;4,72636815900000e+00;4,97512437810945e+00;16309;79,0;679,785901898734;20644,3037974684;39,5141967625238;174546,0;10,70243423876387;48,7220678576605;Barcelona;12;0
08074;Cubelles;Garraf;2015;545,1466048;NA;NA;NA;1587,50;175;0,00000000000000e+00;1,71428571428571e+00;16912;79,0;690,058993417721;21407,5949367089;38,6811687417219;142875,0;8,44814333017975;38,4595694233203;Barcelona;50;1
08075;Dosrius;Maresme;2015;659,8805894;NA;NA;NA;1254,30;37;0,00000000000000e+00;2,70270270270270e+01;16929;79,0;835,291885316456;21429,1139240506;46,7751613964203;112887,0;6,66826156299841;30,3567847385869;Barcelona;39;0
08076;Esparreguera;Baix Llobregat;2015;475,5699836;NA;NA;NA;1125,60;152;0,00000000000000e+00;0,00000000000000e+00;16763;79,0;601,987321012658;21218,9873417722;34,0442629791803;101304,0;6,04330967010678;27,5117358596175;Barcelona;39;0
08077;Esplugues de Llobregat;Baix Llobregat;2015;687,7249244;NA;NA;NA;2186,90;232;0,00000000000000e+00;6,89655172413793e+00;19362;79,0;870,537878987342;24508,8607594937;42,6231747381469;196821,0;10,16532383018283;46,2769110652779;Barcelona;8;0
08086;Franqueses del Vallès, les;Vallès Oriental;2015;484,4055991;NA;NA;NA;1548,10;74;0,00000000000000e+00;2,16216216216216e+01;15918;79,0;613,171644430380;20149,3670886076;36,5175724915190;139329,0;8,75292122125895;39,8470490152894;Barcelona;35;0
08088;Garriga, la;Vallès Oriental;2015;544,8508233;NA;NA;NA;1557,20;85;0,00000000000000e+00;3,05882352941176e+01;17238;79,0;689,684586455696;21820,2531645570;37,9290513957536;140148,0;8,13017751500000;37,0120527473866;Barcelona;38;0
08089;Gavà;Baix Llobregat;2015;716,1539897;NA;NA;NA;2325,00;329;9,11854103000000e-01;1,21580547112462e+01;18423;79,0;906,524037594937;23320,2531645570;46,6473857482495;209250,0;11,35808500244260;51,7068711543889;Barcelona;20;1
08091;Gelida;Alt Penedès;2015;434,0639556;NA;NA;NA;946,30;41;0,00000000000000e+00;0,00000000000000e+00;16243;79,0;549,448045063291;20560,7594936709;32,0677674500000;85167,0;5,24330480822508;23,8697708358212;Barcelona;35;0
08092;Gironella;Berguedà;2015;259,5404265;NA;NA;NA;NA;NA;NA;NA;15882;79,0;328,532185400000;20103,7974683544;19,6101568945977;NA;NA;NA;Barcelona;94;0
08096;Granollers;Vallès Oriental;2015;491,5313114;NA;NA;NA;1392,60;523;2,10325047801147e+00;8,98661567900000e+00;16488;79,0;622,191533417722;20870,8860759494;35,7737490101892;125334,0;7,60152838427947;34,6054153193819;Barcelona;30;0
08101;Hospitalet de Llobregat, l';Barcelonès;2015;521,6810539;NA;NA;NA;1667,30;2136;8,66104868913858e+03;2,28464419475655e+04;15654;79,0;660,355764430380;19815,1898734177;39,9908818627827;150057,0;9,58585665005749;43,6389280941614;Barcelona;0;0
08102;Igualada;Anoia;2015;343,7477544;NA;NA;NA;973,40;199;2,01005025125628e+00;1,60804020100502e+01;15656;79,0;435,123739746835;19817,7215189873;26,3475539908022;87606,0;5,59568216658150;25,4739436045882;Barcelona;65;0
08105;Llagosta, la;Vallès Oriental;2015;470,1384645;NA;NA;NA;1217,50;50;2,00000000000000e+00;1,60000000000000e+01;15532;79,0;595,111980379747;19660,7594936709;36,3228275431367;109575,0;7,05479011073912;32,1164283590761;Barcelona;19;0
08106;Llinars del Vallès;Vallès Oriental;2015;479,4652246;NA;NA;NA;1219,10;47;0,00000000000000e+00;2,12765957446809e+00;16014;79,0;606,918005822785;20270,8860759494;35,9284544473586;109719,0;6,85144248782315;31,1907028221211;Barcelona;41;0
08107;Lliçà d'Amunt;Vallès Oriental;2015;669,2668839;NA;NA;NA;1280,20;65;1,53846153846154e+00;2,00000000000000e+01;18197;79,0;847,173270759494;23034,1772151899;44,1347618112876;115218,0;6,33170302797164;28,8246260337704;Barcelona;32;0
08108;Lliçà de Vall;Vallès Oriental;2015;628,1282412;NA;NA;NA;1332,90;33;0,00000000000000e+00;1,21212121212121e+01;19021;79,0;795,099039500000;24077,2151898734;39,6274585689501;119961,0;6,30676620577257;28,7111029308732;Barcelona;28;0
08110;Malgrat de Mar;Maresme;2015;470,0266127;NA;NA;NA;1340,70;128;0,00000000000000e+00;2,10937500000000e+01;14345;79,0;594,970395822785;18158,2278481013;39,3190613621471;120663,0;8,41150226600000;38,2927635925053;Barcelona;62;1
08112;Manlleu;Osona;2015;359,6476635;NA;NA;NA;680,00;113;0,00000000000000e+00;8,84955752212389e+00;14427;79,0;455,250206962025;18262,0253164557;29,9145488459139;61200,0;4,24204616344354;19,3116123322703;Barcelona;78;0
08113;Manresa;Bages;2015;344,8966371;NA;NA;NA;889,70;473;1,05708245243129e+00;3,04439746300211e+01;15574;79,0;436,578021645570;19713,9240506329;26,5748018826249;80073,0;5,14145370500000;23,4061009587421;Barcelona;55;0
08114;Martorell;Baix Llobregat;2015;472,3369019;NA;NA;NA;1187,80;139;0,00000000000000e+00;7,19424460431655e-01;15516;79,0;597,894812531645;19640,5063291139;36,5303095050271;106902,0;6,88979118329466;31,3652825206581;Barcelona;32;0
08118;Masnou, el;Maresme;2015;673,8352123;NA;NA;NA;1877,80;127;0,00000000000000e+00;7,87401574803150e+00;19544;79,0;852,955964936709;24739,2405063291;41,3734268706508;169002,0;8,64725747032337;39,3660223321698;Barcelona;19;1
08119;Masquefa;Anoia;2015;473,6772947;NA;NA;NA;1174,80;41;0,00000000000000e+00;2,43902439024390e+01;15885;79,0;599,591512300000;20107,5949367089;35,7829873238905;105732,0;6,65609065155807;30,3013775330993;Barcelona;46;0
08120;Matadepera;Vallès Occidental;2015;896,0075206;NA;NA;NA;1705,30;70;0,00000000000000e+00;1,42857142857143e+00;24297;79,0;1134,186734936709;30755,6962025316;44,2527482701568;153477,0;6,31670576614397;28,7563520699089;Barcelona;32;0
08121;Mataró;Maresme;2015;503,3108393;NA;NA;NA;1365,10;794;0,00000000000000e+00;1,18387909319899e+01;14376;79,0;637,102328200000;18197,4683544304;42,0125909265442;122859,0;8,54611853088481;38,9055945303777;Barcelona;31;1
08123;Molins de Rei;Baix Llobregat;2015;593,8553571;NA;NA;NA;1832,70;152;0,00000000000000e+00;1,90789473684211e+01;19297;79,0;751,715641898734;24426,5822784810;36,9293894657201;164943,0;8,54759807223921;38,9123300367737;Barcelona;18;0
08124;Mollet del Vallès;Vallès Oriental;2015;495,0093791;NA;NA;NA;1347,20;201;2,98507462686567e+00;1,44278606965174e+01;16184;79,0;626,594150759494;20486,0759493671;36,7036118956995;121248,0;7,49184379634207;34,1060840628468;Barcelona;23;0
08125;Montcada i Reixac;Vallès Occidental;2015;517,2781453;NA;NA;NA;1287,70;126;0,00000000000000e+00;2,30158730158730e+01;16216;79,0;654,782462405063;20526,5822784810;38,2790931401085;115893,0;7,14683029107055;32,5354347095657;Barcelona;14;0
08126;Montgat;Maresme;2015;679,1770082;NA;NA;NA;2237,90;71;2,81690140845070e+00;1,83098591549296e+01;19122;79,0;859,717731898734;24205,0632911392;42,6217137200000;201411,0;10,53294634452463;47,9504863183629;Barcelona;15;1
08135;Montmeló;Vallès Oriental;2015;477,6836776;NA;NA;NA;1246,10;44;2,27272727272727e+00;1,36363636363636e+01;16474;79,0;604,662883037975;20853,1645569620;34,7954603083647;112149,0;6,80763627534296;30,9912781669977;Barcelona;24;0
08136;Montornès del Vallès;Vallès Oriental;2015;529,9594964;NA;NA;NA;1183,20;80;1,25000000000000e+00;2,87500000000000e+01;15376;79,0;670,834805569620;19463,2911392405;41,3600023204995;106488,0;6,92559833506764;31,5282920229407;Barcelona;26;0
08138;Moià;Moianès;2015;391,0507268;NA;NA;NA;1196,40;36;0,00000000000000e+00;5,27777777777778e+01;14697;79,0;495,000920000000;18603,7974683544;31,9290244376403;107676,0;7,32639314145744;33,3528817675049;Barcelona;55;0
08140;Navarcles;Bages;2015;358,8988161;NA;NA;NA;1187,00;33;3,03030303030303e+00;1,21212121212121e+01;16048;79,0;454,302298860759;20313,9240506329;26,8369005059821;106830,0;6,65690428713858;30,3050815509966;Barcelona;60;0
08141;Navàs;Bages;2015;289,8411873;NA;NA;NA;812,60;34;0,00000000000000e+00;8,82352941176471e+00;15715;79,0;366,887578860760;19892,4050632911;22,1323210200000;73134,0;4,65377028316895;21,1859569955844;Barcelona;80;0
08147;Olesa de Montserrat;Baix Llobregat;2015;460,0449772;NA;NA;NA;1187,30;169;0,00000000000000e+00;0,00000000000000e+00;16169;79,0;582,335414177215;20467,0886075949;34,1427405924918;106857,0;6,60875749891768;30,0858967346741;Barcelona;38;0
08155;Palafolls;Maresme;2015;451,4240468;NA;NA;NA;1301,50;54;0,00000000000000e+00;2,59259259259259e+01;14490;79,0;571,422844050633;18341,7721518987;37,3850142277433;117135,0;8,08385093167702;36,8011542800000;Barcelona;60;0
08156;Palau-solità i Plegamans;Vallès Occidental;2015;594,0077223;NA;NA;NA;1497,10;48;0,00000000000000e+00;2,08333333333333e+00;17299;79,0;751,908509240506;21897,4683544304;41,2052295947743;134739,0;7,78883172437713;35,4581004041593;Barcelona;28;0
08157;Pallejà;Baix Llobregat;2015;588,4074204;NA;NA;NA;1728,00;87;2,29885057471264e+00;1,95402298850575e+01;18721;79,0;744,819519493671;23697,4683544304;37,7164096191443;155520,0;8,30724854441536;37,8181559691793;Barcelona;22;0
08159;Parets del Vallès;Vallès Oriental;2015;531,6235715;NA;NA;NA;1562,00;93;0,00000000000000e+00;1,61290322580645e+01;17199;79,0;672,941229746835;21770,8860759494;37,0921731379731;140580,0;8,17373103087389;37,2103270201919;Barcelona;25;0
08161;Piera;Anoia;2015;455,3602434;NA;NA;NA;964,60;68;0,00000000000000e+00;5,88235294100000e+00;14758;79,0;576,405371392405;18681,0126582278;37,0261751000000;86814,0;5,88250440439084;26,7796813668458;Barcelona;50;0
08163;Pineda de Mar;Maresme;2015;459,0392264;NA;NA;NA;1327,50;238;1,26050420168067e+00;2,18487394957983e+01;13157;79,0;581,062311898734;16654,4303797468;41,8672244189405;119475,0;9,08071748878924;41,3393181228399;Barcelona;55;1
08167;Polinyà;Vallès Occidental;2015;521,7568844;NA;NA;NA;1488,90;42;4,76190476190476e+00;2,61904761904762e+01;16408;79,0;660,451752405063;20769,6202531646;38,1587189956119;134001,0;8,16680887372014;37,1788143939013;Barcelona;25;0
08169;Prat de Llobregat, el;Baix Llobregat;2015;590,4938567;NA;NA;NA;1974,50;303;3,30033003300330e-01;2,31023102300000e+00;17556;79,0;747,460578101266;22222,7848101266;40,3618493984962;177705,0;10,12218045112782;46,0805039120049;Barcelona;11;1
08172;Premià de Mar;Maresme;2015;600,9430630;NA;NA;NA;1692,20;192;0,00000000000000e+00;5,20833333333333e-01;17375;79,0;760,687421518987;21993,6708860759;41,5039813294964;152298,0;8,76535251798561;39,9036416062049;Barcelona;22;1
08180;Ripollet;Vallès Occidental;2015;502,8029982;NA;NA;NA;1536,50;191;0,00000000000000e+00;1,67539267015707e+01;15867;79,0;636,459491400000;20084,8101265823;38,0263186386841;138285,0;8,71525808281339;39,6755902661731;Barcelona;16;0
08181;Roca del Vallès, la;Vallès Oriental;2015;575,9576517;NA;NA;NA;1335,20;58;0,00000000000000e+00;3,44827586206897e+00;18056;79,0;729,060318607595;22855,6962025316;38,2780893907842;120168,0;6,65529463890120;30,2977537423038;Barcelona;36;0
08183;Roda de Ter;Osona;2015;353,2074267;NA;NA;NA;809,20;27;0,00000000000000e+00;2,59259259259259e+01;15600;79,0;447,098008481013;19746,8354430380;27,1698020538462;72828,0;4,66846153846154;21,2528378865398;Barcelona;79;0
08184;Rubí;Vallès Occidental;2015;495,9561722;NA;NA;NA;1180,70;499;0,00000000000000e+00;1,14228456913828e+01;15703;79,0;627,792623037975;19877,2151898734;37,9002360500000;106263,0;6,76705088200000;30,8065160610586;Barcelona;24;0
08187;Sabadell;Vallès Occidental;2015;507,9941160;NA;NA;NA;1402,00;1507;2,52156602521566e+03;2,01061712010617e+04;16651;79,0;643,030526582279;21077,2151898734;36,6099897423578;126180,0;7,57792324785298;34,4979546208994;Barcelona;26;0
08191;Sallent;Bages;2015;341,5964080;NA;NA;NA;921,20;19;0,00000000000000e+00;2,63157894736842e+01;16856;79,0;432,400516455696;21336,7088607595;24,3186811580446;82908,0;4,91860465116279;22,3915965501543;Barcelona;68;0
08192;Santpedor;Bages;2015;415,3702706;NA;NA;NA;1419,30;49;0,00000000000000e+00;3,06122448979592e+01;17332;79,0;525,785152658228;21939,2405063291;28,7586155504270;127737,0;7,37000923147934;33,5514409037093;Barcelona;65;0
08194;Sant Adrià de Besòs;Barcelonès;2015;559,1490543;NA;NA;NA;1967,10;210;7,61904761904762e+00;7,61904761904762e+00;14898;79,0;707,783613037975;18858,2278481013;45,0381839951671;177039,0;11,88340716874748;54,0983628153361;Barcelona;8;1
08196;Sant Andreu de la Barca;Baix Llobregat;2015;522,1690296;NA;NA;NA;1434,10;132;0,00000000000000e+00;0,00000000000000e+00;16307;79,0;660,973455189873;20641,7721518987;38,4253900484455;129069,0;7,91494450236095;36,0322198231220;Barcelona;27;0
08197;Sant Andreu de Llavaneres;Maresme;2015;766,8695252;NA;NA;NA;2308,30;83;0,00000000000000e+00;2,65060240963855e+01;19512;79,0;970,720917974684;24698,7341772152;47,1629474300000;207747,0;10,64714022140222;48,4703457908937;Barcelona;36;1
08198;Sant Antoni de Vilamajor;Vallès Oriental;2015;550,1791600;NA;NA;NA;1172,60;50;0,00000000000000e+00;0,00000000000000e+00;17519;79,0;696,429316455696;22175,9493670886;37,6856551173012;105534,0;6,02397397111707;27,4237114702838;Barcelona;44;0
08200;Sant Boi de Llobregat;Baix Llobregat;2015;551,5856010;NA;NA;NA;1702,60;210;0,00000000000000e+00;1,00000000000000e+01;16669;79,0;698,209621518987;21100,0000000000;39,7086040674306;153234,0;9,19275301500000;41,8493518561167;Barcelona;15;0
08202;Sant Celoni;Vallès Oriental;2015;434,5547110;NA;NA;NA;956,70;112;8,92857142857143e-01;1,69642857142857e+01;15304;79,0;550,069254430380;19372,1518987342;34,0738142446419;86103,0;5,62617616309462;25,6127653468402;Barcelona;52;0
08205;Sant Cugat del Vallès;Vallès Occidental;2015;897,5392070;NA;NA;NA;2618,00;634;6,30914826498423e-01;3,81703470031546e+01;22719;79,0;1136,125578481013;28758,2278481013;47,4073264000000;235620,0;10,37105506404331;47,2134878200000;Barcelona;17;0
08208;Sant Esteve Sesrovires;Baix Llobregat;2015;666,9117691;NA;NA;NA;1434,70;47;0,00000000000000e+00;2,12765957446809e+00;18570;79,0;844,192112784810;23506,3291139241;43,0960755476575;129123,0;6,95331179321486;31,6544555627762;Barcelona;38;0
08209;Sant Fost de Campsentelles;Vallès Oriental;2015;721,0987758;NA;NA;NA;1451,20;45;0,00000000000000e+00;1,55555555555556e+01;18852;79,0;912,783260500000;23863,2911392405;45,9006222660726;130608,0;6,92807129217059;31,5395499836149;Barcelona;22;0
08210;Sant Feliu de Codines;Vallès Oriental;2015;398,7275101;NA;NA;NA;1024,80;32;0,00000000000000e+00;5,62500000000000e+01;15491;79,0;504,718367215190;19608,8607594937;30,8871610690078;92232,0;5,95390872119295;27,1047444217498;Barcelona;39;0
08211;Sant Feliu de Llobregat;Baix Llobregat;2015;596,5858551;NA;NA;NA;1943,60;314;9,55414012738854e-01;4,84076433121019e+01;18710;79,0;755,171968481013;23683,5443037975;38,2631227215393;174924,0;9,34922501336184;42,5616794605191;Barcelona;16;0
08213;Sant Fruitós de Bages;Bages;2015;433,4102244;NA;NA;NA;1237,80;34;5,88235294100000e+00;3,82352941176471e+01;22344;79,0;548,620537215190;28283,5443037975;23,2765963694952;111402,0;4,98576799140709;22,6973528620293;Barcelona;57;0
08214;Vilassar de Dalt;Maresme;2015;656,7430632;NA;NA;NA;1726,60;43;0,00000000000000e+00;0,00000000000000e+00;19612;79,0;831,320333200000;24825,3164600000;40,1841564266775;155394,0;7,92341423618193;36,0707776817134;Barcelona;26;0
08217;Sant Joan Despí;Baix Llobregat;2015;650,6415406;NA;NA;NA;2177,30;205;2,04878048780488e+01;3,41463414634146e+01;19652;79,0;823,596886800000;24875,9493670886;39,7297907958477;195957,0;9,97135151638510;45,3938659538088;Barcelona;11;0
08218;Sant Joan de Vilatorrada;Bages;2015;364,8247768;NA;NA;NA;969,70;51;0,00000000000000e+00;1,76470588235294e+01;15864;79,0;461,803514936709;20081,0126582278;27,5964278971256;87273,0;5,50132375189107;25,0443836576710;Barcelona;58;0
08219;Vilassar de Mar;Maresme;2015;701,8219335;NA;NA;NA;2065,10;154;0,00000000000000e+00;7,14285714285714e+00;19596;79,0;888,382194303797;24805,0632911392;42,9774607164727;185859,0;9,48453766100000;43,1776806281810;Barcelona;24;1
08221;Sant Just Desvern;Baix Llobregat;2015;941,5928288;NA;NA;NA;2450,30;216;1,38888888888889e+00;5,23148148148148e+01;25068;79,0;1191,889656708861;31731,6455696203;45,0738548970799;220527,0;8,79715174724749;40,0484053300000;Barcelona;10;0
08230;Premià de Dalt;Maresme;2015;760,9074537;NA;NA;NA;1589,30;81;0,00000000000000e+00;0,00000000000000e+00;19820;79,0;963,173992025316;25088,6075949367;46,0690688415742;143037,0;7,21680121089808;32,8539723270689;Barcelona;24;0
08231;Sant Pere de Ribes;Garraf;2015;567,6005842;NA;NA;NA;1746,50;178;5,61797752808989e-01;8,98876404500000e+00;15834;79,0;718,481752151899;20043,0379746835;43,0163383251232;157185,0;9,92705570291777;45,1922124300000;Barcelona;42;0
08234;Sant Pere de Vilamajor;Vallès Oriental;2015;641,2499925;NA;NA;NA;NA;NA;NA;NA;17798;79,0;811,708851265823;22529,1139240506;43,2351944600517;NA;NA;NA;Barcelona;46;0
08235;Sant Pol de Mar;Maresme;2015;569,0186986;NA;NA;NA;NA;NA;NA;NA;18109;79,0;720,276833700000;22922,7848101266;37,7062476293556;NA;NA;NA;Barcelona;48;1
08238;Sant Quirze del Vallès;Vallès Occidental;2015;703,0360211;NA;NA;NA;1846,40;157;0,00000000000000e+00;4,45859872600000e+00;22125;79,0;889,919014050633;28006,3291139241;38,1307672500000;166176,0;7,51077966101695;34,1922882350053;Barcelona;25;0
08240;Sant Sadurní d'Anoia;Alt Penedès;2015;448,5595050;NA;NA;NA;1428,90;56;3,57142857142857e+00;2,50000000000000e+01;17117;79,0;567,796841772152;21667,0886075949;31,4465973009289;128601,0;7,51305719460186;34,2026565440644;Barcelona;42;0
08244;Santa Coloma de Cervelló;Baix Llobregat;2015;631,1166506;NA;NA;NA;1744,80;29;3,44827586206897e+00;1,03448275862069e+01;18954;79,0;798,881836202532;23992,4050632911;39,9567363469452;157032,0;8,28490028490029;37,7164171131113;Barcelona;18;0
08245;Santa Coloma de Gramenet;Barcelonès;2015;483,2775363;NA;NA;NA;1515,80;589;0,00000000000000e+00;1,69779286926995e-01;14339;79,0;611,743716800000;18150,6329113924;40,4444552311877;136422,0;9,51405258386219;43,3120452100000;Barcelona;9;0
08248;Santa Eulàlia de Ronçana;Vallès Oriental;2015;636,1475344;NA;NA;NA;1408,90;30;0,00000000000000e+00;1,66666666666667e+01;17441;79,0;805,250043544304;22077,2151898734;43,7691096427957;126801,0;7,27028266727825;33,0974428393607;Barcelona;38;0
08250;Santa Margarida de Montbui;Anoia;2015;320,3929583;NA;NA;NA;694,80;75;0,00000000000000e+00;2,40000000000000e+01;11586;79,0;405,560706708861;14665,8227848101;33,1841489694459;62532,0;5,39720352149145;24,5703837416041;Barcelona;66;0
08251;Santa Margarida i els Monjos;Alt Penedès;2015;399,1033419;NA;NA;NA;953,50;33;0,00000000000000e+00;3,03030303030303e+01;15611;79,0;505,194103700000;19760,7594936709;30,6786247056563;85815,0;5,49708538850810;25,0250888109339;Barcelona;52;0
08252;Barberà del Vallès;Vallès Occidental;2015;541,7100324;NA;NA;NA;1453,60;255;3,92156862745098e-01;2,35294117647059e+01;17011;79,0;685,708901772152;21532,9113924051;38,2136287625654;130824,0;7,69055317147728;35,0106943078904;Barcelona;19;0
08259;Santa Maria de Palautordera;Vallès Oriental;2015;473,5503053;NA;NA;NA;1098,80;51;0,00000000000000e+00;5,88235294100000e+00;15766;79,0;599,430766202532;19956,9620253165;36,0434077356336;98892,0;6,27248509450717;28,5550406190620;Barcelona;54;0
08260;Santa Perpètua de Mogoda;Vallès Occidental;2015;489,1835938;NA;NA;NA;1415,50;117;0,00000000000000e+00;2,13675213675214e+01;16484;79,0;619,219738987342;20865,8227848101;35,6115210200000;127395,0;7,72840330016986;35,1830043167575;Barcelona;20;0
08262;Sant Vicenç de Castellet;Bages;2015;342,0375735;NA;NA;NA;960,10;43;0,00000000000000e+00;2,55813953488372e+01;14266;79,0;432,958953797468;18058,2278481013;28,7708599607458;86409,0;6,05698864432917;27,5740084132645;Barcelona;52;0
08263;Sant Vicenç dels Horts;Baix Llobregat;2015;565,3491578;NA;NA;NA;1500,50;153;2,61437908496732e+00;2,15686274509804e+01;15585;79,0;715,631845316456;19727,8481012658;43,5302527661213;135045,0;8,66506256015400;39,4470787325723;Barcelona;21;0
08264;Sant Vicenç de Montalt;Maresme;2015;1049,3615990;NA;NA;NA;1918,30;69;0,00000000000000e+00;2,46376811594203e+01;21610;79,0;1328,305821518987;27354,4303797468;58,2708893500000;172647,0;7,98921795465062;36,3703444125143;Barcelona;38;1
08266;Cerdanyola del Vallès;Vallès Occidental;2015;618,0559299;NA;NA;NA;1919,30;295;0,00000000000000e+00;3,05084745762712e+00;18399;79,0;782,349278354430;23289,8734177215;40,3101861992500;172737,0;9,38839067340616;42,7399783319532;Barcelona;18;0
08267;Sentmenat;Vallès Occidental;2015;440,4626963;NA;NA;NA;1593,00;99;0,00000000000000e+00;2,72727272727273e+01;16375;79,0;557,547716800000;20727,8481012658;32,2781823242748;143370,0;8,75541984732824;39,8584238321005;Barcelona;32;0
08270;Sitges;Garraf;2015;756,6641717;NA;NA;NA;3849,90;371;0,00000000000000e+00;7,27762803234501e+00;18632;79,0;957,802748987342;23584,8101265823;48,7332012687849;346491,0;18,59655431515672;84,6594859681553;Barcelona;38;1
08274;Súria;Bages;2015;328,3368688;NA;NA;NA;1231,70;64;0,00000000000000e+00;7,34375000000000e+01;17197;79,0;415,616289620253;21768,3544303797;22,9112195475955;110853,0;6,44606617433273;29,3452560935412;Barcelona;72;0
08278;Taradell;Osona;2015;387,2165656;NA;NA;NA;2414,50;25;0,00000000000000e+00;4,00000000000000e+01;16861;79,0;490,147551392405;21343,0379746835;27,5582633722792;217305,0;12,88802562125615;58,6718166037183;Barcelona;75;0
08279;Terrassa;Vallès Occidental;2015;446,1979620;NA;NA;NA;1162,30;1603;1,24766063630692e+02;8,10979413600000e+03;16140;79,0;564,807546835443;20430,3797468354;33,1745696654275;104607,0;6,48122676579926;29,5053221761846;Barcelona;28;0
08281;Teià;Maresme;2015;885,4107256;NA;NA;NA;1816,40;41;0,00000000000000e+00;3,41463414634146e+01;22425;79,0;1120,773070379747;28386,0759493671;47,3798381591973;163476,0;7,28989966555184;33,1867478236032;Barcelona;22;0
08282;Tiana;Maresme;2015;762,9466066;NA;NA;NA;2164,50;48;0,00000000000000e+00;2,91666666666667e+01;22644;79,0;965,755198200000;28663,2911392405;40,4317226603074;194805,0;8,60294117647059;39,1642755680107;Barcelona;17;0
08283;Tona;Osona;2015;384,1412064;NA;NA;NA;1655,50;48;0,00000000000000e+00;3,54166666666667e+01;16982;79,0;486,254691645570;21496,2025316456;27,1445911953833;148995,0;8,77370156636439;39,9416500529360;Barcelona;61;0
08284;Tordera;Maresme;2015;389,3166811;NA;NA;NA;1115,20;109;0,00000000000000e+00;2,66055045871560e+01;13261;79,0;492,805925443038;16786,0759493671;35,2296219983410;100368,0;7,56865998039364;34,4557842570673;Barcelona;65;0
08285;Torelló;Osona;2015;350,6031214;NA;NA;NA;862,90;84;0,00000000000000e+00;1,07142857142857e+01;16281;79,0;443,801419493671;20608,8607594937;25,8413946121246;77661,0;4,77003869500000;21,7152606422709;Barcelona;82;0
08289;Torrelles de Llobregat;Baix Llobregat;2015;607,5962959;NA;NA;NA;1279,30;31;0,00000000000000e+00;1,93548387096774e+01;18057;79,0;769,109235316456;22856,9620253165;40,3785543047018;115137,0;6,37630835686991;29,0276886093407;Barcelona;25;0
08291;Vacarisses;Vallès Occidental;2015;562,8113148;NA;NA;NA;1117,50;68;0,00000000000000e+00;0,00000000000000e+00;16020;79,0;712,419385822785;20278,4810126582;42,1581509213483;100575,0;6,27808988800000;28,5805560396921;Barcelona;42;0
08295;Vallirana;Baix Llobregat;2015;602,0832091;NA;NA;NA;1352,30;91;1,09890109890110e+00;3,18681318681319e+01;17334;79,0;762,130644430380;21941,7721518987;41,6810805884389;121707,0;7,02128764300000;31,9639107653453;Barcelona;28;0
08298;Vic;Osona;2015;441,2361386;NA;NA;NA;1259,00;355;2,81690140845070e-01;1,80281690140845e+01;15900;79,0;558,526757700000;20126,5822784810;33,3008406490566;113310,0;7,12641509433962;32,4424959838271;Barcelona;70;0
08300;Viladecavalls;Vallès Occidental;2015;655,4773500;NA;NA;NA;1388,90;56;0,00000000000000e+00;1,78571428571429e+00;18167;79,0;829,718164556962;22996,2025316456;43,2967919854682;125001,0;6,88066274013321;31,3237259348175;Barcelona;32;0
08301;Viladecans;Baix Llobregat;2015;604,0759570;NA;NA;NA;1707,30;424;0,00000000000000e+00;1,88679245283019e+00;17090;79,0;764,653110126582;21632,9113924051;42,4160999648917;153657,0;8,99104739613809;40,9311014273214;Barcelona;18;1
08302;Vilanova del Camí;Anoia;2015;324,4169468;NA;NA;NA;873,10;36;0,00000000000000e+00;1,94444444444444e+01;13289;79,0;410,654363037975;16821,5189873418;29,2949308570999;78579,0;5,91308601098653;26,9189019477445;Barcelona;64;0
08305;Vilafranca del Penedès;Alt Penedès;2015;407,9204959;NA;NA;NA;1080,70;284;2,11267605633803e+00;2,60563380281690e+01;15527;79,0;516,355058101266;19654,4303797468;31,5260253159013;97263,0;6,26412056417853;28,5169616900000;Barcelona;48;0
08307;Vilanova i la Geltrú;Garraf;2015;516,4729846;NA;NA;NA;1630,50;466;8,58369098712446e-01;1,84549356200000e+01;16031;79,0;653,763271645570;20292,4050632911;38,6605689925769;146745,0;9,15382696026449;41,6721437726676;Barcelona;45;1
08902;Vilanova del Vallès;Vallès Oriental;2015;757,1462103;NA;NA;NA;1390,40;30;0,00000000000000e+00;2,66666666666667e+01;19622;79,0;958,412924430380;24837,9746835443;46,3039166425441;125136,0;6,37733156660891;29,0323467000000;Barcelona;30;0
08904;Badia del Vallès;Vallès Occidental;2015;208,3451926;NA;NA;NA;610,90;27;1,11111111111111e+01;1,11111111111111e+01;12768;79,0;263,728091898734;16162,0253164557;19,5813150939850;54981,0;4,30615601503759;19,6034678550444;Barcelona;20;0
17008;Anglès;Selva;2015;357,8817706;NA;NA;NA;603,10;31;0,00000000000000e+00;1,93548387096774e+01;14394;79,0;453,014899493671;18220,2531645570;29,8359125135473;54279,0;3,77094622759483;17,1669635000000;Girona;101;0
17009;Arbúcies;Selva;2015;306,2936986;NA;NA;NA;759,90;32;0,00000000000000e+00;2,18750000000000e+01;13346;79,0;387,713542531646;16893,6708860759;27,5402696178630;68391,0;5,12445676607223;23,3287236081215;Girona;78;0
17015;Banyoles;Pla de l'Estany;2015;408,5461086;NA;NA;NA;1154,70;124;1,12903225806452e+01;5,32258064500000e+01;15550;79,0;517,146972911392;19683,5443037975;31,5276739755627;103923,0;6,68315112540193;30,4245684085083;Girona;118;0
17020;Bescanó;Gironès;2015;505,3845714;NA;NA;NA;NA;NA;NA;NA;16997;79,0;639,727305569620;21515,1898734177;35,6805015991057;NA;NA;NA;Girona;98;0
17022;Bisbal d'Empordà, la;Baix Empordà;2015;346,2396689;NA;NA;NA;762,60;49;0,00000000000000e+00;2,24489795918367e+01;12658;79,0;438,278061898734;16022,7848101266;32,8241114457260;68634,0;5,42218359930479;24,6841037625973;Girona;120;0
17023;Blanes;Selva;2015;424,5641455;NA;NA;NA;1920,60;340;0,00000000000000e+00;1,47058823529412e+00;13358;79,0;537,422968987342;16908,8607594937;38,1402136996556;172854,0;12,94011079502920;58,9089306391175;Girona;70;1
17033;Caldes de Malavella;Selva;2015;491,5223952;NA;NA;NA;1941,00;56;0,00000000000000e+00;2,32142857142857e+01;15936;79,0;622,180247088608;20172,1518987342;37,0122285542169;174690,0;10,96197289156627;49,9035990468663;Girona;85;0
17034;Calonge i Sant Antoni;Baix Empordà;2015;471,9525350;NA;NA;NA;1949,30;242;0,00000000000000e+00;1,77685950413223e+01;13920;79,0;597,408272151899;17620,2531645570;40,6855633620690;175437,0;12,60323275862069;57,3753174270688;Girona;112;1
17044;Cassà de la Selva;Gironès;2015;442,3764275;NA;NA;NA;941,20;76;1,31578947368421e+01;5,00000000000000e+01;15749;79,0;559,970161400000;19935,4430379747;33,7070107943361;84708,0;5,37862721442631;24,4858164297962;Girona;96;0
17047;Castelló d'Empúries;Alt Empordà;2015;480,4630659;NA;NA;NA;1977,60;401;0,00000000000000e+00;6,98254364089776e+00;10383;79,0;608,181096075949;13143,0379746835;55,5288143195608;177984,0;17,14186651256862;78,0371235926221;Girona;142;1
17048;Castell d'Aro, Platja d'Aro i s'Agaró;Baix Empordà;2015;520,0160045;NA;NA;NA;2039,60;342;0,00000000000000e+00;2,92397660818713e-01;12219;79,0;658,248106962025;15467,0886075949;51,0695806039774;183564,0;15,02283329241345;68,3903761292187;Girona;107;1
17049;Celrà;Gironès;2015;485,9608537;NA;NA;NA;1023,20;23;4,34782608695652e+00;4,34782608695652e+01;16003;79,0;615,140321139240;20256,9620253165;36,4402314840967;92088,0;5,75442104605386;26,1965910214991;Girona;109;0
17062;Escala, l';Alt Empordà;2015;457,5393301;NA;NA;NA;1802,90;309;0,00000000000000e+00;6,14886731391586e+00;12352;79,0;579,163708987342;15635,4430379747;44,4500644527202;162261,0;13,13641515544041;59,8025922263168;Girona;140;1
17066;Figueres;Alt Empordà;2015;412,1398266;NA;NA;NA;1030,00;258;0,00000000000000e+00;1,16279069767442e+01;12479;79,0;521,695983037975;15796,2025316456;39,6320051200000;92700,0;7,42847984614152;33,8176242029190;Girona;138;0
17079;Girona;Gironès;2015;485,6320964;NA;NA;NA;1514,40;641;2,49609984400000e+00;2,80811232449298e+01;16608;79,0;614,724172658228;21022,7848101266;35,0890243063584;136296,0;8,20664739900000;37,3601764355759;Girona;102;0
17089;Llagostera;Gironès;2015;377,8635366;NA;NA;NA;887,90;57;0,00000000000000e+00;5,43859649122807e+01;13977;79,0;478,308274177215;17692,4050632911;32,4416000515132;79911,0;5,71732131358661;26,0276971378792;Girona;90;0
17092;Llançà;Alt Empordà;2015;427,3797014;NA;NA;NA;NA;NA;NA;NA;13606;79,0;540,986963797468;17222,7848101266;37,6933442363663;NA;NA;NA;Girona;160;1
17095;Lloret de Mar;Selva;2015;415,1197856;NA;NA;NA;1892,10;479;0,00000000000000e+00;4,17536534446764e+00;10773;79,0;525,468083037975;13636,7088607595;46,2400206700000;170289,0;15,80701754385965;71,9603189533928;Girona;75;1
17103;Maçanet de la Selva;Selva;2015;496,5034345;NA;NA;NA;872,30;64;0,00000000000000e+00;1,40625000000000e+01;13343;79,0;628,485360126582;16889,8734177215;44,6529357265982;78507,0;5,88375927452597;26,7853940735546;Girona;78;0
17114;Olot;Garrotxa;2015;349,7854641;NA;NA;NA;1099,40;183;0,00000000000000e+00;2,56830601092896e+01;15494;79,0;442,766410253165;19612,6582300000;27,0906516664515;98946,0;6,38608493610430;29,0721957883849;Girona;112;0
17117;Palafrugell;Baix Empordà;2015;391,1019016;NA;NA;NA;1855,50;301;0,00000000000000e+00;1,16279069767442e+01;12066;79,0;495,065698227848;15273,4177215190;38,8962607260070;166995,0;13,84012928891099;63,0062005800000;Girona;122;1
17118;Palamós;Baix Empordà;2015;467,1485757;NA;NA;NA;1812,00;197;0,00000000000000e+00;2,89340101522843e+01;14177;79,0;591,327311012658;17945,5696202532;39,5413903392819;163080,0;11,50313888692953;52,3672186085589;Girona;115;1
17141;Puigcerdà;Cerdanya;2015;408,9616641;NA;NA;NA;1997,40;77;0,00000000000000e+00;2,46753246753247e+01;12214;79,0;517,672992531646;15460,7594936709;40,1796296806943;179766,0;14,71802849189455;67,0027740339464;Girona;151;0
17147;Ripoll;Ripollès;2015;317,3576214;NA;NA;NA;1237,40;37;0,00000000000000e+00;2,43243243243243e+01;16205;79,0;401,718508101266;20512,6582300000;23,5007186473311;111366,0;6,87232335698859;31,2857614883748;Girona;102;0
17152;Roses;Alt Empordà;2015;454,6166542;NA;NA;NA;2142,40;668;0,00000000000000e+00;1,34730538922156e+00;11571;79,0;575,464119240506;14646,8354430380;47,1471769976666;192816,0;16,66372828623282;75,8604334500658;Girona;150;1
17155;Salt;Gironès;2015;376,3499841;NA;NA;NA;925,70;250;3,20000000000000e+00;2,36000000000000e+01;11424;79,0;476,392384936709;14460,7594936709;39,5325613550420;83313,0;7,29280462200000;33,1999724297688;Girona;100;0
17160;Sant Feliu de Guíxols;Baix Empordà;2015;458,7433284;NA;NA;NA;1613,60;284;0,00000000000000e+00;3,52112676056338e-01;13428;79,0;580,687757468354;16997,4683544304;40,9958291689008;145224,0;10,81501340482574;49,2345764744720;Girona;105;1
17164;Sant Hilari Sacalm;Selva;2015;315,9004268;NA;NA;NA;1003,50;17;0,00000000000000e+00;5,88235294100000e+00;14410;79,0;399,873957974683;18240,5063291139;26,3067669784872;90315,0;6,26752255378210;28,5324490066718;Girona;95;0
17180;Santa Coloma de Farners;Selva;2015;403,7336256;NA;NA;NA;1381,20;65;0,00000000000000e+00;1,38461538461538e+01;14746;79,0;511,055222300000;18665,8227848101;32,8550353126272;124308,0;8,42994710400000;38,3767324039737;Girona;90;0
17181;Santa Cristina d'Aro;Baix Empordà;2015;504,9804719;NA;NA;NA;1637,90;84;0,00000000000000e+00;2,38095238095238e+00;14313;79,0;639,215787215190;18117,7215189873;42,3374950241040;147411,0;10,29909872144205;46,8859117079518;Girona;101;1
17186;Sarrià de Ter;Gironès;2015;506,5688165;NA;NA;NA;NA;NA;NA;NA;18181;79,0;641,226350000000;23013,9240506329;33,4350464660910;NA;NA;NA;Girona;106;0
17193;Sils;Selva;2015;491,4344570;NA;NA;NA;1039,70;43;0,00000000000000e+00;2,55813953488372e+01;14705;79,0;622,068932911392;18613,9240506329;40,1034578986739;93573,0;6,36334580074804;28,9686774979534;Girona;80;0
17199;Torroella de Montgrí;Baix Empordà;2015;418,1629486;NA;NA;NA;1553,50;140;0,00000000000000e+00;1,57142857142857e+01;12904;79,0;529,320188101266;16334,1772151899;38,8868210105394;139815,0;10,83501239925604;49,3256204689484;Girona;135;1
17202;Tossa de Mar;Selva;2015;436,7768919;NA;NA;NA;2174,50;116;0,00000000000000e+00;7,75862068965517e+00;12940;79,0;552,882141645570;16379,7468354430;40,5048122318393;195705,0;15,12403400309119;68,8510851401673;Girona;87;1
17213;Vidreres;Selva;2015;483,3684088;NA;NA;NA;1044,30;54;0,00000000000000e+00;1,48148148148148e+01;14705;79,0;611,858745316456;18613,9240506329;39,4452288718123;93987,0;6,39149948996940;29,0968451583271;Girona;82;0
17221;Vilafant;Alt Empordà;2015;532,4242394;NA;NA;NA;1910,70;18;0,00000000000000e+00;1,11111111111111e+01;14745;79,0;673,954733417722;18664,5569620253;43,3305586490336;171963,0;11,66246185147508;53,0925250310694;Girona;136;0
25003;Agramunt;Urgell;2015;318,0577019;NA;NA;NA;901,90;21;4,76190476190476e+00;9,52380952380952e+00;14455;79,0;402,604685900000;18297,4683544304;26,4039600332065;81171,0;5,61542718782428;25,5638314042588;Lleida;112;0
25011;Alcarràs;Segrià;2015;333,8517946;NA;NA;NA;630,70;68;0,00000000000000e+00;2,94117647058824e+01;12555;79,0;422,597208354430;15892,4050632911;31,9093710489845;56763,0;4,52114695340502;20,5821987544113;Lleida;165;0
25019;Almacelles;Segrià;2015;303,0645258;NA;NA;NA;693,10;46;2,17391304347826e+00;3,47826086956522e+01;13184;79,0;383,625982025316;16688,6075949367;27,5847565958738;62379,0;4,73141686893204;21,5394375343167;Lleida;170;0
25023;Alpicat;Segrià;2015;430,1851778;NA;NA;NA;1215,50;40;0,00000000000000e+00;7,50000000000000e+00;17536;79,0;544,538199746835;22197,4683544304;29,4378543202555;109395,0;6,23830976277372;28,3994598610187;Lleida;160;0
25040;Balaguer;Noguera;2015;289,3769124;NA;NA;NA;775,90;82;1,21951219512195e+00;1,09756097560976e+01;12959;79,0;366,299889100000;16403,7974683544;26,7962261655992;69831,0;5,38861023227101;24,5312634058769;Lleida;145;0
25050;Bellpuig;Urgell;2015;315,1679150;NA;NA;NA;NA;NA;NA;NA;13146;79,0;398,946727848101;16640,5063291139;28,7693213144683;NA;NA;NA;Lleida;123;0
25058;Borges Blanques, les;Garrigues;2015;286,4908011;NA;NA;NA;590,90;37;2,70270270270270e+00;6,21621621621622e+01;14141;79,0;362,646583670886;17900,0000000000;24,3115028159253;53181,0;3,76076656530656;17,1206213188421;Lleida;125;0
25072;Cervera;Segarra;2015;272,3060918;NA;NA;NA;780,30;32;3,12500000000000e+00;9,37500000000000e+00;13450;79,0;344,691255443038;17025,3164600000;24,2949672981413;70227,0;5,22133828996283;23,7697698295553;Lleida;102;0
25110;Guissona;Segarra;2015;348,9808586;NA;NA;NA;902,20;21;9,52380952380952e+00;2,85714285714286e+01;15092;79,0;441,747922300000;19103,7974683544;27,7482792419825;81198,0;5,38020143122184;24,4929829393793;Lleida;110;0
25120;Lleida;Segrià;2015;385,7303995;NA;NA;NA;1051,40;831;8,30324909747292e+00;3,18892900120337e+01;15199;79,0;488,266328481013;19239,2405063291;30,4544035397066;94626,0;6,22580432923219;28,3425297675459;Lleida;155;0
25137;Mollerussa;Pla d'Urgell;2015;328,1610238;NA;NA;NA;714,50;104;9,61538461538462e-01;4,80769230769231e+00;13269;79,0;415,393701012658;16796,2025316456;29,6776869816866;64305,0;4,84625819579471;22,0622444766850;Lleida;135;0
25203;Seu d'Urgell, la;Alt Urgell;2015;362,1612419;NA;NA;NA;1151,90;81;2,46913580246914e+00;1,35802469135802e+01;12928;79,0;458,431951772152;16364,5569620253;33,6164519090347;103671,0;8,01910581683168;36,5064067714898;Lleida;180;0
25207;Solsona;Solsonès;2015;279,8457275;NA;NA;NA;758,90;32;0,00000000000000e+00;1,87500000000000e+01;13650;79,0;354,235098101266;17278,4810126582;24,6018221978022;68301,0;5,00373626373626;22,7791521391074;Lleida;115;0
25217;Tàrrega;Urgell;2015;287,7110825;NA;NA;NA;877,40;128;3,12500000000000e+00;1,95312500000000e+01;13551;79,0;364,191243700000;17153,1645569620;25,4780679700000;78966,0;5,82731901704671;26,5284538304790;Lleida;100;0
25234;Tremp;Pallars Jussà;2015;264,7054165;NA;NA;NA;945,90;44;0,00000000000000e+00;0,00000000000000e+00;14742;79,0;335,070147468354;18660,7594936709;21,5470424501425;85131,0;5,77472527472527;26,2890245730684;Lleida;190;0
25243;Vielha e Mijaran;Val d'Aran;2015;489,1924983;NA;NA;NA;1460,70;93;0,00000000000000e+00;1,72043010752688e+01;14033;79,0;619,231010506329;17763,2911392405;41,8321811415948;131463,0;9,36813225967363;42,6477533496225;Lleida;280;0
43004;Alcanar;Montsià;2015;303,7830948;NA;NA;NA;993,90;109;0,00000000000000e+00;1,74311926605505e+01;11884;79,0;384,535563037975;15043,0379746835;30,6748328643554;89451,0;7,52701110737126;34,2661807358196;Tarragona;190;1
43005;Alcover;Alt Camp;2015;377,0270405;NA;NA;NA;1215,40;7;0,00000000000000e+00;1,42857142857143e+01;15703;79,0;477,249418354430;19877,2151898734;28,8118479653569;109386,0;6,96593007705534;31,7118993991790;Tarragona;105;0
43012;Altafulla;Tarragonès;2015;533,5995800;NA;NA;NA;NA;NA;NA;NA;17163;79,0;675,442506329114;21725,3164600000;37,3081335430869;NA;NA;NA;Tarragona;88;1
43013;Ametlla de Mar, l';Baix Ebre;2015;357,9821314;NA;NA;NA;1716,60;72;0,00000000000000e+00;5,55555555555556e+00;11772;79,0;453,141938481013;14901,2658227848;36,4915526400000;154494,0;13,12385321100918;59,7454048710527;Tarragona;144;1
43014;Amposta;Montsià;2015;272,5878837;NA;NA;NA;686,40;149;0,00000000000000e+00;9,39597315436242e+00;12215;79,0;345,047954050633;15462,0253164557;26,7789979893574;61776,0;5,05738845681539;23,0233999180329;Tarragona;168;0
43016;Arboç, l';Baix Penedès;2015;335,5679086;NA;NA;NA;751,60;24;2,08333333333333e+01;2,91666666666667e+01;12538;79,0;424,769504556962;15870,8860759494;32,1168838985484;67644,0;5,39511883900000;24,5608933721529;Tarragona;60;0
43037;Calafell;Baix Penedès;2015;449,1676095;NA;NA;NA;1307,70;458;1,96506550218341e+00;5,72052401746725e+01;13445;79,0;568,566594303798;17018,9873417722;40,0893366604686;117693,0;8,75366307177389;39,8504262368002;Tarragona;62;1
43038;Cambrils;Baix Camp;2015;470,0725793;NA;NA;NA;1803,40;558;0,00000000000000e+00;1,61290322580645e+00;14758;79,0;595,028581400000;18681,0126582278;38,2224620653205;162306,0;10,99783168451010;50,0668436418927;Tarragona;115;1
43043;Catllar, el;Tarragonès;2015;739,6551724;NA;NA;NA;NA;NA;NA;NA;17598;79,0;936,272370126582;22275,9493670886;50,4367659324923;NA;NA;NA;Tarragona;92;0
43044;Sénia, la;Montsià;2015;239,0476238;NA;NA;NA;532,30;12;0,00000000000000e+00;1,66666666666667e+01;10982;79,0;302,591928860759;13901,2658227848;26,1206655035513;47907,0;4,36232016026225;19,8591511167917;Tarragona;195;0
43047;Constantí;Tarragonès;2015;307,8030190;NA;NA;NA;768,50;42;0,00000000000000e+00;2,61904761904762e+01;11897;79,0;389,624074683544;15059,4936708861;31,0467868202068;69165,0;5,81365050012608;26,4662288829518;Tarragona;95;0
43051;Cunit;Baix Penedès;2015;470,9041141;NA;NA;NA;1349,40;242;0,00000000000000e+00;1,40495867768595e+01;13881;79,0;596,081157088608;17570,8860759494;40,7092383055976;121446,0;8,74908147827966;39,8295688594838;Tarragona;55;1
43086;Montblanc;Conca de Barberà;2015;317,8417293;NA;NA;NA;1069,10;12;1,66666666666667e+01;4,16666666666667e+01;14933;79,0;402,331302911392;18902,5316455696;25,5414233683788;96219,0;6,44338043259894;29,3330294460251;Tarragona;114;0
43092;Mont-roig del Camp;Baix Camp;2015;427,0666460;NA;NA;NA;1330,30;312;0,00000000000000e+00;1,92307692307692e+00;13170;79,0;540,590691139240;16670,8860759494;38,9126784510251;119727,0;9,09088838268793;41,3856203912444;Tarragona;120;1
43093;Móra d'Ebre;Ribera d'Ebre;2015;307,6532162;NA;NA;NA;708,80;47;0,00000000000000e+00;5,10638297872340e+01;14924;79,0;389,434450886076;18891,1392405063;24,7375944411686;63792,0;4,27445725006701;19,4591614900000;Tarragona;150;0
43100;Pallaresos, els;Tarragonès;2015;520,3846346;NA;NA;NA;NA;NA;NA;NA;16525;79,0;658,714727341772;20917,7215189873;37,7888993355522;NA;NA;NA;Tarragona;95;0
43123;Reus;Baix Camp;2015;380,5189059;NA;NA;NA;1004,00;655;2,74809160305344e+00;1,06870229007634e+01;14347;79,0;481,669501139240;18160,7594936709;31,8270500508817;90360,0;6,29818080434934;28,6720185037797;Tarragona;108;0
43129;Riudoms;Baix Camp;2015;349,5065000;NA;NA;NA;927,00;35;0,00000000000000e+00;2,00000000000000e+01;13356;79,0;442,413291139241;16906,3291139241;31,4022012578616;83430,0;6,24663072776280;28,4373404601231;Tarragona;115;0
43131;Roda de Berà;Tarragonès;2015;438,5727400;NA;NA;NA;1331,60;116;0,00000000000000e+00;2,24137931034483e+01;14205;79,0;555,155367088608;17981,0126582278;37,0494394931362;119844,0;8,43674762407603;38,4076912847880;Tarragona;75;1
43133;Roquetes;Baix Ebre;2015;298,6817153;NA;NA;NA;633,80;38;0,00000000000000e+00;0,00000000000000e+00;13208;79,0;378,078120632911;16718,9873417722;27,1364368837068;57042,0;4,31874621441550;19,6607838389362;Tarragona;178;0
43136;Ràpita, la;Montsià;2015;261,4178753;NA;NA;NA;875,70;210;0,00000000000000e+00;1,09523809523810e+01;11798;79,0;330,908702911392;14934,1772151899;26,5893753483641;78813,0;6,68020003390405;30,4111337751337;Tarragona;180;1
43145;Selva del Camp, la;Baix Camp;2015;421,1764647;NA;NA;NA;846,90;14;0,00000000000000e+00;0,00000000000000e+00;14705;79,0;533,134765400000;18613,9240506329;34,3700617232234;76221,0;5,18333900034002;23,5967807762015;Tarragona;116;0
43148;Tarragona;Tarragonès;2015;431,5254732;NA;NA;NA;1233,40;949;4,21496311907271e-01;1,38040042149631e+01;15759;79,0;546,234776202532;19948,1012658228;32,8593545174186;111006,0;7,04397487200000;32,0671927545163;Tarragona;98;1
43153;Torredembarra;Tarragonès;2015;429,0855340;NA;NA;NA;1384,90;207;4,83091787439614e-01;2,12560386473430e+01;13449;79,0;543,146245569620;17024,0506329114;38,2855707338836;124641,0;9,26767789426723;42,1904420200000;Tarragona;84;1
43155;Tortosa;Baix Ebre;2015;314,3282008;NA;NA;NA;700,20;171;0,00000000000000e+00;4,67836257309941e+00;13182;79,0;397,883798481013;16686,0759493671;28,6143104961311;63018,0;4,78060992262176;21,7633853994962;Tarragona;175;0
43156;Ulldecona;Montsià;2015;274,7799871;NA;NA;NA;604,70;48;0,00000000000000e+00;1,04166666666667e+01;10808;79,0;347,822768481013;13681,0126582278;30,5085107809030;54423,0;5,03543671354552;22,9234661738651;Tarragona;198;0
43161;Valls;Alt Camp;2015;381,3278099;NA;NA;NA;1050,00;69;0,00000000000000e+00;1,01449275362319e+01;15041;79,0;482,693430253164;19039,2405063291;30,4230684050263;94500,0;6,28282693969816;28,6021211310210;Tarragona;101;0
43162;Vandellòs i l'Hospitalet de l'Infant;Baix Camp;2015;401,5362290;NA;NA;NA;1494,90;33;1,21212121212121e+01;3,03030303030303e+01;14767;79,0;508,273707594937;18692,4050632911;32,6297470576285;134541,0;9,11092300399540;41,4768265745358;Tarragona;132;1
43163;Vendrell, el;Baix Penedès;2015;377,4117429;NA;NA;NA;1148,00;472;0,00000000000000e+00;9,74576271186441e+00;13908;79,0;477,736383417721;17605,0632911392;32,5635671182053;103320,0;7,42881794650561;33,8191633806906;Tarragona;65;1
43171;Vila-seca;Tarragonès;2015;415,6364329;NA;NA;NA;1801,80;264;0,00000000000000e+00;1,51515151515152e+00;13306;79,0;526,122066962025;16843,0379746835;37,4841214098903;162162,0;12,18713362392906;55,4810558204400;Tarragona;106;1
43901;Deltebre;Baix Ebre;2015;263,0311695;NA;NA;NA;665,70;92;0,00000000000000e+00;3,26086956521739e+01;11441;79,0;332,950847468354;14482,2784810127;27,5882705532733;59913,0;5,23669259700000;23,8396692153387;Tarragona;170;1
43905;Salou;Tarragonès;2015;444,4160650;NA;NA;NA;1555,40;744;4,03225806451613e+00;1,08870967741935e+01;12049;79,0;562,551981012658;15251,8987341772;44,2608745954021;139986,0;11,61805959000747;52,8903869054809;Tarragona;110;1
43907;Canonja, la;Tarragonès;2015;356,9361033;NA;NA;NA;NA;NA;NA;NA;13742;79,0;451,817852300000;17394,9367088608;31,1689218425266;NA;NA;NA;Tarragona;100;0
08001;Abrera;Baix Llobregat;2014;536,7186347;NA;NA;NA;1320,80;54;0,00000000000000e+00;1,85185185185185e+00;17084;79,1;678,531775853350;21597,9772439949;37,6997402036994;118872,0;6,95808944041208;31,6762054605798;Barcelona;35;0
08003;Alella;Maresme;2014;901,0407939;NA;NA;NA;2202,80;57;0,00000000000000e+00;2,80701754385965e+01;21707;79,1;1139,116047914033;27442,4778761062;49,8110725900000;198252,0;9,13309070806652;41,5777434648345;Barcelona;18;0
08005;Ametlla del Vallès, l';Vallès Oriental;2014;753,6914202;NA;NA;NA;1334,40;43;0,00000000000000e+00;6,04651162790698e+01;19360;79,1;952,833653855879;24475,3476611884;46,7164103429752;120096,0;6,20330578512397;28,2401067515960;Barcelona;35;0
08006;Arenys de Mar;Maresme;2014;520,0583068;NA;NA;NA;1567,70;62;0,00000000000000e+00;2,25806451612903e+01;15249;79,1;657,469414412137;19278,1289506953;40,9253044894747;141093,0;9,25260672831005;42,1218316151071;Barcelona;40;1
08007;Arenys de Munt;Maresme;2014;489,3254058;NA;NA;NA;1235,80;48;0,00000000000000e+00;4,16666666666667e+01;15354;79,1;618,616189380531;19410,8723135272;38,2434861899179;111222,0;7,24384525205158;32,9770883938281;Barcelona;45;0
08009;Argentona;Maresme;2014;589,2030028;NA;NA;NA;1438,70;49;0,00000000000000e+00;4,08163265306122e+01;16925;79,1;744,883695069532;21396,9658659924;41,7751021187592;129483,0;7,65039881800000;34,8278944816216;Barcelona;35;0
08010;Artés;Bages;2014;309,8381430;NA;NA;NA;1100,30;29;0,00000000000000e+00;3,79310344827586e+01;14975;79,1;391,704352718078;18931,7319848293;24,8284321602671;99027,0;6,61282136894825;30,1043972128809;Barcelona;72;0
08015;Badalona;Barcelonès;2014;538,4794261;NA;NA;NA;1878,10;997;1,70511534603811e+00;2,57773319959880e+01;15520;79,1;680,757807964602;19620,7332490518;41,6350071726804;169029,0;10,89104381443299;49,5806994866287;Barcelona;10;1
08019;Barcelona;Barcelonès;2014;688,2341194;NA;NA;NA;2754,50;10606;1,08429191023949e+03;1,09374882142184e+03;19691;79,1;870,081061188369;24893,8053097345;41,9420518653192;247905,0;12,58976182012087;57,3139919411978;Barcelona;0;1
08020;Begues;Baix Llobregat;2014;736,7099872;NA;NA;NA;1530,80;29;0,00000000000000e+00;0,00000000000000e+00;19835;79,1;931,365344121365;25075,8533501896;44,5703042419965;137772,0;6,94590370600000;31,6207307726182;Barcelona;32;0
08022;Berga;Berguedà;2014;317,3549113;NA;NA;NA;759,90;98;0,00000000000000e+00;1,02040816326531e+00;15691;79,1;401,207220353982;19836,9152970923;24,2703392747435;68391,0;4,35861321776815;19,8422755257147;Barcelona;108;0
08023;Bigues i Riells del Fai;Vallès Oriental;2014;622,1916340;NA;NA;NA;1208,80;41;0,00000000000000e+00;6,34146341463415e+01;16749;79,1;786,588664981037;21174,4627054362;44,5775843811571;108792,0;6,49543256313810;29,5699930544609;Barcelona;41;0
08029;Cabrera de Mar;Maresme;2014;749,9761242;NA;NA;NA;NA;NA;NA;NA;19227;79,1;948,136693046776;24307,2060682680;46,8076844562334;NA;NA;NA;Barcelona;28;1
08030;Cabrils;Maresme;2014;987,1895105;NA;NA;NA;1658,80;26;0,00000000000000e+00;0,00000000000000e+00;22004;79,1;1248,027194058154;27817,9519595449;53,8369120432649;149292,0;6,78476640600000;30,8871647199160;Barcelona;27;0
08033;Caldes de Montbui;Vallès Oriental;2014;513,2577036;NA;NA;NA;1464,90;75;0,00000000000000e+00;5,46666666666667e+01;16566;79,1;648,871938811631;20943,1099873578;37,1791165229989;131841,0;7,95852951829047;36,2306374967391;Barcelona;34;0
08035;Calella;Maresme;2014;448,9603513;NA;NA;NA;1509,80;173;1,15606936416185e+00;2,89017341040462e+01;13474;79,1;567,585779140329;17034,1340075853;39,9845941487309;135882,0;10,08475582603533;45,9101309800000;Barcelona;50;1
08040;Canet de Mar;Maresme;2014;489,7586381;NA;NA;NA;1265,30;63;1,58730158730159e+00;1,42857142857143e+01;15041;79,1;619,163891400000;19015,1706700379;39,0738890845024;113877,0;7,57110564457150;34,4669179686485;Barcelona;43;1
08041;Canovelles;Vallès Oriental;2014;420,6932113;NA;NA;NA;1160,20;85;2,35294117647059e+00;8,00000000000000e+01;13829;79,1;531,849824652339;17482,9329962073;36,5053043285849;104418,0;7,55065442186709;34,3738152372374;Barcelona;31;0
08043;Canyelles;Garraf;2014;0,0000000;NA;NA;NA;NA;NA;NA;NA;15646;79,1;0,000000000000;19780,0252844501;0,0000000000000;NA;NA;NA;Barcelona;46;0
08044;Capellades;Anoia;2014;359,9807934;NA;NA;NA;711,60;24;0,00000000000000e+00;1,25000000000000e+01;15730;79,1;455,095819721871;19886,2199747156;27,4619804246662;64044,0;4,07145581691036;18,5350119576053;Barcelona;60;0
08046;Cardedeu;Vallès Oriental;2014;495,6830100;NA;NA;NA;1612,70;68;0,00000000000000e+00;0,00000000000000e+00;16233;79,1;626,653615676359;20522,1238938053;36,6426176307522;145143,0;8,94123082609499;40,7043150484540;Barcelona;39;0
08051;Castellar del Vallès;Vallès Occidental;2014;526,9871983;NA;NA;NA;1312,30;137;7,29927007299270e-01;2,33576642335766e+01;16390;79,1;666,229074968395;20720,6068268015;38,5835654643075;118107,0;7,20604026845638;32,8049839047940;Barcelona;34;0
08054;Castellbisbal;Vallès Occidental;2014;569,6690971;NA;NA;NA;1264,00;36;0,00000000000000e+00;2,77777777777778e+00;16489;79,1;720,188491908976;20845,7648546144;41,4581185347808;113760,0;6,89914488446843;31,4078645775194;Barcelona;29;0
08056;Castelldefels;Baix Llobregat;2014;763,2081221;NA;NA;NA;2385,30;357;0,00000000000000e+00;0,00000000000000e+00;17485;79,1;964,864882553730;22104,9304677623;52,3791676591364;214677,0;12,27778095510438;55,8937213245777;Barcelona;22;1
08067;Centelles;Osona;2014;386,7297085;NA;NA;NA;1405,60;50;0,00000000000000e+00;9,60000000000000e+01;15822;79,1;488,912400126422;20002,5284450063;29,3310359120212;126504,0;7,99544937428896;36,3987125055757;Barcelona;54;0
08068;Cervelló;Baix Llobregat;2014;656,7249069;NA;NA;NA;1389,30;47;0,00000000000000e+00;4,46808510638298e+01;18052;79,1;830,246405689001;22821,7446270544;43,6555444427210;125037,0;6,92649014000000;31,5323518993961;Barcelona;25;0
08072;Corbera de Llobregat;Baix Llobregat;2014;552,0802918;NA;NA;NA;1313,10;45;2,22222222222222e+00;4,00000000000000e+01;17072;79,1;697,952328445006;21582,8065739570;38,8060186363636;118179,0;6,92238753514527;31,5136750855033;Barcelona;30;0
08073;Cornellà de Llobregat;Baix Llobregat;2014;513,7462452;NA;NA;NA;1682,80;289;3,11418685121107e+00;3,46020761245675e+00;15747;79,1;649,489564096081;19907,7117572693;39,1500282110878;151452,0;9,61783196799390;43,7844934464459;Barcelona;12;0
08074;Cubelles;Garraf;2014;529,7046375;NA;NA;NA;1406,90;184;0,00000000000000e+00;4,89130434782609e+00;16177;79,1;669,664522756005;20451,3274336283;39,2931671508932;126621,0;7,82722383631081;35,6328777530410;Barcelona;50;1
08075;Dosrius;Maresme;2014;676,6892398;NA;NA;NA;1015,20;24;0,00000000000000e+00;2,91666666666667e+01;16653;79,1;855,485764600000;21053,0973451327;48,7616097856242;91368,0;5,48657899477572;24,9772592034868;Barcelona;39;0
08076;Esparreguera;Baix Llobregat;2014;461,3972630;NA;NA;NA;1206,40;119;0,00000000000000e+00;7,56302521008403e+00;15995;79,1;583,308802781290;20221,2389400000;34,6156121037824;108576,0;6,78812128800000;30,9024375797906;Barcelona;39;0
08077;Esplugues de Llobregat;Baix Llobregat;2014;636,5116296;NA;NA;NA;2109,80;162;0,00000000000000e+00;3,70370370370370e+00;18703;79,1;804,692325663717;23644,7534766119;40,8391143410148;189882,0;10,15248890552318;46,2184809870112;Barcelona;8;0
08086;Franqueses del Vallès, les;Vallès Oriental;2014;495,3632860;NA;NA;NA;1432,30;68;4,41176470588235e+00;6,76470588235294e+01;15106;79,1;626,249413400759;19097,3451327434;39,3509826029392;128907,0;8,53349662400000;38,8481341996782;Barcelona;35;0
08088;Garriga, la;Vallès Oriental;2014;526,3148886;NA;NA;NA;1779,80;62;0,00000000000000e+00;6,29032258064516e+01;16523;79,1;665,379125916561;20888,7484197219;38,2241642752527;160182,0;9,69448647340071;44,1334576101778;Barcelona;38;0
08089;Gavà;Baix Llobregat;2014;686,7677586;NA;NA;NA;2448,60;231;1,16883116883117e+01;3,54978355000000e+01;17238;79,1;868,227254867257;21792,6675094817;47,8084064462235;220374,0;12,78419770274974;58,1991474166780;Barcelona;20;1
08091;Gelida;Alt Penedès;2014;413,8525982;NA;NA;NA;883,40;29;0,00000000000000e+00;1,72413793103448e+01;15847;79,1;523,201767635904;20034,1340075853;31,3386204227930;79506,0;5,01710102858585;22,8399942770152;Barcelona;35;0
08092;Gironella;Berguedà;2014;0,0000000;NA;NA;NA;NA;NA;NA;NA;15471;79,1;0,000000000000;19558,7863463970;0,0000000000000;NA;NA;NA;Barcelona;94;0
08096;Granollers;Vallès Oriental;2014;477,9848007;NA;NA;NA;1495,20;371;2,96495956873315e+00;2,77628032345013e+01;15780;79,1;604,279141213654;19949,4310998736;36,3486540456274;134568,0;8,52775665399239;38,8220033966237;Barcelona;30;0
08101;Hospitalet de Llobregat, l';Barcelonès;2014;504,4360555;NA;NA;NA;1645,00;1481;2,63335584064821e+03;2,49831195138420e+04;15208;79,1;637,719412768647;19226,2958280657;39,8029502000000;148050,0;9,73500789058390;44,3179284692033;Barcelona;0;0
08102;Igualada;Anoia;2014;327,0749366;NA;NA;NA;967,50;160;1,87500000000000e+00;2,00000000000000e+01;15149;79,1;413,495495069532;19151,7067003793;25,9086358122648;87075,0;5,74790415208925;26,1669233269464;Barcelona;65;0
08105;Llagosta, la;Vallès Oriental;2014;462,9288091;NA;NA;NA;1324,30;32;3,12500000000000e+00;2,81250000000000e+01;14957;79,1;585,245017825537;18908,9759797724;37,1407749495220;119187,0;7,96864344454102;36,2766804239922;Barcelona;19;0
08106;Llinars del Vallès;Vallès Oriental;2014;503,4755066;NA;NA;NA;1489,60;24;0,00000000000000e+00;0,00000000000000e+00;15312;79,1;636,505065233881;19357,7749683944;39,4573281034483;134064,0;8,75548589341693;39,8587245022044;Barcelona;41;0
08107;Lliçà d'Amunt;Vallès Oriental;2014;579,1524039;NA;NA;NA;1369,20;60;0,00000000000000e+00;6,33333333333333e+01;16772;79,1;732,177501769911;21203,5398230089;41,4370906677796;123228,0;7,34724540901503;33,4478102269807;Barcelona;32;0
08108;Lliçà de Vall;Vallès Oriental;2014;0,0000000;NA;NA;NA;1520,40;17;0,00000000000000e+00;7,64705882352941e+01;18549;79,1;0,000000000000;23450,0632111252;0,0000000000000;136836,0;7,37700145560408;33,5832725048834;Barcelona;28;0
08110;Malgrat de Mar;Maresme;2014;453,6861741;NA;NA;NA;1346,00;142;7,04225352112676e-01;4,50704225352113e+01;13916;79,1;573,560270700000;17592,9203539823;39,1221190658235;121140,0;8,70508766887036;39,6292901827325;Barcelona;62;1
08112;Manlleu;Osona;2014;348,4601640;NA;NA;NA;778,80;84;0,00000000000000e+00;1,78571428571429e+01;13733;79,1;440,531180800000;17361,5676359039;30,4487145416151;70092,0;5,10391028908469;23,2351872383864;Barcelona;78;0
08113;Manresa;Bages;2014;342,8765373;NA;NA;NA;899,10;384;2,08333333333333e+00;7,29166666666667e+01;15125;79,1;433,472234260430;19121,3653603034;27,2034277527273;80919,0;5,35001652900000;24,3555683264844;Barcelona;55;0
08114;Martorell;Baix Llobregat;2014;454,5692200;NA;NA;NA;1016,80;101;0,00000000000000e+00;7,92079207920792e+00;14934;79,1;574,676637168142;18879,8988621997;36,5262531137003;91512,0;6,12776215347529;27,8961997613461;Barcelona;32;0
08118;Masnou, el;Maresme;2014;672,0906526;NA;NA;NA;1921,10;109;0,00000000000000e+00;2,20183486238532e+01;19018;79,1;849,672127200000;24042,9835651075;42,4076550173520;172899,0;9,09133452518667;41,3876514231212;Barcelona;19;1
08119;Masquefa;Anoia;2014;467,3643160;NA;NA;NA;1140,30;27;0,00000000000000e+00;1,11111111111111e+01;15018;79,1;590,852485461441;18986,0935524652;37,3443320815022;102627,0;6,83359968000000;31,1094747149962;Barcelona;46;0
08120;Matadepera;Vallès Occidental;2014;856,3972200;NA;NA;NA;1666,10;73;0,00000000000000e+00;2,73972602700000e+00;21862;79,1;1082,676637168141;27638,4323640961;47,0074404903486;149949,0;6,85888756746867;31,2245960157257;Barcelona;32;0
08121;Mataró;Maresme;2014;484,0514590;NA;NA;NA;1347,90;706;0,00000000000000e+00;1,55807365439093e+01;13918;79,1;611,948747155499;17595,4487989886;41,7345704000000;121311,0;8,71612300600000;39,6795277680510;Barcelona;31;1
08123;Molins de Rei;Baix Llobregat;2014;587,6526982;NA;NA;NA;1705,00;84;0,00000000000000e+00;3,33333333333333e+01;18808;79,1;742,923765107459;23777,4968394437;37,4937918885581;153450,0;8,15876222883879;37,1421826175045;Barcelona;18;0
08124;Mollet del Vallès;Vallès Oriental;2014;477,5523026;NA;NA;NA;1877,90;210;6,66666666666667e+00;3,90476190476191e+01;15471;79,1;603,732367383059;19558,7863463970;37,0410938607718;169011,0;10,92437463641652;49,7324356743225;Barcelona;23;0
08125;Montcada i Reixac;Vallès Occidental;2014;505,6818332;NA;NA;NA;1309,20;138;1,44927536231884e+00;4,85507246376812e+01;15698;79,1;639,294353000000;19845,7648546144;38,6557650554211;117828,0;7,50592432156963;34,1701846487793;Barcelona;14;0
08126;Montgat;Maresme;2014;670,8055325;NA;NA;NA;1866,50;44;9,09090909090909e+00;2,50000000000000e+01;18541;79,1;848,047449400000;23439,9494310999;43,4154920985923;167985,0;9,06019092800000;41,2458724211461;Barcelona;15;1
08135;Montmeló;Vallès Oriental;2014;443,3668728;NA;NA;NA;1052,80;25;8,00000000000000e+00;6,00000000000000e+01;15996;79,1;560,514377749684;20222,5031605563;33,2608306676669;94752,0;5,92348087021755;26,9662238023363;Barcelona;24;0
08136;Montornès del Vallès;Vallès Oriental;2014;495,6559487;NA;NA;NA;1372,40;124;3,22580645161290e+00;7,33870967741936e+01;14825;79,1;626,619404171934;18742,0986093552;40,1205489672850;123516,0;8,33160202400000;37,9290234446863;Barcelona;26;0
08138;Moià;Moianès;2014;367,0764357;NA;NA;NA;991,40;27;0,00000000000000e+00;3,70370370370370e+01;14315;79,1;464,066290391909;18097,3451327434;30,7713393531261;89226,0;6,23304226336011;28,3754799459691;Barcelona;55;0
08140;Navarcles;Bages;2014;338,6855811;NA;NA;NA;1113,50;21;0,00000000000000e+00;3,80952380952381e+01;15692;79,1;428,173933122630;19838,1795195955;25,8999934565384;100215,0;6,38637522304359;29,0735172989533;Barcelona;60;0
08141;Navàs;Bages;2014;330,2388711;NA;NA;NA;658,60;37;1,62162162162162e+01;4,32432432432432e+01;15373;79,1;417,495412262958;19434,8925410872;25,7780944070773;59274,0;3,85572106940740;17,5528949202473;Barcelona;80;0
08147;Olesa de Montserrat;Baix Llobregat;2014;447,9566672;NA;NA;NA;1048,40;95;0,00000000000000e+00;9,47368421052632e+00;15531;79,1;566,316899115044;19634,6397000000;34,6112935831563;94356,0;6,07533320455863;27,6575207141466;Barcelona;38;0
08155;Palafolls;Maresme;2014;420,1758634;NA;NA;NA;1224,90;53;0,00000000000000e+00;6,41509433962264e+01;13916;79,1;531,195781800000;17592,9203539823;36,2324688186260;110241,0;7,92188847400000;36,0638317569309;Barcelona;60;0
08156;Palau-solità i Plegamans;Vallès Occidental;2014;572,2521718;NA;NA;NA;1633,70;41;0,00000000000000e+00;2,43902439024390e+01;16892;79,1;723,454073072061;21355,2465233881;40,6525341084537;147033,0;8,70429789249349;39,6256947821565;Barcelona;28;0
08157;Pallejà;Baix Llobregat;2014;596,7090769;NA;NA;NA;1555,10;43;2,32558139534884e+00;3,95348837209302e+01;18102;79,1;754,373042900000;22884,9557522124;39,5564518992377;139959,0;7,73168710639708;35,1979536101860;Barcelona;22;0
08159;Parets del Vallès;Vallès Oriental;2014;534,0741041;NA;NA;NA;1798,10;100;1,00000000000000e+00;4,10000000000000e+01;16551;79,1;675,188500758534;20924,1466498104;38,7220666400000;161829,0;9,77759651984774;44,5118101636539;Barcelona;25;0
08161;Piera;Anoia;2014;446,9329842;NA;NA;NA;1171,10;51;0,00000000000000e+00;2,54901960784314e+01;14033;79,1;565,022736030341;17740,8343868521;38,2184551443027;105399,0;7,51079598090216;34,1923625300000;Barcelona;50;0
08163;Pineda de Mar;Maresme;2014;443,0679825;NA;NA;NA;1420,40;276;1,08695652173913e+00;4,02173913043478e+01;13080;79,1;560,136513906448;16536,0303413401;40,6484387614679;127836,0;9,77339449541284;44,4926807473838;Barcelona;55;1
08167;Polinyà;Vallès Occidental;2014;517,4576913;NA;NA;NA;1001,60;51;0,00000000000000e+00;8,23529411764706e+01;15787;79,1;654,181657774968;19958,2806573957;39,3329467004497;90144,0;5,71001456894914;25,9944337045235;Barcelona;25;0
08169;Prat de Llobregat, el;Baix Llobregat;2014;577,1004061;NA;NA;NA;1731,70;299;3,34448160535117e-01;2,57525083612040e+01;16770;79,1;729,583319974716;21201,0113780025;41,2951990053667;155853,0;9,29355992800000;42,3082681351905;Barcelona;11;1
08172;Premià de Mar;Maresme;2014;586,3866392;NA;NA;NA;1636,30;138;0,00000000000000e+00;0,00000000000000e+00;16847;79,1;741,323184800000;21298,3565107459;41,7679092443759;147267,0;8,74143764468451;39,7947708527119;Barcelona;22;1
08180;Ripollet;Vallès Occidental;2014;494,1545602;NA;NA;NA;1539,30;130;7,69230769230769e-01;2,46153846153846e+01;15331;79,1;624,721315044248;19381,7951959545;38,6788514930533;138537,0;9,03639684299785;41,1375515467910;Barcelona;16;0
08181;Roca del Vallès, la;Vallès Oriental;2014;541,5897487;NA;NA;NA;1495,20;50;0,00000000000000e+00;4,00000000000000e+00;17257;79,1;684,689947787611;21816,6877370417;37,6605260728980;134568,0;7,79787912151591;35,4992880337673;Barcelona;36;0
08183;Roda de Ter;Osona;2014;354,0325288;NA;NA;NA;929,60;49;0,00000000000000e+00;3,67346938775510e+01;15157;79,1;447,575889759798;19161,8204804046;28,0292296998087;83664,0;5,51982582305205;25,1286130158246;Barcelona;79;0
08184;Rubí;Vallès Occidental;2014;476,1088969;NA;NA;NA;1130,00;325;1,23076923076923e+00;2,00000000000000e+01;15065;79,1;601,907581415929;19045,5120101138;37,9243728031862;101700,0;6,75074676402257;30,7322927278812;Barcelona;24;0
08187;Sabadell;Vallès Occidental;2014;488,9710417;NA;NA;NA;1255,80;1263;3,56294536817102e+03;3,00870942201109e+04;16048;79,1;618,168194310999;20288,2427307206;36,5631387100000;113022,0;7,04274675972084;32,0616018600000;Barcelona;26;0
08191;Sallent;Bages;2014;321,3464667;NA;NA;NA;959,40;35;2,85714285714286e+00;5,71428571428571e+01;16706;79,1;406,253434513274;21120,1011378003;23,0824709709087;86346,0;5,16856219322399;23,5295104166772;Barcelona;68;0
08192;Santpedor;Bages;2014;388,1068826;NA;NA;NA;1194,20;32;0,00000000000000e+00;3,43750000000000e+01;16809;79,1;490,653454614412;21250,3160556258;27,7070771086918;107478,0;6,39407460289131;29,1085681760747;Barcelona;65;0
08194;Sant Adrià de Besòs;Barcelonès;2014;564,4749611;NA;NA;NA;1878,30;158;1,39240506329114e+01;1,39240506329114e+01;14661;79,1;713,621948293300;18534,7661188369;46,2021658358911;169047,0;11,53038674033149;52,4912625160298;Barcelona;8;1
08196;Sant Andreu de la Barca;Baix Llobregat;2014;508,2528092;NA;NA;NA;1365,30;155;0,00000000000000e+00;2,90322580645161e+01;15729;79,1;642,544638685209;19884,9557522124;38,7757245241274;122877,0;7,81213046000000;35,5641662333108;Barcelona;27;0
08197;Sant Andreu de Llavaneres;Maresme;2014;691,9682536;NA;NA;NA;1908,90;72;0,00000000000000e+00;4,02777777777778e+01;18591;79,1;874,801837673831;23503,1605562579;44,6647250992416;171801,0;9,24108439567533;42,0693770183318;Barcelona;36;1
08198;Sant Antoni de Vilamajor;Vallès Oriental;2014;524,7829467;NA;NA;NA;1181,10;32;0,00000000000000e+00;0,00000000000000e+00;16843;79,1;663,442410493047;21293,2996207333;37,3887986724455;106299,0;6,31116784420828;28,7311410756321;Barcelona;44;0
08200;Sant Boi de Llobregat;Baix Llobregat;2014;536,5049537;NA;NA;NA;1768,90;224;0,00000000000000e+00;3,08035714285714e+01;15939;79,1;678,261635524652;20150,4424778761;40,3918655147751;159201,0;9,98814229249012;45,4703047633843;Barcelona;15;0
08202;Sant Celoni;Vallès Oriental;2014;434,1282620;NA;NA;NA;1111,10;76;0,00000000000000e+00;2,36842105263158e+01;14905;79,1;548,834718078382;18843,2364096081;34,9516212277759;99999,0;6,70909090909091;30,5426574219899;Barcelona;52;0
08205;Sant Cugat del Vallès;Vallès Occidental;2014;858,3157763;NA;NA;NA;2567,90;651;6,14439324116744e-01;4,56221198156682e+01;21079;79,1;1085,102119216182;26648,5461441214;48,8627985938612;231111,0;10,96404003985009;49,9130095918610;Barcelona;17;0
08208;Sant Esteve Sesrovires;Baix Llobregat;2014;642,1339092;NA;NA;NA;1397,60;35;0,00000000000000e+00;8,57142857142857e+00;17635;79,1;811,800138053097;22294,5638432364;43,6949640510349;125784,0;7,13263396654380;32,4708069555903;Barcelona;38;0
08209;Sant Fost de Campsentelles;Vallès Oriental;2014;658,4633744;NA;NA;NA;1568,70;19;0,00000000000000e+00;2,63157894736842e+01;17915;79,1;832,444215423515;22648,5461441214;44,1058358515211;141183,0;7,88071448506838;35,8763901129746;Barcelona;22;0
08210;Sant Feliu de Codines;Vallès Oriental;2014;394,3125006;NA;NA;NA;1120,20;39;0,00000000000000e+00;6,92307692307692e+01;14797;79,1;498,498736536030;18706,7003792668;31,9777658119889;100818,0;6,81340812300000;31,0175540926427;Barcelona;39;0
08211;Sant Feliu de Llobregat;Baix Llobregat;2014;583,6005565;NA;NA;NA;2005,40;229;4,36681222707424e-01;5,28384279475983e+01;17892;79,1;737,800956384324;22619,4690265487;39,1415530851777;180486,0;10,08752515090543;45,9227381316793;Barcelona;16;0
08213;Sant Fruitós de Bages;Bages;2014;388,1037907;NA;NA;NA;1373,60;37;0,00000000000000e+00;3,51351351351351e+01;17382;79,1;490,649545764855;21974,7155499368;26,7934960787021;123624,0;7,11218501898516;32,3777145816178;Barcelona;57;0
08214;Vilassar de Dalt;Maresme;2014;665,4335930;NA;NA;NA;1591,90;31;0,00000000000000e+00;0,00000000000000e+00;18998;79,1;841,256122629583;24017,6991150443;42,0318092220234;143271,0;7,54137277608169;34,3315612073879;Barcelona;26;0
08217;Sant Joan Despí;Baix Llobregat;2014;621,1696375;NA;NA;NA;2117,70;103;0,00000000000000e+00;1,06796116504854e+01;18816;79,1;785,296634007585;23787,6106194690;39,6154105548469;190593,0;10,12930484693878;46,1129372153453;Barcelona;11;0
08218;Sant Joan de Vilatorrada;Bages;2014;366,4675349;NA;NA;NA;769,20;37;0,00000000000000e+00;4,05405405405405e+01;15474;79,1;463,296504298357;19562,5790139064;28,4193512911981;69228,0;4,47382706500000;20,3667783393498;Barcelona;58;0
08219;Vilassar de Mar;Maresme;2014;655,1722481;NA;NA;NA;2238,80;146;0,00000000000000e+00;1,50684931506849e+01;18844;79,1;828,283499494311;23823,0088495575;41,7218582954787;201492,0;10,69263426024199;48,6774541550303;Barcelona;24;1
08221;Sant Just Desvern;Baix Llobregat;2014;837,6568063;NA;NA;NA;2489,90;98;3,06122448979592e+00;2,85714285714286e+01;22931;79,1;1058,984584450063;28989,8862199747;43,8353393903449;224091,0;9,77240416902883;44,4881723572169;Barcelona;10;0
08230;Premià de Dalt;Maresme;2014;744,0190048;NA;NA;NA;1623,60;54;0,00000000000000e+00;0,00000000000000e+00;19431;79,1;940,605568600000;24565,1074589128;45,9483714559209;146124,0;7,52014821676702;34,2349379162648;Barcelona;24;0
08231;Sant Pere de Ribes;Garraf;2014;557,2512250;NA;NA;NA;1647,50;181;0,00000000000000e+00;2,09944751381215e+01;15070;79,1;704,489538558786;19051,8331226296;44,3730238885202;148275,0;9,83908427339084;44,7917287722346;Barcelona;42;0
08234;Sant Pere de Vilamajor;Vallès Oriental;2014;0,0000000;NA;NA;NA;NA;NA;NA;NA;17040;79,1;0,000000000000;21542,3514538559;0,0000000000000;NA;NA;NA;Barcelona;46;0
08235;Sant Pol de Mar;Maresme;2014;539,2820726;NA;NA;NA;NA;NA;NA;NA;17404;79,1;681,772531731985;22002,5284450063;37,1833191863939;NA;NA;NA;Barcelona;48;1
08238;Sant Quirze del Vallès;Vallès Occidental;2014;636,1409968;NA;NA;NA;1974,30;103;0,00000000000000e+00;2,23300970873786e+01;20764;79,1;804,223763337548;26250,3160556258;36,7640722481218;177687,0;8,55745521094202;38,9572039570470;Barcelona;25;0
08240;Sant Sadurní d'Anoia;Alt Penedès;2014;452,9232816;NA;NA;NA;1173,40;32;0,00000000000000e+00;4,37500000000000e+01;16903;79,1;572,595804804046;21369,1529709229;32,1545251091522;105606,0;6,24776666863870;28,4425117498692;Barcelona;42;0
08244;Santa Coloma de Cervelló;Baix Llobregat;2014;657,8280876;NA;NA;NA;1674,70;27;0,00000000000000e+00;1,85185185185185e+01;17933;79,1;831,641071554994;22671,3021491783;44,0190545430212;150723,0;8,40478447554787;38,2621813328658;Barcelona;18;0
08245;Santa Coloma de Gramenet;Barcelonès;2014;469,8887004;NA;NA;NA;1585,60;446;2,24215246636771e-01;5,38116591928251e+00;13832;79,1;594,043869026549;17486,7256637168;40,7653586234818;142704,0;10,31694621168305;46,9671611331958;Barcelona;9;0
08248;Santa Eulàlia de Ronçana;Vallès Oriental;2014;610,6633431;NA;NA;NA;1622,90;28;0,00000000000000e+00;5,71428571428571e+01;16333;79,1;772,014340202276;20648,5461441214;44,8659775742362;146061,0;8,94269270800000;40,7109701615330;Barcelona;38;0
08250;Santa Margarida de Montbui;Anoia;2014;314,4771232;NA;NA;NA;841,60;52;3,84615384615385e+00;5,19230769230769e+01;10998;79,1;397,569055878635;13903,9190897598;34,3128339552646;75744,0;6,88707037643208;31,3528962416463;Barcelona;66;0
08251;Santa Margarida i els Monjos;Alt Penedès;2014;392,7453788;NA;NA;NA;811,90;33;0,00000000000000e+00;5,15151515151515e+01;15218;79,1;496,517545891277;19238,9380530973;30,9695396609279;73071,0;4,80161650700000;21,8590163742271;Barcelona;52;0
08252;Barberà del Vallès;Vallès Occidental;2014;527,6503663;NA;NA;NA;1245,90;206;2,42718446601942e+00;4,32038834951456e+01;16449;79,1;667,067466877370;20795,1959544880;38,4935521648732;112131,0;6,81688856465439;31,0333985535950;Barcelona;19;0
08259;Santa Maria de Palautordera;Vallès Oriental;2014;480,7521041;NA;NA;NA;1045,80;33;0,00000000000000e+00;3,03030303030303e+00;15139;79,1;607,777628445006;19139,0644753477;38,1070430622895;94122,0;6,21718739678975;28,3033017977383;Barcelona;54;0
08260;Santa Perpètua de Mogoda;Vallès Occidental;2014;495,9948209;NA;NA;NA;1371,70;154;3,24675324675325e+00;7,53246753246753e+01;15809;79,1;627,047814032870;19986,0935524652;37,6490470668606;123453,0;7,80903282940097;35,5500644926847;Barcelona;20;0
08262;Sant Vicenç de Castellet;Bages;2014;349,9906682;NA;NA;NA;1013,20;53;1,88679245283019e+00;2,26415094339623e+01;13722;79,1;442,466078634640;17347,6611883692;30,6069670500000;91188,0;6,64538696982947;30,2526497861332;Barcelona;52;0
08263;Sant Vicenç dels Horts;Baix Llobregat;2014;539,0597693;NA;NA;NA;1578,30;101;4,95049504950495e+00;3,66336633663366e+01;14914;79,1;681,491490900000;18854,6144121365;43,3734560252112;142047,0;9,52440659782754;43,3591811181173;Barcelona;21;0
08264;Sant Vicenç de Montalt;Maresme;2014;1005,4731850;NA;NA;NA;2751,40;61;0,00000000000000e+00;4,42622950819672e+01;19929;79,1;1271,141826801517;25194,6902654867;60,5433198855939;247626,0;12,42541020623212;56,5657929515324;Barcelona;38;1
08266;Cerdanyola del Vallès;Vallès Occidental;2014;581,1381091;NA;NA;NA;1733,40;253;7,90513833992095e-01;7,50988142292490e+00;17641;79,1;734,687874968394;22302,1491782554;39,5309637163426;156006,0;8,84337622583754;40,2588389663250;Barcelona;18;0
08267;Sentmenat;Vallès Occidental;2014;465,1535376;NA;NA;NA;1323,00;24;0,00000000000000e+00;3,75000000000000e+01;15756;79,1;588,057569700000;19919,0897597977;35,4267736176695;119070,0;7,55712109672506;34,4032543128920;Barcelona;32;0
08270;Sitges;Garraf;2014;778,0294536;NA;NA;NA;3429,00;370;0,00000000000000e+00;1,43243243243243e+01;17664;79,1;983,602343400000;22331,2262958281;52,8552617934783;308610,0;17,47112771739130;79,5360617226188;Barcelona;38;1
08274;Súria;Bages;2014;0,0000000;NA;NA;NA;965,60;25;0,00000000000000e+00;2,80000000000000e+01;16653;79,1;0,000000000000;21053,0973451327;0,0000000000000;86904,0;5,21851918600000;23,7569360587932;Barcelona;72;0
08278;Taradell;Osona;2014;385,3197607;NA;NA;NA;1547,60;21;0,00000000000000e+00;7,61904761904762e+01;16161;79,1;487,129912389381;20431,0998735778;28,6110830295155;139284,0;8,61852608100000;39,2352247347187;Barcelona;75;0
08279;Terrassa;Vallès Occidental;2014;440,8583910;NA;NA;NA;1094,60;1297;1,54202004626060e+02;5,93677717810332e+03;15476;79,1;557,343098609355;19565,1074589128;34,1839021194107;98514,0;6,36559834582579;28,9789320486175;Barcelona;28;0
08281;Teià;Maresme;2014;798,4180310;NA;NA;NA;2046,00;23;0,00000000000000e+00;2,60869565217391e+01;20924;79,1;1009,378041719343;26452,5916561315;45,7896022366660;184140,0;8,80042057000000;40,0632864081452;Barcelona;22;0
08282;Tiana;Maresme;2014;744,1691586;NA;NA;NA;2644,50;37;0,00000000000000e+00;4,05405405405405e+01;21263;79,1;940,795396500000;26881,1630847029;41,9979772525043;238005,0;11,19338757466021;50,9570978716593;Barcelona;17;0
08283;Tona;Osona;2014;417,0522119;NA;NA;NA;1456,10;63;0,00000000000000e+00;9,36507936507936e+01;16140;79,1;527,246791276865;20404,5512010114;31,0075993977695;131049,0;8,11951672862453;36,9635202793963;Barcelona;61;0
08284;Tordera;Maresme;2014;390,8912996;NA;NA;NA;1180,60;207;0,00000000000000e+00;7,92270531400966e+01;12668;79,1;494,173577200000;16015,1706700379;37,0279096558257;106254,0;8,38759077991790;38,1839082609161;Barcelona;65;0
08285;Torelló;Osona;2014;348,4495355;NA;NA;NA;1094,20;82;0,00000000000000e+00;1,34146341463415e+01;15712;79,1;440,517743994943;19863,4639696587;26,6127445646640;98478,0;6,26769348268839;28,5332271483156;Barcelona;82;0
08289;Torrelles de Llobregat;Baix Llobregat;2014;577,3134284;NA;NA;NA;1561,50;17;0,00000000000000e+00;3,52941176470588e+01;17520;79,1;729,852627560051;22149,1782553729;39,5420156438356;140535,0;8,02140411000000;36,5168695851995;Barcelona;25;0
08291;Vacarisses;Vallès Occidental;2014;574,4492652;NA;NA;NA;1279,80;34;0,00000000000000e+00;0,00000000000000e+00;15356;79,1;726,231687989886;19413,4007585335;44,8905390883043;115182,0;7,50078145350352;34,1467721090421;Barcelona;42;0
08295;Vallirana;Baix Llobregat;2014;588,1971230;NA;NA;NA;1277,30;54;3,70370370370370e+00;5,00000000000000e+01;16454;79,1;743,612039190898;20801,5170670038;42,8975657955512;114957,0;6,98656861553422;31,8058548722814;Barcelona;28;0
08298;Vic;Osona;2014;425,5524005;NA;NA;NA;1193,70;265;1,13207547169811e+00;2,41509433962264e+01;15581;79,1;537,992920986094;19697,8508217446;32,7747179641871;107433,0;6,89512868236955;31,3895811041687;Barcelona;70;0
08300;Viladecavalls;Vallès Occidental;2014;0,0000000;NA;NA;NA;1300,10;39;0,00000000000000e+00;1,53846153846154e+01;17179;79,1;0,000000000000;21718,0783800000;0,0000000000000;117009,0;6,81116479422551;31,0073414973202;Barcelona;32;0
08301;Viladecans;Baix Llobregat;2014;592,6147827;NA;NA;NA;1674,80;307;0,00000000000000e+00;4,23452768729642e+00;16541;79,1;749,196943994943;20911,5044247788;42,9924272559096;150732,0;9,11262922435161;41,4845940209056;Barcelona;18;1
08302;Vilanova del Camí;Anoia;2014;331,4277138;NA;NA;NA;716,60;32;0,00000000000000e+00;3,43750000000000e+01;12705;79,1;418,998373957016;16061,9469026549;31,3036801700118;64494,0;5,07626918536009;23,1093530900000;Barcelona;64;0
08305;Vilafranca del Penedès;Alt Penedès;2014;403,8973644;NA;NA;NA;1172,40;219;1,36986301400000e+00;4,52054794520548e+01;15301;79,1;510,616137041719;19343,8685208597;31,6761543219397;105516,0;6,89601986798249;31,3936381630525;Barcelona;48;0
08307;Vilanova i la Geltrú;Garraf;2014;493,0760069;NA;NA;NA;1599,80;414;2,41545893719807e-01;3,88888888888889e+01;15265;79,1;623,357783691530;19298,3565107459;38,7612976272519;143982,0;9,43216508352440;42,9392582090941;Barcelona;45;1
08902;Vilanova del Vallès;Vallès Oriental;2014;674,1927759;NA;NA;NA;994,50;43;0,00000000000000e+00;8,83720930232558e+01;18061;79,1;852,329678800000;22833,1226295828;44,7943818769725;89505,0;4,95570566413820;22,5604962631960;Barcelona;30;0
08904;Badia del Vallès;Vallès Occidental;2014;0,0000000;NA;NA;NA;1123,60;22;0,00000000000000e+00;0,00000000000000e+00;12047;79,1;0,000000000000;15230,0884955752;0,0000000000000;101124,0;8,39412301800000;38,2136458092822;Barcelona;20;0
17008;Anglès;Selva;2014;321,1440029;NA;NA;NA;945,60;23;1,30434782608696e+01;4,78260869565217e+01;13907;79,1;405,997475200000;17581,5423514539;27,7107070885166;85104,0;6,11950816100000;27,8586240500000;Girona;101;0
17009;Arbúcies;Selva;2014;318,3254000;NA;NA;NA;868,50;40;2,50000000000000e+00;4,75000000000000e+01;13068;79,1;402,434134007585;16520,8596713022;29,2309825528007;78165,0;5,98140495867769;27,2299190800261;Girona;78;0
17015;Banyoles;Pla de l'Estany;2014;388,8124400;NA;NA;NA;1030,80;105;4,76190476190476e+00;5,14285714285714e+01;14954;79,1;491,545436156764;18905,1833122630;31,2006772769827;92772,0;6,20382506352815;28,2424707294613;Girona;118;0
17020;Bescanó;Gironès;2014;0,0000000;NA;NA;NA;NA;NA;NA;NA;16176;79,1;0,000000000000;20450,0632111252;0,0000000000000;NA;NA;NA;Girona;98;0
17022;Bisbal d'Empordà, la;Baix Empordà;2014;339,1033668;NA;NA;NA;794,90;40;2,50000000000000e+00;2,00000000000000e+01;12204;79,1;428,702107206068;15428,5714285714;33,3434972271386;71541,0;5,86209439528024;26,6867662573784;Girona;120;0
17023;Blanes;Selva;2014;418,3526283;NA;NA;NA;1753,70;319;0,00000000000000e+00;5,01567398119122e+00;13023;79,1;528,890806953224;16463,9696586599;38,5489636765722;157833,0;12,11955770559779;55,1734212762768;Girona;70;1
17033;Caldes de Malavella;Selva;2014;502,8653923;NA;NA;NA;2231,50;60;0,00000000000000e+00;6,50000000000000e+01;15174;79,1;635,733745006321;19183,3122629583;39,7679234717280;200835,0;13,23546856465006;60,2535258006214;Girona;85;0
17034;Calonge i Sant Antoni;Baix Empordà;2014;470,3189101;NA;NA;NA;1817,00;286;0,00000000000000e+00;3,42657342657343e+01;13454;79,1;594,587749810367;17008,8495575221;41,9490628898469;163530,0;12,15474951687231;55,3336294848673;Girona;112;1
17044;Cassà de la Selva;Gironès;2014;427,0005428;NA;NA;NA;887,30;61;1,96721311475410e+01;9,01639344300000e+01;15198;79,1;539,823695069532;19213,6536030341;33,7150053533360;79857,0;5,25444137386498;23,9204692558912;Girona;96;0
17047;Castelló d'Empúries;Alt Empordà;2014;455,8776768;NA;NA;NA;1942,20;368;0,00000000000000e+00;2,36413043478261e+01;9850;79,1;576,330817699115;12452,5916561315;55,5383971736041;174798,0;17,74598984771574;80,7873519493471;Girona;142;1
17048;Castell d'Aro, Platja d'Aro i s'Agaró;Baix Empordà;2014;484,3349028;NA;NA;NA;1936,50;339;0,00000000000000e+00;2,65486725663717e+00;11951;79,1;612,307083185841;15108,7231352718;48,6320712375533;174285,0;14,58329846874738;66,3894252215365;Girona;107;1
17049;Celrà;Gironès;2014;477,8116771;NA;NA;NA;1272,30;24;4,16666666666667e+00;7,91666666666667e+01;15140;79,1;604,060274462705;19140,3286978508;37,8714671413474;114507,0;7,56321003963012;34,4309737907961;Girona;109;0
17062;Escala, l';Alt Empordà;2014;463,4770796;NA;NA;NA;1748,80;356;0,00000000000000e+00;6,46067415730337e+00;12126;79,1;585,938153729456;15329,9620733249;45,8661137654626;157392,0;12,97971301335972;59,0892169109850;Girona;140;1
17066;Figueres;Alt Empordà;2014;404,6971730;NA;NA;NA;1101,40;289;3,46020761245675e-01;4,56747404844291e+01;12009;79,1;511,627273072061;15182,0480404551;40,4393877591806;99126,0;8,25430926804897;37,5771536926956;Girona;138;0
17079;Girona;Gironès;2014;466,0231408;NA;NA;NA;1508,50;543;5,70902394100000e+00;5,17495395948435e+01;15848;79,1;589,156941592920;20035,3982300885;35,2869616961131;135765,0;8,56669611307420;38,9992725043238;Girona;102;0
17089;Llagostera;Gironès;2014;363,5089172;NA;NA;NA;1380,30;74;0,00000000000000e+00;8,51351351351351e+01;13337;79,1;459,556153223767;16860,9355246523;32,7068081757517;124227,0;9,31446352253130;42,4034302550304;Girona;90;0
17092;Llançà;Alt Empordà;2014;419,9907688;NA;NA;NA;NA;NA;NA;NA;13513;79,1;530,961781036663;17083,4386900000;37,2965975401465;NA;NA;NA;Girona;160;1
17095;Lloret de Mar;Selva;2014;437,4858543;NA;NA;NA;2009,80;400;0,00000000000000e+00;1,25000000000000e+00;10104;79,1;553,079461820480;12773,7041719343;51,9579399406176;180882,0;17,90201900237530;81,4976635374868;Girona;75;1
17103;Maçanet de la Selva;Selva;2014;465,0386418;NA;NA;NA;1057,30;48;0,00000000000000e+00;5,00000000000000e+01;12914;79,1;587,912315802781;16326,1694058154;43,2125112405142;95157,0;7,36851479015022;33,5446375662421;Girona;78;0
17114;Olot;Garrotxa;2014;348,3637011;NA;NA;NA;1128,30;194;5,15463917525773e+00;6,75257732000000e+01;14953;79,1;440,409230214918;18903,9190900000;27,9566937283488;101547,0;6,79107871330168;30,9159010477988;Girona;112;0
17117;Palafrugell;Baix Empordà;2014;393,9763352;NA;NA;NA;2107,40;247;0,00000000000000e+00;1,21457489878543e+01;11763;79,1;498,073748672566;14871,0493046776;40,1914139454221;189666,0;16,12394797245600;73,4031221048759;Girona;122;1
17118;Palamós;Baix Empordà;2014;447,8170728;NA;NA;NA;1738,40;149;0,00000000000000e+00;3,35570469798658e+01;13620;79,1;566,140420733249;17218,7104930468;39,4552487048458;156456,0;11,48722466960352;52,2947702702500;Girona;115;1
17141;Puigcerdà;Cerdanya;2014;442,9185628;NA;NA;NA;1632,10;56;1,78571428571429e+00;3,92857142857143e+01;12191;79,1;559,947614159292;15412,1365360303;43,5979226773850;146889,0;12,04897055204659;54,8520782987377;Girona;151;0
17147;Ripoll;Ripollès;2014;333,9886378;NA;NA;NA;1099,20;60;0,00000000000000e+00;5,83333333333333e+01;15909;79,1;422,235951706700;20112,5158027813;25,1924297793702;98928,0;6,21836696209693;28,3086716845937;Girona;102;0
17152;Roses;Alt Empordà;2014;444,4166276;NA;NA;NA;2062,00;652;0,00000000000000e+00;4,29447852760736e+00;11178;79,1;561,841501390645;14131,4791400000;47,7097828878154;185580,0;16,60225442834139;75,5805781000000;Girona;150;1
17155;Salt;Gironès;2014;376,1993650;NA;NA;NA;853,40;257;1,12840466926070e+01;3,57976653696498e+01;10981;79,1;475,599702907712;13882,4273072061;41,1109405336490;76806,0;6,99444495036882;31,8417113243483;Girona;100;0
17160;Sant Feliu de Guíxols;Baix Empordà;2014;433,8696673;NA;NA;NA;1720,10;300;0,00000000000000e+00;0,00000000000000e+00;13116;79,1;548,507796839444;16581,5423514539;39,6953035041171;154809,0;11,80306495882891;53,7326106400685;Girona;105;1
17164;Sant Hilari Sacalm;Selva;2014;309,5101071;NA;NA;NA;1003,70;15;0,00000000000000e+00;5,33333333333333e+01;14127;79,1;391,289642351454;17859,6713021492;26,2909413548524;90333,0;6,39435124230198;29,1098275572433;Girona;95;0
17180;Santa Coloma de Farners;Selva;2014;393,5368809;NA;NA;NA;1000,70;65;1,53846153846154e+00;5,38461538461538e+01;13645;79,1;497,518180657396;17250,3160556258;34,6093262792232;90063,0;6,60043972200000;30,0480306468052;Girona;90;0
17181;Santa Cristina d'Aro;Baix Empordà;2014;0,0000000;NA;NA;NA;1590,20;62;0,00000000000000e+00;0,00000000000000e+00;13871;79,1;0,000000000000;17536,0303413401;0,0000000000000;143118,0;10,31778530747603;46,9709810568929;Girona;101;1
17186;Sarrià de Ter;Gironès;2014;0,0000000;NA;NA;NA;NA;NA;NA;NA;16601;79,1;0,000000000000;20987,3577749684;0,0000000000000;NA;NA;NA;Girona;106;0
17193;Sils;Selva;2014;446,1195416;NA;NA;NA;930,30;82;0,00000000000000e+00;7,31707317073171e+01;14178;79,1;563,994363590392;17924,1466498104;37,7587424121879;83727,0;5,90541684299619;26,8839886079472;Girona;80;0
17199;Torroella de Montgrí;Baix Empordà;2014;434,2075323;NA;NA;NA;1470,40;176;0,00000000000000e+00;3,06818181818182e+01;12853;79,1;548,934933375474;16249,0518331226;40,5390989465495;132336,0;10,29611763790555;46,8723405379624;Girona;135;1
17202;Tossa de Mar;Selva;2014;459,3831224;NA;NA;NA;1653,20;171;0,00000000000000e+00;2,92397660818713e+00;12899;79,1;580,762480910240;16307,2060682680;42,7366266300000;148788,0;11,53484766260950;52,5115705500000;Girona;87;1
17213;Vidreres;Selva;2014;519,4141151;NA;NA;NA;1107,80;62;0,00000000000000e+00;5,80645161290323e+01;14233;79,1;656,655012768647;17993,6788900000;43,7923795489356;99702,0;7,00498840722265;31,8897096590100;Girona;82;0
17221;Vilafant;Alt Empordà;2014;0,0000000;NA;NA;NA;1157,50;11;0,00000000000000e+00;9,09090909090909e+00;14341;79,1;0,000000000000;18130,2149178255;0,0000000000000;104175,0;7,26413778676522;33,0694687094895;Girona;136;0
25003;Agramunt;Urgell;2014;320,0155321;NA;NA;NA;492,30;13;2,30769230769231e+01;3,07692307692308e+01;13882;79,1;404,570837041719;17549,9367888748;27,6630628526149;44307,0;3,19168707679009;14,5299275722292;Lleida;112;0
25011;Alcarràs;Segrià;2014;340,9929204;NA;NA;NA;620,00;75;1,33333333333333e+00;6,26666666666667e+01;12136;79,1;431,090923388116;15342,6042983565;33,7171641793012;55800,0;4,59789057350033;20,9315686064010;Lleida;165;0
25019;Almacelles;Segrià;2014;292,4711931;NA;NA;NA;784,30;46;0,00000000000000e+00;3,47826086956522e+01;12772;79,1;369,748663843236;16146,6498103666;27,4792852896962;70587,0;5,52669902912621;25,1599027958199;Lleida;170;0
25023;Alpicat;Segrià;2014;0,0000000;NA;NA;NA;932,80;19;0,00000000000000e+00;1,57894736842105e+01;16664;79,1;0,000000000000;21067,0037926675;0,0000000000000;83952,0;5,03792606817091;22,9347987830897;Lleida;160;0
25040;Balaguer;Noguera;2014;294,1420818;NA;NA;NA;870,70;89;0,00000000000000e+00;1,57303370786517e+01;12522;79,1;371,861038938053;15830,5941845765;28,1880289218975;78363,0;6,25802587446095;28,4892160520014;Lleida;145;0
25050;Bellpuig;Urgell;2014;327,1377967;NA;NA;NA;NA;NA;NA;NA;12905;79,1;413,574964222503;16314,7914032870;30,4196323936459;NA;NA;NA;Lleida;123;0
25058;Borges Blanques, les;Garrigues;2014;290,8181176;NA;NA;NA;615,50;29;3,44827586206897e+00;5,86206896551724e+01;13770;79,1;367,658808596713;17408,3438685209;25,3436268061002;55395,0;4,02287581699346;18,3138549759625;Lleida;125;0
25072;Cervera;Segarra;2014;274,0126338;NA;NA;NA;1068,40;34;0,00000000000000e+00;2,35294117647059e+01;13219;79,1;346,412937800253;16711,7572692794;24,8744353249111;96156,0;7,27407519479537;33,1147080501453;Lleida;102;0
25110;Guissona;Segarra;2014;333,9160395;NA;NA;NA;867,60;22;4,54545454545455e+00;3,18181818181818e+01;14479;79,1;422,144171302149;18304,6776232617;27,6745111817114;78084,0;5,39291387526763;24,5508554333950;Lleida;110;0
25120;Lleida;Segrià;2014;375,1912968;NA;NA;NA;995,40;704;8,80681818181818e+00;4,09090909090909e+01;14646;79,1;474,325280404551;18515,8027812895;30,7407863006964;89586,0;6,11675542810324;27,8460924298265;Lleida;155;0
25137;Mollerussa;Pla d'Urgell;2014;319,4464645;NA;NA;NA;628,10;88;1,13636363636364e+00;1,36363636363636e+01;12684;79,1;403,851408975980;16035,3982300885;30,2219928571429;56529,0;4,45671712393567;20,2888865552021;Lleida;135;0
25203;Seu d'Urgell, la;Alt Urgell;2014;350,2762480;NA;NA;NA;1142,80;34;2,94117647058824e+01;4,11764705882353e+01;12772;79,1;442,827115044248;16146,6498103666;32,9103897275290;102852,0;8,05292828061384;36,6603811233749;Lleida;180;0
25207;Solsona;Solsonès;2014;289,2976968;NA;NA;NA;792,00;49;0,00000000000000e+00;3,06122448979592e+01;13340;79,1;365,736658407080;16864,7281921618;26,0237808215892;71280,0;5,34332833583208;24,3251208048759;Lleida;115;0
25217;Tàrrega;Urgell;2014;295,9773973;NA;NA;NA;854,50;78;0,00000000000000e+00;2,05128205128205e+01;13160;79,1;374,181286093553;16637,1681415929;26,9888204224924;76905,0;5,84384498480243;26,6036871189482;Lleida;100;0
25234;Tremp;Pallars Jussà;2014;281,4811471;NA;NA;NA;617,90;39;0,00000000000000e+00;0,00000000000000e+00;14331;79,1;355,854800379267;18117,5726927939;23,5697004061126;55611,0;3,88046891354407;17,6655577100000;Lleida;190;0
25243;Vielha e Mijaran;Val d'Aran;2014;528,1275100;NA;NA;NA;1726,20;79;1,26582278481013e+00;3,29113924050633e+01;13597;79,1;667,670682680152;17189,6333754741;46,6097677428845;155358,0;11,42590277267044;52,0156067120463;Lleida;280;0
43004;Alcanar;Montsià;2014;0,0000000;NA;NA;NA;931,10;76;1,31578947368421e+00;3,42105263157895e+01;11470;79,1;0,000000000000;14500,6321112516;0,0000000000000;83799,0;7,30592850915432;33,2597179898529;Tarragona;190;1
43005;Alcover;Alt Camp;2014;396,9807577;NA;NA;NA;1238,90;8;0,00000000000000e+00;2,50000000000000e+01;14526;79,1;501,872007206068;18364,0960809102;32,7947755225114;111501,0;7,67596034696407;34,9442615200000;Tarragona;105;0
43012;Altafulla;Tarragonès;2014;508,5728793;NA;NA;NA;NA;NA;NA;NA;16548;79,1;642,949278508218;20920,3539823009;36,8798317113851;NA;NA;NA;Tarragona;88;1
43013;Ametlla de Mar, l';Baix Ebre;2014;340,8518407;NA;NA;NA;1709,20;98;0,00000000000000e+00;7,14285714285714e+00;10714;79,1;430,912567256637;13544,8799000000;38,1764241963786;153828,0;14,35766287100989;65,3622352702774;Tarragona;144;1
43014;Amposta;Montsià;2014;275,6575394;NA;NA;NA;658,50;162;1,23456790123457e+00;2,83950617283951e+01;11587;79,1;348,492464475348;14648,5461441214;28,5482909536550;59265,0;5,11478380944162;23,2846881635836;Tarragona;168;0
43016;Arboç, l';Baix Penedès;2014;350,3092132;NA;NA;NA;686,60;31;7,74193548387097e+01;8,38709677419355e+01;12318;79,1;442,868790400000;15572,6927939317;34,1265672868972;61794,0;5,01656113000000;22,8375364274887;Tarragona;60;0
43037;Calafell;Baix Penedès;2014;436,3707740;NA;NA;NA;1326,40;489;1,22699386503067e+00;6,03271983640082e+01;13323;79,1;551,669752212389;16843,2364096081;39,3038301283495;119376,0;8,96014411168656;40,7904164309475;Tarragona;62;1
43038;Cambrils;Baix Camp;2014;460,6061887;NA;NA;NA;1780,50;518;0,00000000000000e+00;1,15830115830116e+00;14220;79,1;582,308708849558;17977,2439949431;38,8697205654008;160245,0;11,26898734177215;51,3012604100000;Tarragona;115;1
43043;Catllar, el;Tarragonès;2014;0,0000000;NA;NA;NA;NA;NA;NA;NA;16827;79,1;0,000000000000;21273,0720606827;0,0000000000000;NA;NA;NA;Tarragona;92;0
43044;Sénia, la;Montsià;2014;0,0000000;NA;NA;NA;406,10;13;7,69230769230769e+00;5,38461538461538e+01;10572;79,1;0,000000000000;13365,3603034134;0,0000000000000;36549,0;3,45715096481271;15,7384329717905;Tarragona;195;0
43047;Constantí;Tarragonès;2014;294,8726075;NA;NA;NA;697,10;24;0,00000000000000e+00;5,00000000000000e+01;11470;79,1;372,784585967130;14500,6321112516;30,8497932868352;62739,0;5,46983435047951;24,9010304056777;Tarragona;95;0
43051;Cunit;Baix Penedès;2014;443,4568181;NA;NA;NA;1338,90;155;0,00000000000000e+00;4,06451612903226e+01;13840;79,1;560,628088621998;17496,8394400000;38,4500131300578;120501,0;8,70671965317919;39,6367196747960;Tarragona;55;1
43086;Montblanc;Conca de Barberà;2014;345,9560692;NA;NA;NA;557,70;12;0,00000000000000e+00;4,16666666666667e+01;15243;79,1;437,365447787611;19270,5436156764;27,2352740956505;50193,0;3,29285573705963;14,9904906759825;Tarragona;114;0
43092;Mont-roig del Camp;Baix Camp;2014;399,9102354;NA;NA;NA;1376,70;303;0,00000000000000e+00;6,93069306930693e+00;12251;79,1;505,575518836915;15487,9898862200;39,1716825140805;123903,0;10,11370500367317;46,0419200425041;Tarragona;120;1
43093;Móra d'Ebre;Ribera d'Ebre;2014;301,5116983;NA;NA;NA;570,00;46;0,00000000000000e+00;7,17391304347826e+01;14583;79,1;381,177873957016;18436,1567635904;24,8106725612014;51300,0;3,51779469245011;16,0145092126881;Tarragona;150;0
43100;Pallaresos, els;Tarragonès;2014;0,0000000;NA;NA;NA;NA;NA;NA;NA;16725;79,1;0,000000000000;21144,1213653603;0,0000000000000;NA;NA;NA;Tarragona;95;0
43123;Reus;Baix Camp;2014;373,8444304;NA;NA;NA;1011,40;629;5,24642289348172e+00;3,17965023847377e+01;13911;79,1;472,622541592920;17586,5992400000;32,2488186672417;91026,0;6,54345481992668;29,7886109503277;Tarragona;108;0
43129;Riudoms;Baix Camp;2014;406,8823412;NA;NA;NA;901,00;16;0,00000000000000e+00;6,25000000000000e+01;13105;79,1;514,389811883692;16567,6359039191;37,2574444400000;81090,0;6,18771461274323;28,1691290523392;Tarragona;115;0
43131;Roda de Berà;Tarragonès;2014;402,8162342;NA;NA;NA;1321,00;110;9,09090909090909e-01;6,27272727272727e+01;13654;79,1;509,249347914033;17261,6940581542;35,4020419686539;118890,0;8,70733850886187;39,6395369700000;Tarragona;75;1
43133;Roquetes;Baix Ebre;2014;317,1594459;NA;NA;NA;689,50;41;0,00000000000000e+00;1,46341463414634e+01;12663;79,1;400,960108596713;16008,8495575221;30,0553845913291;62055,0;4,90049751243781;22,3091650937225;Tarragona;178;0
43136;Ràpita, la;Montsià;2014;243,8763098;NA;NA;NA;900,30;174;5,74712643678161e-01;2,35632183908046e+01;11263;79,1;308,313918836915;14238,9380530973;25,9834477279588;81027,0;7,19408683299299;32,7505667431665;Tarragona;180;1
43145;Selva del Camp, la;Baix Camp;2014;387,6153738;NA;NA;NA;1111,10;20;0,00000000000000e+00;0,00000000000000e+00;14401;79,1;490,032078128951;18206,0682680152;32,2990381612388;99999,0;6,94389278522325;31,6115762012888;Tarragona;116;0
43148;Tarragona;Tarragonès;2014;429,7670684;NA;NA;NA;1279,70;819;7,32600732600733e-01;2,02686202686203e+01;15433;79,1;543,321198988622;19510,7458912769;33,4167357014190;115173,0;7,46277457396488;33,9737485000000;Tarragona;98;1
43153;Torredembarra;Tarragonès;2014;419,8540522;NA;NA;NA;1366,30;206;4,85436893203883e-01;7,03883495100000e+01;13183;79,1;530,788940800000;16666,2452591656;38,2177700553743;122967,0;9,32769475840097;42,4636645117893;Tarragona;84;1
43155;Tortosa;Baix Ebre;2014;317,6984584;NA;NA;NA;715,10;178;0,00000000000000e+00;1,46067415730337e+01;13281;79,1;401,641540328698;16790,1390644753;28,7055304630675;64359,0;4,84594533544161;22,0608202022617;Tarragona;175;0
43156;Ulldecona;Montsià;2014;0,0000000;NA;NA;NA;588,20;57;0,00000000000000e+00;4,56140350877193e+01;10475;79,1;0,000000000000;13242,7307206068;0,0000000000000;52938,0;5,05374701670644;23,0068225218882;Tarragona;198;0
43161;Valls;Alt Camp;2014;372,0321473;NA;NA;NA;1333,70;55;0,00000000000000e+00;4,90909090909091e+01;14705;79,1;470,331412515803;18590,3919089760;30,3596447983679;120033,0;8,16273376402584;37,1602627479277;Tarragona;101;0
43162;Vandellòs i l'Hospitalet de l'Infant;Baix Camp;2014;395,1904762;NA;NA;NA;1110,60;150;0,00000000000000e+00;1,26666666666667e+01;14142;79,1;499,608693046776;17878,6346396966;33,5333454560882;99954,0;7,06788290199406;32,1760323600000;Tarragona;132;1
43163;Vendrell, el;Baix Penedès;2014;373,5317938;NA;NA;NA;1145,20;500;0,00000000000000e+00;1,72000000000000e+01;13398;79,1;472,227299367889;16938,0530973451;33,4556017733990;103068,0;7,69278996865204;35,0208771673504;Tarragona;65;1
43171;Vila-seca;Tarragonès;2014;422,5837561;NA;NA;NA;1791,20;243;8,23045267000000e-01;3,95061728395062e+01;13081;79,1;534,239893900000;16537,2945638432;38,7661881599266;161208,0;12,32382845348215;56,1033492737513;Tarragona;106;1
43901;Deltebre;Baix Ebre;2014;282,5822224;NA;NA;NA;848,00;82;0,00000000000000e+00;6,09756097560976e+01;11152;79,1;357,246804600000;14098,6093552465;30,4069823242468;76320,0;6,84361549497848;31,1550710000000;Tarragona;170;1
43905;Salou;Tarragonès;2014;438,3198485;NA;NA;NA;1592,10;575;6,26086956521739e+00;4,83478260869565e+01;11704;79,1;554,133816055626;14796,4601769912;44,9405176179084;143289,0;12,24273752563226;55,7341886135500;Tarragona;110;1
43907;Canonja, la;Tarragonès;2014;394,0411303;NA;NA;NA;NA;NA;NA;NA;12916;79,1;498,155664096081;16328,6978508217;36,6095816320842;NA;NA;NA;Tarragona;100;0
08001;Abrera;Baix Llobregat;2013;522,1471966;NA;NA;NA;1376,80;36;0,00000000000000e+00;8,33333333333333e+00;16463;79,0;660,945818481013;20839,2405063291;38,0596875369009;123912,0;7,52669622790500;34,2647472695277;Barcelona;35;0
08003;Alella;Maresme;2013;923,9093913;NA;NA;NA;2310,50;26;0,00000000000000e+00;2,30769230769231e+01;21789;79,0;1169,505558607595;27581,0126582278;50,8830726311442;207945,0;9,54357703428335;43,4464531615631;Barcelona;18;0
08005;Ametlla del Vallès, l';Vallès Oriental;2013;708,1815909;NA;NA;NA;1312,00;40;0,00000000000000e+00;9,00000000000000e+01;19125;79,0;896,432393544304;24208,8607594937;44,4349233505882;118080,0;6,17411764705882;28,1072298367071;Barcelona;35;0
08006;Arenys de Mar;Maresme;2013;544,0889132;NA;NA;NA;1546,00;64;1,56250000000000e+00;3,12500000000000e+01;15208;79,0;688,720143291139;19250,6329113924;42,9317922041031;139140,0;9,14913203577065;41,6507704600000;Barcelona;40;1
08007;Arenys de Munt;Maresme;2013;486,5531394;NA;NA;NA;1338,70;30;0,00000000000000e+00;3,66666666666667e+01;15468;79,0;615,890049873418;19579,7468354430;37,7465585259891;120483,0;7,78917765709853;35,4596752381783;Barcelona;45;0
08009;Argentona;Maresme;2013;595,0007653;NA;NA;NA;1357,90;48;0,00000000000000e+00;4,58333333333333e+01;16207;79,0;753,165525696203;20515,1898734177;44,0550946109706;122211,0;7,54063059171963;34,3281824660619;Barcelona;35;0
08010;Artés;Bages;2013;314,8469510;NA;NA;NA;1353,80;28;0,00000000000000e+00;4,64285714285714e+01;14931;79,0;398,540444303797;18900,0000000000;25,3041551900000;121842,0;8,16033755274262;37,1493541700000;Barcelona;72;0
08015;Badalona;Barcelonès;2013;541,1459864;NA;NA;NA;1786,90;840;2,85714285714286e+00;2,11904761904762e+01;15224;79,0;684,994919493671;19270,8860759494;42,6547020283762;160821,0;10,56364950078823;48,0902602454478;Barcelona;10;1
08019;Barcelona;Barcelonès;2013;681,5566748;NA;NA;NA;2719,00;8908;9,76650202065559e+02;9,89223170184104e+02;19474;79,0;862,729968101266;24650,6329113924;41,9979464804355;244710,0;12,56598541645271;57,2057515608238;Barcelona;0;1
08020;Begues;Baix Llobregat;2013;793,7899101;NA;NA;NA;1795,80;23;0,00000000000000e+00;0,00000000000000e+00;19480;79,0;1004,797354556962;24658,2278481013;48,8987624291581;161622,0;8,29681724800000;37,7706682390009;Barcelona;32;0
08022;Berga;Berguedà;2013;324,1060726;NA;NA;NA;1044,60;103;0,00000000000000e+00;2,91262135922330e+00;15564;79,0;410,260851392405;19701,2658227848;24,9889030531997;94014,0;6,04047802600000;27,4988450029396;Barcelona;108;0
08023;Bigues i Riells del Fai;Vallès Oriental;2013;563,5493402;NA;NA;NA;1305,20;34;0,00000000000000e+00;1,00000000000000e+02;16584;79,0;713,353595189873;20992,4050632911;40,7778104300000;117468,0;7,08321273516643;32,2458203277765;Barcelona;41;0
08029;Cabrera de Mar;Maresme;2013;819,1929947;NA;NA;NA;NA;NA;NA;NA;19496;79,0;1036,953157848101;24678,4810126582;50,4222196163316;NA;NA;NA;Barcelona;28;1
08030;Cabrils;Maresme;2013;880,6447316;NA;NA;NA;1744,90;26;0,00000000000000e+00;0,00000000000000e+00;21109;79,0;1114,740166582278;26720,2531645570;50,0627068000000;157041,0;7,43952816300000;33,8679208782713;Barcelona;27;0
08033;Caldes de Montbui;Vallès Oriental;2013;512,3466304;NA;NA;NA;1537,70;72;0,00000000000000e+00;9,16666666666667e+01;16229;79,0;648,540038481013;20543,0379746835;37,8837855986198;138393,0;8,52751247766344;38,8208918013172;Barcelona;34;0
08035;Calella;Maresme;2013;462,8087878;NA;NA;NA;1541,50;159;6,28930818000000e-01;5,78616352201258e+01;13387;79,0;585,833908607595;16945,5696202532;41,4858105146784;138735,0;10,36341226563084;47,1786945267225;Barcelona;50;1
08040;Canet de Mar;Maresme;2013;494,2195972;NA;NA;NA;1519,70;67;7,46268656716418e+00;4,32835820895522e+01;15037;79,0;625,594426835443;19034,1772151899;39,4402817476890;136773,0;9,09576378266942;41,4078153016201;Barcelona;43;1
08041;Canovelles;Vallès Oriental;2013;433,6422277;NA;NA;NA;2270,20;135;5,18518518518519e+00;8,51851851851852e+01;13498;79,0;548,914212278481;17086,0759493671;38,5516871566158;204318,0;15,13690917172914;68,9096984300000;Barcelona;31;0
08043;Canyelles;Garraf;2013;0,0000000;NA;NA;NA;NA;NA;NA;NA;15478;79,0;0,000000000000;19592,4050632911;0,0000000000000;NA;NA;NA;Barcelona;46;0
08044;Capellades;Anoia;2013;338,2432500;NA;NA;NA;821,10;30;0,00000000000000e+00;1,00000000000000e+01;15571;79,0;428,156012658228;19710,1265822785;26,0671697386167;73899,0;4,74593796159527;21,6055437720493;Barcelona;60;0
08046;Cardedeu;Vallès Oriental;2013;509,0818922;NA;NA;NA;1760,40;84;0,00000000000000e+00;1,19047619047619e+00;16167;79,0;644,407458481013;20464,5569620253;37,7867427871590;158436,0;9,79996288736315;44,6136314600000;Barcelona;39;0
08051;Castellar del Vallès;Vallès Occidental;2013;521,1294196;NA;NA;NA;1466,30;111;0,00000000000000e+00;2,97297297297297e+01;16246;79,0;659,657493200000;20564,5569620253;38,4928784636218;131967,0;8,12304567278099;36,9795855457480;Barcelona;34;0
08054;Castellbisbal;Vallès Occidental;2013;546,2536297;NA;NA;NA;1691,10;36;0,00000000000000e+00;5,55555555555556e+00;16155;79,0;691,460290759494;20449,3670886076;40,5759427800000;152199,0;9,42116991600000;42,8892034958292;Barcelona;29;0
08056;Castelldefels;Baix Llobregat;2013;694,0694177;NA;NA;NA;2560,60;262;0,00000000000000e+00;0,00000000000000e+00;17307;79,0;878,568883200000;21907,5949367089;48,1240712567169;230454,0;13,31565262610504;60,6185580162983;Barcelona;22;1
08067;Centelles;Osona;2013;415,3717219;NA;NA;NA;1646,50;38;2,63157894736842e+00;9,73684210526316e+01;15798;79,0;525,786989746835;19997,4683544304;31,5512132092670;148185,0;9,37998480800000;42,7017112300000;Barcelona;54;0
08068;Cervelló;Baix Llobregat;2013;650,1175193;NA;NA;NA;1469,70;45;4,44444444444444e+00;4,44444444444444e+01;18056;79,0;822,933568734177;22855,6962025316;43,2067469627825;132273,0;7,32570890562694;33,3497668327321;Barcelona;25;0
08072;Corbera de Llobregat;Baix Llobregat;2013;541,8437249;NA;NA;NA;1273,90;56;0,00000000000000e+00;4,82142857142857e+01;16710;79,0;685,878132784810;21151,8987341772;38,9115780897666;114651,0;6,86122082585278;31,2352180079551;Barcelona;30;0
08073;Cornellà de Llobregat;Baix Llobregat;2013;532,5749776;NA;NA;NA;1555,30;290;3,44827586206897e-01;6,89655172413793e-01;15519;79,0;674,145541265823;19644,3037974684;41,1811310728784;139977,0;9,01971776500000;41,0616212363311;Barcelona;12;0
08074;Cubelles;Garraf;2013;545,4225625;NA;NA;NA;1531,50;120;0,00000000000000e+00;1,50000000000000e+01;16046;79,0;690,408306962025;20311,3924050633;40,7894226000000;137835,0;8,58999127508413;39,1053220664031;Barcelona;50;1
08075;Dosrius;Maresme;2013;674,1690044;NA;NA;NA;2030,30;23;0,00000000000000e+00;3,47826086956522e+01;16174;79,0;853,378486582278;20473,4177215190;50,0187217311735;182727,0;11,29757635711636;51,4314098660698;Barcelona;39;0
08076;Esparreguera;Baix Llobregat;2013;474,5771007;NA;NA;NA;1331,30;84;0,00000000000000e+00;6,30952380952381e+01;15679;79,0;600,730507215190;19846,8354430380;36,3219925275847;119817,0;7,64187767076982;34,7891025657161;Barcelona;39;0
08077;Esplugues de Llobregat;Baix Llobregat;2013;671,4226682;NA;NA;NA;2470,60;290;6,20689655172414e+00;1,20689655172414e+01;18375;79,0;849,902111645570;23259,4936708861;43,8480109800000;222354,0;12,10089795918367;55,0884741127892;Barcelona;8;0
08086;Franqueses del Vallès, les;Vallès Oriental;2013;500,7578264;NA;NA;NA;1978,90;92;4,34782608695652e+00;9,45652173913043e+01;14994;79,0;633,870666329114;18979,7468354430;40,0766567747099;178101,0;11,87815126050420;54,0744356682620;Barcelona;35;0
08088;Garriga, la;Vallès Oriental;2013;548,1097395;NA;NA;NA;1605,20;66;0,00000000000000e+00;8,63636363636364e+01;16492;79,0;693,809796835443;20875,9493670886;39,8818631700218;144468,0;8,75988357991754;39,8787446600000;Barcelona;38;0
08089;Gavà;Baix Llobregat;2013;657,7836650;NA;NA;NA;2363,10;232;3,87931034482759e+00;4,22413793103448e+01;17044;79,0;832,637550632911;21574,6835443038;46,3119219700000;212679,0;12,47823280919972;56,8062640806970;Barcelona;20;1
08091;Gelida;Alt Penedès;2013;424,9716242;NA;NA;NA;1230,70;39;0,00000000000000e+00;2,05128205128205e+01;15601;79,0;537,938764810127;19748,1012658228;32,6880295500000;110763,0;7,09973719633357;32,3210467576088;Barcelona;35;0
08092;Gironella;Berguedà;2013;0,0000000;NA;NA;NA;NA;NA;NA;NA;15359;79,0;0,000000000000;19441,7721518987;0,0000000000000;NA;NA;NA;Barcelona;94;0
08096;Granollers;Vallès Oriental;2013;489,4381924;NA;NA;NA;1469,10;313;9,58466453674121e-01;2,55591054313099e+01;15491;79,0;619,542015696202;19608,8607594937;37,9140036718094;132219,0;8,53521399522303;38,8559524102192;Barcelona;30;0
08101;Hospitalet de Llobregat, l';Barcelonès;2013;515,6487447;NA;NA;NA;1825,20;1442;3,67545076282940e+03;3,08599167822469e+04;15057;79,0;652,719930000000;19059,4936708861;41,0957357800359;164268,0;10,90974297668858;49,6658260879208;Barcelona;0;0
08102;Igualada;Anoia;2013;353,4350864;NA;NA;NA;1118,10;159;2,51572327044025e+00;2,07547169811321e+01;15056;79,0;447,386185316456;19058,2278481013;28,1696402550478;100629,0;6,68364771519660;30,4268290980985;Barcelona;65;0
08105;Llagosta, la;Vallès Oriental;2013;493,1055161;NA;NA;NA;1032,80;32;3,12500000000000e+00;3,75000000000000e+01;14557;79,0;624,184197594937;18426,5822784810;40,6489399821392;92952,0;6,38538160335234;29,0689939162404;Barcelona;19;0
08106;Llinars del Vallès;Vallès Oriental;2013;500,0334939;NA;NA;NA;1680,40;18;0,00000000000000e+00;0,00000000000000e+00;15264;79,0;632,953789746835;19321,5189873418;39,3108092688679;151236,0;9,90801886792453;45,1055485928177;Barcelona;41;0
08107;Lliçà d'Amunt;Vallès Oriental;2013;632,5641205;NA;NA;NA;1259,20;64;0,00000000000000e+00;9,53125000000000e+01;16451;79,0;800,714076582278;20824,0506329114;46,1416901464956;113328,0;6,88882134824631;31,3608674158341;Barcelona;32;0
08108;Lliçà de Vall;Vallès Oriental;2013;0,0000000;NA;NA;NA;1976,30;18;0,00000000000000e+00;9,44444444444444e+01;18289;79,0;0,000000000000;23150,6329113924;0,0000000000000;177867,0;9,72535403794631;44,2739799942298;Barcelona;28;0
08110;Malgrat de Mar;Maresme;2013;475,0185270;NA;NA;NA;1449,70;103;0,00000000000000e+00;7,28155339805825e+01;13797;79,0;601,289274683544;17464,5569620253;41,3149403783431;130473,0;9,45662100500000;43,0505920438030;Barcelona;62;1
08112;Manlleu;Osona;2013;358,4068799;NA;NA;NA;763,70;85;2,35294117647059e+00;1,05882352941176e+01;14147;79,0;453,679594810127;17907,5949367089;30,4013752654273;68733,0;4,85848589807026;22,1179102183959;Barcelona;78;0
08113;Manresa;Bages;2013;352,5666224;NA;NA;NA;986,30;538;2,41635687700000e+00;9,92565055762082e+01;15008;79,0;446,286863797468;18997,4683544304;28,1902949680171;88767,0;5,91464552200000;26,9260015120712;Barcelona;55;0
08114;Martorell;Baix Llobregat;2013;448,3736628;NA;NA;NA;1277,20;109;0,00000000000000e+00;2,47706422018349e+01;14543;79,0;567,561598481013;18408,8607594937;36,9970704366362;114948,0;7,90400880148525;35,9824358255519;Barcelona;32;0
08118;Masnou, el;Maresme;2013;665,7381060;NA;NA;NA;2179,50;74;0,00000000000000e+00;2,56756756756757e+01;18420;79,0;842,706463291139;23316,4556962025;43,3705606500000;196155,0;10,64902280130293;48,4789161015000;Barcelona;19;1
08119;Masquefa;Anoia;2013;497,2894754;NA;NA;NA;1206,50;19;0,00000000000000e+00;2,63157894736842e+01;14712;79,0;629,480348607595;18622,7848101266;40,5619474225122;108585,0;7,38070962479608;33,6001536804151;Barcelona;46;0
08120;Matadepera;Vallès Occidental;2013;825,3017358;NA;NA;NA;1703,40;37;0,00000000000000e+00;1,35135135135135e+01;21175;79,0;1044,685741518987;26803,7974683544;46,7703463027155;153306,0;7,23995277449823;32,9593681676387;Barcelona;32;0
08121;Mataró;Maresme;2013;496,4489931;NA;NA;NA;1355,90;597;1,67504187604690e-01;1,82579564489112e+01;13840;79,0;628,416446962025;17518,9873417722;43,0447103843931;122031,0;8,81726878612717;40,1399867107745;Barcelona;31;1
08123;Molins de Rei;Baix Llobregat;2013;571,0867487;NA;NA;NA;1814,20;88;1,13636363636364e+00;3,29545454545455e+01;18512;79,0;722,894618607595;23432,9113924051;37,0194521629214;163278,0;8,82011668107174;40,1529515492070;Barcelona;18;0
08124;Mollet del Vallès;Vallès Oriental;2013;484,2631338;NA;NA;NA;1298,20;287;4,18118466898955e+00;4,11149825783972e+01;15213;79,0;612,991308607595;19256,9620253165;38,1986301557878;116838,0;7,68014198382962;34,9632981193476;Barcelona;23;0
08125;Montcada i Reixac;Vallès Occidental;2013;513,6232439;NA;NA;NA;1605,80;126;2,38095238095238e+00;5,39682539682540e+01;15300;79,0;650,156004936709;19367,0886075949;40,2841759921569;144522,0;9,44588235294118;43,0017050988798;Barcelona;14;0
08126;Montgat;Maresme;2013;670,4739579;NA;NA;NA;1707,20;36;5,55555555555556e+00;2,77777777777778e+01;18407;79,0;848,701212531646;23300,0000000000;43,7099336926169;153648,0;8,34725919487152;38,0003015991420;Barcelona;15;1
08135;Montmeló;Vallès Oriental;2013;476,9865462;NA;NA;NA;1307,80;25;4,00000000000000e+00;9,60000000000000e+01;15954;79,0;603,780438227848;20194,9367088608;35,8771377359910;117702,0;7,37758555848063;33,5859315915316;Barcelona;24;0
08136;Montornès del Vallès;Vallès Oriental;2013;506,0103210;NA;NA;NA;1652,00;86;1,16279069767442e+01;9,30232558139535e+01;14790;79,0;640,519393700000;18721,5189873418;41,0556041379310;148680,0;10,05273833671400;45,7643736433979;Barcelona;26;0
08138;Moià;Moianès;2013;413,5878046;NA;NA;NA;1464,10;33;0,00000000000000e+00;6,06060606060606e+01;14353;79,0;523,528866582279;18168,3544303797;34,5785108005295;131769,0;9,18058942381384;41,7939779774849;Barcelona;55;0
08140;Navarcles;Bages;2013;330,1891774;NA;NA;NA;1314,00;28;0,00000000000000e+00;3,57142857142857e+01;15495;79,0;417,960984050633;19613,9240506329;25,5712818896418;118260,0;7,63213939980639;34,7447697823407;Barcelona;60;0
08141;Navàs;Bages;2013;324,2145918;NA;NA;NA;969,90;31;0,00000000000000e+00;5,48387096774194e+01;15149;79,0;410,398217468354;19175,9493670886;25,6820588923361;87291,0;5,76216251900000;26,2318335243466;Barcelona;80;0
08147;Olesa de Montserrat;Baix Llobregat;2013;466,4760788;NA;NA;NA;1251,40;98;0,00000000000000e+00;5,71428571428571e+01;15368;79,0;590,476049100000;19453,1645569620;36,4244725767829;112626,0;7,32860489328475;33,3629506098085;Barcelona;38;0
08155;Palafolls;Maresme;2013;425,3860854;NA;NA;NA;1446,50;43;0,00000000000000e+00;8,13953488400000e+01;13659;79,0;538,463399240506;17289,8734177215;37,3719380979574;130185,0;9,53107840983967;43,3895540660221;Barcelona;60;0
08156;Palau-solità i Plegamans;Vallès Occidental;2013;581,0709658;NA;NA;NA;1857,10;58;0,00000000000000e+00;4,31034482758621e+01;16542;79,0;735,532868101266;20939,2405063291;42,1524095611171;167139,0;10,10391730141458;45,9973622266863;Barcelona;28;0
08157;Pallejà;Baix Llobregat;2013;596,1769752;NA;NA;NA;1413,00;44;2,27272727272727e+00;3,86363636363636e+01;18045;79,0;754,654398987342;22841,7721518987;39,6460166384040;127170,0;7,04738154613466;32,0827013975893;Barcelona;22;0
08159;Parets del Vallès;Vallès Oriental;2013;527,8803334;NA;NA;NA;1367,40;138;0,00000000000000e+00;5,79710144927536e+01;16341;79,0;668,202953670886;20684,8101265823;38,7648491573343;123066,0;7,53111804663117;34,2848772836184;Barcelona;25;0
08161;Piera;Anoia;2013;452,6084344;NA;NA;NA;1319,40;34;0,00000000000000e+00;2,35294117647059e+01;13826;79,0;572,922068860760;17501,2658227848;39,2832432576306;118746,0;8,58860118617098;39,0989937858602;Barcelona;50;0
08163;Pineda de Mar;Maresme;2013;451,7707608;NA;NA;NA;1532,20;226;8,84955752212389e-01;5,79646017700000e+01;12973;79,0;571,861722531646;16421,5189873418;41,7887083141910;137898,0;10,62961535496801;48,3905650874990;Barcelona;55;1
08167;Polinyà;Vallès Occidental;2013;533,6086826;NA;NA;NA;1456,40;25;1,20000000000000e+01;8,40000000000000e+01;15339;79,0;675,454028607595;19416,4556962025;41,7452519147272;131076,0;8,54527674555056;38,9017623627361;Barcelona;25;0
08169;Prat de Llobregat, el;Baix Llobregat;2013;575,8036933;NA;NA;NA;1675,90;202;4,95049504950495e-01;5,94059405940594e+00;16459;79,0;728,865434600000;20834,1772151899;41,9809485363631;150831,0;9,16404398809162;41,7186560600000;Barcelona;11;1
08172;Premià de Mar;Maresme;2013;588,6151383;NA;NA;NA;1722,30;123;0,00000000000000e+00;8,13008130081301e-01;16755;79,0;745,082453544304;21208,8607594937;42,1568586069830;155007,0;9,25138764547896;42,1162818275451;Barcelona;22;1
08180;Ripollet;Vallès Occidental;2013;505,1219408;NA;NA;NA;1748,10;134;1,49253731343284e+00;4,77611940298507e+01;15123;79,0;639,394861772152;19143,0379746835;40,0810903233485;157329,0;10,40329299742115;47,3602487112334;Barcelona;16;0
08181;Roca del Vallès, la;Vallès Oriental;2013;547,3641429;NA;NA;NA;1324,90;56;0,00000000000000e+00;0,00000000000000e+00;17029;79,0;692,866003670886;21555,6962025316;38,5716701791062;119241,0;7,00223148746256;31,8771589786103;Barcelona;36;0
08183;Roda de Ter;Osona;2013;387,9365000;NA;NA;NA;1039,60;21;0,00000000000000e+00;5,71428571428571e+01;15133;79,0;491,058860759494;19155,6962025316;30,7621621621622;93564,0;6,18277935637349;28,1466616500289;Barcelona;79;0
08184;Rubí;Vallès Occidental;2013;493,4823978;NA;NA;NA;1256,80;333;9,00900900900901e-01;2,43243243243243e+01;14877;79,0;624,661263037975;18831,6455696203;39,8049927600000;113112,0;7,60314579552329;34,6127784700000;Barcelona;24;0
08187;Sabadell;Vallès Occidental;2013;492,5741873;NA;NA;NA;1501,20;1278;3,59937402190923e+03;3,40375586854460e+04;15854;79,0;623,511629493671;20068,3544303797;37,2832739200000;135108,0;8,52201337200000;38,7958575154384;Barcelona;26;0
08191;Sallent;Bages;2013;302,7361031;NA;NA;NA;1126,30;28;0,00000000000000e+00;2,50000000000000e+01;16241;79,0;383,210257088608;20558,2278481013;22,3682854331630;101367,0;6,24142602056524;28,4136464021544;Barcelona;68;0
08192;Santpedor;Bages;2013;418,0059123;NA;NA;NA;1476,70;73;0,00000000000000e+00;6,16438356164384e+01;16674;79,0;529,121407974684;21106,3291139241;30,0831890824037;132903,0;7,97067290392227;36,2859193929484;Barcelona;65;0
08194;Sant Adrià de Besòs;Barcelonès;2013;550,6774305;NA;NA;NA;2007,80;180;2,22222222222222e+01;2,33333333333333e+01;14688;79,0;697,060038600000;18592,4050632911;44,9899861519608;180702,0;12,30269607843137;56,0071456400000;Barcelona;8;1
08196;Sant Andreu de la Barca;Baix Llobregat;2013;534,5195783;NA;NA;NA;1371,70;118;0,00000000000000e+00;3,38983050847458e+01;15406;79,0;676,607061139240;19501,2658227848;41,6346549370375;123453,0;8,01330650395950;36,4800058136345;Barcelona;27;0
08197;Sant Andreu de Llavaneres;Maresme;2013;680,4278322;NA;NA;NA;2005,10;49;0,00000000000000e+00;4,69387755102041e+01;18002;79,0;861,301053417722;22787,3417721519;45,3568158337962;180459,0;10,02438617931341;45,6353024700000;Barcelona;36;1
08198;Sant Antoni de Vilamajor;Vallès Oriental;2013;535,6438019;NA;NA;NA;1153,20;63;0,00000000000000e+00;1,58730158730159e+00;16918;79,0;678,030128987342;21415,1898734177;37,9934130700000;103788,0;6,13476770303818;27,9280920256262;Barcelona;44;0
08200;Sant Boi de Llobregat;Baix Llobregat;2013;550,9350379;NA;NA;NA;1963,20;243;4,11522634000000e-01;4,40329218106996e+01;15310;79,0;697,386123924051;19379,7468354430;43,1823674382756;176688,0;11,54069235793599;52,5381781044875;Barcelona;15;0
08202;Sant Celoni;Vallès Oriental;2013;443,9657967;NA;NA;NA;1273,60;81;1,23456790123457e+00;2,09876543209877e+01;14652;79,0;561,982021139240;18546,8354430380;36,3608351105651;114624,0;7,82309582309582;35,6140852675661;Barcelona;52;0
08205;Sant Cugat del Vallès;Vallès Occidental;2013;868,6724452;NA;NA;NA;2658,90;607;6,91927512355848e+00;5,38714991762768e+01;20828;79,0;1099,585373670886;26364,5569620253;50,0483452200000;239301,0;11,48938928365662;52,3046245212014;Barcelona;17;0
08208;Sant Esteve Sesrovires;Baix Llobregat;2013;641,0296809;NA;NA;NA;1308,50;18;0,00000000000000e+00;1,11111111111111e+01;17303;79,0;811,429975822785;21902,5316455696;44,4567772686817;117765,0;6,80604519447495;30,9840348849284;Barcelona;38;0
08209;Sant Fost de Campsentelles;Vallès Oriental;2013;676,9518900;NA;NA;NA;1300,20;27;0,00000000000000e+00;5,55555555555556e+01;17512;79,0;856,901126582278;22167,0886075949;46,3877494300000;117018,0;6,68216080402010;30,4200600411136;Barcelona;22;0
08210;Sant Feliu de Codines;Vallès Oriental;2013;438,0383992;NA;NA;NA;1208,30;31;0,00000000000000e+00;1,00000000000000e+02;14452;79,0;554,478986329114;18293,6708860759;36,3718571159701;108747,0;7,52470246332688;34,2556707986146;Barcelona;39;0
08211;Sant Feliu de Llobregat;Baix Llobregat;2013;597,6694795;NA;NA;NA;2109,70;177;5,64971751412429e-01;3,61581920903955e+01;17604;79,0;756,543644936709;22283,5443037975;40,7409324812543;189873,0;10,78578732106339;49,1015268145054;Barcelona;16;0
08213;Sant Fruitós de Bages;Bages;2013;378,1837529;NA;NA;NA;1118,20;38;2,63157894736842e+00;3,68421052631579e+01;17396;79,0;478,713611265823;22020,2531645570;26,0876352885721;100638,0;5,78512301678547;26,3363595515342;Barcelona;57;0
08214;Vilassar de Dalt;Maresme;2013;674,6465720;NA;NA;NA;1521,00;28;0,00000000000000e+00;0,00000000000000e+00;18593;79,0;853,983002531646;23535,4430379747;43,5419720539988;136890,0;7,36244823320605;33,5170199988268;Barcelona;26;0
08217;Sant Joan Despí;Baix Llobregat;2013;646,1984920;NA;NA;NA;2330,90;75;0,00000000000000e+00;1,06666666666667e+01;18507;79,0;817,972774683544;23426,5822784810;41,8997239098719;209781,0;11,33522450964500;51,6028003928691;Barcelona;11;0
08218;Sant Joan de Vilatorrada;Bages;2013;370,0845375;NA;NA;NA;1283,30;44;0,00000000000000e+00;4,31818181818182e+01;15263;79,0;468,461439873418;19320,2531645570;29,0966025683024;115497,0;7,56712310817008;34,4487877600000;Barcelona;58;0
08219;Vilassar de Mar;Maresme;2013;693,9331873;NA;NA;NA;2270,10;82;0,00000000000000e+00;3,65853658536585e+00;18731;79,0;878,396439620253;23710,1265822785;44,4567735176979;204309,0;10,90753296673963;49,6557651753941;Barcelona;24;1
08221;Sant Just Desvern;Baix Llobregat;2013;824,1177622;NA;NA;NA;2746,30;90;2,22222222222222e+00;3,66666666666667e+01;22154;79,0;1043,187040759494;28043,0379746835;44,6394021233186;247167,0;11,15676627245644;50,7903820076603;Barcelona;10;0
08230;Premià de Dalt;Maresme;2013;712,1535894;NA;NA;NA;1558,70;40;0,00000000000000e+00;2,50000000000000e+00;19160;79,0;901,460239746835;24253,1645569620;44,6025212567850;140283,0;7,32165970772443;33,3313331483408;Barcelona;24;0
08231;Sant Pere de Ribes;Garraf;2013;558,2064389;NA;NA;NA;2098,50;153;0,00000000000000e+00;1,96078431372549e+01;14894;79,0;706,590428987342;18853,1645569620;44,9743337370753;188865,0;12,68060964146636;57,7275701600000;Barcelona;42;0
08234;Sant Pere de Vilamajor;Vallès Oriental;2013;0,0000000;NA;NA;NA;NA;NA;NA;NA;16712;79,0;0,000000000000;21154,4303797468;0,0000000000000;NA;NA;NA;Barcelona;46;0
08235;Sant Pol de Mar;Maresme;2013;468,7505934;NA;NA;NA;NA;NA;NA;NA;17119;79,0;593,355181518987;21669,6202531646;32,8582692961037;NA;NA;NA;Barcelona;48;1
08238;Sant Quirze del Vallès;Vallès Occidental;2013;674,2102608;NA;NA;NA;2185,70;79;0,00000000000000e+00;4,17721518987342e+01;20667;79,0;853,430709873418;26160,7594936709;39,1470611583684;196713,0;9,51821744810568;43,3310054558331;Barcelona;25;0
08240;Sant Sadurní d'Anoia;Alt Penedès;2013;446,6666018;NA;NA;NA;1424,30;41;2,43902439024390e+00;4,39024390243902e+01;16435;79,0;565,400761772152;20803,7974683544;32,6133204843322;128187,0;7,79963492546395;35,5072812058993;Barcelona;42;0
08244;Santa Coloma de Cervelló;Baix Llobregat;2013;660,6794731;NA;NA;NA;1864,60;57;0,00000000000000e+00;7,36842105263158e+01;17819;79,0;836,303130506329;22555,6962025316;44,4926969930973;167814,0;9,41770020764353;42,8734078942501;Barcelona;18;0
08245;Santa Coloma de Gramenet;Barcelonès;2013;481,1753068;NA;NA;NA;1768,50;319;9,40438871473354e-01;1,66144200626959e+01;13534;79,0;609,082666800000;17131,6455696203;42,6636890911778;159165,0;11,76038126200680;53,5382961573454;Barcelona;9;0
08248;Santa Eulàlia de Ronçana;Vallès Oriental;2013;582,4292439;NA;NA;NA;1414,90;24;0,00000000000000e+00;9,58333333333333e+01;15791;79,0;737,252207468354;19988,6075949367;44,2603440364765;127341,0;8,06415046545501;36,7114693187466;Barcelona;38;0
08250;Santa Margarida de Montbui;Anoia;2013;311,6594292;NA;NA;NA;815,90;41;0,00000000000000e+00;1,21951219512195e+01;10763;79,0;394,505606582278;13624,0506329114;34,7478690922605;73431,0;6,82254018396358;31,0591271470482;Barcelona;66;0
08251;Santa Margarida i els Monjos;Alt Penedès;2013;358,8263782;NA;NA;NA;855,50;35;0,00000000000000e+00;4,28571428571429e+01;14875;79,0;454,210605316456;18829,1139240506;28,9473380732773;76995,0;5,17613445378151;23,5639825923047;Barcelona;52;0
08252;Barberà del Vallès;Vallès Occidental;2013;542,9719709;NA;NA;NA;1398,40;178;3,37078651685393e+00;4,04494382022472e+01;16102;79,0;687,306292278481;20382,2784810127;40,4649338641163;125856,0;7,81617190411129;35,5825646206665;Barcelona;19;0
08259;Santa Maria de Palautordera;Vallès Oriental;2013;497,1113780;NA;NA;NA;1147,20;51;0,00000000000000e+00;9,80392156862745e+00;14797;79,0;629,254908860759;18730,3797468354;40,3144998040143;103248,0;6,97763060079746;31,7651651982501;Barcelona;54;0
08260;Santa Perpètua de Mogoda;Vallès Occidental;2013;516,3110883;NA;NA;NA;1566,00;114;4,29824561403509e+01;9,73684210526316e+01;15712;79,0;653,558339620253;19888,6075949367;39,4331279251528;140940,0;8,97021384900000;40,8362581925263;Barcelona;20;0
08262;Sant Vicenç de Castellet;Bages;2013;356,2728466;NA;NA;NA;987,60;59;0,00000000000000e+00;6,61016949152542e+01;13541;79,0;450,978286800000;17140,5063291139;31,5728096831844;88884,0;6,56406469241563;29,8824359235573;Barcelona;52;0
08263;Sant Vicenç dels Horts;Baix Llobregat;2013;548,3743885;NA;NA;NA;1784,20;80;1,00000000000000e+01;5,12500000000000e+01;14652;79,0;694,144795569620;18546,8354430380;44,9119073300573;160578,0;10,95945945945946;49,8921568266264;Barcelona;21;0
08264;Sant Vicenç de Montalt;Maresme;2013;964,3061603;NA;NA;NA;1886,20;50;0,00000000000000e+00;5,00000000000000e+01;20542;79,0;1220,640709240506;26002,5316455696;56,3317784227436;169758,0;8,26394703534223;37,6210289402872;Barcelona;38;1
08266;Cerdanyola del Vallès;Vallès Occidental;2013;578,8022436;NA;NA;NA;1984,90;197;2,03045685279188e+00;1,37055837563452e+01;17463;79,0;732,661067848101;22105,0632911392;39,7733890121972;178641,0;10,22968562102732;46,5699135235044;Barcelona;18;0
08267;Sentmenat;Vallès Occidental;2013;497,7998507;NA;NA;NA;1243,30;30;0,00000000000000e+00;4,66666666666667e+01;15368;79,0;630,126393291139;19453,1645569620;38,8703683524206;111897,0;7,28116866215513;33,1470005500000;Barcelona;32;0
08270;Sitges;Garraf;2013;737,9144703;NA;NA;NA;3407,90;379;0,00000000000000e+00;2,55936675461741e+01;16991;79,0;934,068949746835;21507,5949367089;52,1156709057736;306711,0;18,05138014242834;82,1776194651396;Barcelona;38;1
08274;Súria;Bages;2013;0,0000000;NA;NA;NA;596,40;25;4,00000000000000e+00;4,00000000000000e+01;16337;79,0;0,000000000000;20679,7468354430;0,0000000000000;53676,0;3,28554814200000;14,9572233722959;Barcelona;72;0
08278;Taradell;Osona;2013;397,5128068;NA;NA;NA;2656,70;10;0,00000000000000e+00;9,00000000000000e+01;16289;79,0;503,180768101266;20618,9873417722;29,2845090650132;239103,0;14,67880164528209;66,8241966150287;Barcelona;75;0
08279;Terrassa;Vallès Occidental;2013;440,5250973;NA;NA;NA;1179,40;1405;2,13523131672598e+02;1,08896797153025e+04;15084;79,0;557,626705400000;19093,6708860759;35,0457515751790;106146,0;7,03699284009547;32,0354075549641;Barcelona;28;0
08281;Teià;Maresme;2013;722,0865157;NA;NA;NA;1614,50;22;0,00000000000000e+00;2,27272727272727e+01;21489;79,0;914,033564177215;27201,2658227848;40,3231336423286;145305,0;6,76183163478989;30,7827558107341;Barcelona;22;0
08282;Tiana;Maresme;2013;811,3186629;NA;NA;NA;2314,20;21;0,00000000000000e+00;9,52380952380952e+00;21170;79,0;1026,985649240506;26797,4683544304;45,9887763571091;208278,0;9,83835616400000;44,7884141079565;Barcelona;17;0
08283;Tona;Osona;2013;422,3906273;NA;NA;NA;1781,10;22;0,00000000000000e+00;9,54545454545454e+01;15889;79,0;534,671680126582;20112,6582300000;31,9006075121153;160299,0;10,08867770155453;45,9279850362322;Barcelona;61;0
08284;Tordera;Maresme;2013;407,5261691;NA;NA;NA;1154,90;240;0,00000000000000e+00;9,16666666666667e+01;12565;79,0;515,855910253165;15905,0632911392;38,9201275702348;103941,0;8,27226422602467;37,6588923571300;Barcelona;65;0
08285;Torelló;Osona;2013;344,2481779;NA;NA;NA;928,30;31;0,00000000000000e+00;1,93548387096774e+01;15509;79,0;435,757187215190;19631,6455696203;26,6360057695532;83547,0;5,38700109613773;24,5239379285014;Barcelona;82;0
08289;Torrelles de Llobregat;Baix Llobregat;2013;601,8267096;NA;NA;NA;1446,10;23;0,00000000000000e+00;5,21739130434783e+01;17430;79,0;761,805961518987;22063,2911392405;41,4338526402754;130149,0;7,46695352800000;33,9927728948782;Barcelona;25;0
08291;Vacarisses;Vallès Occidental;2013;539,2205796;NA;NA;NA;1295,20;44;0,00000000000000e+00;0,00000000000000e+00;14987;79,0;682,557695696202;18970,8860759494;43,1750647574565;116568,0;7,77794088209782;35,4085206221469;Barcelona;42;0
08295;Vallirana;Baix Llobregat;2013;564,4020754;NA;NA;NA;1325,40;39;0,00000000000000e+00;6,41025641000000e+01;16172;79,0;714,433006835443;20470,8860759494;41,8799462329953;119286,0;7,37608211723967;33,5790872826083;Barcelona;28;0
08298;Vic;Osona;2013;425,9937256;NA;NA;NA;1052,40;359;2,47910863509749e+01;5,32033426200000e+01;15250;79,0;539,232564050633;19303,7974683544;33,5208177521312;94716,0;6,21088524590164;28,2746117057116;Barcelona;70;0
08300;Viladecavalls;Vallès Occidental;2013;0,0000000;NA;NA;NA;1442,00;38;0,00000000000000e+00;5,26315789473684e+00;17285;79,0;0,000000000000;21879,7468354430;0,0000000000000;129780,0;7,50824414200000;34,1807454671401;Barcelona;32;0
08301;Viladecans;Baix Llobregat;2013;606,4241264;NA;NA;NA;1863,40;284;0,00000000000000e+00;1,37323943661972e+01;16169;79,0;767,625476455696;20467,0886075949;45,0064290729173;167706,0;10,37207001051395;47,2181082922527;Barcelona;18;1
08302;Vilanova del Camí;Anoia;2013;331,1056289;NA;NA;NA;1287,80;65;0,00000000000000e+00;7,69230769230769e+00;12467;79,0;419,121049240506;15781,0126582278;31,8702779080773;115902,0;9,29670329670330;42,3225780947971;Barcelona;64;0
08305;Vilafranca del Penedès;Alt Penedès;2013;402,3706036;NA;NA;NA;1182,90;222;9,00900900900901e-01;3,55855855855856e+01;15155;79,0;509,329877974683;19183,5443037975;31,8604239076213;106461,0;7,02481029363247;31,9799473818663;Barcelona;48;0
08307;Vilanova i la Geltrú;Garraf;2013;501,8994359;NA;NA;NA;1693,00;248;8,06451612903226e-01;2,45967741935484e+01;14895;79,0;635,315741645570;18854,4303797468;40,4349998710977;152370,0;10,22960725075529;46,5695567484356;Barcelona;45;1
08902;Vilanova del Vallès;Vallès Oriental;2013;706,8117682;NA;NA;NA;1544,90;33;0,00000000000000e+00;9,69696969696970e+01;17969;79,0;894,698440759494;22745,5696202532;47,2020770126329;139041,0;7,73782625633035;35,2259016520019;Barcelona;30;0
08904;Badia del Vallès;Vallès Occidental;2013;0,0000000;NA;NA;NA;NA;8;0,00000000000000e+00;0,00000000000000e+00;11807;79,0;0,000000000000;14945,5696202532;0,0000000000000;NA;NA;NA;Barcelona;20;0
17008;Anglès;Selva;2013;348,1743435;NA;NA;NA;927,20;22;0,00000000000000e+00;4,54545454545455e+01;13704;79,0;440,727017088608;17346,8354430380;30,4881211471103;83448,0;6,08931698774081;27,7211808888236;Girona;101;0
17009;Arbúcies;Selva;2013;309,3635892;NA;NA;NA;1214,20;35;0,00000000000000e+00;4,00000000000000e+01;12866;79,0;391,599480000000;16286,0759493671;28,8540577522151;109278,0;8,49354888854345;38,6662749900000;Girona;78;0
17015;Banyoles;Pla de l'Estany;2013;391,6704016;NA;NA;NA;1226,20;132;6,06060606060606e+00;5,15151515151515e+01;14707;79,0;495,785318481013;18616,4556962025;31,9578759719861;110358,0;7,50377371319780;34,1603941576920;Girona;118;0
17020;Bescanó;Gironès;2013;0,0000000;NA;NA;NA;NA;NA;NA;NA;15743;79,0;0,000000000000;19927,8481012658;0,0000000000000;NA;NA;NA;Girona;98;0
17022;Bisbal d'Empordà, la;Baix Empordà;2013;379,3329000;NA;NA;NA;1030,10;46;0,00000000000000e+00;4,56521739130435e+01;12128;79,0;480,168227848101;15351,8987341772;37,5329386543536;92709,0;7,64421174142480;34,7997282557506;Girona;120;0
17023;Blanes;Selva;2013;423,2902413;NA;NA;NA;2094,10;341;0,00000000000000e+00;2,25806451612903e+01;12785;79,0;535,810432025316;16183,5443037975;39,7300187375831;188469,0;14,74141572154869;67,1092427274035;Girona;70;1
17033;Caldes de Malavella;Selva;2013;566,7894491;NA;NA;NA;2032,60;63;0,00000000000000e+00;5,71428571428571e+01;14893;79,0;717,454998860759;18851,8987341772;45,6689276116296;182934,0;12,28322030484120;55,9184835759559;Girona;85;0
17034;Calonge i Sant Antoni;Baix Empordà;2013;500,8319250;NA;NA;NA;1805,90;242;0,00000000000000e+00;4,58677685950413e+01;13475;79,0;633,964462025316;17056,9620253165;44,6009877551020;162531,0;12,06166975881262;54,9098905309822;Girona;112;1
17044;Cassà de la Selva;Gironès;2013;462,6738810;NA;NA;NA;1248,80;41;9,75609756100000e+00;9,75609756100000e+01;15188;79,0;585,663140506329;19225,3164600000;36,5557451409007;112392,0;7,40005267316302;33,6882115272641;Girona;96;0
17047;Castelló d'Empúries;Alt Empordà;2013;442,7692556;NA;NA;NA;2150,80;364;0,00000000000000e+00;2,44505494505494e+01;9439;79,0;560,467412151899;11948,1012658228;56,2901903506727;193572,0;20,50768089840026;93,3597533088425;Girona;142;1
17048;Castell d'Aro, Platja d'Aro i s'Agaró;Baix Empordà;2013;503,9837957;NA;NA;NA;2085,50;320;0,00000000000000e+00;6,25000000000000e-01;12071;79,0;637,954171772152;15279,7468354430;50,1019430734819;187695,0;15,54925026924033;70,7868518369120;Girona;107;1
17049;Celrà;Gironès;2013;486,6385747;NA;NA;NA;1498,30;60;1,66666666666667e+00;1,00000000000000e+02;15035;79,0;615,998195822785;19031,6455696203;38,8404582401064;134847,0;8,96887263052877;40,8301523898742;Girona;109;0
17062;Escala, l';Alt Empordà;2013;484,7199375;NA;NA;NA;1837,60;308;0,00000000000000e+00;1,52597402597403e+01;12116;79,0;613,569541139241;15336,7088607595;48,0079172169033;165384,0;13,65004952129416;62,1408760100668;Girona;140;1
17066;Figueres;Alt Empordà;2013;405,3179565;NA;NA;NA;1225,00;376;2,65957446808511e-01;5,47872340425532e+01;12041;79,0;513,060704430380;15241,7721518987;40,3937835561830;110250,0;9,15621626100000;41,6830208941922;Girona;138;0
17079;Girona;Gironès;2013;471,8046464;NA;NA;NA;1603,40;533;7,31707317073171e+00;8,44277673545966e+01;15607;79,0;597,221071392405;19755,6962025316;36,2763872416224;144306,0;9,24623566348434;42,0928277972990;Girona;102;0
17089;Llagostera;Gironès;2013;386,4920844;NA;NA;NA;1175,80;44;2,27272727272727e+00;1,00000000000000e+02;13631;79,0;489,230486582278;17254,4303797468;34,0246864705451;105822,0;7,76333357787396;35,3420219124389;Girona;90;0
17092;Llançà;Alt Empordà;2013;402,8402698;NA;NA;NA;NA;NA;NA;NA;13377;79,0;509,924392151899;16932,9113924051;36,1372747073335;NA;NA;NA;Girona;160;1
17095;Lloret de Mar;Selva;2013;439,4641889;NA;NA;NA;2156,00;388;0,00000000000000e+00;5,41237113402062e+00;9525;79,0;556,283783417721;12056,9620253165;55,3655671055118;194040,0;20,37165354330709;92,7404984853611;Girona;75;1
17103;Maçanet de la Selva;Selva;2013;460,3230779;NA;NA;NA;989,10;36;0,00000000000000e+00;5,27777777777778e+01;12526;79,0;582,687440379747;15855,6962025316;44,0992889573687;89019,0;7,10673798499122;32,3529173482077;Girona;78;0
17114;Olot;Garrotxa;2013;347,4255356;NA;NA;NA;1106,70;215;1,76744186046512e+01;9,34883720930233e+01;14807;79,0;439,779158987342;18743,0379746835;28,1563208400000;99603,0;6,72675086107922;30,6230530927263;Girona;112;0
17117;Palafrugell;Baix Empordà;2013;414,4633676;NA;NA;NA;1628,90;254;7,87401574803150e-01;1,96850393700787e+01;11735;79,0;524,637174177215;14854,4303797468;42,3822787490413;146601,0;12,49262888794205;56,8718012000000;Girona;122;1
17118;Palamós;Baix Empordà;2013;476,5743531;NA;NA;NA;1810,70;144;6,94444444444444e-01;3,88888888888889e+01;13691;79,0;603,258674810127;17330,3797468354;41,7711798787525;162963,0;11,90292893141480;54,1872342462797;Girona;115;1
17141;Puigcerdà;Cerdanya;2013;436,2284609;NA;NA;NA;1942,80;71;0,00000000000000e+00;5,07042253521127e+01;12225;79,0;552,187925189873;15474,6835443038;42,8199716220859;174852,0;14,30282208588957;65,1125765109344;Girona;151;0
17147;Ripoll;Ripollès;2013;351,6560190;NA;NA;NA;941,70;34;0,00000000000000e+00;6,47058823529412e+01;15811;79,0;445,134201265823;20013,9240506329;26,6894707988110;84753,0;5,36038201252293;24,4027564506007;Girona;102;0
17152;Roses;Alt Empordà;2013;444,1672382;NA;NA;NA;2045,80;707;0,00000000000000e+00;6,50636492220651e+00;10956;79,0;562,237010379747;13868,3544303797;48,6492046221249;184122,0;16,80558598028477;76,5062304754468;Girona;150;1
17155;Salt;Gironès;2013;387,3230632;NA;NA;NA;1076,60;166;4,81927710843374e+00;3,43373493975904e+01;10769;79,0;490,282358481013;13631,6455696203;43,1597804661528;96894,0;8,99749280341721;40,9604436838416;Girona;100;0
17160;Sant Feliu de Guíxols;Baix Empordà;2013;436,5101731;NA;NA;NA;1812,50;218;0,00000000000000e+00;0,00000000000000e+00;12909;79,0;552,544522911392;16340,5063291139;40,5772877620265;163125,0;12,63653265163839;57,5269128128536;Girona;105;1
17164;Sant Hilari Sacalm;Selva;2013;316,2173536;NA;NA;NA;1047,80;14;0,00000000000000e+00;7,14285714285714e+01;13794;79,0;400,275131139241;17460,7594936709;27,5091216702914;94302,0;6,83645063070900;31,1224534628321;Girona;95;0
17180;Santa Coloma de Farners;Selva;2013;392,0635917;NA;NA;NA;1135,00;33;0,00000000000000e+00;2,72727272727273e+01;13639;79,0;496,283027468354;17264,5569620253;34,4949270503703;102150,0;7,48955201994281;34,0956509143922;Girona;90;0
17181;Santa Cristina d'Aro;Baix Empordà;2013;487,4831034;NA;NA;NA;1461,30;67;0,00000000000000e+00;0,00000000000000e+00;13814;79,0;617,067219493671;17486,0759493671;42,3468744809613;131517,0;9,52055885333719;43,3416645400000;Girona;101;1
17186;Sarrià de Ter;Gironès;2013;0,0000000;NA;NA;NA;NA;NA;NA;NA;16319;79,0;0,000000000000;20656,9620253165;0,0000000000000;NA;NA;NA;Girona;106;0
17193;Sils;Selva;2013;470,9332670;NA;NA;NA;1227,50;147;0,00000000000000e+00;7,07482993197279e+01;14005;79,0;596,118059493671;17727,8481012658;40,3512974223492;110475,0;7,88825419493038;35,9107141038844;Girona;80;0
17199;Torroella de Montgrí;Baix Empordà;2013;454,0672085;NA;NA;NA;1423,00;143;0,00000000000000e+00;3,91608391608392e+01;12674;79,0;574,768618354430;16043,0379746835;42,9920033296513;128070,0;10,10493924569986;46,0020145550915;Girona;135;1
17202;Tossa de Mar;Selva;2013;448,6944625;NA;NA;NA;2089,70;99;0,00000000000000e+00;4,04040404040404e+00;12577;79,0;567,967674050633;15920,2531645570;42,8109529300000;188073,0;14,95372505366940;68,0757658057639;Girona;87;1
17213;Vidreres;Selva;2013;488,5100000;NA;NA;NA;1102,40;39;0,00000000000000e+00;4,61538461538462e+01;14278;79,0;618,367088600000;18073,4177215190;41,0570107858243;99216,0;6,94887239100000;31,6342455015236;Girona;82;0
17221;Vilafant;Alt Empordà;2013;510,6730577;NA;NA;NA;1221,80;11;0,00000000000000e+00;1,81818181818182e+01;14450;79,0;646,421592025316;18291,1392405063;42,4088352415225;109962,0;7,60982698961938;34,6431941277796;Girona;136;0
25003;Agramunt;Urgell;2013;0,0000000;NA;NA;NA;552,10;29;0,00000000000000e+00;1,03448275862069e+01;13884;79,0;0,000000000000;17574,6835443038;0,0000000000000;49689,0;3,57886776145203;16,2925399994982;Lleida;112;0
25011;Alcarràs;Segrià;2013;346,9151750;NA;NA;NA;819,30;142;0,00000000000000e+00;7,67605633802817e+01;12489;79,0;439,133132911392;15808,8607594937;33,3331900072063;73737,0;5,90415565697814;26,8782471486322;Lleida;165;0
25019;Almacelles;Segrià;2013;0,0000000;NA;NA;NA;779,70;33;9,09090909090909e+00;4,24242424242424e+01;12577;79,0;0,000000000000;15920,2531645570;0,0000000000000;70173,0;5,57947046195436;25,4001409765775;Lleida;170;0
25023;Alpicat;Segrià;2013;0,0000000;NA;NA;NA;1231,80;41;4,87804878048780e+00;2,68292682926829e+01;16731;79,0;0,000000000000;21178,4810126582;0,0000000000000;110862,0;6,62614308768155;30,1650433864171;Lleida;160;0
25040;Balaguer;Noguera;2013;288,6450592;NA;NA;NA;824,50;92;1,08695652173913e+00;7,60869565217391e+00;12438;79,0;365,373492658228;15744,3037974684;27,8480520212253;74205,0;5,96599131693198;27,1597495763119;Lleida;145;0
25050;Bellpuig;Urgell;2013;319,1006244;NA;NA;NA;NA;NA;NA;NA;13085;79,0;403,924841012658;16563,2911392405;29,2641000596102;NA;NA;NA;Lleida;123;0
25058;Borges Blanques, les;Garrigues;2013;274,3528163;NA;NA;NA;887,40;53;0,00000000000000e+00;7,54716981132076e+01;13873;79,0;347,282045949367;17560,7594936709;23,7312318575651;79866,0;5,75693793699993;26,2080489878578;Lleida;125;0
25072;Cervera;Segarra;2013;284,5181047;NA;NA;NA;969,50;30;3,33333333333333e+00;3,00000000000000e+01;13144;79,0;360,149499620253;16637,9746835443;25,9754812568472;87255,0;6,63839013998783;30,2207972177615;Lleida;102;0
25110;Guissona;Segarra;2013;339,5171156;NA;NA;NA;824,50;12;8,33333333333333e+00;5,83333333333333e+01;13751;79,0;429,768500759494;17406,3291139241;29,6284298392844;74205,0;5,39633481201367;24,5664290037210;Lleida;110;0
25120;Lleida;Segrià;2013;376,6920530;NA;NA;NA;1240,30;800;8,50000000000000e+00;5,27500000000000e+01;14500;79,0;476,825383544304;18354,4303797468;31,1745147310345;111627,0;7,69841379310345;35,0464792266976;Lleida;155;0
25137;Mollerussa;Pla d'Urgell;2013;312,2498661;NA;NA;NA;987,50;90;0,00000000000000e+00;2,77777777777778e+01;12592;79,0;395,252995063291;15939,2405063291;29,7569758036849;88875,0;7,05805273189327;32,1312812089718;Lleida;135;0
25203;Seu d'Urgell, la;Alt Urgell;2013;355,6990458;NA;NA;NA;1133,90;37;1,35135135135135e+01;2,16216216216216e+01;12743;79,0;450,251956708861;16130,3797468354;33,4959471835518;102051,0;8,00839676700000;36,4576545859456;Lleida;180;0
25207;Solsona;Solsonès;2013;287,8037611;NA;NA;NA;1286,90;26;0,00000000000000e+00;3,07692307692308e+01;13723;79,0;364,308558354430;17370,8860759494;25,1668376681484;115821,0;8,43991838519274;38,4221259484208;Lleida;115;0
25217;Tàrrega;Urgell;2013;306,7211556;NA;NA;NA;1037,60;130;0,00000000000000e+00;3,46153846153846e+01;13036;79,0;388,254627341772;16501,2658227848;28,2345341147591;93384,0;7,16354710033753;32,6115367903913;Lleida;100;0
25234;Tremp;Pallars Jussà;2013;318,9304600;NA;NA;NA;792,80;43;0,00000000000000e+00;0,00000000000000e+00;14529;79,0;403,709443037975;18391,1392405063;26,3415618418336;71352,0;4,91100557505678;22,3570022986566;Lleida;190;0
25243;Vielha e Mijaran;Val d'Aran;2013;471,6332885;NA;NA;NA;1835,20;78;0,00000000000000e+00;5,25641025641026e+01;13466;79,0;597,004162658228;17045,5696202532;42,0288093100000;165168,0;12,26555770087628;55,8380758322853;Lleida;280;0
43004;Alcanar;Montsià;2013;0,0000000;NA;NA;NA;1045,70;98;0,00000000000000e+00;3,16326530612245e+01;11370;79,0;0,000000000000;14392,4050632911;0,0000000000000;94113,0;8,27730870700000;37,6818569972245;Tarragona;190;1
43005;Alcover;Alt Camp;2013;341,1306459;NA;NA;NA;1030,50;21;0,00000000000000e+00;3,33333333333333e+01;14050;79,0;431,810944177215;17784,8101265823;29,1357135288256;92745,0;6,60106761565836;30,0508890900934;Tarragona;105;0
43012;Altafulla;Tarragonès;2013;508,7576841;NA;NA;NA;NA;NA;NA;NA;16720;79,0;643,997068481013;21164,5569620253;36,5137093851675;NA;NA;NA;Tarragona;88;1
43013;Ametlla de Mar, l';Baix Ebre;2013;368,2758638;NA;NA;NA;1559,40;111;0,00000000000000e+00;2,25225225225225e+01;10501;79,0;466,171979493671;13292,4050632911;42,0846620855157;140346,0;13,36501285591848;60,8432669388469;Tarragona;144;1
43014;Amposta;Montsià;2013;287,5445696;NA;NA;NA;739,90;178;3,37078651685393e+00;4,10112359550562e+01;11480;79,0;363,980467848101;14531,6455696203;30,0569236515679;66591,0;5,80060975609756;26,4068618267011;Tarragona;168;0
43016;Arboç, l';Baix Penedès;2013;0,0000000;NA;NA;NA;737,20;28;3,92857142857143e+01;5,00000000000000e+01;12250;79,0;0,000000000000;15506,3291139241;0,0000000000000;66348,0;5,41616326530612;24,6566966218418;Tarragona;60;0
43037;Calafell;Baix Penedès;2013;447,5004886;NA;NA;NA;1405,10;372;1,34408602150538e+00;5,86021505376344e+01;13341;79,0;566,456314683544;16887,3417721519;40,2518991300000;126459,0;9,47897458961097;43,1523551439646;Tarragona;62;1
43038;Cambrils;Baix Camp;2013;473,1709712;NA;NA;NA;1845,60;457;0,00000000000000e+00;4,59518599562363e+00;14010;79,0;598,950596455696;17734,1772151899;40,5285628436831;166104,0;11,85610278372591;53,9740615517026;Tarragona;115;1
43043;Catllar, el;Tarragonès;2013;0,0000000;NA;NA;NA;NA;NA;NA;NA;16860;79,0;0,000000000000;21341,7721518987;0,0000000000000;NA;NA;NA;Tarragona;92;0
43044;Sénia, la;Montsià;2013;0,0000000;NA;NA;NA;789,70;45;2,22222222222222e+00;3,55555555555556e+01;10725;79,0;0,000000000000;13575,9493670886;0,0000000000000;71073,0;6,62685314685315;30,1682758801069;Tarragona;195;0
43047;Constantí;Tarragonès;2013;324,0356767;NA;NA;NA;759,90;98;0,00000000000000e+00;8,87755102040816e+01;11195;79,0;410,171742658228;14170,8860759494;34,7336142956677;68391,0;6,10906654756588;27,8110893500661;Tarragona;95;0
43051;Cunit;Baix Penedès;2013;473,5453724;NA;NA;NA;1394,30;145;6,89655172413793e-01;5,79310344827586e+01;13542;79,0;599,424522025316;17141,7721518987;41,9623723881258;125487,0;9,26650420900000;42,1850989044279;Tarragona;55;1
43086;Montblanc;Conca de Barberà;2013;336,3245612;NA;NA;NA;697,10;11;0,00000000000000e+00;2,72727272727273e+01;14934;79,0;425,727292658228;18903,7974683544;27,0248743431097;62739,0;4,20108477300121;19,1251385263910;Tarragona;114;0
43092;Mont-roig del Camp;Baix Camp;2013;414,2129528;NA;NA;NA;1488,90;329;3,03951368000000e-01;1,27659574468085e+01;12024;79,0;524,320193417721;15220,2531645570;41,3386180439122;134001,0;11,14446107784431;50,7343634876191;Tarragona;120;1
43093;Móra d'Ebre;Ribera d'Ebre;2013;307,8383071;NA;NA;NA;998,80;58;0,00000000000000e+00;7,06896551700000e+01;14505;79,0;389,668743164557;18360,7594936709;25,4674917973113;89892,0;6,19731127197518;28,2128171584163;Tarragona;150;0
43100;Pallaresos, els;Tarragonès;2013;0,0000000;NA;NA;NA;NA;NA;NA;NA;16885;79,0;0,000000000000;21373,4177215190;0,0000000000000;NA;NA;NA;Tarragona;95;0
43123;Reus;Baix Camp;2013;381,2356755;NA;NA;NA;1083,20;584;9,76027397300000e+00;4,24657534246575e+01;13725;79,0;482,576804430380;17373,4177215190;33,3320809180328;97488,0;7,10295081967213;32,3356765484468;Tarragona;108;0
43129;Riudoms;Baix Camp;2013;391,6837962;NA;NA;NA;852,10;21;4,76190476190476e+00;8,09523809523809e+01;13404;79,0;495,802273670886;16967,0886075949;35,0656934825425;76689,0;5,72135183527305;26,0460458001301;Tarragona;115;0
43131;Roda de Berà;Tarragonès;2013;458,5757414;NA;NA;NA;1241,80;82;0,00000000000000e+00;9,87804878048780e+01;13743;79,0;580,475622025317;17396,2025316456;40,0415403972932;111762,0;8,13228552717747;37,0216493232828;Tarragona;75;1
43133;Roquetes;Baix Ebre;2013;308,8606837;NA;NA;NA;771,50;29;3,44827586206897e+00;3,44827586206897e+00;12696;79,0;390,962890759494;16070,8860759494;29,1928812570888;69435,0;5,46904536862004;24,8974386220854;Tarragona;178;0
43136;Ràpita, la;Montsià;2013;297,7096607;NA;NA;NA;978,40;244;8,19672131000000e-01;2,78688524590164e+01;11353;79,0;376,847671772152;14370,8860759494;31,4675938377521;88056,0;7,75618779177310;35,3094912313307;Tarragona;180;1
43145;Selva del Camp, la;Baix Camp;2013;400,3508772;NA;NA;NA;1397,10;18;0,00000000000000e+00;0,00000000000000e+00;14411;79,0;506,773262300000;18241,7721518987;33,3371072541808;125739,0;8,72520990909722;39,7208952448996;Tarragona;116;0
43148;Tarragona;Tarragonès;2013;436,7305460;NA;NA;NA;1287,40;941;4,88841657810840e+00;3,11370882040383e+01;15219;79,0;552,823475949367;19264,5569620253;34,4356827123990;115866,0;7,61324659964518;34,6587616583064;Tarragona;98;1
43153;Torredembarra;Tarragonès;2013;416,3097977;NA;NA;NA;1504,90;155;2,58064516129032e+00;9,09677419354839e+01;13538;79,0;526,974427468354;17136,7088607595;36,9014446181120;135441,0;10,00450583542621;45,5447986244571;Tarragona;84;1
43155;Tortosa;Baix Ebre;2013;320,6190800;NA;NA;NA;697,90;159;0,00000000000000e+00;5,66037735849057e+00;13404;79,0;405,846936708861;16967,0886075949;28,7035881826320;62811,0;4,68598925693823;21,3326315736542;Tarragona;175;0
43156;Ulldecona;Montsià;2013;0,0000000;NA;NA;NA;724,90;39;0,00000000000000e+00;2,30769230769231e+01;10226;79,0;0,000000000000;12944,3037974684;0,0000000000000;65241,0;6,37991394500000;29,0441027912119;Tarragona;198;0
43161;Valls;Alt Camp;2013;368,0523557;NA;NA;NA;1199,10;37;0,00000000000000e+00;5,40540540540541e+00;14469;79,0;465,889057848101;18315,1898734177;30,5247651420278;107919,0;7,45863570391872;33,9549065927145;Tarragona;101;0
43162;Vandellòs i l'Hospitalet de l'Infant;Baix Camp;2013;405,6565254;NA;NA;NA;1303,00;326;5,82822085889570e+00;1,56441717791411e+01;14301;79,0;513,489272658228;18102,5316455696;34,0387266960352;117270,0;8,20012586532410;37,3304876197794;Tarragona;132;1
43163;Vendrell, el;Baix Penedès;2013;387,5050248;NA;NA;NA;1304,10;581;0,00000000000000e+00;2,85714285714286e+01;13501;79,0;490,512689620253;17089,8734177215;34,4423398089030;117369,0;8,69335604770017;39,5758828148400;Tarragona;65;1
43171;Vila-seca;Tarragonès;2013;417,5823241;NA;NA;NA;1672,60;250;3,20000000000000e+00;9,64000000000000e+01;13036;79,0;528,585220379747;16501,2658227848;38,4396125283829;150534,0;11,54756060141148;52,5694452926065;Tarragona;106;1
43901;Deltebre;Baix Ebre;2013;287,6461339;NA;NA;NA;756,70;55;0,00000000000000e+00;5,45454545454545e+01;10875;79,0;364,109030253165;13765,8227848101;31,7402630510345;68103,0;6,26234482758621;28,5088777777872;Tarragona;170;1
43905;Salou;Tarragonès;2013;449,4111376;NA;NA;NA;1634,80;613;3,42577487765090e+00;8,95595432300163e+01;11479;79,0;568,874857700000;14530,3797468354;46,9808663751198;147132,0;12,81749281296280;58,3507210300000;Tarragona;110;1
43907;Canonja, la;Tarragonès;2013;388,5976327;NA;NA;NA;NA;NA;NA;NA;12723;79,0;491,895737594937;16105,0632911392;36,6515098042914;NA;NA;NA;Tarragona;100;0
08001;Abrera;Baix Llobregat;2012;491,9703329;NA;NA;NA;NA;NA;NA;NA;16938;77,7;633,166451608752;21799,2278000000;34,8544337867517;NA;NA;NA;Barcelona;35;0
08003;Alella;Maresme;2012;858,4871876;NA;NA;NA;NA;NA;NA;NA;21417;77,7;1104,874115315315;27563,7065637066;48,1012571844796;NA;NA;NA;Barcelona;18;0
08005;Ametlla del Vallès, l';Vallès Oriental;2012;806,2870924;NA;NA;NA;NA;NA;NA;NA;19399;77,7;1037,692525611326;24966,5379665380;49,8759993236765;NA;NA;NA;Barcelona;35;0
08006;Arenys de Mar;Maresme;2012;527,2570741;NA;NA;NA;NA;NA;NA;NA;15338;77,7;678,580532947233;19740,0257400257;41,2510424383883;NA;NA;NA;Barcelona;40;1
08007;Arenys de Munt;Maresme;2012;523,3689534;NA;NA;NA;NA;NA;NA;NA;15823;77,7;673,576516602317;20364,2213642214;39,6917616178980;NA;NA;NA;Barcelona;45;0
08009;Argentona;Maresme;2012;610,3425785;NA;NA;NA;NA;NA;NA;NA;16537;77,7;785,511684041184;21283,1402831403;44,2892359073593;NA;NA;NA;Barcelona;35;0
08010;Artés;Bages;2012;378,9666452;NA;NA;NA;NA;NA;NA;NA;14953;77,7;487,730560102960;19244,5302445302;30,4126245061192;NA;NA;NA;Barcelona;72;0
08015;Badalona;Barcelonès;2012;580,3073927;NA;NA;NA;NA;NA;NA;NA;15186;77,7;746,856361261261;19544,4015444015;45,8559772975109;NA;NA;NA;Barcelona;10;1
08019;Barcelona;Barcelonès;2012;720,1318472;NA;NA;NA;NA;NA;NA;NA;19195;77,7;926,810614157014;24703,9897039897;45,0199643990623;NA;NA;NA;Barcelona;0;1
08020;Begues;Baix Llobregat;2012;872,9513087;NA;NA;NA;NA;NA;NA;NA;20107;77,7;1123,489457786358;25877,7348777349;52,0983523369971;NA;NA;NA;Barcelona;32;0
08022;Berga;Berguedà;2012;350,3314764;NA;NA;NA;NA;NA;NA;NA;15452;77,7;450,877061003861;19886,7438867439;27,2066898576236;NA;NA;NA;Barcelona;108;0
08023;Bigues i Riells del Fai;Vallès Oriental;2012;611,4054054;NA;NA;NA;NA;NA;NA;NA;16630;77,7;786,879543629344;21402,8314000000;44,1182493373421;NA;NA;NA;Barcelona;41;0
08029;Cabrera de Mar;Maresme;2012;0,0000000;NA;NA;NA;NA;NA;NA;NA;19972;77,7;0,000000000000;25703,9897039897;0,0000000000000;NA;NA;NA;Barcelona;28;1
08030;Cabrils;Maresme;2012;942,1705077;NA;NA;NA;NA;NA;NA;NA;21067;77,7;1212,574655984556;27113,2561132561;53,6670911491907;NA;NA;NA;Barcelona;27;0
08033;Caldes de Montbui;Vallès Oriental;2012;517,7273327;NA;NA;NA;NA;NA;NA;NA;16515;77,7;666,315743500644;21254,8262548263;37,6186981100000;NA;NA;NA;Barcelona;34;0
08035;Calella;Maresme;2012;468,6632062;NA;NA;NA;NA;NA;NA;NA;13293;77,7;603,170149549549;17108,1081081081;42,3076692575039;NA;NA;NA;Barcelona;50;1
08040;Canet de Mar;Maresme;2012;511,6834691;NA;NA;NA;NA;NA;NA;NA;15063;77,7;658,537283268983;19386,1003861004;40,7634709500100;NA;NA;NA;Barcelona;43;1
08041;Canovelles;Vallès Oriental;2012;486,6970862;NA;NA;NA;NA;NA;NA;NA;13173;77,7;626,379776319176;16953,6679536680;44,3358766750171;NA;NA;NA;Barcelona;31;0
08043;Canyelles;Garraf;2012;0,0000000;NA;NA;NA;NA;NA;NA;NA;16024;77,7;0,000000000000;20622,9086229086;0,0000000000000;NA;NA;NA;Barcelona;46;0
08044;Capellades;Anoia;2012;379,3234773;NA;NA;NA;NA;NA;NA;NA;16101;77,7;488,189803474903;20722,0077220077;28,2708013638904;NA;NA;NA;Barcelona;60;0
08046;Cardedeu;Vallès Oriental;2012;537,5255849;NA;NA;NA;NA;NA;NA;NA;16404;77,7;691,796119562420;21111,9691119691;39,3215497366496;NA;NA;NA;Barcelona;39;0
08051;Castellar del Vallès;Vallès Occidental;2012;564,5217503;NA;NA;NA;NA;NA;NA;NA;16523;77,7;726,540219176319;21265,1222651223;40,9989772051080;NA;NA;NA;Barcelona;34;0
08054;Castellbisbal;Vallès Occidental;2012;637,0642239;NA;NA;NA;NA;NA;NA;NA;16485;77,7;819,902476100000;21216,2162162162;46,3741018307552;NA;NA;NA;Barcelona;29;0
08056;Castelldefels;Baix Llobregat;2012;764,7512576;NA;NA;NA;NA;NA;NA;NA;17254;77,7;984,235852767053;22205,9202059202;53,1877540929640;NA;NA;NA;Barcelona;22;1
08067;Centelles;Osona;2012;437,6606802;NA;NA;NA;NA;NA;NA;NA;15788;77,7;563,269858687259;20319,1763191763;33,2653164580694;NA;NA;NA;Barcelona;54;0
08068;Cervelló;Baix Llobregat;2012;672,7969579;NA;NA;NA;NA;NA;NA;NA;18652;77,7;865,890550707851;24005,1480051480;43,2852428415183;NA;NA;NA;Barcelona;25;0
08072;Corbera de Llobregat;Baix Llobregat;2012;591,6386099;NA;NA;NA;NA;NA;NA;NA;17060;77,7;761,439652380952;21956,2419562420;41,6158459484173;NA;NA;NA;Barcelona;30;0
08073;Cornellà de Llobregat;Baix Llobregat;2012;559,5832511;NA;NA;NA;NA;NA;NA;NA;15473;77,7;720,184364350064;19913,7709137709;43,3981710928715;NA;NA;NA;Barcelona;12;0
08074;Cubelles;Garraf;2012;580,6389561;NA;NA;NA;NA;NA;NA;NA;16211;77,7;747,283083783784;20863,5778635779;42,9811083412498;NA;NA;NA;Barcelona;50;1
08075;Dosrius;Maresme;2012;696,5952686;NA;NA;NA;NA;NA;NA;NA;16292;77,7;896,519007207207;20967,8249678250;51,3082692315247;NA;NA;NA;Barcelona;39;0
08076;Esparreguera;Baix Llobregat;2012;505,9392431;NA;NA;NA;NA;NA;NA;NA;15653;77,7;651,144457000000;20145,4311454311;38,7866282322877;NA;NA;NA;Barcelona;39;0
08077;Esplugues de Llobregat;Baix Llobregat;2012;693,3507628;NA;NA;NA;NA;NA;NA;NA;18375;77,7;892,343324100000;23648,6486486486;45,2800498155102;NA;NA;NA;Barcelona;8;0
08086;Franqueses del Vallès, les;Vallès Oriental;2012;534,3366237;NA;NA;NA;NA;NA;NA;NA;15104;77,7;687,691922393822;19438,8674388674;42,4525919300000;NA;NA;NA;Barcelona;35;0
08088;Garriga, la;Vallès Oriental;2012;559,6964493;NA;NA;NA;NA;NA;NA;NA;16768;77,7;720,330050579151;21580,4375804376;40,0546123067748;NA;NA;NA;Barcelona;38;0
08089;Gavà;Baix Llobregat;2012;679,4379365;NA;NA;NA;NA;NA;NA;NA;16908;77,7;874,437498712999;21760,6177606178;48,2212871894961;NA;NA;NA;Barcelona;20;1
08091;Gelida;Alt Penedès;2012;401,9122414;NA;NA;NA;NA;NA;NA;NA;14583;77,7;517,261571900000;18768,3397683398;33,0723918041555;NA;NA;NA;Barcelona;35;0
08092;Gironella;Berguedà;2012;298,0801821;NA;NA;NA;NA;NA;NA;NA;15604;77,7;383,629578000000;20082,3680823681;22,9233669905153;NA;NA;NA;Barcelona;94;0
08096;Granollers;Vallès Oriental;2012;526,8794917;NA;NA;NA;NA;NA;NA;NA;15716;77,7;678,094583912484;20226,5122265122;40,2300451794350;NA;NA;NA;Barcelona;30;0
08101;Hospitalet de Llobregat, l';Barcelonès;2012;565,6242573;NA;NA;NA;NA;NA;NA;NA;15047;77,7;727,959147100000;19365,5083655084;45,1086003030504;NA;NA;NA;Barcelona;0;0
08102;Igualada;Anoia;2012;375,6327202;NA;NA;NA;NA;NA;NA;NA;15224;77,7;483,439794337194;19593,3075933076;29,6084645454545;NA;NA;NA;Barcelona;65;0
08105;Llagosta, la;Vallès Oriental;2012;528,8492006;NA;NA;NA;NA;NA;NA;NA;14687;77,7;680,629601801802;18902,1879021879;43,2095758643698;NA;NA;NA;Barcelona;19;0
08106;Llinars del Vallès;Vallès Oriental;2012;532,2198806;NA;NA;NA;NA;NA;NA;NA;15293;77,7;684,967671299871;19682,1106821107;41,7618424586412;NA;NA;NA;Barcelona;41;0
08107;Lliçà d'Amunt;Vallès Oriental;2012;656,5550057;NA;NA;NA;NA;NA;NA;NA;16955;77,7;844,987137323037;21821,1068211068;46,4680629218520;NA;NA;NA;Barcelona;32;0
08108;Lliçà de Vall;Vallès Oriental;2012;0,0000000;NA;NA;NA;NA;NA;NA;NA;18311;77,7;0,000000000000;23566,2805662806;0,0000000000000;NA;NA;NA;Barcelona;28;0
08110;Malgrat de Mar;Maresme;2012;493,2600366;NA;NA;NA;NA;NA;NA;NA;13605;77,7;634,826301930502;17509,6525096525;43,5069492039691;NA;NA;NA;Barcelona;62;1
08112;Manlleu;Osona;2012;378,0025460;NA;NA;NA;NA;NA;NA;NA;13878;77,7;486,489763191763;17861,0038610039;32,6850450497190;NA;NA;NA;Barcelona;78;0
08113;Manresa;Bages;2012;375,6107649;NA;NA;NA;NA;NA;NA;NA;15203;77,7;483,411537837838;19566,2805662806;29,6476299335657;NA;NA;NA;Barcelona;55;0
08114;Martorell;Baix Llobregat;2012;487,1071072;NA;NA;NA;NA;NA;NA;NA;14668;77,7;626,907473873874;18877,7348777349;39,8505950804472;NA;NA;NA;Barcelona;32;0
08118;Masnou, el;Maresme;2012;691,5811798;NA;NA;NA;NA;NA;NA;NA;18391;77,7;890,065868468468;23669,2406692407;45,1251925300000;NA;NA;NA;Barcelona;19;1
08119;Masquefa;Anoia;2012;509,4571610;NA;NA;NA;NA;NA;NA;NA;15222;77,7;655,672021879022;19590,7335907336;40,1621727236894;NA;NA;NA;Barcelona;46;0
08120;Matadepera;Vallès Occidental;2012;836,3146185;NA;NA;NA;NA;NA;NA;NA;22018;77,7;1076,337990347490;28337,1943371943;45,5798683900000;NA;NA;NA;Barcelona;32;0
08121;Mataró;Maresme;2012;530,2947809;NA;NA;NA;NA;NA;NA;NA;14078;77,7;682,490065508365;18118,4041184041;45,2019986600000;NA;NA;NA;Barcelona;31;1
08123;Molins de Rei;Baix Llobregat;2012;611,2329997;NA;NA;NA;NA;NA;NA;NA;18512;77,7;786,657657271557;23824,9678249678;39,6218452700951;NA;NA;NA;Barcelona;18;0
08124;Mollet del Vallès;Vallès Oriental;2012;522,8918835;NA;NA;NA;NA;NA;NA;NA;15262;77,7;672,962527027027;19642,2136422136;41,1132394312672;NA;NA;NA;Barcelona;23;0
08125;Montcada i Reixac;Vallès Occidental;2012;552,5267174;NA;NA;NA;NA;NA;NA;NA;15429;77,7;711,102596396396;19857,1428571429;42,9731065400000;NA;NA;NA;Barcelona;14;0
08126;Montgat;Maresme;2012;748,6790670;NA;NA;NA;NA;NA;NA;NA;18291;77,7;963,550922779923;23540,5405405405;49,1178656388388;NA;NA;NA;Barcelona;15;1
08135;Montmeló;Vallès Oriental;2012;535,1052821;NA;NA;NA;NA;NA;NA;NA;15955;77,7;688,681186743887;20534,1055341055;40,2460882807897;NA;NA;NA;Barcelona;24;0
08136;Montornès del Vallès;Vallès Oriental;2012;526,7215345;NA;NA;NA;NA;NA;NA;NA;14957;77,7;677,891292792793;19249,6782496783;42,2588648392057;NA;NA;NA;Barcelona;26;0
08138;Moià;Moianès;2012;397,4151176;NA;NA;NA;NA;NA;NA;NA;14905;77,7;511,473767824968;19182,7541827542;31,9958497900034;NA;NA;NA;Barcelona;55;0
08140;Navarcles;Bages;2012;363,0822882;NA;NA;NA;NA;NA;NA;NA;15568;77,7;467,287372200772;20036,0360360360;27,9868156372045;NA;NA;NA;Barcelona;60;0
08141;Navàs;Bages;2012;318,5117325;NA;NA;NA;NA;NA;NA;NA;15729;77,7;409,925009652510;20243,2432432432;24,2999605187870;NA;NA;NA;Barcelona;80;0
08147;Olesa de Montserrat;Baix Llobregat;2012;500,0340753;NA;NA;NA;NA;NA;NA;NA;15505;77,7;643,544498455598;19954,9549549550;38,6998316904224;NA;NA;NA;Barcelona;38;0
08155;Palafolls;Maresme;2012;462,2650145;NA;NA;NA;NA;NA;NA;NA;13729;77,7;594,935668597169;17669,2406692407;40,4048377449195;NA;NA;NA;Barcelona;60;0
08156;Palau-solità i Plegamans;Vallès Occidental;2012;580,6770832;NA;NA;NA;NA;NA;NA;NA;16883;77,7;747,332153410553;21728,4427284427;41,2730261114731;NA;NA;NA;Barcelona;28;0
08157;Pallejà;Baix Llobregat;2012;603,0910439;NA;NA;NA;NA;NA;NA;NA;18096;77,7;776,178949678250;23289,5752895753;39,9927747944297;NA;NA;NA;Barcelona;22;0
08159;Parets del Vallès;Vallès Oriental;2012;576,3634797;NA;NA;NA;NA;NA;NA;NA;16393;77,7;741,780540154440;21097,8120978121;42,1909458695785;NA;NA;NA;Barcelona;25;0
08161;Piera;Anoia;2012;473,0044554;NA;NA;NA;NA;NA;NA;NA;14115;77,7;608,757342857143;18166,0231660232;40,2129186312434;NA;NA;NA;Barcelona;50;0
08163;Pineda de Mar;Maresme;2012;477,1450244;NA;NA;NA;NA;NA;NA;NA;13060;77,7;614,086260489060;16808,2368082368;43,8418092900000;NA;NA;NA;Barcelona;55;1
08167;Polinyà;Vallès Occidental;2012;553,3862388;NA;NA;NA;NA;NA;NA;NA;15653;77,7;712,208801544401;20145,4311454311;42,4240392614834;NA;NA;NA;Barcelona;25;0
08169;Prat de Llobregat, el;Baix Llobregat;2012;603,4483741;NA;NA;NA;NA;NA;NA;NA;16217;77,7;776,638834105534;20871,2998712999;44,6530214540297;NA;NA;NA;Barcelona;11;1
08172;Premià de Mar;Maresme;2012;625,0503542;NA;NA;NA;NA;NA;NA;NA;16655;77,7;804,440610296010;21435,0064350064;45,0351501074752;NA;NA;NA;Barcelona;22;1
08180;Ripollet;Vallès Occidental;2012;562,4935616;NA;NA;NA;NA;NA;NA;NA;15160;77,7;723,929937709138;19510,9395109395;44,5245563271768;NA;NA;NA;Barcelona;16;0
08181;Roca del Vallès, la;Vallès Oriental;2012;596,3162429;NA;NA;NA;NA;NA;NA;NA;17450;77,7;767,459772100000;22458,1724581725;41,0074207151862;NA;NA;NA;Barcelona;36;0
08183;Roda de Ter;Osona;2012;383,3361000;NA;NA;NA;NA;NA;NA;NA;14946;77,7;493,354054100000;19235,5212355212;30,7776876756323;NA;NA;NA;Barcelona;79;0
08184;Rubí;Vallès Occidental;2012;544,6640722;NA;NA;NA;NA;NA;NA;NA;15030;77,7;700,983361904762;19343,6293436293;43,4861534690619;NA;NA;NA;Barcelona;24;0
08187;Sabadell;Vallès Occidental;2012;533,1131105;NA;NA;NA;NA;NA;NA;NA;16005;77,7;686,117259330759;20598,4556000000;39,9709923523899;NA;NA;NA;Barcelona;26;0
08191;Sallent;Bages;2012;343,7886721;NA;NA;NA;NA;NA;NA;NA;16222;77,7;442,456463449163;20877,7348777349;25,4312912415239;NA;NA;NA;Barcelona;68;0
08192;Santpedor;Bages;2012;457,0237331;NA;NA;NA;NA;NA;NA;NA;17143;77,7;588,190132689833;22063,0630630631;31,9913947220440;NA;NA;NA;Barcelona;65;0
08194;Sant Adrià de Besòs;Barcelonès;2012;616,8519281;NA;NA;NA;NA;NA;NA;NA;14872;77,7;793,889225353925;19140,2831402831;49,7728828483055;NA;NA;NA;Barcelona;8;1
08196;Sant Andreu de la Barca;Baix Llobregat;2012;576,7762053;NA;NA;NA;NA;NA;NA;NA;15466;77,7;742,311718532819;19904,7619047619;44,7518069546101;NA;NA;NA;Barcelona;27;0
08197;Sant Andreu de Llavaneres;Maresme;2012;674,7703010;NA;NA;NA;NA;NA;NA;NA;17986;77,7;868,430245817246;23148,0051480051;45,0197020571556;NA;NA;NA;Barcelona;36;1
08198;Sant Antoni de Vilamajor;Vallès Oriental;2012;558,0915214;NA;NA;NA;NA;NA;NA;NA;17125;77,7;718,264506306306;22039,8970398970;39,1071431054015;NA;NA;NA;Barcelona;44;0
08200;Sant Boi de Llobregat;Baix Llobregat;2012;586,2996145;NA;NA;NA;NA;NA;NA;NA;15622;77,7;754,568358429858;20105,5341055341;45,0364573934195;NA;NA;NA;Barcelona;15;0
08202;Sant Celoni;Vallès Oriental;2012;447,3604341;NA;NA;NA;NA;NA;NA;NA;15041;77,7;575,753454440154;19357,7863577864;35,6912785665847;NA;NA;NA;Barcelona;52;0
08205;Sant Cugat del Vallès;Vallès Occidental;2012;855,0022461;NA;NA;NA;NA;NA;NA;NA;20811;77,7;1100,388991119691;26783,7837837838;49,3009800259478;NA;NA;NA;Barcelona;17;0
08208;Sant Esteve Sesrovires;Baix Llobregat;2012;701,0404124;NA;NA;NA;NA;NA;NA;NA;17400;77,7;902,239912998713;22393,8223938224;48,3476146482759;NA;NA;NA;Barcelona;38;0
08209;Sant Fost de Campsentelles;Vallès Oriental;2012;676,2343083;NA;NA;NA;NA;NA;NA;NA;17698;77,7;870,314425100000;22777,3487773488;45,8515747519494;NA;NA;NA;Barcelona;22;0
08210;Sant Feliu de Codines;Vallès Oriental;2012;421,3706259;NA;NA;NA;NA;NA;NA;NA;14828;77,7;542,304537837838;19083,6550836551;34,1006711006204;NA;NA;NA;Barcelona;39;0
08211;Sant Feliu de Llobregat;Baix Llobregat;2012;612,5969260;NA;NA;NA;NA;NA;NA;NA;17592;77,7;788,413032175032;22640,9266409266;41,7869663028649;NA;NA;NA;Barcelona;16;0
08213;Sant Fruitós de Bages;Bages;2012;447,6351554;NA;NA;NA;NA;NA;NA;NA;17013;77,7;576,107021106821;21895,7528957529;31,5736311338388;NA;NA;NA;Barcelona;57;0
08214;Vilassar de Dalt;Maresme;2012;688,3659274;NA;NA;NA;NA;NA;NA;NA;18843;77,7;885,927834491634;24250,9652509653;43,8379829581277;NA;NA;NA;Barcelona;26;0
08217;Sant Joan Despí;Baix Llobregat;2012;686,1545840;NA;NA;NA;NA;NA;NA;NA;18621;77,7;883,081832689833;23965,2509652510;44,2181140003222;NA;NA;NA;Barcelona;11;0
08218;Sant Joan de Vilatorrada;Bages;2012;405,2958536;NA;NA;NA;NA;NA;NA;NA;15243;77,7;521,616285199485;19617,7606177606;31,9067784766778;NA;NA;NA;Barcelona;58;0
08219;Vilassar de Mar;Maresme;2012;716,0019103;NA;NA;NA;NA;NA;NA;NA;18706;77,7;921,495380100000;24074,6460746461;45,9319091393136;NA;NA;NA;Barcelona;24;1
08221;Sant Just Desvern;Baix Llobregat;2012;695,5909761;NA;NA;NA;NA;NA;NA;NA;21652;77,7;895,226481467181;27866,1518661519;38,5511348291151;NA;NA;NA;Barcelona;10;0
08230;Premià de Dalt;Maresme;2012;711,3897839;NA;NA;NA;NA;NA;NA;NA;19648;77,7;915,559567438867;25287,0012870013;43,4480731209283;NA;NA;NA;Barcelona;24;0
08231;Sant Pere de Ribes;Garraf;2012;591,6435232;NA;NA;NA;NA;NA;NA;NA;15133;77,7;761,445975804376;19476,1904761905;46,9154977757219;NA;NA;NA;Barcelona;42;0
08234;Sant Pere de Vilamajor;Vallès Oriental;2012;0,0000000;NA;NA;NA;NA;NA;NA;NA;16694;77,7;0,000000000000;21485,1994851995;0,0000000000000;NA;NA;NA;Barcelona;46;0
08235;Sant Pol de Mar;Maresme;2012;597,9339407;NA;NA;NA;NA;NA;NA;NA;17638;77,7;769,541751222651;22700,1287000000;40,6803905680916;NA;NA;NA;Barcelona;48;1
08238;Sant Quirze del Vallès;Vallès Occidental;2012;641,7768255;NA;NA;NA;NA;NA;NA;NA;20774;77,7;825,967600386100;26736,1647361647;37,0719259900000;NA;NA;NA;Barcelona;25;0
08240;Sant Sadurní d'Anoia;Alt Penedès;2012;459,9720717;NA;NA;NA;NA;NA;NA;NA;16852;77,7;591,984648262548;21688,5456885457;32,7537672703537;NA;NA;NA;Barcelona;42;0
08244;Santa Coloma de Cervelló;Baix Llobregat;2012;674,6114286;NA;NA;NA;NA;NA;NA;NA;17917;77,7;868,225776833977;23059,2020592021;45,1824364748563;NA;NA;NA;Barcelona;18;0
08245;Santa Coloma de Gramenet;Barcelonès;2012;528,2197457;NA;NA;NA;NA;NA;NA;NA;13511;77,7;679,819492535392;17388,6743886744;46,9146395411146;NA;NA;NA;Barcelona;9;0
08248;Santa Eulàlia de Ronçana;Vallès Oriental;2012;627,7307788;NA;NA;NA;NA;NA;NA;NA;16594;77,7;807,890320205920;21356,4993564994;45,3945362516572;NA;NA;NA;Barcelona;38;0
08250;Santa Margarida de Montbui;Anoia;2012;340,0325495;NA;NA;NA;NA;NA;NA;NA;11537;77,7;437,622328828829;14848,1338481338;35,3678650775765;NA;NA;NA;Barcelona;66;0
08251;Santa Margarida i els Monjos;Alt Penedès;2012;400,9364931;NA;NA;NA;NA;NA;NA;NA;15395;77,7;516,005782625483;19813,3848133848;31,2519513946086;NA;NA;NA;Barcelona;52;0
08252;Barberà del Vallès;Vallès Occidental;2012;557,0907619;NA;NA;NA;NA;NA;NA;NA;16265;77,7;716,976527541828;20933,0759330759;41,1010706596987;NA;NA;NA;Barcelona;19;0
08259;Santa Maria de Palautordera;Vallès Oriental;2012;535,9189049;NA;NA;NA;NA;NA;NA;NA;14975;77,7;689,728320334620;19272,8442728443;42,9450875378965;NA;NA;NA;Barcelona;54;0
08260;Santa Perpètua de Mogoda;Vallès Occidental;2012;563,0650854;NA;NA;NA;NA;NA;NA;NA;15999;77,7;724,665489575290;20590,7335907336;42,2325209400000;NA;NA;NA;Barcelona;20;0
08262;Sant Vicenç de Castellet;Bages;2012;358,3980247;NA;NA;NA;NA;NA;NA;NA;13709;77,7;461,258719000000;17643,5006435006;31,3719184214749;NA;NA;NA;Barcelona;52;0
08263;Sant Vicenç dels Horts;Baix Llobregat;2012;588,3349537;NA;NA;NA;NA;NA;NA;NA;14824;77,7;757,187842599743;19078,5070785071;47,6256033756071;NA;NA;NA;Barcelona;21;0
08264;Sant Vicenç de Montalt;Maresme;2012;1006,5227070;NA;NA;NA;NA;NA;NA;NA;20536;77,7;1295,396019305019;26429,8584298584;58,8151172769770;NA;NA;NA;Barcelona;38;1
08266;Cerdanyola del Vallès;Vallès Occidental;2012;624,2947386;NA;NA;NA;NA;NA;NA;NA;17348;77,7;803,468132000000;22326,8983268983;43,1838647867189;NA;NA;NA;Barcelona;18;0
08267;Sentmenat;Vallès Occidental;2012;420,6434163;NA;NA;NA;NA;NA;NA;NA;15260;77,7;541,368618146718;19639,6396396396;33,0781192400000;NA;NA;NA;Barcelona;32;0
08270;Sitges;Garraf;2012;795,3770743;NA;NA;NA;NA;NA;NA;NA;16469;77,7;1023,651318275418;21195,6241956242;57,9544895962111;NA;NA;NA;Barcelona;38;1
08274;Súria;Bages;2012;0,0000000;NA;NA;NA;NA;NA;NA;NA;16354;77,7;0,000000000000;21047,6190476190;0,0000000000000;NA;NA;NA;Barcelona;72;0
08278;Taradell;Osona;2012;412,4868277;NA;NA;NA;NA;NA;NA;NA;16308;77,7;530,871078100000;20988,4169884170;30,3522316188374;NA;NA;NA;Barcelona;75;0
08279;Terrassa;Vallès Occidental;2012;486,0318300;NA;NA;NA;NA;NA;NA;NA;15506;77,7;625,523590733591;19956,2419562420;37,6137105636528;NA;NA;NA;Barcelona;28;0
08281;Teià;Maresme;2012;777,2013416;NA;NA;NA;NA;NA;NA;NA;21958;77,7;1000,259126898327;28259,9742599743;42,4738869623827;NA;NA;NA;Barcelona;22;0
08282;Tiana;Maresme;2012;785,9166767;NA;NA;NA;NA;NA;NA;NA;20620;77,7;1011,475774388674;26537,9665379665;45,7371489835112;NA;NA;NA;Barcelona;17;0
08283;Tona;Osona;2012;447,4807831;NA;NA;NA;NA;NA;NA;NA;15887;77,7;575,908343758044;20446,5894465894;33,7997696100000;NA;NA;NA;Barcelona;61;0
08284;Tordera;Maresme;2012;416,6760330;NA;NA;NA;NA;NA;NA;NA;12677;77,7;536,262590733591;16315,3153153153;39,4423948568273;NA;NA;NA;Barcelona;65;0
08285;Torelló;Osona;2012;364,0783371;NA;NA;NA;NA;NA;NA;NA;15713;77,7;468,569288416988;20222,6512226512;27,8046206656908;NA;NA;NA;Barcelona;82;0
08289;Torrelles de Llobregat;Baix Llobregat;2012;626,5585667;NA;NA;NA;NA;NA;NA;NA;17500;77,7;806,381681724582;22522,5225225225;42,9640160022857;NA;NA;NA;Barcelona;25;0
08291;Vacarisses;Vallès Occidental;2012;582,4912140;NA;NA;NA;NA;NA;NA;NA;15047;77,7;749,666942084942;19365,5083655084;46,4537420600000;NA;NA;NA;Barcelona;42;0
08295;Vallirana;Baix Llobregat;2012;631,3019277;NA;NA;NA;NA;NA;NA;NA;16562;77,7;812,486393436293;21315,3153153153;45,7409922255766;NA;NA;NA;Barcelona;28;0
08298;Vic;Osona;2012;444,8387942;NA;NA;NA;NA;NA;NA;NA;15364;77,7;572,508100643501;19773,4877734878;34,7439828846655;NA;NA;NA;Barcelona;70;0
08300;Viladecavalls;Vallès Occidental;2012;646,6225491;NA;NA;NA;NA;NA;NA;NA;17119;77,7;832,204052895753;22032,1750321750;45,3266580361002;NA;NA;NA;Barcelona;32;0
08301;Viladecans;Baix Llobregat;2012;629,2920058;NA;NA;NA;NA;NA;NA;NA;16264;77,7;809,899621364221;20931,7889317889;46,4307923610428;NA;NA;NA;Barcelona;18;1
08302;Vilanova del Camí;Anoia;2012;346,3228403;NA;NA;NA;NA;NA;NA;NA;12767;77,7;445,717941184041;16431,1454311454;32,5516886002976;NA;NA;NA;Barcelona;64;0
08305;Vilafranca del Penedès;Alt Penedès;2012;439,3890824;NA;NA;NA;NA;NA;NA;NA;15438;77,7;565,494314543115;19868,7258687259;34,1538346200000;NA;NA;NA;Barcelona;48;0
08307;Vilanova i la Geltrú;Garraf;2012;531,4353968;NA;NA;NA;NA;NA;NA;NA;15039;77,7;683,958039639640;19355,2123552124;42,4045798400000;NA;NA;NA;Barcelona;45;1
08902;Vilanova del Vallès;Vallès Oriental;2012;711,7164284;NA;NA;NA;NA;NA;NA;NA;18172;77,7;915,979959330759;23387,3873873874;46,9986635527185;NA;NA;NA;Barcelona;30;0
08904;Badia del Vallès;Vallès Occidental;2012;0,0000000;NA;NA;NA;NA;NA;NA;NA;12034;77,7;0,000000000000;15487,7734877735;0,0000000000000;NA;NA;NA;Barcelona;20;0
17008;Anglès;Selva;2012;372,8496535;NA;NA;NA;NA;NA;NA;NA;13910;77,7;479,857983912484;17902,1879021879;32,1653187778577;NA;NA;NA;Girona;101;0
17009;Arbúcies;Selva;2012;364,5737663;NA;NA;NA;NA;NA;NA;NA;12845;77,7;469,206906435006;16531,5315315315;34,0590517368626;NA;NA;NA;Girona;78;0
17015;Banyoles;Pla de l'Estany;2012;418,0503816;NA;NA;NA;NA;NA;NA;NA;14857;77,7;538,031379150579;19120,9781209781;33,7659324170425;NA;NA;NA;Girona;118;0
17020;Bescanó;Gironès;2012;0,0000000;NA;NA;NA;NA;NA;NA;NA;15823;77,7;0,000000000000;20364,2213642214;0,0000000000000;NA;NA;NA;Girona;98;0
17022;Bisbal d'Empordà, la;Baix Empordà;2012;384,3278791;NA;NA;NA;NA;NA;NA;NA;12515;77,7;494,630475000000;16106,8211068211;36,8512548877347;NA;NA;NA;Girona;120;0
17023;Blanes;Selva;2012;444,5949672;NA;NA;NA;NA;NA;NA;NA;12826;77,7;572,194295000000;16507,0785070785;41,5962857200000;NA;NA;NA;Girona;70;1
17033;Caldes de Malavella;Selva;2012;532,7046465;NA;NA;NA;NA;NA;NA;NA;14687;77,7;685,591565637066;18902,1879021879;43,5245847211820;NA;NA;NA;Girona;85;0
17034;Calonge i Sant Antoni;Baix Empordà;2012;517,4284233;NA;NA;NA;NA;NA;NA;NA;13169;77,7;665,931046718147;16948,5199485199;47,1496778768320;NA;NA;NA;Girona;112;1
17044;Cassà de la Selva;Gironès;2012;486,0017346;NA;NA;NA;NA;NA;NA;NA;14909;77,7;625,484857915058;19187,9021879022;39,1174513100000;NA;NA;NA;Girona;96;0
17047;Castelló d'Empúries;Alt Empordà;2012;473,1037528;NA;NA;NA;NA;NA;NA;NA;9157;77,7;608,885138738739;11785,0707850708;61,9989629092498;NA;NA;NA;Girona;142;1
17048;Castell d'Aro, Platja d'Aro i s'Agaró;Baix Empordà;2012;511,4566679;NA;NA;NA;NA;NA;NA;NA;12068;77,7;658,245389832690;15531,5315315315;50,8574744348691;NA;NA;NA;Girona;107;1
17049;Celrà;Gironès;2012;517,8789653;NA;NA;NA;NA;NA;NA;NA;14884;77,7;666,510894851995;19155,7271557272;41,7532087046493;NA;NA;NA;Girona;109;0
17062;Escala, l';Alt Empordà;2012;498,8827951;NA;NA;NA;NA;NA;NA;NA;11907;77,7;642,062799356499;15324,3243243243;50,2779334945830;NA;NA;NA;Girona;140;1
17066;Figueres;Alt Empordà;2012;425,6555374;NA;NA;NA;NA;NA;NA;NA;12108;77,7;547,819224453025;15583,0115830116;42,1858808126858;NA;NA;NA;Girona;138;0
17079;Girona;Gironès;2012;493,0930202;NA;NA;NA;NA;NA;NA;NA;15661;77,7;634,611351608752;20155,7271557272;37,7824930872869;NA;NA;NA;Girona;102;0
17089;Llagostera;Gironès;2012;379,3879220;NA;NA;NA;NA;NA;NA;NA;13381;77,7;488,272743886744;17221,3642213642;34,0232797548763;NA;NA;NA;Girona;90;0
17092;Llançà;Alt Empordà;2012;377,1950804;NA;NA;NA;NA;NA;NA;NA;13367;77,7;485,450553925354;17203,3462033462;33,8620555457470;NA;NA;NA;Girona;160;1
17095;Lloret de Mar;Selva;2012;451,7697125;NA;NA;NA;NA;NA;NA;NA;9513;77,7;581,428201415701;12243,2432432432;56,9876647745191;NA;NA;NA;Girona;75;1
17103;Maçanet de la Selva;Selva;2012;0,0000000;NA;NA;NA;NA;NA;NA;NA;12420;77,7;0,000000000000;15984,5559845560;0,0000000000000;NA;NA;NA;Girona;78;0
17114;Olot;Garrotxa;2012;375,1813419;NA;NA;NA;NA;NA;NA;NA;14930;77,7;482,858869884170;19214,9292149292;30,1552317669123;NA;NA;NA;Girona;112;0
17117;Palafrugell;Baix Empordà;2012;452,7433224;NA;NA;NA;NA;NA;NA;NA;11838;77,7;582,681238610039;15235,5212355212;45,8938998884947;NA;NA;NA;Girona;122;1
17118;Palamós;Baix Empordà;2012;487,0986101;NA;NA;NA;NA;NA;NA;NA;13576;77,7;626,896538100000;17472,3294723295;43,0552690129641;NA;NA;NA;Girona;115;1
17141;Puigcerdà;Cerdanya;2012;465,5814103;NA;NA;NA;NA;NA;NA;NA;12160;77,7;599,203874259974;15649,9356499356;45,9455339111842;NA;NA;NA;Girona;151;0
17147;Ripoll;Ripollès;2012;359,4729261;NA;NA;NA;NA;NA;NA;NA;15870;77,7;462,642118532819;20424,7104247104;27,1813176635161;NA;NA;NA;Girona;102;0
17152;Roses;Alt Empordà;2012;446,0411720;NA;NA;NA;NA;NA;NA;NA;10655;77,7;574,055562419562;13712,9987129987;50,2345759174097;NA;NA;NA;Girona;150;1
17155;Salt;Gironès;2012;431,8785581;NA;NA;NA;NA;NA;NA;NA;10933;77,7;555,828260102960;14070,7850707851;47,4027503631208;NA;NA;NA;Girona;100;0
17160;Sant Feliu de Guíxols;Baix Empordà;2012;446,8298125;NA;NA;NA;NA;NA;NA;NA;12787;77,7;575,070543758044;16456,8854568855;41,9328830061781;NA;NA;NA;Girona;105;1
17164;Sant Hilari Sacalm;Selva;2012;331,7035479;NA;NA;NA;NA;NA;NA;NA;14013;77,7;426,902893050193;18034,7490347490;28,4053562748876;NA;NA;NA;Girona;95;0
17180;Santa Coloma de Farners;Selva;2012;392,0109715;NA;NA;NA;NA;NA;NA;NA;13689;77,7;504,518624839125;17617,7606177606;34,3643192198115;NA;NA;NA;Girona;90;0
17181;Santa Cristina d'Aro;Baix Empordà;2012;456,3102985;NA;NA;NA;NA;NA;NA;NA;13269;77,7;587,271941441441;17077,2200772201;41,2670403346145;NA;NA;NA;Girona;101;1
17186;Sarrià de Ter;Gironès;2012;552,2197389;NA;NA;NA;NA;NA;NA;NA;16466;77,7;710,707514671815;21191,7631917632;40,2443633353577;NA;NA;NA;Girona;106;0
17193;Sils;Selva;2012;521,6714086;NA;NA;NA;NA;NA;NA;NA;14536;77,7;671,391774259974;18707,8507078507;43,0658840341222;NA;NA;NA;Girona;80;0
17199;Torroella de Montgrí;Baix Empordà;2012;513,2099533;NA;NA;NA;NA;NA;NA;NA;12627;77,7;660,501870398970;16250,9652509652;48,7726256402946;NA;NA;NA;Girona;135;1
17202;Tossa de Mar;Selva;2012;502,0423655;NA;NA;NA;NA;NA;NA;NA;12404;77,7;646,129170527671;15963,9639639640;48,5690776039987;NA;NA;NA;Girona;87;1
17213;Vidreres;Selva;2012;522,0806581;NA;NA;NA;NA;NA;NA;NA;14123;77,7;671,918478900000;18176,3191763192;44,3600360914820;NA;NA;NA;Girona;82;0
17221;Vilafant;Alt Empordà;2012;549,5892643;NA;NA;NA;NA;NA;NA;NA;13914;77,7;707,322090476190;17907,3359073359;47,3988153800000;NA;NA;NA;Girona;136;0
25003;Agramunt;Urgell;2012;0,0000000;NA;NA;NA;NA;NA;NA;NA;13436;77,7;0,000000000000;17292,1492921493;0,0000000000000;NA;NA;NA;Lleida;112;0
25011;Alcarràs;Segrià;2012;355,3517550;NA;NA;NA;NA;NA;NA;NA;12036;77,7;457,338166000000;15490,3474903475;35,4288888300000;NA;NA;NA;Lleida;165;0
25019;Almacelles;Segrià;2012;317,9173096;NA;NA;NA;NA;NA;NA;NA;12415;77,7;409,159986615187;15978,1209781210;30,7290190511478;NA;NA;NA;Lleida;170;0
25023;Alpicat;Segrià;2012;0,0000000;NA;NA;NA;NA;NA;NA;NA;16704;77,7;0,000000000000;21498,0694980695;0,0000000000000;NA;NA;NA;Lleida;160;0
25040;Balaguer;Noguera;2012;320,1562651;NA;NA;NA;NA;NA;NA;NA;12583;77,7;412,041525225225;16194,3371943372;30,5322671954224;NA;NA;NA;Lleida;145;0
25050;Bellpuig;Urgell;2012;368,5710988;NA;NA;NA;NA;NA;NA;NA;13101;77,7;474,351478507079;16861,0038610039;33,7596609846577;NA;NA;NA;Lleida;123;0
25058;Borges Blanques, les;Garrigues;2012;337,6901338;NA;NA;NA;NA;NA;NA;NA;13869;77,7;434,607636808237;17849,4208494209;29,2182681202682;NA;NA;NA;Lleida;125;0
25072;Cervera;Segarra;2012;322,7346927;NA;NA;NA;NA;NA;NA;NA;13932;77,7;415,359964864865;17930,5019305019;27,7979924806202;NA;NA;NA;Lleida;102;0
25110;Guissona;Segarra;2012;353,5615772;NA;NA;NA;NA;NA;NA;NA;13965;77,7;455,034204890605;17972,9729729730;30,3812311235231;NA;NA;NA;Lleida;110;0
25120;Lleida;Segrià;2012;395,7333334;NA;NA;NA;NA;NA;NA;NA;14518;77,7;509,309309395109;18684,6846846847;32,7097396390687;NA;NA;NA;Lleida;155;0
25137;Mollerussa;Pla d'Urgell;2012;351,0616625;NA;NA;NA;NA;NA;NA;NA;12867;77,7;451,816811454311;16559,8455598456;32,7406539986011;NA;NA;NA;Lleida;135;0
25203;Seu d'Urgell, la;Alt Urgell;2012;379,2128218;NA;NA;NA;NA;NA;NA;NA;13005;77,7;488,047389703990;16737,4517374517;34,9908024728950;NA;NA;NA;Lleida;180;0
25207;Solsona;Solsonès;2012;320,8581755;NA;NA;NA;NA;NA;NA;NA;13440;77,7;412,944884813385;17297,2972972973;28,6480513839286;NA;NA;NA;Lleida;115;0
25217;Tàrrega;Urgell;2012;332,9429116;NA;NA;NA;NA;NA;NA;NA;13237;77,7;428,497955727156;17036,0360360360;30,1829337402735;NA;NA;NA;Lleida;100;0
25234;Tremp;Pallars Jussà;2012;307,4777931;NA;NA;NA;NA;NA;NA;NA;14277;77,7;395,724315444015;18374,5173745174;25,8438993990334;NA;NA;NA;Lleida;190;0
25243;Vielha e Mijaran;Val d'Aran;2012;488,7792591;NA;NA;NA;NA;NA;NA;NA;13747;77,7;629,059535521235;17692,4066924067;42,6664080104750;NA;NA;NA;Lleida;280;0
43004;Alcanar;Montsià;2012;0,0000000;NA;NA;NA;NA;NA;NA;NA;11469;77,7;0,000000000000;14760,6177606178;0,0000000000000;NA;NA;NA;Tarragona;190;1
43005;Alcover;Alt Camp;2012;0,0000000;NA;NA;NA;NA;NA;NA;NA;13826;77,7;0,000000000000;17794,0797940798;0,0000000000000;NA;NA;NA;Tarragona;105;0
43012;Altafulla;Tarragonès;2012;529,1923940;NA;NA;NA;NA;NA;NA;NA;17399;77,7;681,071292149292;22392,5353925354;36,4981247657911;NA;NA;NA;Tarragona;88;1
43013;Ametlla de Mar, l';Baix Ebre;2012;0,0000000;NA;NA;NA;NA;NA;NA;NA;10272;77,7;0,000000000000;13220,0772200772;0,0000000000000;NA;NA;NA;Tarragona;144;1
43014;Amposta;Montsià;2012;324,6542306;NA;NA;NA;NA;NA;NA;NA;11788;77,7;417,830412612613;15171,1711711712;33,0492939192399;NA;NA;NA;Tarragona;168;0
43016;Arboç, l';Baix Penedès;2012;362,5322516;NA;NA;NA;NA;NA;NA;NA;12657;77,7;466,579474388674;16289,5752895753;34,3713914766532;NA;NA;NA;Tarragona;60;0
43037;Calafell;Baix Penedès;2012;492,1746193;NA;NA;NA;NA;NA;NA;NA;13489;77,7;633,429368468469;17360,3603603604;43,7845313300000;NA;NA;NA;Tarragona;62;1
43038;Cambrils;Baix Camp;2012;487,7408290;NA;NA;NA;NA;NA;NA;NA;13923;77,7;627,723074646075;17918,9189189189;42,0375633699634;NA;NA;NA;Tarragona;115;1
43043;Catllar, el;Tarragonès;2012;0,0000000;NA;NA;NA;NA;NA;NA;NA;17098;77,7;0,000000000000;22005,1480051480;0,0000000000000;NA;NA;NA;Tarragona;92;0
43044;Sénia, la;Montsià;2012;0,0000000;NA;NA;NA;NA;NA;NA;NA;11102;77,7;0,000000000000;14288,2882882883;0,0000000000000;NA;NA;NA;Tarragona;195;0
43047;Constantí;Tarragonès;2012;350,9471266;NA;NA;NA;NA;NA;NA;NA;11245;77,7;451,669403603604;14472,3294723295;37,4510050618052;NA;NA;NA;Tarragona;95;0
43051;Cunit;Baix Penedès;2012;506,0871988;NA;NA;NA;NA;NA;NA;NA;13489;77,7;651,334876190476;17360,3603603604;45,0222135488176;NA;NA;NA;Tarragona;55;1
43086;Montblanc;Conca de Barberà;2012;339,6174750;NA;NA;NA;NA;NA;NA;NA;14945;77,7;437,088127413127;19234,2342342342;27,2693857477417;NA;NA;NA;Tarragona;114;0
43092;Mont-roig del Camp;Baix Camp;2012;434,4962526;NA;NA;NA;NA;NA;NA;NA;11523;77,7;559,197236293436;14830,1158301158;45,2482429159073;NA;NA;NA;Tarragona;120;1
43093;Móra d'Ebre;Ribera d'Ebre;2012;329,1585059;NA;NA;NA;NA;NA;NA;NA;14777;77,7;423,627420720721;19018,0180180180;26,7300674751303;NA;NA;NA;Tarragona;150;0
43100;Pallaresos, els;Tarragonès;2012;0,0000000;NA;NA;NA;NA;NA;NA;NA;16878;77,7;0,000000000000;21722,0077220077;0,0000000000000;NA;NA;NA;Tarragona;95;0
43123;Reus;Baix Camp;2012;404,1542219;NA;NA;NA;NA;NA;NA;NA;13657;77,7;520,147003732304;17576,5765765766;35,5118302906934;NA;NA;NA;Tarragona;108;0
43129;Riudoms;Baix Camp;2012;466,5523394;NA;NA;NA;NA;NA;NA;NA;12994;77,7;600,453461261261;16723,2947232947;43,0862557549638;NA;NA;NA;Tarragona;115;0
43131;Roda de Berà;Tarragonès;2012;475,6707160;NA;NA;NA;NA;NA;NA;NA;14187;77,7;612,188823680824;18258,6872586873;40,2343595686192;NA;NA;NA;Tarragona;75;1
43133;Roquetes;Baix Ebre;2012;340,4390170;NA;NA;NA;NA;NA;NA;NA;12779;77,7;438,145453000000;16446,5894465894;31,9686063385241;NA;NA;NA;Tarragona;178;0
43136;Ràpita, la;Montsià;2012;313,0412006;NA;NA;NA;NA;NA;NA;NA;11695;77,7;402,884428056628;15051,4800514801;32,1205165215904;NA;NA;NA;Tarragona;180;1
43145;Selva del Camp, la;Baix Camp;2012;459,5829036;NA;NA;NA;NA;NA;NA;NA;14406;77,7;591,483788416988;18540,5405405405;38,2826242065806;NA;NA;NA;Tarragona;116;0
43148;Tarragona;Tarragonès;2012;469,6041062;NA;NA;NA;NA;NA;NA;NA;15282;77,7;604,381089100000;19667,9536679537;36,8750770475069;NA;NA;NA;Tarragona;98;1
43153;Torredembarra;Tarragonès;2012;441,4382081;NA;NA;NA;NA;NA;NA;NA;13823;77,7;568,131541956242;17790,2187902188;38,3220610374014;NA;NA;NA;Tarragona;84;1
43155;Tortosa;Baix Ebre;2012;341,5255596;NA;NA;NA;NA;NA;NA;NA;13571;77,7;439,543834749035;17465,8944658945;30,1990031331516;NA;NA;NA;Tarragona;175;0
43156;Ulldecona;Montsià;2012;0,0000000;NA;NA;NA;NA;NA;NA;NA;10097;77,7;0,000000000000;12994,8519948520;0,0000000000000;NA;NA;NA;Tarragona;198;0
43161;Valls;Alt Camp;2012;387,3503294;NA;NA;NA;NA;NA;NA;NA;14488;77,7;498,520372458172;18646,0746460746;32,0831305411375;NA;NA;NA;Tarragona;101;0
43162;Vandellòs i l'Hospitalet de l'Infant;Baix Camp;2012;0,0000000;NA;NA;NA;NA;NA;NA;NA;14342;77,7;0,000000000000;18458,1724581725;0,0000000000000;NA;NA;NA;Tarragona;132;1
43163;Vendrell, el;Baix Penedès;2012;428,3741585;NA;NA;NA;NA;NA;NA;NA;13663;77,7;551,318093307593;17584,2985842986;37,6234348386152;NA;NA;NA;Tarragona;65;1
43171;Vila-seca;Tarragonès;2012;456,4670610;NA;NA;NA;NA;NA;NA;NA;13034;77,7;587,473695000000;16774,7747747748;42,0255081479208;NA;NA;NA;Tarragona;106;1
43901;Deltebre;Baix Ebre;2012;295,6171242;NA;NA;NA;NA;NA;NA;NA;10644;77,7;380,459619305019;13698,8417000000;33,3277479368658;NA;NA;NA;Tarragona;170;1
43905;Salou;Tarragonès;2012;472,3001453;NA;NA;NA;NA;NA;NA;NA;11485;77,7;607,850894851995;14781,2097812098;49,3478601967784;NA;NA;NA;Tarragona;110;1
43907;Canonja, la;Tarragonès;2012;400,6760787;NA;NA;NA;NA;NA;NA;NA;12731;77,7;515,670629000000;16384,8133848134;37,7669699505145;NA;NA;NA;Tarragona;100;0
08001;Abrera;Baix Llobregat;2011;525,6750150;NA;NA;NA;NA;NA;NA;NA;17514;75,5;696,258298000000;23197,3509933775;36,0174727646454;NA;NA;NA;Barcelona;35;0
08003;Alella;Maresme;2011;860,2955606;NA;NA;NA;NA;NA;NA;NA;22768;75,5;1139,464318675497;30156,2913907285;45,3423521047084;NA;NA;NA;Barcelona;18;0
08005;Ametlla del Vallès, l';Vallès Oriental;2011;835,0163754;NA;NA;NA;NA;NA;NA;NA;20309;75,5;1105,981954172185;26899,3377483444;49,3386996149490;NA;NA;NA;Barcelona;35;0
08006;Arenys de Mar;Maresme;2011;564,9713908;NA;NA;NA;NA;NA;NA;NA;16061;75,5;748,306477880795;21272,8476821192;42,2119213598157;NA;NA;NA;Barcelona;40;1
08007;Arenys de Munt;Maresme;2011;559,2124478;NA;NA;NA;NA;NA;NA;NA;15980;75,5;740,678738800000;21165,5629139073;41,9934253667084;NA;NA;NA;Barcelona;45;0
08009;Argentona;Maresme;2011;602,7818078;NA;NA;NA;NA;NA;NA;NA;17398;75,5;798,386500400000;23043,7086092715;41,5759380020692;NA;NA;NA;Barcelona;35;0
08010;Artés;Bages;2011;465,8653654;NA;NA;NA;NA;NA;NA;NA;15872;75,5;617,040219072848;21022,5165562914;35,2216758114919;NA;NA;NA;Barcelona;72;0
08015;Badalona;Barcelonès;2011;619,6215341;NA;NA;NA;NA;NA;NA;NA;15789;75,5;820,690773642384;20912,5827814570;47,0926493710811;NA;NA;NA;Barcelona;10;1
08019;Barcelona;Barcelonès;2011;752,8601372;NA;NA;NA;NA;NA;NA;NA;20654;75,5;997,165744635762;27356,2913907285;43,7412687440689;NA;NA;NA;Barcelona;0;1
08020;Begues;Baix Llobregat;2011;829,0649416;NA;NA;NA;NA;NA;NA;NA;20856;75,5;1098,099260397351;27623,8410596026;47,7022405983890;NA;NA;NA;Barcelona;32;0
08022;Berga;Berguedà;2011;363,7617023;NA;NA;NA;NA;NA;NA;NA;15979;75,5;481,803579205298;21164,2384105960;27,3179825245635;NA;NA;NA;Barcelona;108;0
08023;Bigues i Riells del Fai;Vallès Oriental;2011;692,3518722;NA;NA;NA;NA;NA;NA;NA;17302;75,5;917,022347284768;22916,5562913907;48,0188560073980;NA;NA;NA;Barcelona;41;0
08029;Cabrera de Mar;Maresme;2011;0,0000000;NA;NA;NA;NA;NA;NA;NA;20567;75,5;0,000000000000;27241,0596026490;0,0000000000000;NA;NA;NA;Barcelona;28;1
08030;Cabrils;Maresme;2011;949,5976565;NA;NA;NA;NA;NA;NA;NA;22186;75,5;1257,745240397351;29385,4304635762;51,3619935004057;NA;NA;NA;Barcelona;27;0
08033;Caldes de Montbui;Vallès Oriental;2011;556,8446711;NA;NA;NA;NA;NA;NA;NA;17069;75,5;737,542610728477;22607,9470198675;39,1477886999824;NA;NA;NA;Barcelona;34;0
08035;Calella;Maresme;2011;494,4913048;NA;NA;NA;NA;NA;NA;NA;13730;75,5;654,955370596027;18185,4304635762;43,2184680087400;NA;NA;NA;Barcelona;50;1
08040;Canet de Mar;Maresme;2011;547,5876858;NA;NA;NA;NA;NA;NA;NA;15817;75,5;725,281703046358;20949,6688741722;41,5442386647278;NA;NA;NA;Barcelona;43;1
08041;Canovelles;Vallès Oriental;2011;510,1841615;NA;NA;NA;NA;NA;NA;NA;13880;75,5;675,740611258278;18384,1059600000;44,1081407636888;NA;NA;NA;Barcelona;31;0
08043;Canyelles;Garraf;2011;0,0000000;NA;NA;NA;NA;NA;NA;NA;16861;75,5;0,000000000000;22332,4503311258;0,0000000000000;NA;NA;NA;Barcelona;46;0
08044;Capellades;Anoia;2011;375,9909918;NA;NA;NA;NA;NA;NA;NA;16047;75,5;498,001313642384;21254,3046357616;28,1167314862591;NA;NA;NA;Barcelona;60;0
08046;Cardedeu;Vallès Oriental;2011;577,5066983;NA;NA;NA;NA;NA;NA;NA;17177;75,5;764,909534172185;22750,9933774834;40,3451148605694;NA;NA;NA;Barcelona;39;0
08051;Castellar del Vallès;Vallès Occidental;2011;565,4021295;NA;NA;NA;NA;NA;NA;NA;17333;75,5;748,876992715232;22957,6158940397;39,1439771187907;NA;NA;NA;Barcelona;34;0
08054;Castellbisbal;Vallès Occidental;2011;617,2252162;NA;NA;NA;NA;NA;NA;NA;17082;75,5;817,516842649007;22625,1655629139;43,3596920407446;NA;NA;NA;Barcelona;29;0
08056;Castelldefels;Baix Llobregat;2011;793,9298558;NA;NA;NA;NA;NA;NA;NA;18284;75,5;1051,562722913907;24217,2185430464;52,1065317742288;NA;NA;NA;Barcelona;22;1
08067;Centelles;Osona;2011;442,3891736;NA;NA;NA;NA;NA;NA;NA;16255;75,5;585,945925298013;21529,8013245033;32,6586901458013;NA;NA;NA;Barcelona;54;0
08068;Cervelló;Baix Llobregat;2011;639,4126091;NA;NA;NA;NA;NA;NA;NA;19084;75,5;846,904118013245;25276,8211920530;40,2062005302872;NA;NA;NA;Barcelona;25;0
08072;Corbera de Llobregat;Baix Llobregat;2011;597,3197836;NA;NA;NA;NA;NA;NA;NA;17659;75,5;791,152031258278;23389,4039735099;40,5902791958775;NA;NA;NA;Barcelona;30;0
08073;Cornellà de Llobregat;Baix Llobregat;2011;611,8776427;NA;NA;NA;NA;NA;NA;NA;16115;75,5;810,433963841060;21344,3708609272;45,5633367198263;NA;NA;NA;Barcelona;12;0
08074;Cubelles;Garraf;2011;612,2859257;NA;NA;NA;NA;NA;NA;NA;17020;75,5;810,974736026490;22543,0463576159;43,1693954665100;NA;NA;NA;Barcelona;50;1
08075;Dosrius;Maresme;2011;776,2688387;NA;NA;NA;NA;NA;NA;NA;16568;75,5;1028,170647284768;21944,3708609272;56,2242036721391;NA;NA;NA;Barcelona;39;0
08076;Esparreguera;Baix Llobregat;2011;561,4188037;NA;NA;NA;NA;NA;NA;NA;16161;75,5;743,601064503311;21405,2980132450;41,6869354891405;NA;NA;NA;Barcelona;39;0
08077;Esplugues de Llobregat;Baix Llobregat;2011;718,1900028;NA;NA;NA;NA;NA;NA;NA;19654;75,5;951,245036800000;26031,7880800000;43,8500052589804;NA;NA;NA;Barcelona;8;0
08086;Franqueses del Vallès, les;Vallès Oriental;2011;532,0111107;NA;NA;NA;NA;NA;NA;NA;15793;75,5;704,650477748344;20917,8807947020;40,4238164275312;NA;NA;NA;Barcelona;35;0
08088;Garriga, la;Vallès Oriental;2011;593,6543644;NA;NA;NA;NA;NA;NA;NA;17810;75,5;786,297171390728;23589,4039735099;39,9991710993824;NA;NA;NA;Barcelona;38;0
08089;Gavà;Baix Llobregat;2011;736,1774485;NA;NA;NA;NA;NA;NA;NA;17858;75,5;975,069468211920;23652,9801324503;49,4687500391981;NA;NA;NA;Barcelona;20;1
08091;Gelida;Alt Penedès;2011;492,4234267;NA;NA;NA;NA;NA;NA;NA;16390;75,5;652,216459200000;21708,6092715232;36,0529659572910;NA;NA;NA;Barcelona;35;0
08092;Gironella;Berguedà;2011;344,3443216;NA;NA;NA;NA;NA;NA;NA;15782;75,5;456,085194172185;20903,3112582781;26,1825615207198;NA;NA;NA;Barcelona;94;0
08096;Granollers;Vallès Oriental;2011;550,6891304;NA;NA;NA;NA;NA;NA;NA;16575;75,5;729,389576688742;21953,6423841060;39,8688963185520;NA;NA;NA;Barcelona;30;0
08101;Hospitalet de Llobregat, l';Barcelonès;2011;589,2566348;NA;NA;NA;NA;NA;NA;NA;15669;75,5;780,472363973510;20753,6423841060;45,1278295845300;NA;NA;NA;Barcelona;0;0
08102;Igualada;Anoia;2011;400,0947244;NA;NA;NA;NA;NA;NA;NA;16197;75,5;529,926787284768;21452,9801324503;29,6421355362104;NA;NA;NA;Barcelona;65;0
08105;Llagosta, la;Vallès Oriental;2011;528,9119985;NA;NA;NA;NA;NA;NA;NA;15100;75,5;700,545693377483;20000,0000000000;42,0327416026490;NA;NA;NA;Barcelona;19;0
08106;Llinars del Vallès;Vallès Oriental;2011;554,2731946;NA;NA;NA;NA;NA;NA;NA;16092;75,5;734,136681600000;21313,9072847682;41,3328258500000;NA;NA;NA;Barcelona;41;0
08107;Lliçà d'Amunt;Vallès Oriental;2011;0,0000000;NA;NA;NA;NA;NA;NA;NA;17324;75,5;0,000000000000;22945,6953642384;0,0000000000000;NA;NA;NA;Barcelona;32;0
08108;Lliçà de Vall;Vallès Oriental;2011;0,0000000;NA;NA;NA;NA;NA;NA;NA;18586;75,5;0,000000000000;24617,2185430464;0,0000000000000;NA;NA;NA;Barcelona;28;0
08110;Malgrat de Mar;Maresme;2011;513,9378664;NA;NA;NA;NA;NA;NA;NA;14234;75,5;680,712405827815;18852,9801324503;43,3276267865674;NA;NA;NA;Barcelona;62;1
08112;Manlleu;Osona;2011;379,4551054;NA;NA;NA;NA;NA;NA;NA;14524;75,5;502,589543576159;19237,0860927152;31,3512893472872;NA;NA;NA;Barcelona;78;0
08113;Manresa;Bages;2011;391,5915769;NA;NA;NA;NA;NA;NA;NA;16441;75,5;518,664340264901;21776,1589403974;28,5815882415911;NA;NA;NA;Barcelona;55;0
08114;Martorell;Baix Llobregat;2011;528,0666187;NA;NA;NA;NA;NA;NA;NA;15494;75,5;699,425985033113;20521,8543046358;40,8984085736414;NA;NA;NA;Barcelona;32;0
08118;Masnou, el;Maresme;2011;721,5516827;NA;NA;NA;NA;NA;NA;NA;19395;75,5;955,697592980132;25688,7417218543;44,6435689218871;NA;NA;NA;Barcelona;19;1
08119;Masquefa;Anoia;2011;552,9156250;NA;NA;NA;NA;NA;NA;NA;15675;75,5;732,338576158940;20761,5894039735;42,3284688995215;NA;NA;NA;Barcelona;46;0
08120;Matadepera;Vallès Occidental;2011;855,8365386;NA;NA;NA;NA;NA;NA;NA;26472;75,5;1133,558329271523;35062,2516556291;38,7958539709882;NA;NA;NA;Barcelona;32;0
08121;Mataró;Maresme;2011;566,5623129;NA;NA;NA;NA;NA;NA;NA;14804;75,5;750,413659470199;19607,9470198675;45,9250726479330;NA;NA;NA;Barcelona;31;1
08123;Molins de Rei;Baix Llobregat;2011;635,4026128;NA;NA;NA;NA;NA;NA;NA;19355;75,5;841,592864635762;25635,7615894040;39,3946337049858;NA;NA;NA;Barcelona;18;0
08124;Mollet del Vallès;Vallès Oriental;2011;568,1185852;NA;NA;NA;NA;NA;NA;NA;15815;75,5;752,474947284768;20947,0198675497;43,1073223041416;NA;NA;NA;Barcelona;23;0
08125;Montcada i Reixac;Vallès Occidental;2011;565,3961875;NA;NA;NA;NA;NA;NA;NA;15951;75,5;748,869122516556;21127,1523178808;42,5349774308821;NA;NA;NA;Barcelona;14;0
08126;Montgat;Maresme;2011;742,5714584;NA;NA;NA;NA;NA;NA;NA;18939;75,5;983,538355496689;25084,7682119205;47,0503062505940;NA;NA;NA;Barcelona;15;1
08135;Montmeló;Vallès Oriental;2011;561,0301211;NA;NA;NA;NA;NA;NA;NA;16498;75,5;743,086253112583;21851,6556291391;40,8071369450843;NA;NA;NA;Barcelona;24;0
08136;Montornès del Vallès;Vallès Oriental;2011;539,5475727;NA;NA;NA;NA;NA;NA;NA;15432;75,5;714,632546622517;20439,7350993377;41,9554877682737;NA;NA;NA;Barcelona;26;0
08138;Moià;Moianès;2011;418,5464949;NA;NA;NA;NA;NA;NA;NA;15321;75,5;554,366218400000;20292,7152317881;32,7821809203055;NA;NA;NA;Barcelona;55;0
08140;Navarcles;Bages;2011;378,5095029;NA;NA;NA;NA;NA;NA;NA;16070;75,5;501,337089933775;21284,7682119205;28,2645552881145;NA;NA;NA;Barcelona;60;0
08141;Navàs;Bages;2011;355,4628200;NA;NA;NA;NA;NA;NA;NA;16324;75,5;470,811682119205;21621,1920529801;26,1305675079637;NA;NA;NA;Barcelona;80;0
08147;Olesa de Montserrat;Baix Llobregat;2011;529,9592177;NA;NA;NA;NA;NA;NA;NA;15975;75,5;701,932738675497;21158,9403973510;39,8091431136150;NA;NA;NA;Barcelona;38;0
08155;Palafolls;Maresme;2011;482,3449333;NA;NA;NA;NA;NA;NA;NA;14356;75,5;638,867461324503;19014,5695364238;40,3186068514907;NA;NA;NA;Barcelona;60;0
08156;Palau-solità i Plegamans;Vallès Occidental;2011;624,8713322;NA;NA;NA;NA;NA;NA;NA;17189;75,5;827,644148609271;22766,8874172185;43,6235731363081;NA;NA;NA;Barcelona;28;0
08157;Pallejà;Baix Llobregat;2011;683,0266727;NA;NA;NA;NA;NA;NA;NA;18843;75,5;904,671089668874;24957,6158940397;43,4979571851616;NA;NA;NA;Barcelona;22;0
08159;Parets del Vallès;Vallès Oriental;2011;601,0602797;NA;NA;NA;NA;NA;NA;NA;17092;75,5;796,106330728477;22638,4105960265;42,1994111654575;NA;NA;NA;Barcelona;25;0
08161;Piera;Anoia;2011;501,8728848;NA;NA;NA;NA;NA;NA;NA;14283;75,5;664,732297748344;18917,8807947020;42,1653337366100;NA;NA;NA;Barcelona;50;0
08163;Pineda de Mar;Maresme;2011;497,9104143;NA;NA;NA;NA;NA;NA;NA;13730;75,5;659,483992450331;18185,4304635762;43,5172976809905;NA;NA;NA;Barcelona;55;1
08167;Polinyà;Vallès Occidental;2011;579,7668452;NA;NA;NA;NA;NA;NA;NA;16129;75,5;767,903106225166;21362,9139072848;43,1347395523591;NA;NA;NA;Barcelona;25;0
08169;Prat de Llobregat, el;Baix Llobregat;2011;630,8695453;NA;NA;NA;NA;NA;NA;NA;16800;75,5;835,588801721854;22251,6556291391;45,0621103785714;NA;NA;NA;Barcelona;11;1
08172;Premià de Mar;Maresme;2011;673,3634437;NA;NA;NA;NA;NA;NA;NA;17455;75,5;891,872110900000;23119,2052980132;46,2925312197078;NA;NA;NA;Barcelona;22;1
08180;Ripollet;Vallès Occidental;2011;581,8952014;NA;NA;NA;NA;NA;NA;NA;15788;75,5;770,722121059603;20911,2582781457;44,2281632683050;NA;NA;NA;Barcelona;16;0
08181;Roca del Vallès, la;Vallès Oriental;2011;618,5420729;NA;NA;NA;NA;NA;NA;NA;18107;75,5;819,261023708609;23982,7814569536;40,9924607875407;NA;NA;NA;Barcelona;36;0
08183;Roda de Ter;Osona;2011;414,3321638;NA;NA;NA;NA;NA;NA;NA;15391;75,5;548,784322913907;20385,4304635762;32,3045024079007;NA;NA;NA;Barcelona;79;0
08184;Rubí;Vallès Occidental;2011;577,6180880;NA;NA;NA;NA;NA;NA;NA;15746;75,5;765,057070198675;20855,6291390728;44,0201769084212;NA;NA;NA;Barcelona;24;0
08187;Sabadell;Vallès Occidental;2011;570,5134708;NA;NA;NA;NA;NA;NA;NA;16878;75,5;755,646981192053;22354,9668874172;40,5626356772129;NA;NA;NA;Barcelona;26;0
08191;Sallent;Bages;2011;358,9226202;NA;NA;NA;NA;NA;NA;NA;16588;75,5;475,394198940397;21970,8609271523;25,9649833759344;NA;NA;NA;Barcelona;68;0
08192;Santpedor;Bages;2011;448,4951230;NA;NA;NA;NA;NA;NA;NA;17897;75,5;594,033275496689;23704,6357615894;30,0717521148796;NA;NA;NA;Barcelona;65;0
08194;Sant Adrià de Besòs;Barcelonès;2011;630,7777162;NA;NA;NA;NA;NA;NA;NA;15445;75,5;835,467173774834;20456,9536423841;49,0083042693428;NA;NA;NA;Barcelona;8;1
08196;Sant Andreu de la Barca;Baix Llobregat;2011;581,5708950;NA;NA;NA;NA;NA;NA;NA;16032;75,5;770,292576158940;21234,4370860927;43,5307556137725;NA;NA;NA;Barcelona;27;0
08197;Sant Andreu de Llavaneres;Maresme;2011;764,5436452;NA;NA;NA;NA;NA;NA;NA;19295;75,5;1012,640589668874;25556,2913907285;47,5487107665198;NA;NA;NA;Barcelona;36;1
08198;Sant Antoni de Vilamajor;Vallès Oriental;2011;557,4755591;NA;NA;NA;NA;NA;NA;NA;17564;75,5;738,378224000000;23263,5761589404;38,0876036734229;NA;NA;NA;Barcelona;44;0
08200;Sant Boi de Llobregat;Baix Llobregat;2011;615,7836300;NA;NA;NA;NA;NA;NA;NA;16337;75,5;815,607456953642;21638,4105960265;45,2310923670197;NA;NA;NA;Barcelona;15;0
08202;Sant Celoni;Vallès Oriental;2011;463,0121207;NA;NA;NA;NA;NA;NA;NA;15706;75,5;613,261087019868;20802,6490066225;35,3759419865020;NA;NA;NA;Barcelona;52;0
08205;Sant Cugat del Vallès;Vallès Occidental;2011;858,5081988;NA;NA;NA;NA;NA;NA;NA;22676;75,5;1137,096952000000;30034,4370860927;45,4317268724643;NA;NA;NA;Barcelona;17;0
08208;Sant Esteve Sesrovires;Baix Llobregat;2011;725,1029146;NA;NA;NA;NA;NA;NA;NA;18029;75,5;960,401211390728;23879,4701986755;48,2624381563037;NA;NA;NA;Barcelona;38;0
08209;Sant Fost de Campsentelles;Vallès Oriental;2011;619,9588700;NA;NA;NA;NA;NA;NA;NA;17997;75,5;821,137576158940;23837,0860927152;41,3374809134856;NA;NA;NA;Barcelona;22;0
08210;Sant Feliu de Codines;Vallès Oriental;2011;445,5694405;NA;NA;NA;NA;NA;NA;NA;15231;75,5;590,158199337748;20173,5099337748;35,1049391766791;NA;NA;NA;Barcelona;39;0
08211;Sant Feliu de Llobregat;Baix Llobregat;2011;633,8043159;NA;NA;NA;NA;NA;NA;NA;18297;75,5;839,475915099338;24234,4370860927;41,5677531333005;NA;NA;NA;Barcelona;16;0
08213;Sant Fruitós de Bages;Bages;2011;436,8429592;NA;NA;NA;NA;NA;NA;NA;19447;75,5;578,599945960265;25757,6158940397;26,9559084198077;NA;NA;NA;Barcelona;57;0
08214;Vilassar de Dalt;Maresme;2011;715,8853982;NA;NA;NA;NA;NA;NA;NA;19834;75,5;948,192580397351;26270,1986754967;43,3126186266008;NA;NA;NA;Barcelona;26;0
08217;Sant Joan Despí;Baix Llobregat;2011;661,4312565;NA;NA;NA;NA;NA;NA;NA;19291;75,5;876,067889403973;25550,9933774834;41,1444460007257;NA;NA;NA;Barcelona;11;0
08218;Sant Joan de Vilatorrada;Bages;2011;409,2825614;NA;NA;NA;NA;NA;NA;NA;15677;75,5;542,096107814570;20764,2384105960;31,3286390049117;NA;NA;NA;Barcelona;58;0
08219;Vilassar de Mar;Maresme;2011;720,4660193;NA;NA;NA;NA;NA;NA;NA;19753;75,5;954,259628211920;26162,9139072848;43,7685021596719;NA;NA;NA;Barcelona;24;1
08221;Sant Just Desvern;Baix Llobregat;2011;990,5214704;NA;NA;NA;NA;NA;NA;NA;24418;75,5;1311,948967417218;32341,7218543046;48,6782604832501;NA;NA;NA;Barcelona;10;0
08230;Premià de Dalt;Maresme;2011;880,1998488;NA;NA;NA;NA;NA;NA;NA;20665;75,5;1165,827614304636;27370,8609271523;51,1125002932495;NA;NA;NA;Barcelona;24;0
08231;Sant Pere de Ribes;Garraf;2011;616,9953622;NA;NA;NA;NA;NA;NA;NA;15937;75,5;817,212400264901;21108,6092715232;46,4575788818473;NA;NA;NA;Barcelona;42;0
08234;Sant Pere de Vilamajor;Vallès Oriental;2011;0,0000000;NA;NA;NA;NA;NA;NA;NA;17673;75,5;0,000000000000;23407,9470198675;0,0000000000000;NA;NA;NA;Barcelona;46;0
08235;Sant Pol de Mar;Maresme;2011;696,2891484;NA;NA;NA;NA;NA;NA;NA;18871;75,5;922,237282649007;24994,7019867550;44,2767727242859;NA;NA;NA;Barcelona;48;1
08238;Sant Quirze del Vallès;Vallès Occidental;2011;711,5755527;NA;NA;NA;NA;NA;NA;NA;21928;75,5;942,484175761589;29043,7086092715;38,9406541061656;NA;NA;NA;Barcelona;25;0
08240;Sant Sadurní d'Anoia;Alt Penedès;2011;472,4917284;NA;NA;NA;NA;NA;NA;NA;17501;75,5;625,816858800000;23180,1324503311;32,3975815141992;NA;NA;NA;Barcelona;42;0
08244;Santa Coloma de Cervelló;Baix Llobregat;2011;685,4557884;NA;NA;NA;NA;NA;NA;NA;18380;75,5;907,888461456954;24344,3708609272;44,7522821588683;NA;NA;NA;Barcelona;18;0
08245;Santa Coloma de Gramenet;Barcelonès;2011;561,5590236;NA;NA;NA;NA;NA;NA;NA;14061;75,5;743,786786225166;18623,8410596026;47,9248153275016;NA;NA;NA;Barcelona;9;0
08248;Santa Eulàlia de Ronçana;Vallès Oriental;2011;0,0000000;NA;NA;NA;NA;NA;NA;NA;17138;75,5;0,000000000000;22699,3377483444;0,0000000000000;NA;NA;NA;Barcelona;38;0
08250;Santa Margarida de Montbui;Anoia;2011;364,8292521;NA;NA;NA;NA;NA;NA;NA;12047;75,5;483,217552450331;15956,2913907285;36,3405912276915;NA;NA;NA;Barcelona;66;0
08251;Santa Margarida i els Monjos;Alt Penedès;2011;432,7357871;NA;NA;NA;NA;NA;NA;NA;16023;75,5;573,159982913907;21222,5165562914;32,4085966747800;NA;NA;NA;Barcelona;52;0
08252;Barberà del Vallès;Vallès Occidental;2011;570,1593883;NA;NA;NA;NA;NA;NA;NA;16916;75,5;755,177997748344;22405,2980132450;40,4463978458264;NA;NA;NA;Barcelona;19;0
08259;Santa Maria de Palautordera;Vallès Oriental;2011;534,3190288;NA;NA;NA;NA;NA;NA;NA;15398;75,5;707,707322913907;20394,7019867550;41,6406568749188;NA;NA;NA;Barcelona;54;0
08260;Santa Perpètua de Mogoda;Vallès Occidental;2011;564,0162231;NA;NA;NA;NA;NA;NA;NA;16297;75,5;747,041355099338;21585,4304635762;41,5303103466896;NA;NA;NA;Barcelona;20;0
08262;Sant Vicenç de Castellet;Bages;2011;402,0409708;NA;NA;NA;NA;NA;NA;NA;14332;75,5;532,504597086093;18982,7814569536;33,6623754507396;NA;NA;NA;Barcelona;52;0
08263;Sant Vicenç dels Horts;Baix Llobregat;2011;638,1339000;NA;NA;NA;NA;NA;NA;NA;15336;75,5;845,210463600000;20312,5827814570;49,9322300469484;NA;NA;NA;Barcelona;21;0
08264;Sant Vicenç de Montalt;Maresme;2011;1048,9999790;NA;NA;NA;NA;NA;NA;NA;21284;75,5;1389,403945695364;28190,7284768212;59,1430170500000;NA;NA;NA;Barcelona;38;1
08266;Cerdanyola del Vallès;Vallès Occidental;2011;642,7258384;NA;NA;NA;NA;NA;NA;NA;18008;75,5;851,292501200000;23851,6556291391;42,8293539582408;NA;NA;NA;Barcelona;18;0
08267;Sentmenat;Vallès Occidental;2011;515,6084962;NA;NA;NA;NA;NA;NA;NA;16259;75,5;682,925160529801;21535,0993377483;38,0546279254567;NA;NA;NA;Barcelona;32;0
08270;Sitges;Garraf;2011;810,9203034;NA;NA;NA;NA;NA;NA;NA;17861;75,5;1074,066627019868;23656,9536423841;54,4820762600078;NA;NA;NA;Barcelona;38;1
08274;Súria;Bages;2011;0,0000000;NA;NA;NA;NA;NA;NA;NA;16641;75,5;0,000000000000;22041,0596026490;0,0000000000000;NA;NA;NA;Barcelona;72;0
08278;Taradell;Osona;2011;429,7929513;NA;NA;NA;NA;NA;NA;NA;16765;75,5;569,262187152318;22205,2980132450;30,7635873283627;NA;NA;NA;Barcelona;75;0
08279;Terrassa;Vallès Occidental;2011;514,7186489;NA;NA;NA;NA;NA;NA;NA;16226;75,5;681,746554800000;21491,3907284768;38,0662134031801;NA;NA;NA;Barcelona;28;0
08281;Teià;Maresme;2011;659,6792825;NA;NA;NA;NA;NA;NA;NA;23638;75,5;873,747394039735;31308,6092715232;33,4890912500000;NA;NA;NA;Barcelona;22;0
08282;Tiana;Maresme;2011;856,3436747;NA;NA;NA;NA;NA;NA;NA;22185;75,5;1134,230032715232;29384,1059600000;46,3201446761325;NA;NA;NA;Barcelona;17;0
08283;Tona;Osona;2011;486,4125119;NA;NA;NA;NA;NA;NA;NA;13877;75,5;644,254982649007;18380,1324503311;42,0620461396555;NA;NA;NA;Barcelona;61;0
08284;Tordera;Maresme;2011;461,9381671;NA;NA;NA;NA;NA;NA;NA;13224;75,5;611,838631920530;17515,2317880795;41,9181639836661;NA;NA;NA;Barcelona;65;0
08285;Torelló;Osona;2011;367,6995199;NA;NA;NA;NA;NA;NA;NA;15961;75,5;487,019231655629;21140,3973509934;27,6448483102562;NA;NA;NA;Barcelona;82;0
08289;Torrelles de Llobregat;Baix Llobregat;2011;579,6493129;NA;NA;NA;NA;NA;NA;NA;17730;75,5;767,747434304636;23483,4437086093;39,2317639864636;NA;NA;NA;Barcelona;25;0
08291;Vacarisses;Vallès Occidental;2011;0,0000000;NA;NA;NA;NA;NA;NA;NA;15415;75,5;0,000000000000;20417,2185430464;0,0000000000000;NA;NA;NA;Barcelona;42;0
08295;Vallirana;Baix Llobregat;2011;620,3973311;NA;NA;NA;NA;NA;NA;NA;17217;75,5;821,718319337748;22803,9735099338;43,2407967311378;NA;NA;NA;Barcelona;28;0
08298;Vic;Osona;2011;465,9231747;NA;NA;NA;NA;NA;NA;NA;16099;75,5;617,116787682119;21323,1788079470;34,7293502478415;NA;NA;NA;Barcelona;70;0
08300;Viladecavalls;Vallès Occidental;2011;0,0000000;NA;NA;NA;NA;NA;NA;NA;17866;75,5;0,000000000000;23663,5761589404;0,0000000000000;NA;NA;NA;Barcelona;32;0
08301;Viladecans;Baix Llobregat;2011;645,3552991;NA;NA;NA;NA;NA;NA;NA;16887;75,5;854,775230596027;22366,8874172185;45,8593213075147;NA;NA;NA;Barcelona;18;1
08302;Vilanova del Camí;Anoia;2011;383,9978626;NA;NA;NA;NA;NA;NA;NA;13239;75,5;508,606440529801;17535,0993377483;34,8060605121233;NA;NA;NA;Barcelona;64;0
08305;Vilafranca del Penedès;Alt Penedès;2011;469,2821754;NA;NA;NA;NA;NA;NA;NA;16364;75,5;621,565795231788;21674,1721854305;34,4132614568565;NA;NA;NA;Barcelona;48;0
08307;Vilanova i la Geltrú;Garraf;2011;553,1837692;NA;NA;NA;NA;NA;NA;NA;15815;75,5;732,693734039735;20947,0198675497;41,9741083174202;NA;NA;NA;Barcelona;45;1
08902;Vilanova del Vallès;Vallès Oriental;2011;668,2089403;NA;NA;NA;NA;NA;NA;NA;18782;75,5;885,044954039735;24876,8211920530;42,6925102949633;NA;NA;NA;Barcelona;30;0
08904;Badia del Vallès;Vallès Occidental;2011;0,0000000;NA;NA;NA;NA;NA;NA;NA;12104;75,5;0,000000000000;16031,7880794702;0,0000000000000;NA;NA;NA;Barcelona;20;0
17008;Anglès;Selva;2011;0,0000000;NA;NA;NA;NA;NA;NA;NA;14570;75,5;0,000000000000;19298,0132450331;0,0000000000000;NA;NA;NA;Girona;101;0
17009;Arbúcies;Selva;2011;380,9496679;NA;NA;NA;NA;NA;NA;NA;13212;75,5;504,569096556291;17499,3377483444;34,6003331425976;NA;NA;NA;Girona;78;0
17015;Banyoles;Pla de l'Estany;2011;460,4848942;NA;NA;NA;NA;NA;NA;NA;15710;75,5;609,913767152318;20807,9470198675;35,1738938917887;NA;NA;NA;Girona;118;0
17020;Bescanó;Gironès;2011;0,0000000;NA;NA;NA;NA;NA;NA;NA;16709;75,5;0,000000000000;22131,1258278146;0,0000000000000;NA;NA;NA;Girona;98;0
17022;Bisbal d'Empordà, la;Baix Empordà;2011;427,5328846;NA;NA;NA;NA;NA;NA;NA;13305;75,5;566,268721324503;17622,5165562914;38,5598994002255;NA;NA;NA;Girona;120;0
17023;Blanes;Selva;2011;461,3855020;NA;NA;NA;NA;NA;NA;NA;13493;75,5;611,106625165563;17871,5231788079;41,0333211591195;NA;NA;NA;Girona;70;1
17033;Caldes de Malavella;Selva;2011;566,3000086;NA;NA;NA;NA;NA;NA;NA;15072;75,5;750,066236556291;19962,9139072848;45,0875803025478;NA;NA;NA;Girona;85;0
17034;Calonge i Sant Antoni;Baix Empordà;2011;517,8437448;NA;NA;NA;NA;NA;NA;NA;14215;75,5;685,885754701987;18827,8145695364;43,7152651255716;NA;NA;NA;Girona;112;1
17044;Cassà de la Selva;Gironès;2011;495,7712552;NA;NA;NA;NA;NA;NA;NA;15574;75,5;656,650669139073;20627,8145695364;38,1999169282137;NA;NA;NA;Girona;96;0
17047;Castelló d'Empúries;Alt Empordà;2011;461,9304127;NA;NA;NA;NA;NA;NA;NA;9890;75,5;611,828361200000;13099,3377483444;56,0481794984833;NA;NA;NA;Girona;142;1
17048;Castell d'Aro, Platja d'Aro i s'Agaró;Baix Empordà;2011;502,3800321;NA;NA;NA;NA;NA;NA;NA;13218;75,5;665,404016000000;17507,2847682119;45,6087183023150;NA;NA;NA;Girona;107;1
17049;Celrà;Gironès;2011;525,3324847;NA;NA;NA;NA;NA;NA;NA;15182;75,5;695,804615496689;20108,6092715232;41,5227889368990;NA;NA;NA;Girona;109;0
17062;Escala, l';Alt Empordà;2011;488,6349377;NA;NA;NA;NA;NA;NA;NA;12517;75,5;647,198592980133;16578,8079470199;46,8452444866981;NA;NA;NA;Girona;140;1
17066;Figueres;Alt Empordà;2011;453,4025664;NA;NA;NA;NA;NA;NA;NA;12746;75,5;600,533200529801;16882,1192052980;42,6865745865369;NA;NA;NA;Girona;138;0
17079;Girona;Gironès;2011;529,3693379;NA;NA;NA;NA;NA;NA;NA;16639;75,5;701,151440927152;22038,4105960265;38,1779677552737;NA;NA;NA;Girona;102;0
17089;Llagostera;Gironès;2011;440,3788114;NA;NA;NA;NA;NA;NA;NA;13950;75,5;583,283193907285;18476,8211920530;37,8820482924731;NA;NA;NA;Girona;90;0
17092;Llançà;Alt Empordà;2011;441,1520706;NA;NA;NA;NA;NA;NA;NA;14078;75,5;584,307378278146;18646,3576158940;37,6035292456315;NA;NA;NA;Girona;160;1
17095;Lloret de Mar;Selva;2011;470,2212826;NA;NA;NA;NA;NA;NA;NA;10021;75,5;622,809645827815;13272,8476821192;56,3083064684163;NA;NA;NA;Girona;75;1
17103;Maçanet de la Selva;Selva;2011;0,0000000;NA;NA;NA;NA;NA;NA;NA;12213;75,5;0,000000000000;16176,1589403974;0,0000000000000;NA;NA;NA;Girona;78;0
17114;Olot;Garrotxa;2011;391,2211869;NA;NA;NA;NA;NA;NA;NA;15701;75,5;518,173757483444;20796,0264900662;29,9003518400000;NA;NA;NA;Girona;112;0
17117;Palafrugell;Baix Empordà;2011;471,5574468;NA;NA;NA;NA;NA;NA;NA;12882;75,5;624,579399735099;17062,2516556291;43,9271026362366;NA;NA;NA;Girona;122;1
17118;Palamós;Baix Empordà;2011;508,6363315;NA;NA;NA;NA;NA;NA;NA;14490;75,5;673,690505298013;19192,0529801325;42,1230916356108;NA;NA;NA;Girona;115;1
17141;Puigcerdà;Cerdanya;2011;500,8827607;NA;NA;NA;NA;NA;NA;NA;13159;75,5;663,420875099338;17429,1390728477;45,6766709354814;NA;NA;NA;Girona;151;0
17147;Ripoll;Ripollès;2011;386,0351360;NA;NA;NA;NA;NA;NA;NA;16430;75,5;511,304815894040;21761,5894039735;28,1948973341449;NA;NA;NA;Girona;102;0
17152;Roses;Alt Empordà;2011;451,1807517;NA;NA;NA;NA;NA;NA;NA;11073;75,5;597,590399600000;14666,2251655629;48,8952318287727;NA;NA;NA;Girona;150;1
17155;Salt;Gironès;2011;452,6715409;NA;NA;NA;NA;NA;NA;NA;11378;75,5;599,564954834437;15070,1986754967;47,7417691228687;NA;NA;NA;Girona;100;0
17160;Sant Feliu de Guíxols;Baix Empordà;2011;481,4882453;NA;NA;NA;NA;NA;NA;NA;13741;75,5;637,732775231788;18200,0000000000;42,0483148504476;NA;NA;NA;Girona;105;1
17164;Sant Hilari Sacalm;Selva;2011;347,1998822;NA;NA;NA;NA;NA;NA;NA;14565;75,5;459,867393642384;19291,3907284768;28,6055515715757;NA;NA;NA;Girona;95;0
17180;Santa Coloma de Farners;Selva;2011;453,6389274;NA;NA;NA;NA;NA;NA;NA;14287;75,5;600,846261456954;18923,1788079470;38,1022406999370;NA;NA;NA;Girona;90;0
17181;Santa Cristina d'Aro;Baix Empordà;2011;575,0933368;NA;NA;NA;NA;NA;NA;NA;14200;75,5;761,713028874172;18807,9470198675;48,5994369126761;NA;NA;NA;Girona;101;1
17186;Sarrià de Ter;Gironès;2011;0,0000000;NA;NA;NA;NA;NA;NA;NA;17185;75,5;0,000000000000;22761,5894039735;0,0000000000000;NA;NA;NA;Girona;106;0
17193;Sils;Selva;2011;518,0920789;NA;NA;NA;NA;NA;NA;NA;14849;75,5;686,214674039735;19667,5496688742;41,8688460300000;NA;NA;NA;Girona;80;0
17199;Torroella de Montgrí;Baix Empordà;2011;481,5219872;NA;NA;NA;NA;NA;NA;NA;13179;75,5;637,777466490066;17455,6291390728;43,8444786888231;NA;NA;NA;Girona;135;1
17202;Tossa de Mar;Selva;2011;542,9351123;NA;NA;NA;NA;NA;NA;NA;13443;75,5;719,119354039735;17805,2980132450;48,4655311135907;NA;NA;NA;Girona;87;1
17213;Vidreres;Selva;2011;0,0000000;NA;NA;NA;NA;NA;NA;NA;14491;75,5;0,000000000000;19193,3774834437;0,0000000000000;NA;NA;NA;Girona;82;0
17221;Vilafant;Alt Empordà;2011;556,9262208;NA;NA;NA;NA;NA;NA;NA;14593;75,5;737,650623600000;19328,4768211921;45,7967152000000;NA;NA;NA;Girona;136;0
25003;Agramunt;Urgell;2011;0,0000000;NA;NA;NA;NA;NA;NA;NA;13776;75,5;0,000000000000;18246,3576158940;0,0000000000000;NA;NA;NA;Lleida;112;0
25011;Alcarràs;Segrià;2011;376,5547941;NA;NA;NA;NA;NA;NA;NA;12723;75,5;498,748071655629;16851,6556291391;35,5156608441405;NA;NA;NA;Lleida;165;0
25019;Almacelles;Segrià;2011;320,4519365;NA;NA;NA;NA;NA;NA;NA;12746;75,5;424,439650993377;16882,1192052980;30,1696472461949;NA;NA;NA;Lleida;170;0
25023;Alpicat;Segrià;2011;0,0000000;NA;NA;NA;NA;NA;NA;NA;17485;75,5;0,000000000000;23158,9403973510;0,0000000000000;NA;NA;NA;Lleida;160;0
25040;Balaguer;Noguera;2011;340,3688895;NA;NA;NA;NA;NA;NA;NA;13156;75,5;450,819721200000;17425,1655629139;31,0461133627242;NA;NA;NA;Lleida;145;0
25050;Bellpuig;Urgell;2011;0,0000000;NA;NA;NA;NA;NA;NA;NA;13383;75,5;0,000000000000;17725,8278145695;0,0000000000000;NA;NA;NA;Lleida;123;0
25058;Borges Blanques, les;Garrigues;2011;0,0000000;NA;NA;NA;NA;NA;NA;NA;14719;75,5;0,000000000000;19495,3642384106;0,0000000000000;NA;NA;NA;Lleida;125;0
25072;Cervera;Segarra;2011;325,7798830;NA;NA;NA;NA;NA;NA;NA;13796;75,5;431,496533774834;18272,8476821192;28,3368990721948;NA;NA;NA;Lleida;102;0
25110;Guissona;Segarra;2011;339,0297403;NA;NA;NA;NA;NA;NA;NA;14347;75,5;449,046013642384;19002,6490066225;28,3568473102391;NA;NA;NA;Lleida;110;0
25120;Lleida;Segrià;2011;407,7312838;NA;NA;NA;NA;NA;NA;NA;15327;75,5;540,041435496689;20300,6622516556;31,9225902368370;NA;NA;NA;Lleida;155;0
25137;Mollerussa;Pla d'Urgell;2011;376,2398566;NA;NA;NA;NA;NA;NA;NA;13721;75,5;498,330935894040;18173,5099337748;32,9048777727571;NA;NA;NA;Lleida;135;0
25203;Seu d'Urgell, la;Alt Urgell;2011;395,3755483;NA;NA;NA;NA;NA;NA;NA;13686;75,5;523,676222913907;18127,1523178808;34,6668608768084;NA;NA;NA;Lleida;180;0
25207;Solsona;Solsonès;2011;323,4711503;NA;NA;NA;NA;NA;NA;NA;13927;75,5;428,438609668874;18446,3576158940;27,8714281869749;NA;NA;NA;Lleida;115;0
25217;Tàrrega;Urgell;2011;353,0887898;NA;NA;NA;NA;NA;NA;NA;13695;75,5;467,667271258278;18139,0728476821;30,9387767623220;NA;NA;NA;Lleida;100;0
25234;Tremp;Pallars Jussà;2011;337,2754136;NA;NA;NA;NA;NA;NA;NA;14567;75,5;446,722402119205;19294,0397350993;27,7840664735361;NA;NA;NA;Lleida;190;0
25243;Vielha e Mijaran;Val d'Aran;2011;534,6880509;NA;NA;NA;NA;NA;NA;NA;14073;75,5;708,196093907285;18639,7350993377;45,5926711490087;NA;NA;NA;Lleida;280;0
43004;Alcanar;Montsià;2011;0,0000000;NA;NA;NA;NA;NA;NA;NA;11464;75,5;0,000000000000;15184,1059600000;0,0000000000000;NA;NA;NA;Tarragona;190;1
43005;Alcover;Alt Camp;2011;391,7561927;NA;NA;NA;NA;NA;NA;NA;14173;75,5;518,882374400000;18772,1854304636;33,1692253750088;NA;NA;NA;Tarragona;105;0
43012;Altafulla;Tarragonès;2011;539,6887956;NA;NA;NA;NA;NA;NA;NA;18348;75,5;714,819596821192;24301,9867549669;35,2968473250491;NA;NA;NA;Tarragona;88;1
43013;Ametlla de Mar, l';Baix Ebre;2011;432,0565333;NA;NA;NA;NA;NA;NA;NA;11028;75,5;572,260309006622;14606,6225165563;47,0137685854189;NA;NA;NA;Tarragona;144;1
43014;Amposta;Montsià;2011;357,6312896;NA;NA;NA;NA;NA;NA;NA;12265;75,5;473,683827284768;16245,0331125828;34,9904237700000;NA;NA;NA;Tarragona;168;0
43016;Arboç, l';Baix Penedès;2011;424,0086981;NA;NA;NA;NA;NA;NA;NA;13489;75,5;561,600924635762;17866,2251655629;37,7203971917859;NA;NA;NA;Tarragona;60;0
43037;Calafell;Baix Penedès;2011;498,4600611;NA;NA;NA;NA;NA;NA;NA;14081;75,5;660,212001456954;18650,3311258278;42,4793745699879;NA;NA;NA;Tarragona;62;1
43038;Cambrils;Baix Camp;2011;521,7610455;NA;NA;NA;NA;NA;NA;NA;14816;75,5;691,074232450331;19623,8410596026;42,2592639443845;NA;NA;NA;Tarragona;115;1
43043;Catllar, el;Tarragonès;2011;0,0000000;NA;NA;NA;NA;NA;NA;NA;17438;75,5;0,000000000000;23096,6887417219;0,0000000000000;NA;NA;NA;Tarragona;92;0
43044;Sénia, la;Montsià;2011;0,0000000;NA;NA;NA;NA;NA;NA;NA;11814;75,5;0,000000000000;15647,6821192053;0,0000000000000;NA;NA;NA;Tarragona;195;0
43047;Constantí;Tarragonès;2011;409,6323096;NA;NA;NA;NA;NA;NA;NA;11958;75,5;542,559350463576;15838,4105960265;41,1071058304064;NA;NA;NA;Tarragona;95;0
43051;Cunit;Baix Penedès;2011;503,7781779;NA;NA;NA;NA;NA;NA;NA;13894;75,5;667,255864800000;18402,6490066225;43,5104227349935;NA;NA;NA;Tarragona;55;1
43086;Montblanc;Conca de Barberà;2011;388,9622419;NA;NA;NA;NA;NA;NA;NA;15431;75,5;515,181777350993;20438,4105960265;30,2478575776035;NA;NA;NA;Tarragona;114;0
43092;Mont-roig del Camp;Baix Camp;2011;470,1428564;NA;NA;NA;NA;NA;NA;NA;12197;75,5;622,705770066225;16154,9668874172;46,2549338099533;NA;NA;NA;Tarragona;120;1
43093;Móra d'Ebre;Ribera d'Ebre;2011;355,8059657;NA;NA;NA;NA;NA;NA;NA;15276;75,5;471,266179735099;20233,1125827815;27,9501936920660;NA;NA;NA;Tarragona;150;0
43100;Pallaresos, els;Tarragonès;2011;0,0000000;NA;NA;NA;NA;NA;NA;NA;18004;75,5;0,000000000000;23846,3576158940;0,0000000000000;NA;NA;NA;Tarragona;95;0
43123;Reus;Baix Camp;2011;435,0125756;NA;NA;NA;NA;NA;NA;NA;14380;75,5;576,175596800000;19046,3576158940;36,3014666703755;NA;NA;NA;Tarragona;108;0
43129;Riudoms;Baix Camp;2011;453,2720408;NA;NA;NA;NA;NA;NA;NA;13160;75,5;600,360318940397;17430,4635761589;41,3317970334347;NA;NA;NA;Tarragona;115;0
43131;Roda de Berà;Tarragonès;2011;482,9560397;NA;NA;NA;NA;NA;NA;NA;14976;75,5;639,676873774834;19835,7615894040;38,6984006169872;NA;NA;NA;Tarragona;75;1
43133;Roquetes;Baix Ebre;2011;353,0013101;NA;NA;NA;NA;NA;NA;NA;13158;75,5;467,551404105960;17427,8145695364;32,1934619334245;NA;NA;NA;Tarragona;178;0
43136;Ràpita, la;Montsià;2011;354,0300838;NA;NA;NA;NA;NA;NA;NA;12081;75,5;468,914018278146;16001,3245033113;35,1656403079215;NA;NA;NA;Tarragona;180;1
43145;Selva del Camp, la;Baix Camp;2011;497,0879611;NA;NA;NA;NA;NA;NA;NA;14882;75,5;658,394650463576;19711,2582781457;40,0823513855664;NA;NA;NA;Tarragona;116;0
43148;Tarragona;Tarragonès;2011;495,0216195;NA;NA;NA;NA;NA;NA;NA;16232;75,5;655,657774172185;21499,3377483444;36,5959797560375;NA;NA;NA;Tarragona;98;1
43153;Torredembarra;Tarragonès;2011;483,8282164;NA;NA;NA;NA;NA;NA;NA;14497;75,5;640,832074701987;19201,3245033113;40,0492418900462;NA;NA;NA;Tarragona;84;1
43155;Tortosa;Baix Ebre;2011;364,2883597;NA;NA;NA;NA;NA;NA;NA;14072;75,5;482,501138675497;18638,4105960265;31,0649539255259;NA;NA;NA;Tarragona;175;0
43156;Ulldecona;Montsià;2011;0,0000000;NA;NA;NA;NA;NA;NA;NA;10255;75,5;0,000000000000;13582,7814569536;0,0000000000000;NA;NA;NA;Tarragona;198;0
43161;Valls;Alt Camp;2011;408,3502558;NA;NA;NA;NA;NA;NA;NA;15212;75,5;540,861265960265;20148,3443708609;32,2127469734420;NA;NA;NA;Tarragona;101;0
43162;Vandellòs i l'Hospitalet de l'Infant;Baix Camp;2011;0,0000000;NA;NA;NA;NA;NA;NA;NA;14624;75,5;0,000000000000;19369,5364238411;0,0000000000000;NA;NA;NA;Tarragona;132;1
43163;Vendrell, el;Baix Penedès;2011;439,4985403;NA;NA;NA;NA;NA;NA;NA;14398;75,5;582,117271920530;19070,1986754967;36,6299658535908;NA;NA;NA;Tarragona;65;1
43171;Vila-seca;Tarragonès;2011;486,3001018;NA;NA;NA;NA;NA;NA;NA;13485;75,5;644,106095099338;17860,9271523179;43,2747587808676;NA;NA;NA;Tarragona;106;1
43901;Deltebre;Baix Ebre;2011;315,7901569;NA;NA;NA;NA;NA;NA;NA;11068;75,5;418,265108476821;14659,6026490066;34,2381810878207;NA;NA;NA;Tarragona;170;1
43905;Salou;Tarragonès;2011;487,3157504;NA;NA;NA;NA;NA;NA;NA;12215;75,5;645,451325033113;16178,8079470199;47,8738354875154;NA;NA;NA;Tarragona;110;1
43907;Canonja, la;Tarragonès;2011;416,9553595;NA;NA;NA;NA;NA;NA;NA;13003;75,5;552,258754304636;17222,5165562914;38,4793071906483;NA;NA;NA;Tarragona;100;0
08001;Abrera;Baix Llobregat;2010;641,0860589;NA;NA;NA;NA;NA;NA;NA;17241;73,1;876,998712585499;23585,4993160055;44,6205713520097;NA;NA;NA;Barcelona;35;0
08003;Alella;Maresme;2010;844,7143589;NA;NA;NA;NA;NA;NA;NA;24006;73,1;1155,559998495212;32839,9452804378;42,2251616545864;NA;NA;NA;Barcelona;18;0
08005;Ametlla del Vallès, l';Vallès Oriental;2010;815,9284679;NA;NA;NA;NA;NA;NA;NA;20484;73,1;1116,181214637483;28021,8878200000;47,7989729300000;NA;NA;NA;Barcelona;35;0
08006;Arenys de Mar;Maresme;2010;607,4837456;NA;NA;NA;NA;NA;NA;NA;16734;73,1;831,031115731874;22891,9288645691;43,5628358300000;NA;NA;NA;Barcelona;40;1
08007;Arenys de Munt;Maresme;2010;554,5245714;NA;NA;NA;NA;NA;NA;NA;16557;73,1;758,583545006840;22649,7948016416;40,1902207936220;NA;NA;NA;Barcelona;45;0
08009;Argentona;Maresme;2010;616,0880489;NA;NA;NA;NA;NA;NA;NA;17581;73,1;842,801708481532;24050,6155950752;42,0513997315283;NA;NA;NA;Barcelona;35;0
08010;Artés;Bages;2010;398,5835193;NA;NA;NA;NA;NA;NA;NA;15649;73,1;545,257892339261;21407,6607387141;30,5642675672567;NA;NA;NA;Barcelona;72;0
08015;Badalona;Barcelonès;2010;630,8803603;NA;NA;NA;NA;NA;NA;NA;15738;73,1;863,037428590971;21529,4117647059;48,1037255280213;NA;NA;NA;Barcelona;10;1
08019;Barcelona;Barcelonès;2010;761,8745147;NA;NA;NA;NA;NA;NA;NA;20774;73,1;1042,235998221614;28418,6046511628;44,0093105632040;NA;NA;NA;Barcelona;0;1
08020;Begues;Baix Llobregat;2010;859,4512195;NA;NA;NA;NA;NA;NA;NA;21034;73,1;1175,719863000000;28774,2818057456;49,0321129314443;NA;NA;NA;Barcelona;32;0
08022;Berga;Berguedà;2010;357,4975768;NA;NA;NA;NA;NA;NA;NA;15656;73,1;489,052772640219;21417,2366621067;27,4014494225856;NA;NA;NA;Barcelona;108;0
08023;Bigues i Riells del Fai;Vallès Oriental;2010;630,2462020;NA;NA;NA;NA;NA;NA;NA;17647;73,1;862,169906976744;24140,9028727770;42,8568845922820;NA;NA;NA;Barcelona;41;0
08029;Cabrera de Mar;Maresme;2010;0,0000000;NA;NA;NA;NA;NA;NA;NA;21437;73,1;0,000000000000;29325,5813953488;0,0000000000000;NA;NA;NA;Barcelona;28;1
08030;Cabrils;Maresme;2010;950,2982333;NA;NA;NA;NA;NA;NA;NA;23616;73,1;1299,997583173735;32306,4295485636;48,2875118500000;NA;NA;NA;Barcelona;27;0
08033;Caldes de Montbui;Vallès Oriental;2010;547,8967183;NA;NA;NA;NA;NA;NA;NA;17290;73,1;749,516714500000;23652,5307797538;38,0263772099479;NA;NA;NA;Barcelona;34;0
08035;Calella;Maresme;2010;504,1193514;NA;NA;NA;NA;NA;NA;NA;13751;73,1;689,629755677155;18811,2175102599;43,9926712006400;NA;NA;NA;Barcelona;50;1
08040;Canet de Mar;Maresme;2010;553,0761836;NA;NA;NA;NA;NA;NA;NA;15932;73,1;756,602166347469;21794,8016415869;41,6577592467989;NA;NA;NA;Barcelona;43;1
08041;Canovelles;Vallès Oriental;2010;527,9062539;NA;NA;NA;NA;NA;NA;NA;13954;73,1;722,169977975376;19088,9192886457;45,3982732320482;NA;NA;NA;Barcelona;31;0
08043;Canyelles;Garraf;2010;0,0000000;NA;NA;NA;NA;NA;NA;NA;16757;73,1;0,000000000000;22923,3926128591;0,0000000000000;NA;NA;NA;Barcelona;46;0
08044;Capellades;Anoia;2010;410,4475300;NA;NA;NA;NA;NA;NA;NA;15935;73,1;561,487729138167;21798,9056087551;30,9091331032319;NA;NA;NA;Barcelona;60;0
08046;Cardedeu;Vallès Oriental;2010;572,5033615;NA;NA;NA;NA;NA;NA;NA;17623;73,1;783,178333105335;24108,0711354309;38,9833759178346;NA;NA;NA;Barcelona;39;0
08051;Castellar del Vallès;Vallès Occidental;2010;579,9938734;NA;NA;NA;NA;NA;NA;NA;17278;73,1;793,425271409029;23636,1149110807;40,2820145896516;NA;NA;NA;Barcelona;34;0
08054;Castellbisbal;Vallès Occidental;2010;649,8260519;NA;NA;NA;NA;NA;NA;NA;16978;73,1;888,954927359781;23225,7181942544;45,9295124443397;NA;NA;NA;Barcelona;29;0
08056;Castelldefels;Baix Llobregat;2010;794,9061917;NA;NA;NA;NA;NA;NA;NA;18254;73,1;1087,422970861833;24971,2722298222;52,2563509389723;NA;NA;NA;Barcelona;22;1
08067;Centelles;Osona;2010;465,7649957;NA;NA;NA;NA;NA;NA;NA;16092;73,1;637,161416826265;22013,6798905609;34,7326618717375;NA;NA;NA;Barcelona;54;0
08068;Cervelló;Baix Llobregat;2010;672,7024048;NA;NA;NA;NA;NA;NA;NA;19008;73,1;920,249527770178;26002,7359781122;42,4685861616162;NA;NA;NA;Barcelona;25;0
08072;Corbera de Llobregat;Baix Llobregat;2010;609,0461246;NA;NA;NA;NA;NA;NA;NA;17822;73,1;833,168433105335;24380,3009575923;41,0086045067894;NA;NA;NA;Barcelona;30;0
08073;Cornellà de Llobregat;Baix Llobregat;2010;619,4434134;NA;NA;NA;NA;NA;NA;NA;15905;73,1;847,391810396717;21757,8659370725;46,7357495177617;NA;NA;NA;Barcelona;12;0
08074;Cubelles;Garraf;2010;617,2276307;NA;NA;NA;NA;NA;NA;NA;17543;73,1;844,360643912449;23998,6320109439;42,2204387413783;NA;NA;NA;Barcelona;50;1
08075;Dosrius;Maresme;2010;743,3928714;NA;NA;NA;NA;NA;NA;NA;16605;73,1;1016,953312448700;22715,4582763338;53,7230620704607;NA;NA;NA;Barcelona;39;0
08076;Esparreguera;Baix Llobregat;2010;539,4603770;NA;NA;NA;NA;NA;NA;NA;15723;73,1;737,975891928865;21508,8919288646;41,1723241366152;NA;NA;NA;Barcelona;39;0
08077;Esplugues de Llobregat;Baix Llobregat;2010;694,4126368;NA;NA;NA;NA;NA;NA;NA;19176;73,1;949,948887551300;26232,5581395349;43,4551086858573;NA;NA;NA;Barcelona;8;0
08086;Franqueses del Vallès, les;Vallès Oriental;2010;599,4773232;NA;NA;NA;NA;NA;NA;NA;15995;73,1;820,078417510260;21880,9849521204;44,9748538818381;NA;NA;NA;Barcelona;35;0
08088;Garriga, la;Vallès Oriental;2010;586,0345509;NA;NA;NA;NA;NA;NA;NA;18287;73,1;801,688852120383;25016,4158686731;38,4558134800000;NA;NA;NA;Barcelona;38;0
08089;Gavà;Baix Llobregat;2010;679,2377760;NA;NA;NA;NA;NA;NA;NA;17544;73,1;929,189844049248;24000,0000000000;46,4594922024624;NA;NA;NA;Barcelona;20;1
08091;Gelida;Alt Penedès;2010;516,4423192;NA;NA;NA;NA;NA;NA;NA;17021;73,1;706,487440800000;23284,5417236662;36,4097751624464;NA;NA;NA;Barcelona;35;0
08092;Gironella;Berguedà;2010;356,0519228;NA;NA;NA;NA;NA;NA;NA;15333;73,1;487,075133789330;20975,3761969904;27,8655388612796;NA;NA;NA;Barcelona;94;0
08096;Granollers;Vallès Oriental;2010;571,7180349;NA;NA;NA;NA;NA;NA;NA;16460;73,1;782,104014911081;22517,0998632011;41,6805371737546;NA;NA;NA;Barcelona;30;0
08101;Hospitalet de Llobregat, l';Barcelonès;2010;606,1831585;NA;NA;NA;NA;NA;NA;NA;15359;73,1;829,251926812585;21010,9439100000;47,3611426655381;NA;NA;NA;Barcelona;0;0
08102;Igualada;Anoia;2010;392,5301435;NA;NA;NA;NA;NA;NA;NA;15735;73,1;536,976940500000;21525,3077975376;29,9355686177312;NA;NA;NA;Barcelona;65;0
08105;Llagosta, la;Vallès Oriental;2010;569,6332398;NA;NA;NA;NA;NA;NA;NA;14508;73,1;779,252038030096;19846,7852257182;47,1160661538461;NA;NA;NA;Barcelona;19;0
08106;Llinars del Vallès;Vallès Oriental;2010;562,1039704;NA;NA;NA;NA;NA;NA;NA;16488;73,1;768,952079890561;22555,4035567715;40,9100415138282;NA;NA;NA;Barcelona;41;0
08107;Lliçà d'Amunt;Vallès Oriental;2010;0,0000000;NA;NA;NA;NA;NA;NA;NA;17011;73,1;0,000000000000;23270,8618331053;0,0000000000000;NA;NA;NA;Barcelona;32;0
08108;Lliçà de Vall;Vallès Oriental;2010;0,0000000;NA;NA;NA;NA;NA;NA;NA;18271;73,1;0,000000000000;24994,5280437757;0,0000000000000;NA;NA;NA;Barcelona;28;0
08110;Malgrat de Mar;Maresme;2010;542,1239815;NA;NA;NA;NA;NA;NA;NA;13944;73,1;741,619673734610;19075,2393980848;46,6543873924269;NA;NA;NA;Barcelona;62;1
08112;Manlleu;Osona;2010;400,3024304;NA;NA;NA;NA;NA;NA;NA;14154;73,1;547,609343912449;19362,5170998632;33,9383154217889;NA;NA;NA;Barcelona;78;0
08113;Manresa;Bages;2010;419,6581857;NA;NA;NA;NA;NA;NA;NA;16121;73,1;574,087805335157;22053,3515731874;31,2381256026301;NA;NA;NA;Barcelona;55;0
08114;Martorell;Baix Llobregat;2010;540,4626720;NA;NA;NA;NA;NA;NA;NA;15447;73,1;739,347020519836;21131,3269493844;41,9858358516217;NA;NA;NA;Barcelona;32;0
08118;Masnou, el;Maresme;2010;732,6639491;NA;NA;NA;NA;NA;NA;NA;19651;73,1;1002,276264158687;26882,3529411765;44,7405597129917;NA;NA;NA;Barcelona;19;1
08119;Masquefa;Anoia;2010;534,6852164;NA;NA;NA;NA;NA;NA;NA;15308;73,1;731,443524487004;20941,1764705882;41,9141794930755;NA;NA;NA;Barcelona;46;0
08120;Matadepera;Vallès Occidental;2010;959,4998593;NA;NA;NA;NA;NA;NA;NA;25347;73,1;1312,585306839945;34674,4186046512;45,4254874801752;NA;NA;NA;Barcelona;32;0
08121;Mataró;Maresme;2010;579,3787905;NA;NA;NA;NA;NA;NA;NA;14903;73,1;792,583844733242;20387,1409028728;46,6519860833389;NA;NA;NA;Barcelona;31;1
08123;Molins de Rei;Baix Llobregat;2010;635,7855473;NA;NA;NA;NA;NA;NA;NA;19829;73,1;869,747670725034;27125,8549931601;38,4761035231227;NA;NA;NA;Barcelona;18;0
08124;Mollet del Vallès;Vallès Oriental;2010;573,9592786;NA;NA;NA;NA;NA;NA;NA;15672;73,1;785,170011764706;21439,1244870041;43,9478773800000;NA;NA;NA;Barcelona;23;0
08125;Montcada i Reixac;Vallès Occidental;2010;586,1334698;NA;NA;NA;NA;NA;NA;NA;16012;73,1;801,824172093023;21904,2407660739;43,9270649362978;NA;NA;NA;Barcelona;14;0
08126;Montgat;Maresme;2010;718,6134271;NA;NA;NA;NA;NA;NA;NA;19048;73,1;983,055303830369;26057,4555403557;45,2717404724905;NA;NA;NA;Barcelona;15;1
08135;Montmeló;Vallès Oriental;2010;564,6103896;NA;NA;NA;NA;NA;NA;NA;16262;73,1;772,380833926129;22246,2380300958;41,6635387700000;NA;NA;NA;Barcelona;24;0
08136;Montornès del Vallès;Vallès Oriental;2010;588,0542762;NA;NA;NA;NA;NA;NA;NA;15418;73,1;804,451814227086;21091,6552667579;45,7689149980542;NA;NA;NA;Barcelona;26;0
08138;Moià;Moianès;2010;448,7646309;NA;NA;NA;NA;NA;NA;NA;15452;73,1;613,905103830369;21138,1668946648;34,8509938571059;NA;NA;NA;Barcelona;55;0
08140;Navarcles;Bages;2010;415,5844519;NA;NA;NA;NA;NA;NA;NA;15755;73,1;568,514982079343;21552,6675786594;31,6535285483973;NA;NA;NA;Barcelona;60;0
08141;Navàs;Bages;2010;378,2746184;NA;NA;NA;NA;NA;NA;NA;15546;73,1;517,475538166895;21266,7578659371;29,1991214511772;NA;NA;NA;Barcelona;80;0
08147;Olesa de Montserrat;Baix Llobregat;2010;560,8078791;NA;NA;NA;NA;NA;NA;NA;15748;73,1;767,179041176471;21543,0916552668;42,7336458547117;NA;NA;NA;Barcelona;38;0
08155;Palafolls;Maresme;2010;533,6283015;NA;NA;NA;NA;NA;NA;NA;14312;73,1;729,997676470588;19578,6593707250;44,7424512157630;NA;NA;NA;Barcelona;60;0
08156;Palau-solità i Plegamans;Vallès Occidental;2010;633,5044867;NA;NA;NA;NA;NA;NA;NA;17000;73,1;866,627204787962;23255,8139534884;44,7179637670588;NA;NA;NA;Barcelona;28;0
08157;Pallejà;Baix Llobregat;2010;638,8153397;NA;NA;NA;NA;NA;NA;NA;18439;73,1;873,892393570451;25224,3502051984;41,5737517023700;NA;NA;NA;Barcelona;22;0
08159;Parets del Vallès;Vallès Oriental;2010;610,0194646;NA;NA;NA;NA;NA;NA;NA;17200;73,1;834,499951573187;23529,4117647059;42,5594975302326;NA;NA;NA;Barcelona;25;0
08161;Piera;Anoia;2010;546,9291982;NA;NA;NA;NA;NA;NA;NA;14461;73,1;748,193157592339;19782,4897400821;45,3851765327432;NA;NA;NA;Barcelona;50;0
08163;Pineda de Mar;Maresme;2010;514,7722685;NA;NA;NA;NA;NA;NA;NA;13742;73,1;704,202829685363;18798,9056087551;44,9517335322369;NA;NA;NA;Barcelona;55;1
08167;Polinyà;Vallès Occidental;2010;585,6184105;NA;NA;NA;NA;NA;NA;NA;16068;73,1;801,119576607387;21980,8481532148;43,7355048917102;NA;NA;NA;Barcelona;25;0
08169;Prat de Llobregat, el;Baix Llobregat;2010;610,4893002;NA;NA;NA;NA;NA;NA;NA;16458;73,1;835,142681532148;22514,3638850889;44,5125264454976;NA;NA;NA;Barcelona;11;1
08172;Premià de Mar;Maresme;2010;691,1704994;NA;NA;NA;NA;NA;NA;NA;17709;73,1;945,513679069768;24225,7181942544;46,8352023987803;NA;NA;NA;Barcelona;22;1
08180;Ripollet;Vallès Occidental;2010;594,3674046;NA;NA;NA;NA;NA;NA;NA;15632;73,1;813,088104787962;21384,4049200000;45,6269757881269;NA;NA;NA;Barcelona;16;0
08181;Roca del Vallès, la;Vallès Oriental;2010;643,1257692;NA;NA;NA;NA;NA;NA;NA;18072;73,1;879,789013953488;24722,2982216142;42,7042343426295;NA;NA;NA;Barcelona;36;0
08183;Roda de Ter;Osona;2010;414,3968288;NA;NA;NA;NA;NA;NA;NA;15256;73,1;566,890326675787;20870,0410396717;32,5954506135291;NA;NA;NA;Barcelona;79;0
08184;Rubí;Vallès Occidental;2010;603,3244195;NA;NA;NA;NA;NA;NA;NA;15711;73,1;825,341203146375;21492,4760601915;46,0816818407485;NA;NA;NA;Barcelona;24;0
08187;Sabadell;Vallès Occidental;2010;605,6189985;NA;NA;NA;NA;NA;NA;NA;16771;73,1;828,480162106703;22942,5444596443;43,3333014300000;NA;NA;NA;Barcelona;26;0
08191;Sallent;Bages;2010;0,0000000;NA;NA;NA;NA;NA;NA;NA;15968;73,1;0,000000000000;21844,0492476060;0,0000000000000;NA;NA;NA;Barcelona;68;0
08192;Santpedor;Bages;2010;458,0550689;NA;NA;NA;NA;NA;NA;NA;18045;73,1;626,614321340629;24685,3625170999;30,4608524621779;NA;NA;NA;Barcelona;65;0
08194;Sant Adrià de Besòs;Barcelonès;2010;666,0661861;NA;NA;NA;NA;NA;NA;NA;15404;73,1;911,171253214774;21072,5034199726;51,8877839080758;NA;NA;NA;Barcelona;8;1
08196;Sant Andreu de la Barca;Baix Llobregat;2010;568,5138558;NA;NA;NA;NA;NA;NA;NA;16004;73,1;777,720732968536;21893,2968536252;42,6278822144464;NA;NA;NA;Barcelona;27;0
08197;Sant Andreu de Llavaneres;Maresme;2010;716,5855234;NA;NA;NA;NA;NA;NA;NA;19727;73,1;980,281153800000;26986,3201094391;43,5901367700000;NA;NA;NA;Barcelona;36;1
08198;Sant Antoni de Vilamajor;Vallès Oriental;2010;588,6129210;NA;NA;NA;NA;NA;NA;NA;18222;73,1;805,216034199726;24927,4965800274;38,7627870266711;NA;NA;NA;Barcelona;44;0
08200;Sant Boi de Llobregat;Baix Llobregat;2010;631,9833443;NA;NA;NA;NA;NA;NA;NA;16137;73,1;864,546298632011;22075,2393980848;46,9963446200000;NA;NA;NA;Barcelona;15;0
08202;Sant Celoni;Vallès Oriental;2010;518,9570833;NA;NA;NA;NA;NA;NA;NA;15704;73,1;709,927610533516;21482,9001367989;39,6554062633724;NA;NA;NA;Barcelona;52;0
08205;Sant Cugat del Vallès;Vallès Occidental;2010;867,9347560;NA;NA;NA;NA;NA;NA;NA;23643;73,1;1187,325247606019;32343,3652530780;44,0520114706256;NA;NA;NA;Barcelona;17;0
08208;Sant Esteve Sesrovires;Baix Llobregat;2010;647,8698354;NA;NA;NA;NA;NA;NA;NA;17820;73,1;886,278844596443;24377,5649794802;43,6275983434344;NA;NA;NA;Barcelona;38;0
08209;Sant Fost de Campsentelles;Vallès Oriental;2010;0,0000000;NA;NA;NA;NA;NA;NA;NA;17838;73,1;0,000000000000;24402,1887824897;0,0000000000000;NA;NA;NA;Barcelona;22;0
08210;Sant Feliu de Codines;Vallès Oriental;2010;467,4640621;NA;NA;NA;NA;NA;NA;NA;15877;73,1;639,485721067031;21719,5622435021;35,3314149096177;NA;NA;NA;Barcelona;39;0
08211;Sant Feliu de Llobregat;Baix Llobregat;2010;677,3051061;NA;NA;NA;NA;NA;NA;NA;18143;73,1;926,545972777018;24819,4254445964;44,7977802634625;NA;NA;NA;Barcelona;16;0
08213;Sant Fruitós de Bages;Bages;2010;459,2169737;NA;NA;NA;NA;NA;NA;NA;17783;73,1;628,203794391245;24326,9493844049;30,9880429871225;NA;NA;NA;Barcelona;57;0
08214;Vilassar de Dalt;Maresme;2010;735,5959333;NA;NA;NA;NA;NA;NA;NA;21127;73,1;1006,287186456908;28901,5047879617;41,7813754891845;NA;NA;NA;Barcelona;26;0
08217;Sant Joan Despí;Baix Llobregat;2010;755,3787740;NA;NA;NA;NA;NA;NA;NA;19390;73,1;1033,349896032832;26525,3077975376;46,7485574419804;NA;NA;NA;Barcelona;11;0
08218;Sant Joan de Vilatorrada;Bages;2010;438,2913543;NA;NA;NA;NA;NA;NA;NA;15709;73,1;599,577776060192;21489,7400820793;33,4807833191164;NA;NA;NA;Barcelona;58;0
08219;Vilassar de Mar;Maresme;2010;732,5456486;NA;NA;NA;NA;NA;NA;NA;20029;73,1;1002,114430369357;27399,4528043776;43,8890997214040;NA;NA;NA;Barcelona;24;1
08221;Sant Just Desvern;Baix Llobregat;2010;995,2475462;NA;NA;NA;NA;NA;NA;NA;25097;73,1;1361,487751299589;34332,4213406293;47,5872437119974;NA;NA;NA;Barcelona;10;0
08230;Premià de Dalt;Maresme;2010;988,2031373;NA;NA;NA;NA;NA;NA;NA;21171;73,1;1351,851077017784;28961,6963064295;56,0126477100000;NA;NA;NA;Barcelona;24;0
08231;Sant Pere de Ribes;Garraf;2010;625,9610840;NA;NA;NA;NA;NA;NA;NA;16431;73,1;856,307912448700;22477,4281805746;45,7156168705496;NA;NA;NA;Barcelona;42;0
08234;Sant Pere de Vilamajor;Vallès Oriental;2010;0,0000000;NA;NA;NA;NA;NA;NA;NA;17631;73,1;0,000000000000;24119,0150478796;0,0000000000000;NA;NA;NA;Barcelona;46;0
08235;Sant Pol de Mar;Maresme;2010;658,2815900;NA;NA;NA;NA;NA;NA;NA;19011;73,1;900,522010943913;26006,8399452804;41,5516231655357;NA;NA;NA;Barcelona;48;1
08238;Sant Quirze del Vallès;Vallès Occidental;2010;720,4421795;NA;NA;NA;NA;NA;NA;NA;22049;73,1;985,557017099863;30162,7906976744;39,2095158692004;NA;NA;NA;Barcelona;25;0
08240;Sant Sadurní d'Anoia;Alt Penedès;2010;514,0537525;NA;NA;NA;NA;NA;NA;NA;18078;73,1;703,219907660739;24730,5061559508;34,1223864918686;NA;NA;NA;Barcelona;42;0
08244;Santa Coloma de Cervelló;Baix Llobregat;2010;0,0000000;NA;NA;NA;NA;NA;NA;NA;18567;73,1;0,000000000000;25399,4528043776;0,0000000000000;NA;NA;NA;Barcelona;18;0
08245;Santa Coloma de Gramenet;Barcelonès;2010;577,8362532;NA;NA;NA;NA;NA;NA;NA;13947;73,1;790,473670588235;19079,3433652531;49,7170361970316;NA;NA;NA;Barcelona;9;0
08248;Santa Eulàlia de Ronçana;Vallès Oriental;2010;0,0000000;NA;NA;NA;NA;NA;NA;NA;17533;73,1;0,000000000000;23984,9521203830;0,0000000000000;NA;NA;NA;Barcelona;38;0
08250;Santa Margarida de Montbui;Anoia;2010;387,1889227;NA;NA;NA;NA;NA;NA;NA;12926;73,1;529,670208891929;17682,6265389877;35,9451266625406;NA;NA;NA;Barcelona;66;0
08251;Santa Margarida i els Monjos;Alt Penedès;2010;460,6992418;NA;NA;NA;NA;NA;NA;NA;14435;73,1;630,231520930233;19746,9220246238;38,2985168105300;NA;NA;NA;Barcelona;52;0
08252;Barberà del Vallès;Vallès Occidental;2010;651,2827093;NA;NA;NA;NA;NA;NA;NA;17079;73,1;890,947618700000;23363,8850889193;45,7602465694713;NA;NA;NA;Barcelona;19;0
08259;Santa Maria de Palautordera;Vallès Oriental;2010;519,5654386;NA;NA;NA;NA;NA;NA;NA;15517;73,1;710,759833926129;21227,0861833105;40,1803522794355;NA;NA;NA;Barcelona;54;0
08260;Santa Perpètua de Mogoda;Vallès Occidental;2010;540,2435995;NA;NA;NA;NA;NA;NA;NA;16333;73,1;739,047331737346;22343,3652530780;39,6921765382967;NA;NA;NA;Barcelona;20;0
08262;Sant Vicenç de Castellet;Bages;2010;408,7744746;NA;NA;NA;NA;NA;NA;NA;14929;73,1;559,199007660739;20422,7086183311;32,8574833893764;NA;NA;NA;Barcelona;52;0
08263;Sant Vicenç dels Horts;Baix Llobregat;2010;629,6115568;NA;NA;NA;NA;NA;NA;NA;15216;73,1;861,301719288646;20815,3214774282;49,6539082649842;NA;NA;NA;Barcelona;21;0
08264;Sant Vicenç de Montalt;Maresme;2010;1000,4886720;NA;NA;NA;NA;NA;NA;NA;23390;73,1;1368,657554035568;31997,2640218878;51,3290468747328;NA;NA;NA;Barcelona;38;1
08266;Cerdanyola del Vallès;Vallès Occidental;2010;631,6952055;NA;NA;NA;NA;NA;NA;NA;18117;73,1;864,152127906977;24783,8577291382;41,8410468951813;NA;NA;NA;Barcelona;18;0
08267;Sentmenat;Vallès Occidental;2010;545,6779082;NA;NA;NA;NA;NA;NA;NA;15990;73,1;746,481406566348;21874,1450068399;40,9514377636023;NA;NA;NA;Barcelona;32;0
08270;Sitges;Garraf;2010;712,4140168;NA;NA;NA;NA;NA;NA;NA;18312;73,1;974,574578400000;25050,6155950752;46,6850600786370;NA;NA;NA;Barcelona;38;1
08274;Súria;Bages;2010;0,0000000;NA;NA;NA;NA;NA;NA;NA;15850;73,1;0,000000000000;21682,6265389877;0,0000000000000;NA;NA;NA;Barcelona;72;0
08278;Taradell;Osona;2010;420,6370705;NA;NA;NA;NA;NA;NA;NA;16454;73,1;575,426909028728;22508,8919288646;30,6773115716543;NA;NA;NA;Barcelona;75;0
08279;Terrassa;Vallès Occidental;2010;530,0378939;NA;NA;NA;NA;NA;NA;NA;16250;73,1;725,086038166895;22229,8221614227;39,1412598572308;NA;NA;NA;Barcelona;28;0
08281;Teià;Maresme;2010;827,1497273;NA;NA;NA;NA;NA;NA;NA;23498;73,1;1131,531774692203;32145,0068399453;42,2410278600000;NA;NA;NA;Barcelona;22;0
08282;Tiana;Maresme;2010;798,3352843;NA;NA;NA;NA;NA;NA;NA;23205;73,1;1092,113932010944;31744,1860465116;41,2843068800000;NA;NA;NA;Barcelona;17;0
08283;Tona;Osona;2010;476,5863810;NA;NA;NA;NA;NA;NA;NA;16036;73,1;651,964953488372;21937,0725034200;35,6637351708656;NA;NA;NA;Barcelona;61;0
08284;Tordera;Maresme;2010;423,3901630;NA;NA;NA;NA;NA;NA;NA;13330;73,1;579,193109439124;18235,2941176471;38,1146433308327;NA;NA;NA;Barcelona;65;0
08285;Torelló;Osona;2010;379,9576005;NA;NA;NA;NA;NA;NA;NA;15767;73,1;519,777839300000;21569,0834473324;28,9179375023784;NA;NA;NA;Barcelona;82;0
08289;Torrelles de Llobregat;Baix Llobregat;2010;652,3484742;NA;NA;NA;NA;NA;NA;NA;18090;73,1;892,405573461012;24746,9220246238;43,2735306268657;NA;NA;NA;Barcelona;25;0
08291;Vacarisses;Vallès Occidental;2010;0,0000000;NA;NA;NA;NA;NA;NA;NA;15867;73,1;0,000000000000;21705,8823529412;0,0000000000000;NA;NA;NA;Barcelona;42;0
08295;Vallirana;Baix Llobregat;2010;691,6846883;NA;NA;NA;NA;NA;NA;NA;16743;73,1;946,217083857729;22904,2407660739;49,5742475040315;NA;NA;NA;Barcelona;28;0
08298;Vic;Osona;2010;462,4435216;NA;NA;NA;NA;NA;NA;NA;16161;73,1;632,617676607387;22108,0711354309;34,3377406051606;NA;NA;NA;Barcelona;70;0
08300;Viladecavalls;Vallès Occidental;2010;0,0000000;NA;NA;NA;NA;NA;NA;NA;17730;73,1;0,000000000000;24254,4459644323;0,0000000000000;NA;NA;NA;Barcelona;32;0
08301;Viladecans;Baix Llobregat;2010;662,2179260;NA;NA;NA;NA;NA;NA;NA;16672;73,1;905,906875500000;22807,1135430917;47,6644380518234;NA;NA;NA;Barcelona;18;1
08302;Vilanova del Camí;Anoia;2010;393,9849922;NA;NA;NA;NA;NA;NA;NA;13047;73,1;538,967157592339;17848,1532147743;36,2368353368590;NA;NA;NA;Barcelona;64;0
08305;Vilafranca del Penedès;Alt Penedès;2010;479,7406102;NA;NA;NA;NA;NA;NA;NA;16634;73,1;656,279904514364;22755,1299589603;34,6091578838523;NA;NA;NA;Barcelona;48;0
08307;Vilanova i la Geltrú;Garraf;2010;559,4805527;NA;NA;NA;NA;NA;NA;NA;16013;73,1;765,363273187415;21905,6087551300;41,9269757846750;NA;NA;NA;Barcelona;45;1
08902;Vilanova del Vallès;Vallès Oriental;2010;0,0000000;NA;NA;NA;NA;NA;NA;NA;19287;73,1;0,000000000000;26384,4049200000;0,0000000000000;NA;NA;NA;Barcelona;30;0
08904;Badia del Vallès;Vallès Occidental;2010;0,0000000;NA;NA;NA;NA;NA;NA;NA;11772;73,1;0,000000000000;16103,9671682627;0,0000000000000;NA;NA;NA;Barcelona;20;0
17008;Anglès;Selva;2010;439,8011705;NA;NA;NA;NA;NA;NA;NA;14942;73,1;601,643188098495;20440,4924760602;35,3206668852898;NA;NA;NA;Girona;101;0
17009;Arbúcies;Selva;2010;381,0916807;NA;NA;NA;NA;NA;NA;NA;13369;73,1;521,329248563611;18288,6456908345;34,2067482115341;NA;NA;NA;Girona;78;0
17015;Banyoles;Pla de l'Estany;2010;487,1840434;NA;NA;NA;NA;NA;NA;NA;15702;73,1;666,462439671683;21480,1641586867;37,2322539854796;NA;NA;NA;Girona;118;0
17020;Bescanó;Gironès;2010;0,0000000;NA;NA;NA;NA;NA;NA;NA;16790;73,1;0,000000000000;22968,5362517100;0,0000000000000;NA;NA;NA;Girona;98;0
17022;Bisbal d'Empordà, la;Baix Empordà;2010;439,4711337;NA;NA;NA;NA;NA;NA;NA;13566;73,1;601,191701400000;18558,1395348837;38,8740498628925;NA;NA;NA;Girona;120;0
17023;Blanes;Selva;2010;458,6058902;NA;NA;NA;NA;NA;NA;NA;13227;73,1;627,367838850889;18094,3912448700;41,6063406849626;NA;NA;NA;Girona;70;1
17033;Caldes de Malavella;Selva;2010;532,3938040;NA;NA;NA;NA;NA;NA;NA;15114;73,1;728,308897400821;20675,7865937072;42,2702504168321;NA;NA;NA;Girona;85;0
17034;Calonge i Sant Antoni;Baix Empordà;2010;511,4996550;NA;NA;NA;NA;NA;NA;NA;14245;73,1;699,725930232558;19487,0041039672;43,0887740259740;NA;NA;NA;Girona;112;1
17044;Cassà de la Selva;Gironès;2010;497,3434320;NA;NA;NA;NA;NA;NA;NA;15908;73,1;680,360372093023;21761,9699042408;37,5164771435756;NA;NA;NA;Girona;96;0
17047;Castelló d'Empúries;Alt Empordà;2010;453,0218295;NA;NA;NA;NA;NA;NA;NA;9876;73,1;619,728904924761;13510,2599179207;55,0451797691373;NA;NA;NA;Girona;142;1
17048;Castell d'Aro, Platja d'Aro i s'Agaró;Baix Empordà;2010;571,4064753;NA;NA;NA;NA;NA;NA;NA;14109;73,1;781,677804787962;19300,9575923393;48,5993174824580;NA;NA;NA;Girona;107;1
17049;Celrà;Gironès;2010;540,7398000;NA;NA;NA;NA;NA;NA;NA;15672;73,1;739,726128590971;21439,1244870041;41,4042725880551;NA;NA;NA;Girona;109;0
17062;Escala, l';Alt Empordà;2010;521,6351612;NA;NA;NA;NA;NA;NA;NA;12803;73,1;713,591191792066;17514,3638850889;48,8918373381239;NA;NA;NA;Girona;140;1
17066;Figueres;Alt Empordà;2010;454,7629195;NA;NA;NA;NA;NA;NA;NA;13372;73,1;622,110696990424;18292,7496580027;40,8103128477416;NA;NA;NA;Girona;138;0
17079;Girona;Gironès;2010;547,6768061;NA;NA;NA;NA;NA;NA;NA;17239;73,1;749,215877017784;23582,7633400000;38,1235667567724;NA;NA;NA;Girona;102;0
17089;Llagostera;Gironès;2010;444,8022943;NA;NA;NA;NA;NA;NA;NA;14397;73,1;608,484670725034;19694,9384404925;37,0745817295270;NA;NA;NA;Girona;90;0
17092;Llançà;Alt Empordà;2010;456,5548471;NA;NA;NA;NA;NA;NA;NA;14524;73,1;624,562034336525;19868,6730506156;37,7214139713578;NA;NA;NA;Girona;160;1
17095;Lloret de Mar;Selva;2010;476,9473783;NA;NA;NA;NA;NA;NA;NA;9957;73,1;652,458793844049;13621,0670314637;57,4808530641760;NA;NA;NA;Girona;75;1
17103;Maçanet de la Selva;Selva;2010;0,0000000;NA;NA;NA;NA;NA;NA;NA;12898;73,1;0,000000000000;17644,3228454172;0,0000000000000;NA;NA;NA;Girona;78;0
17114;Olot;Garrotxa;2010;387,9008169;NA;NA;NA;NA;NA;NA;NA;15439;73,1;530,644072366621;21120,3830369357;30,1496845831984;NA;NA;NA;Girona;112;0
17117;Palafrugell;Baix Empordà;2010;494,1714636;NA;NA;NA;NA;NA;NA;NA;13065;73,1;676,021154035568;17872,7770177839;45,3888829942595;NA;NA;NA;Girona;122;1
17118;Palamós;Baix Empordà;2010;527,6545546;NA;NA;NA;NA;NA;NA;NA;14319;73,1;721,825656087551;19588,2352941176;44,2199501026608;NA;NA;NA;Girona;115;1
17141;Puigcerdà;Cerdanya;2010;482,1578921;NA;NA;NA;NA;NA;NA;NA;13650;73,1;659,586719699042;18673,0506155951;42,3875070000000;NA;NA;NA;Girona;151;0
17147;Ripoll;Ripollès;2010;376,0977603;NA;NA;NA;NA;NA;NA;NA;15979;73,1;514,497620109439;21859,0971272230;28,2444028011765;NA;NA;NA;Girona;102;0
17152;Roses;Alt Empordà;2010;485,0909879;NA;NA;NA;NA;NA;NA;NA;11126;73,1;663,599162653899;15220,2462380301;52,3197182707172;NA;NA;NA;Girona;150;1
17155;Salt;Gironès;2010;491,5941503;NA;NA;NA;NA;NA;NA;NA;11615;73,1;672,495417647059;15889,1928864569;50,7888919810590;NA;NA;NA;Girona;100;0
17160;Sant Feliu de Guíxols;Baix Empordà;2010;488,9063900;NA;NA;NA;NA;NA;NA;NA;14197;73,1;668,818590971272;19421,3406292750;41,3247635415933;NA;NA;NA;Girona;105;1
17164;Sant Hilari Sacalm;Selva;2010;359,1343844;NA;NA;NA;NA;NA;NA;NA;14458;73,1;491,291907523940;19778,3857729138;29,8078061474616;NA;NA;NA;Girona;95;0
17180;Santa Coloma de Farners;Selva;2010;457,2340657;NA;NA;NA;NA;NA;NA;NA;14362;73,1;625,491197948016;19647,0588235294;38,2036540064058;NA;NA;NA;Girona;90;0
17181;Santa Cristina d'Aro;Baix Empordà;2010;502,2350696;NA;NA;NA;NA;NA;NA;NA;15480;73,1;687,052078796170;21176,4705882353;38,9329511317829;NA;NA;NA;Girona;101;1
17186;Sarrià de Ter;Gironès;2010;0,0000000;NA;NA;NA;NA;NA;NA;NA;17372;73,1;0,000000000000;23764,7058823529;0,0000000000000;NA;NA;NA;Girona;106;0
17193;Sils;Selva;2010;0,0000000;NA;NA;NA;NA;NA;NA;NA;14718;73,1;0,000000000000;20134,0629274966;0,0000000000000;NA;NA;NA;Girona;80;0
17199;Torroella de Montgrí;Baix Empordà;2010;490,3524897;NA;NA;NA;NA;NA;NA;NA;13286;73,1;670,796839534884;18175,1025991792;44,2889498449496;NA;NA;NA;Girona;135;1
17202;Tossa de Mar;Selva;2010;0,0000000;NA;NA;NA;NA;NA;NA;NA;13879;73,1;0,000000000000;18986,3201094391;0,0000000000000;NA;NA;NA;Girona;87;1
17213;Vidreres;Selva;2010;0,0000000;NA;NA;NA;NA;NA;NA;NA;14571;73,1;0,000000000000;19932,9685362517;0,0000000000000;NA;NA;NA;Girona;82;0
17221;Vilafant;Alt Empordà;2010;0,0000000;NA;NA;NA;NA;NA;NA;NA;14700;73,1;0,000000000000;20109,4391244870;0,0000000000000;NA;NA;NA;Girona;136;0
25003;Agramunt;Urgell;2010;0,0000000;NA;NA;NA;NA;NA;NA;NA;13956;73,1;0,000000000000;19091,6552667579;0,0000000000000;NA;NA;NA;Lleida;112;0
25011;Alcarràs;Segrià;2010;0,0000000;NA;NA;NA;NA;NA;NA;NA;12904;73,1;0,000000000000;17652,5307797538;0,0000000000000;NA;NA;NA;Lleida;165;0
25019;Almacelles;Segrià;2010;0,0000000;NA;NA;NA;NA;NA;NA;NA;12739;73,1;0,000000000000;17426,8125854993;0,0000000000000;NA;NA;NA;Lleida;170;0
25023;Alpicat;Segrià;2010;0,0000000;NA;NA;NA;NA;NA;NA;NA;18340;73,1;0,000000000000;25088,9192886457;0,0000000000000;NA;NA;NA;Lleida;160;0
25040;Balaguer;Noguera;2010;363,3810581;NA;NA;NA;NA;NA;NA;NA;13274;73,1;497,101310670315;18158,6867305062;32,8504798643966;NA;NA;NA;Lleida;145;0
25050;Bellpuig;Urgell;2010;373,6625776;NA;NA;NA;NA;NA;NA;NA;13591;73,1;511,166316826265;18592,3392612859;32,9920604164521;NA;NA;NA;Lleida;123;0
25058;Borges Blanques, les;Garrigues;2010;0,0000000;NA;NA;NA;NA;NA;NA;NA;14849;73,1;0,000000000000;20313,2694938441;0,0000000000000;NA;NA;NA;Lleida;125;0
25072;Cervera;Segarra;2010;309,5405069;NA;NA;NA;NA;NA;NA;NA;14115;73,1;423,448025854993;19309,1655266758;26,3158773134963;NA;NA;NA;Lleida;102;0
25110;Guissona;Segarra;2010;327,7825599;NA;NA;NA;NA;NA;NA;NA;14219;73,1;448,402954719562;19451,4363885089;27,6629208720726;NA;NA;NA;Lleida;110;0
25120;Lleida;Segrià;2010;406,5761741;NA;NA;NA;NA;NA;NA;NA;15857;73,1;556,191756600000;21692,2024600000;30,7682038796746;NA;NA;NA;Lleida;155;0
25137;Mollerussa;Pla d'Urgell;2010;375,7557505;NA;NA;NA;NA;NA;NA;NA;13825;73,1;514,029754445964;18912,4487004104;32,6153273490054;NA;NA;NA;Lleida;135;0
25203;Seu d'Urgell, la;Alt Urgell;2010;403,1940278;NA;NA;NA;NA;NA;NA;NA;13817;73,1;551,565017500000;18901,5047879617;35,0172130969096;NA;NA;NA;Lleida;180;0
25207;Solsona;Solsonès;2010;347,4202843;NA;NA;NA;NA;NA;NA;NA;13808;73,1;475,267146785226;18889,1928864569;30,1929563412514;NA;NA;NA;Lleida;115;0
25217;Tàrrega;Urgell;2010;363,8279532;NA;NA;NA;NA;NA;NA;NA;13772;73,1;497,712658276334;18839,9452804378;31,7015352773744;NA;NA;NA;Lleida;100;0
25234;Tremp;Pallars Jussà;2010;366,6363655;NA;NA;NA;NA;NA;NA;NA;14936;73,1;501,554535567716;20432,2845417237;29,4565906936261;NA;NA;NA;Lleida;190;0
25243;Vielha e Mijaran;Val d'Aran;2010;0,0000000;NA;NA;NA;NA;NA;NA;NA;14157;73,1;0,000000000000;19366,6210670315;0,0000000000000;NA;NA;NA;Lleida;280;0
43004;Alcanar;Montsià;2010;0,0000000;NA;NA;NA;NA;NA;NA;NA;11758;73,1;0,000000000000;16084,8153214774;0,0000000000000;NA;NA;NA;Tarragona;190;1
43005;Alcover;Alt Camp;2010;0,0000000;NA;NA;NA;NA;NA;NA;NA;13911;73,1;0,000000000000;19030,0957592339;0,0000000000000;NA;NA;NA;Tarragona;105;0
43012;Altafulla;Tarragonès;2010;0,0000000;NA;NA;NA;NA;NA;NA;NA;19237;73,1;0,000000000000;26316,0054719562;0,0000000000000;NA;NA;NA;Tarragona;88;1
43013;Ametlla de Mar, l';Baix Ebre;2010;0,0000000;NA;NA;NA;NA;NA;NA;NA;11067;73,1;0,000000000000;15139,5348837209;0,0000000000000;NA;NA;NA;Tarragona;144;1
43014;Amposta;Montsià;2010;348,8379041;NA;NA;NA;NA;NA;NA;NA;12723;73,1;477,206435157319;17404,9247606019;32,9014764536666;NA;NA;NA;Tarragona;168;0
43016;Arboç, l';Baix Penedès;2010;379,6001719;NA;NA;NA;NA;NA;NA;NA;13089;73,1;519,288880848153;17905,6087551300;34,8017576804951;NA;NA;NA;Tarragona;60;0
43037;Calafell;Baix Penedès;2010;517,2436907;NA;NA;NA;NA;NA;NA;NA;14550;73,1;707,583708207934;19904,2407660739;42,6592734597938;NA;NA;NA;Tarragona;62;1
43038;Cambrils;Baix Camp;2010;511,9184646;NA;NA;NA;NA;NA;NA;NA;15276;73,1;700,298857181943;20897,4008207934;40,2135478868814;NA;NA;NA;Tarragona;115;1
43043;Catllar, el;Tarragonès;2010;0,0000000;NA;NA;NA;NA;NA;NA;NA;17884;73,1;0,000000000000;24465,1162790698;0,0000000000000;NA;NA;NA;Tarragona;92;0
43044;Sénia, la;Montsià;2010;0,0000000;NA;NA;NA;NA;NA;NA;NA;11878;73,1;0,000000000000;16248,9740082079;0,0000000000000;NA;NA;NA;Tarragona;195;0
43047;Constantí;Tarragonès;2010;403,1255923;NA;NA;NA;NA;NA;NA;NA;12486;73,1;551,471398500000;17080,7113543092;38,7434495242672;NA;NA;NA;Tarragona;95;0
43051;Cunit;Baix Penedès;2010;557,9287164;NA;NA;NA;NA;NA;NA;NA;14392;73,1;763,240378112175;19688,0984952120;46,5199040911618;NA;NA;NA;Tarragona;55;1
43086;Montblanc;Conca de Barberà;2010;382,1053794;NA;NA;NA;NA;NA;NA;NA;15576;73,1;522,715977291382;21307,7975400000;29,4380107395994;NA;NA;NA;Tarragona;114;0
43092;Mont-roig del Camp;Baix Camp;2010;469,4220579;NA;NA;NA;NA;NA;NA;NA;12942;73,1;642,164237893297;17704,5143638851;43,5254573852573;NA;NA;NA;Tarragona;120;1
43093;Móra d'Ebre;Ribera d'Ebre;2010;369,9977984;NA;NA;NA;NA;NA;NA;NA;14843;73,1;506,152938987688;20305,0615595075;29,9129123546453;NA;NA;NA;Tarragona;150;0
43100;Pallaresos, els;Tarragonès;2010;0,0000000;NA;NA;NA;NA;NA;NA;NA;18422;73,1;0,000000000000;25201,0943912449;0,0000000000000;NA;NA;NA;Tarragona;95;0
43123;Reus;Baix Camp;2010;451,9932527;NA;NA;NA;NA;NA;NA;NA;14570;73,1;618,321823119015;19931,6005471956;37,2266234207275;NA;NA;NA;Tarragona;108;0
43129;Riudoms;Baix Camp;2010;418,0960055;NA;NA;NA;NA;NA;NA;NA;13348;73,1;571,950759917921;18259,9179206566;37,5872944710818;NA;NA;NA;Tarragona;115;0
43131;Roda de Berà;Tarragonès;2010;528,3818000;NA;NA;NA;NA;NA;NA;NA;15402;73,1;722,820519835841;21069,7674418605;41,1672613946241;NA;NA;NA;Tarragona;75;1
43133;Roquetes;Baix Ebre;2010;352,1622413;NA;NA;NA;NA;NA;NA;NA;13930;73,1;481,754092065663;19056,0875512996;30,3370200689160;NA;NA;NA;Tarragona;178;0
43136;Ràpita, la;Montsià;2010;382,4404040;NA;NA;NA;NA;NA;NA;NA;11969;73,1;523,174287277702;16373,4610123119;38,3430933912608;NA;NA;NA;Tarragona;180;1
43145;Selva del Camp, la;Baix Camp;2010;464,0496817;NA;NA;NA;NA;NA;NA;NA;15211;73,1;634,814886046512;20808,4815321477;36,6090078259155;NA;NA;NA;Tarragona;116;0
43148;Tarragona;Tarragonès;2010;508,6753555;NA;NA;NA;NA;NA;NA;NA;16464;73,1;695,862319425445;22522,5718194254;37,0754632288630;NA;NA;NA;Tarragona;98;1
43153;Torredembarra;Tarragonès;2010;501,9668794;NA;NA;NA;NA;NA;NA;NA;14557;73,1;686,685197537620;19913,8166894665;41,3794226337844;NA;NA;NA;Tarragona;84;1
43155;Tortosa;Baix Ebre;2010;364,3724729;NA;NA;NA;NA;NA;NA;NA;14877;73,1;498,457555266758;20351,5731874145;29,3908024117766;NA;NA;NA;Tarragona;175;0
43156;Ulldecona;Montsià;2010;0,0000000;NA;NA;NA;NA;NA;NA;NA;10675;73,1;0,000000000000;14603,2831737346;0,0000000000000;NA;NA;NA;Tarragona;198;0
43161;Valls;Alt Camp;2010;433,0815904;NA;NA;NA;NA;NA;NA;NA;15193;73,1;592,450876060191;20783,8577291382;34,2064048232739;NA;NA;NA;Tarragona;101;0
43162;Vandellòs i l'Hospitalet de l'Infant;Baix Camp;2010;0,0000000;NA;NA;NA;NA;NA;NA;NA;14824;73,1;0,000000000000;20279,0697674419;0,0000000000000;NA;NA;NA;Tarragona;132;1
43163;Vendrell, el;Baix Penedès;2010;465,9141009;NA;NA;NA;NA;NA;NA;NA;14389;73,1;637,365391108071;19683,9945280438;38,8558566321496;NA;NA;NA;Tarragona;65;1
43171;Vila-seca;Tarragonès;2010;476,1616892;NA;NA;NA;NA;NA;NA;NA;13660;73,1;651,383979800000;18686,7305061560;41,8297237950220;NA;NA;NA;Tarragona;106;1
43901;Deltebre;Baix Ebre;2010;0,0000000;NA;NA;NA;NA;NA;NA;NA;11285;73,1;0,000000000000;15437,7564979480;0,0000000000000;NA;NA;NA;Tarragona;170;1
43905;Salou;Tarragonès;2010;479,4747699;NA;NA;NA;NA;NA;NA;NA;12018;73,1;655,916237893297;16440,4924760602;47,8756634947579;NA;NA;NA;Tarragona;110;1
43907;Canonja, la;Tarragonès;2010;0,0000000;NA;NA;NA;NA;NA;NA;NA;13003;73,1;0,000000000000;17787,9616963064;0,0000000000000;NA;NA;NA;Tarragona;100;0
08001;Abrera;Baix Llobregat;2009;625,9732972;NA;NA;NA;NA;NA;NA;NA;14900;71,6;874,264381564246;20810,0558659218;50,4139568214765;NA;NA;NA;Barcelona;35;0
08003;Alella;Maresme;2009;893,1416041;NA;NA;NA;NA;NA;NA;NA;26900;71,6;1247,404475000000;37569,8324022346;39,8427481382899;NA;NA;NA;Barcelona;18;0
08005;Ametlla del Vallès, l';Vallès Oriental;2009;806,5470000;NA;NA;NA;NA;NA;NA;NA;23000;71,6;1126,462290502793;32122,9050279330;42,0807130434783;NA;NA;NA;Barcelona;35;0
08006;Arenys de Mar;Maresme;2009;623,0556766;NA;NA;NA;NA;NA;NA;NA;17300;71,6;870,189492458101;24162,0111731844;43,2177347930636;NA;NA;NA;Barcelona;40;1
08007;Arenys de Munt;Maresme;2009;600,8426313;NA;NA;NA;NA;NA;NA;NA;17700;71,6;839,165686173184;24720,6703910615;40,7350936474576;NA;NA;NA;Barcelona;45;0
08009;Argentona;Maresme;2009;686,9527155;NA;NA;NA;NA;NA;NA;NA;18400;71,6;959,431166899441;25698,3240223464;44,8012640543478;NA;NA;NA;Barcelona;35;0
08010;Artés;Bages;2009;0,0000000;NA;NA;NA;NA;NA;NA;NA;15800;71,6;0,000000000000;22067,0391061453;0,0000000000000;NA;NA;NA;Barcelona;72;0
08015;Badalona;Barcelonès;2009;668,7630439;NA;NA;NA;NA;NA;NA;NA;14700;71,6;934,026597625698;20530,7262569832;54,5929015428571;NA;NA;NA;Barcelona;10;1
08019;Barcelona;Barcelonès;2009;792,8708761;NA;NA;NA;NA;NA;NA;NA;19900;71,6;1107,361558798883;27793,2960893855;47,8113091100000;NA;NA;NA;Barcelona;0;1
08020;Begues;Baix Llobregat;2009;0,0000000;NA;NA;NA;NA;NA;NA;NA;19600;71,6;0,000000000000;27374,3016759777;0,0000000000000;NA;NA;NA;Barcelona;32;0
08022;Berga;Berguedà;2009;407,3124308;NA;NA;NA;NA;NA;NA;NA;17100;71,6;568,872110100000;23882,6815642458;28,5833284771930;NA;NA;NA;Barcelona;108;0
08023;Bigues i Riells del Fai;Vallès Oriental;2009;0,0000000;NA;NA;NA;NA;NA;NA;NA;17100;71,6;0,000000000000;23882,6815642458;0,0000000000000;NA;NA;NA;Barcelona;41;0
08029;Cabrera de Mar;Maresme;2009;0,0000000;NA;NA;NA;NA;NA;NA;NA;21437;71,6;0,000000000000;29939,9441340782;0,0000000000000;NA;NA;NA;Barcelona;28;1
08030;Cabrils;Maresme;2009;949,3712301;NA;NA;NA;NA;NA;NA;NA;26400;71,6;1325,937472206704;36871,5083798883;43,1532377318182;NA;NA;NA;Barcelona;27;0
08033;Caldes de Montbui;Vallès Oriental;2009;589,3082880;NA;NA;NA;NA;NA;NA;NA;16700;71,6;823,056268156424;23324,0223463687;42,3455057200000;NA;NA;NA;Barcelona;34;0
08035;Calella;Maresme;2009;541,0868197;NA;NA;NA;NA;NA;NA;NA;14200;71,6;755,707848743017;19832,4022346369;45,7256467352113;NA;NA;NA;Barcelona;50;1
08040;Canet de Mar;Maresme;2009;609,0321343;NA;NA;NA;NA;NA;NA;NA;16600;71,6;850,603539525140;23184,3575418994;44,0264193469880;NA;NA;NA;Barcelona;43;1
08041;Canovelles;Vallès Oriental;2009;618,2973224;NA;NA;NA;NA;NA;NA;NA;13500;71,6;863,543746368715;18854,7486033520;54,9597619911111;NA;NA;NA;Barcelona;31;0
08043;Canyelles;Garraf;2009;0,0000000;NA;NA;NA;NA;NA;NA;NA;16757;71,6;0,000000000000;23403,6312849162;0,0000000000000;NA;NA;NA;Barcelona;46;0
08044;Capellades;Anoia;2009;0,0000000;NA;NA;NA;NA;NA;NA;NA;16300;71,6;0,000000000000;22765,3631284916;0,0000000000000;NA;NA;NA;Barcelona;60;0
08046;Cardedeu;Vallès Oriental;2009;623,3031257;NA;NA;NA;NA;NA;NA;NA;17400;71,6;870,535091759777;24301,6759776536;42,9864224620690;NA;NA;NA;Barcelona;39;0
08051;Castellar del Vallès;Vallès Occidental;2009;665,4986745;NA;NA;NA;NA;NA;NA;NA;17900;71,6;929,467422486034;25000,0000000000;44,6144362800000;NA;NA;NA;Barcelona;34;0
08054;Castellbisbal;Vallès Occidental;2009;689,3648913;NA;NA;NA;NA;NA;NA;NA;16100;71,6;962,800127513966;22486,0335195531;51,3812341341615;NA;NA;NA;Barcelona;29;0
08056;Castelldefels;Baix Llobregat;2009;806,2460200;NA;NA;NA;NA;NA;NA;NA;16600;71,6;1126,041927374302;23184,3575418994;58,2828448192771;NA;NA;NA;Barcelona;22;1
08067;Centelles;Osona;2009;499,1441271;NA;NA;NA;NA;NA;NA;NA;16800;71,6;697,128669134078;23463,6871508380;35,6531519357143;NA;NA;NA;Barcelona;54;0
08068;Cervelló;Baix Llobregat;2009;697,9758081;NA;NA;NA;NA;NA;NA;NA;16700;71,6;974,826547625698;23324,0223463687;50,1539502826347;NA;NA;NA;Barcelona;25;0
08072;Corbera de Llobregat;Baix Llobregat;2009;635,4342343;NA;NA;NA;NA;NA;NA;NA;17500;71,6;887,477980865922;24441,3407821229;43,5726332091429;NA;NA;NA;Barcelona;30;0
08073;Cornellà de Llobregat;Baix Llobregat;2009;654,0029233;NA;NA;NA;NA;NA;NA;NA;14700;71,6;913,411904050279;20530,7262569832;53,3879937387755;NA;NA;NA;Barcelona;12;0
08074;Cubelles;Garraf;2009;645,3952882;NA;NA;NA;NA;NA;NA;NA;15400;71,6;901,390067318436;21508,3798882682;50,2905419376623;NA;NA;NA;Barcelona;50;1
08075;Dosrius;Maresme;2009;0,0000000;NA;NA;NA;NA;NA;NA;NA;16605;71,6;0,000000000000;23191,3407821229;0,0000000000000;NA;NA;NA;Barcelona;39;0
08076;Esparreguera;Baix Llobregat;2009;580,4198204;NA;NA;NA;NA;NA;NA;NA;15000;71,6;810,642207300000;20949,7206703911;46,4335856320000;NA;NA;NA;Barcelona;39;0
08077;Esplugues de Llobregat;Baix Llobregat;2009;756,7864175;NA;NA;NA;NA;NA;NA;NA;17800;71,6;1056,964270251397;24860,3351955307;51,0193090449438;NA;NA;NA;Barcelona;8;0
08086;Franqueses del Vallès, les;Vallès Oriental;2009;606,8147996;NA;NA;NA;NA;NA;NA;NA;15500;71,6;847,506703351955;21648,0446927374;46,9792102916129;NA;NA;NA;Barcelona;35;0
08088;Garriga, la;Vallès Oriental;2009;622,0547129;NA;NA;NA;NA;NA;NA;NA;18400;71,6;868,791498463687;25698,3240223464;40,5687856239130;NA;NA;NA;Barcelona;38;0
08089;Gavà;Baix Llobregat;2009;753,9314166;NA;NA;NA;NA;NA;NA;NA;16100;71,6;1052,976838826816;22486,0335195531;56,1936459577640;NA;NA;NA;Barcelona;20;1
08091;Gelida;Alt Penedès;2009;554,8507448;NA;NA;NA;NA;NA;NA;NA;17200;71,6;774,931207821229;24022,3463687151;38,7105170790698;NA;NA;NA;Barcelona;35;0
08092;Gironella;Berguedà;2009;0,0000000;NA;NA;NA;NA;NA;NA;NA;17900;71,6;0,000000000000;25000,0000000000;0,0000000000000;NA;NA;NA;Barcelona;94;0
08096;Granollers;Vallès Oriental;2009;605,4516424;NA;NA;NA;NA;NA;NA;NA;16300;71,6;845,602852513966;22765,3631284916;44,5731270478528;NA;NA;NA;Barcelona;30;0
08101;Hospitalet de Llobregat, l';Barcelonès;2009;656,2350191;NA;NA;NA;NA;NA;NA;NA;14100;71,6;916,529356284916;19692,7374300000;55,8497888595745;NA;NA;NA;Barcelona;0;0
08102;Igualada;Anoia;2009;440,8768516;NA;NA;NA;NA;NA;NA;NA;17200;71,6;615,749792737430;24022,3463687151;30,7588501116279;NA;NA;NA;Barcelona;65;0
08105;Llagosta, la;Vallès Oriental;2009;602,3478391;NA;NA;NA;NA;NA;NA;NA;13000;71,6;841,267931703911;18156,4245810056;55,6013389938462;NA;NA;NA;Barcelona;19;0
08106;Llinars del Vallès;Vallès Oriental;2009;601,0039540;NA;NA;NA;NA;NA;NA;NA;16500;71,6;839,390997200000;23044,6927374302;43,7093784727273;NA;NA;NA;Barcelona;41;0
08107;Lliçà d'Amunt;Vallès Oriental;2009;0,0000000;NA;NA;NA;NA;NA;NA;NA;15100;71,6;0,000000000000;21089,3854748603;0,0000000000000;NA;NA;NA;Barcelona;32;0
08108;Lliçà de Vall;Vallès Oriental;2009;0,0000000;NA;NA;NA;NA;NA;NA;NA;18400;71,6;0,000000000000;25698,3240223464;0,0000000000000;NA;NA;NA;Barcelona;28;0
08110;Malgrat de Mar;Maresme;2009;567,2540869;NA;NA;NA;NA;NA;NA;NA;15100;71,6;792,254311312849;21089,3854748603;45,0797949854305;NA;NA;NA;Barcelona;62;1
08112;Manlleu;Osona;2009;443,5758392;NA;NA;NA;NA;NA;NA;NA;15000;71,6;619,519328491620;20949,7206703911;35,4860671400000;NA;NA;NA;Barcelona;78;0
08113;Manresa;Bages;2009;450,5163845;NA;NA;NA;NA;NA;NA;NA;17400;71,6;629,212827513967;24301,6759776536;31,0700954827586;NA;NA;NA;Barcelona;55;0
08114;Martorell;Baix Llobregat;2009;563,6629445;NA;NA;NA;NA;NA;NA;NA;15000;71,6;787,238749300000;20949,7206703911;45,0930355600000;NA;NA;NA;Barcelona;32;0
08118;Masnou, el;Maresme;2009;815,0965469;NA;NA;NA;NA;NA;NA;NA;20400;71,6;1138,402998463687;28491,6201117318;47,9468557000000;NA;NA;NA;Barcelona;19;1
08119;Masquefa;Anoia;2009;616,4882242;NA;NA;NA;NA;NA;NA;NA;14700;71,6;861,017072905028;20530,7262569832;50,3255693224490;NA;NA;NA;Barcelona;46;0
08120;Matadepera;Vallès Occidental;2009;814,9009286;NA;NA;NA;NA;NA;NA;NA;30700;71,6;1138,129788547486;42877,0949720670;31,8528050300000;NA;NA;NA;Barcelona;32;0
08121;Mataró;Maresme;2009;599,4191947;NA;NA;NA;NA;NA;NA;NA;16000;71,6;837,177646229050;22346,3687200000;44,9564396025000;NA;NA;NA;Barcelona;31;1
08123;Molins de Rei;Baix Llobregat;2009;682,2690965;NA;NA;NA;NA;NA;NA;NA;18800;71,6;952,889799581006;26256,9832402235;43,5490912659574;NA;NA;NA;Barcelona;18;0
08124;Mollet del Vallès;Vallès Oriental;2009;622,6955497;NA;NA;NA;NA;NA;NA;NA;14700;71,6;869,686521927374;20530,7262569832;50,8322897714286;NA;NA;NA;Barcelona;23;0
08125;Montcada i Reixac;Vallès Occidental;2009;632,3739586;NA;NA;NA;NA;NA;NA;NA;15800;71,6;883,203852793296;22067,0391061453;48,0284019189873;NA;NA;NA;Barcelona;14;0
08126;Montgat;Maresme;2009;715,0960203;NA;NA;NA;NA;NA;NA;NA;17400;71,6;998,737458519553;24301,6759776536;49,3169669172414;NA;NA;NA;Barcelona;15;1
08135;Montmeló;Vallès Oriental;2009;718,6472672;NA;NA;NA;NA;NA;NA;NA;15300;71,6;1003,697300558659;21368,7150837989;56,3644915450980;NA;NA;NA;Barcelona;24;0
08136;Montornès del Vallès;Vallès Oriental;2009;677,7048370;NA;NA;NA;NA;NA;NA;NA;13700;71,6;946,515135474860;19134,0782122905;59,3610076204380;NA;NA;NA;Barcelona;26;0
08138;Moià;Moianès;2009;482,6250000;NA;NA;NA;NA;NA;NA;NA;15800;71,6;674,057262569832;22067,0391061453;36,6550632911392;NA;NA;NA;Barcelona;55;0
08140;Navarcles;Bages;2009;427,2958330;NA;NA;NA;NA;NA;NA;NA;17300;71,6;596,781889664805;24162,0111731844;29,6390173179191;NA;NA;NA;Barcelona;60;0
08141;Navàs;Bages;2009;404,6027521;NA;NA;NA;NA;NA;NA;NA;17500;71,6;565,087642597765;24441,3407821229;27,7441887154286;NA;NA;NA;Barcelona;80;0
08147;Olesa de Montserrat;Baix Llobregat;2009;576,5479258;NA;NA;NA;NA;NA;NA;NA;15100;71,6;805,234533240224;21089,3854748603;45,8183782092715;NA;NA;NA;Barcelona;38;0
08155;Palafolls;Maresme;2009;0,0000000;NA;NA;NA;NA;NA;NA;NA;14400;71,6;0,000000000000;20111,7318435754;0,0000000000000;NA;NA;NA;Barcelona;60;0
08156;Palau-solità i Plegamans;Vallès Occidental;2009;685,3358362;NA;NA;NA;NA;NA;NA;NA;17100;71,6;957,172955586592;23882,6815642458;48,0937428912281;NA;NA;NA;Barcelona;28;0
08157;Pallejà;Baix Llobregat;2009;705,8846192;NA;NA;NA;NA;NA;NA;NA;16600;71,6;985,872373184358;23184,3575418994;51,0278037975904;NA;NA;NA;Barcelona;22;0
08159;Parets del Vallès;Vallès Oriental;2009;606,3062581;NA;NA;NA;NA;NA;NA;NA;16200;71,6;846,796449860335;22625,6983240223;44,9115746740741;NA;NA;NA;Barcelona;25;0
08161;Piera;Anoia;2009;579,8354392;NA;NA;NA;NA;NA;NA;NA;14200;71,6;809,826032402235;19832,4022346369;49,0001779605634;NA;NA;NA;Barcelona;50;0
08163;Pineda de Mar;Maresme;2009;547,0454906;NA;NA;NA;NA;NA;NA;NA;14600;71,6;764,030014804469;20391,0614525140;44,9626430630137;NA;NA;NA;Barcelona;55;1
08167;Polinyà;Vallès Occidental;2009;641,8362103;NA;NA;NA;NA;NA;NA;NA;15100;71,6;896,419288128492;21089,3854748603;51,0068511496689;NA;NA;NA;Barcelona;25;0
08169;Prat de Llobregat, el;Baix Llobregat;2009;677,4079130;NA;NA;NA;NA;NA;NA;NA;15200;71,6;946,100437200000;21229,0502793296;53,4795720789474;NA;NA;NA;Barcelona;11;1
08172;Premià de Mar;Maresme;2009;716,0912799;NA;NA;NA;NA;NA;NA;NA;17100;71,6;1000,127485893855;23882,6815642458;50,2520196421053;NA;NA;NA;Barcelona;22;1
08180;Ripollet;Vallès Occidental;2009;629,5031721;NA;NA;NA;NA;NA;NA;NA;14800;71,6;879,194374441341;20670,3910614525;51,0407977378378;NA;NA;NA;Barcelona;16;0
08181;Roca del Vallès, la;Vallès Oriental;2009;636,9668408;NA;NA;NA;NA;NA;NA;NA;17300;71,6;889,618492737430;24162,0111731844;44,1826710381503;NA;NA;NA;Barcelona;36;0
08183;Roda de Ter;Osona;2009;0,0000000;NA;NA;NA;NA;NA;NA;NA;15500;71,6;0,000000000000;21648,0446927374;0,0000000000000;NA;NA;NA;Barcelona;79;0
08184;Rubí;Vallès Occidental;2009;623,8872541;NA;NA;NA;NA;NA;NA;NA;15200;71,6;871,350913500000;21229,0502793296;49,2542569026316;NA;NA;NA;Barcelona;24;0
08187;Sabadell;Vallès Occidental;2009;635,1518601;NA;NA;NA;NA;NA;NA;NA;17200;71,6;887,083603491620;24022,3463687151;44,3129204720930;NA;NA;NA;Barcelona;26;0
08191;Sallent;Bages;2009;0,0000000;NA;NA;NA;NA;NA;NA;NA;17100;71,6;0,000000000000;23882,6815642458;0,0000000000000;NA;NA;NA;Barcelona;68;0
08192;Santpedor;Bages;2009;503,5922102;NA;NA;NA;NA;NA;NA;NA;17400;71,6;703,341075698324;24301,6759776536;34,7304972551724;NA;NA;NA;Barcelona;65;0
08194;Sant Adrià de Besòs;Barcelonès;2009;716,6828109;NA;NA;NA;NA;NA;NA;NA;13700;71,6;1000,953647000000;19134,0782122905;62,7751367211679;NA;NA;NA;Barcelona;8;1
08196;Sant Andreu de la Barca;Baix Llobregat;2009;632,3574694;NA;NA;NA;NA;NA;NA;NA;14300;71,6;883,180823184358;19972,0670391061;53,0649624671329;NA;NA;NA;Barcelona;27;0
08197;Sant Andreu de Llavaneres;Maresme;2009;834,7184652;NA;NA;NA;NA;NA;NA;NA;22000;71,6;1165,807912290503;30726,2569832402;45,5300981018182;NA;NA;NA;Barcelona;36;1
08198;Sant Antoni de Vilamajor;Vallès Oriental;2009;675,5803727;NA;NA;NA;NA;NA;NA;NA;19500;71,6;943,548006564246;27234,6368715084;41,5741767815385;NA;NA;NA;Barcelona;44;0
08200;Sant Boi de Llobregat;Baix Llobregat;2009;660,7139689;NA;NA;NA;NA;NA;NA;NA;14800;71,6;922,784872765363;20670,3910614525;53,5714028837838;NA;NA;NA;Barcelona;15;0
08202;Sant Celoni;Vallès Oriental;2009;538,5963780;NA;NA;NA;NA;NA;NA;NA;15400;71,6;752,229578212290;21508,3798882682;41,9685489350649;NA;NA;NA;Barcelona;52;0
08205;Sant Cugat del Vallès;Vallès Occidental;2009;878,1089646;NA;NA;NA;NA;NA;NA;NA;22800;71,6;1226,409168435755;31843,5754189944;46,2162612947368;NA;NA;NA;Barcelona;17;0
08208;Sant Esteve Sesrovires;Baix Llobregat;2009;697,7373721;NA;NA;NA;NA;NA;NA;NA;15800;71,6;974,493536500000;22067,0391061453;52,9927118050633;NA;NA;NA;Barcelona;38;0
08209;Sant Fost de Campsentelles;Vallès Oriental;2009;558,5364730;NA;NA;NA;NA;NA;NA;NA;18000;71,6;780,078872900000;25139,6648044693;37,2357648666667;NA;NA;NA;Barcelona;22;0
08210;Sant Feliu de Codines;Vallès Oriental;2009;474,2050686;NA;NA;NA;NA;NA;NA;NA;17000;71,6;662,297581843575;23743,0167597765;33,4732989600000;NA;NA;NA;Barcelona;39;0
08211;Sant Feliu de Llobregat;Baix Llobregat;2009;695,6014924;NA;NA;NA;NA;NA;NA;NA;16800;71,6;971,510464245810;23463,6871508380;49,6858208857143;NA;NA;NA;Barcelona;16;0
08213;Sant Fruitós de Bages;Bages;2009;521,6195889;NA;NA;NA;NA;NA;NA;NA;18700;71,6;728,518978910615;26117,3184357542;33,4729147957219;NA;NA;NA;Barcelona;57;0
08214;Vilassar de Dalt;Maresme;2009;809,3810244;NA;NA;NA;NA;NA;NA;NA;21600;71,6;1130,420425139665;30167,5977653631;44,9656124666667;NA;NA;NA;Barcelona;26;0
08217;Sant Joan Despí;Baix Llobregat;2009;680,1276419;NA;NA;NA;NA;NA;NA;NA;17100;71,6;949,898941201117;23882,6815642458;47,7282555719298;NA;NA;NA;Barcelona;11;0
08218;Sant Joan de Vilatorrada;Bages;2009;473,1774160;NA;NA;NA;NA;NA;NA;NA;16100;71,6;660,862312800000;22486,0335195531;35,2678819400000;NA;NA;NA;Barcelona;58;0
08219;Vilassar de Mar;Maresme;2009;754,7730817;NA;NA;NA;NA;NA;NA;NA;20000;71,6;1054,152348743017;27932,9608938547;45,2863849000000;NA;NA;NA;Barcelona;24;1
08221;Sant Just Desvern;Baix Llobregat;2009;1048,2849610;NA;NA;NA;NA;NA;NA;NA;25500;71,6;1464,085141061453;35614,5251396648;49,3310569900000;NA;NA;NA;Barcelona;10;0
08230;Premià de Dalt;Maresme;2009;1050,9889650;NA;NA;NA;NA;NA;NA;NA;21900;71,6;1467,861682960894;30586,5921787710;57,5884364383562;NA;NA;NA;Barcelona;24;0
08231;Sant Pere de Ribes;Garraf;2009;660,7830181;NA;NA;NA;NA;NA;NA;NA;16400;71,6;922,881310195531;22905,0279329609;48,3499769341463;NA;NA;NA;Barcelona;42;0
08234;Sant Pere de Vilamajor;Vallès Oriental;2009;0,0000000;NA;NA;NA;NA;NA;NA;NA;17631;71,6;0,000000000000;24624,3016759777;0,0000000000000;NA;NA;NA;Barcelona;46;0
08235;Sant Pol de Mar;Maresme;2009;0,0000000;NA;NA;NA;NA;NA;NA;NA;22500;71,6;0,000000000000;31424,5810055866;0,0000000000000;NA;NA;NA;Barcelona;48;1
08238;Sant Quirze del Vallès;Vallès Occidental;2009;797,5201909;NA;NA;NA;NA;NA;NA;NA;20900;71,6;1113,855015223464;29189,9441340782;45,7906329703349;NA;NA;NA;Barcelona;25;0
08240;Sant Sadurní d'Anoia;Alt Penedès;2009;545,4725721;NA;NA;NA;NA;NA;NA;NA;18000;71,6;761,833201256983;25139,6648044693;36,3648381400000;NA;NA;NA;Barcelona;42;0
08244;Santa Coloma de Cervelló;Baix Llobregat;2009;0,0000000;NA;NA;NA;NA;NA;NA;NA;16600;71,6;0,000000000000;23184,3575418994;0,0000000000000;NA;NA;NA;Barcelona;18;0
08245;Santa Coloma de Gramenet;Barcelonès;2009;608,0691084;NA;NA;NA;NA;NA;NA;NA;13000;71,6;849,258531284916;18156,4245810056;56,1294561600000;NA;NA;NA;Barcelona;9;0
08248;Santa Eulàlia de Ronçana;Vallès Oriental;2009;0,0000000;NA;NA;NA;NA;NA;NA;NA;17100;71,6;0,000000000000;23882,6815642458;0,0000000000000;NA;NA;NA;Barcelona;38;0
08250;Santa Margarida de Montbui;Anoia;2009;0,0000000;NA;NA;NA;NA;NA;NA;NA;13900;71,6;0,000000000000;19413,4078212291;0,0000000000000;NA;NA;NA;Barcelona;66;0
08251;Santa Margarida i els Monjos;Alt Penedès;2009;492,8336273;NA;NA;NA;NA;NA;NA;NA;14800;71,6;688,315121927374;20670,3910614525;39,9594832945946;NA;NA;NA;Barcelona;52;0
08252;Barberà del Vallès;Vallès Occidental;2009;672,2754088;NA;NA;NA;NA;NA;NA;NA;16200;71,6;938,932135195531;22625,6983240223;49,7981784296296;NA;NA;NA;Barcelona;19;0
08259;Santa Maria de Palautordera;Vallès Oriental;2009;0,0000000;NA;NA;NA;NA;NA;NA;NA;15200;71,6;0,000000000000;21229,0502793296;0,0000000000000;NA;NA;NA;Barcelona;54;0
08260;Santa Perpètua de Mogoda;Vallès Occidental;2009;650,6997477;NA;NA;NA;NA;NA;NA;NA;15700;71,6;908,798530307263;21927,3743016760;49,7350125630573;NA;NA;NA;Barcelona;20;0
08262;Sant Vicenç de Castellet;Bages;2009;434,7883287;NA;NA;NA;NA;NA;NA;NA;16000;71,6;607,246269134078;22346,3687200000;32,6091246525000;NA;NA;NA;Barcelona;52;0
08263;Sant Vicenç dels Horts;Baix Llobregat;2009;677,6118000;NA;NA;NA;NA;NA;NA;NA;14100;71,6;946,385195530726;19692,7374300000;57,6690893617021;NA;NA;NA;Barcelona;21;0
08264;Sant Vicenç de Montalt;Maresme;2009;0,0000000;NA;NA;NA;NA;NA;NA;NA;22700;71,6;0,000000000000;31703,9106145251;0,0000000000000;NA;NA;NA;Barcelona;38;1
08266;Cerdanyola del Vallès;Vallès Occidental;2009;689,1259792;NA;NA;NA;NA;NA;NA;NA;18000;71,6;962,466451400000;25139,6648044693;45,9417319466667;NA;NA;NA;Barcelona;18;0
08267;Sentmenat;Vallès Occidental;2009;572,6250102;NA;NA;NA;NA;NA;NA;NA;16400;71,6;799,755600837989;22905,0279329609;41,8993909902439;NA;NA;NA;Barcelona;32;0
08270;Sitges;Garraf;2009;875,3520641;NA;NA;NA;NA;NA;NA;NA;18900;71,6;1222,558748743017;26396,6480446927;55,5779088317460;NA;NA;NA;Barcelona;38;1
08274;Súria;Bages;2009;0,0000000;NA;NA;NA;NA;NA;NA;NA;17000;71,6;0,000000000000;23743,0167597765;0,0000000000000;NA;NA;NA;Barcelona;72;0
08278;Taradell;Osona;2009;460,5662760;NA;NA;NA;NA;NA;NA;NA;16900;71,6;643,248988826816;23603,3519553073;32,7029308402367;NA;NA;NA;Barcelona;75;0
08279;Terrassa;Vallès Occidental;2009;557,2875054;NA;NA;NA;NA;NA;NA;NA;16500;71,6;778,334504748603;23044,6927374302;40,5300003927273;NA;NA;NA;Barcelona;28;0
08281;Teià;Maresme;2009;995,5943726;NA;NA;NA;NA;NA;NA;NA;26500;71,6;1390,494933798883;37011,1731843575;45,0835187592453;NA;NA;NA;Barcelona;22;0
08282;Tiana;Maresme;2009;921,4579384;NA;NA;NA;NA;NA;NA;NA;23200;71,6;1286,952427932961;32402,2346368715;47,6616175034483;NA;NA;NA;Barcelona;17;0
08283;Tona;Osona;2009;0,0000000;NA;NA;NA;NA;NA;NA;NA;15900;71,6;0,000000000000;22206,7039106145;0,0000000000000;NA;NA;NA;Barcelona;61;0
08284;Tordera;Maresme;2009;508,4280867;NA;NA;NA;NA;NA;NA;NA;14500;71,6;710,095093156425;20251,3966480447;42,0768071751724;NA;NA;NA;Barcelona;65;0
08285;Torelló;Osona;2009;417,9468667;NA;NA;NA;NA;NA;NA;NA;16600;71,6;583,724674162011;23184,3575418994;30,2130265084337;NA;NA;NA;Barcelona;82;0
08289;Torrelles de Llobregat;Baix Llobregat;2009;0,0000000;NA;NA;NA;NA;NA;NA;NA;16900;71,6;0,000000000000;23603,3519553073;0,0000000000000;NA;NA;NA;Barcelona;25;0
08291;Vacarisses;Vallès Occidental;2009;0,0000000;NA;NA;NA;NA;NA;NA;NA;14400;71,6;0,000000000000;20111,7318435754;0,0000000000000;NA;NA;NA;Barcelona;42;0
08295;Vallirana;Baix Llobregat;2009;753,8487313;NA;NA;NA;NA;NA;NA;NA;16200;71,6;1052,861356564246;22625,6983240223;55,8406467629630;NA;NA;NA;Barcelona;28;0
08298;Vic;Osona;2009;499,4347330;NA;NA;NA;NA;NA;NA;NA;16400;71,6;697,534543296089;22905,0279329609;36,5440048536585;NA;NA;NA;Barcelona;70;0
08300;Viladecavalls;Vallès Occidental;2009;0,0000000;NA;NA;NA;NA;NA;NA;NA;16900;71,6;0,000000000000;23603,3519553073;0,0000000000000;NA;NA;NA;Barcelona;32;0
08301;Viladecans;Baix Llobregat;2009;724,0894307;NA;NA;NA;NA;NA;NA;NA;15000;71,6;1011,298087569832;20949,7206703911;57,9271544600000;NA;NA;NA;Barcelona;18;1
08302;Vilanova del Camí;Anoia;2009;457,5439342;NA;NA;NA;NA;NA;NA;NA;13900;71,6;639,027841061453;19413,4078212291;39,5001957582734;NA;NA;NA;Barcelona;64;0
08305;Vilafranca del Penedès;Alt Penedès;2009;527,7049557;NA;NA;NA;NA;NA;NA;NA;17200;71,6;737,018094553073;24022,3463687151;36,8166248162791;NA;NA;NA;Barcelona;48;0
08307;Vilanova i la Geltrú;Garraf;2009;594,9288908;NA;NA;NA;NA;NA;NA;NA;16900;71,6;830,906272067039;23603,3519553073;42,2434715360947;NA;NA;NA;Barcelona;45;1
08902;Vilanova del Vallès;Vallès Oriental;2009;0,0000000;NA;NA;NA;NA;NA;NA;NA;19287;71,6;0,000000000000;26937,1508379888;0,0000000000000;NA;NA;NA;Barcelona;30;0
08904;Badia del Vallès;Vallès Occidental;2009;0,0000000;NA;NA;NA;NA;NA;NA;NA;12400;71,6;0,000000000000;17318,4357541899;0,0000000000000;NA;NA;NA;Barcelona;20;0
17008;Anglès;Selva;2009;423,1560263;NA;NA;NA;NA;NA;NA;NA;17100;71,6;591,000036731844;23882,6815642458;29,6951597403509;NA;NA;NA;Girona;101;0
17009;Arbúcies;Selva;2009;392,0446420;NA;NA;NA;NA;NA;NA;NA;16900;71,6;547,548382681564;23603,3519553073;27,8374893727811;NA;NA;NA;Girona;78;0
17015;Banyoles;Pla de l'Estany;2009;532,8957321;NA;NA;NA;NA;NA;NA;NA;18600;71,6;744,267782262570;25977,6536312849;34,3803698129032;NA;NA;NA;Girona;118;0
17020;Bescanó;Gironès;2009;0,0000000;NA;NA;NA;NA;NA;NA;NA;16790;71,6;0,000000000000;23449,7206703911;0,0000000000000;NA;NA;NA;Girona;98;0
17022;Bisbal d'Empordà, la;Baix Empordà;2009;466,6221492;NA;NA;NA;NA;NA;NA;NA;18100;71,6;651,706912290503;25279,3296089385;30,9362750850829;NA;NA;NA;Girona;120;0
17023;Blanes;Selva;2009;503,7633592;NA;NA;NA;NA;NA;NA;NA;15500;71,6;703,580110614525;21648,0446927374;39,0010342606452;NA;NA;NA;Girona;70;1
17033;Caldes de Malavella;Selva;2009;0,0000000;NA;NA;NA;NA;NA;NA;NA;17300;71,6;0,000000000000;24162,0111731844;0,0000000000000;NA;NA;NA;Girona;85;0
17034;Calonge i Sant Antoni;Baix Empordà;2009;545,2688655;NA;NA;NA;NA;NA;NA;NA;17700;71,6;761,548694832402;24720,6703910615;36,9673807100000;NA;NA;NA;Girona;112;1
17044;Cassà de la Selva;Gironès;2009;556,4517276;NA;NA;NA;NA;NA;NA;NA;18200;71,6;777,167217318436;25418,9944134078;36,6891249000000;NA;NA;NA;Girona;96;0
17047;Castelló d'Empúries;Alt Empordà;2009;479,6798091;NA;NA;NA;NA;NA;NA;NA;13000;71,6;669,943867458101;18156,4245810056;44,2781362246154;NA;NA;NA;Girona;142;1
17048;Castell d'Aro, Platja d'Aro i s'Agaró;Baix Empordà;2009;511,7315192;NA;NA;NA;NA;NA;NA;NA;16600;71,6;714,708825698324;23184,3575418994;36,9926399421687;NA;NA;NA;Girona;107;1
17049;Celrà;Gironès;2009;0,0000000;NA;NA;NA;NA;NA;NA;NA;15672;71,6;0,000000000000;21888,2681564246;0,0000000000000;NA;NA;NA;Girona;109;0
17062;Escala, l';Alt Empordà;2009;528,6643434;NA;NA;NA;NA;NA;NA;NA;17200;71,6;738,358021508380;24022,3463687151;36,8835588418605;NA;NA;NA;Girona;140;1
17066;Figueres;Alt Empordà;2009;490,8071230;NA;NA;NA;NA;NA;NA;NA;17500;71,6;685,484808700000;24441,3407821229;33,6553455771429;NA;NA;NA;Girona;138;0
17079;Girona;Gironès;2009;546,4433798;NA;NA;NA;NA;NA;NA;NA;20200;71,6;763,189077932961;28212,2905027933;32,4619829584158;NA;NA;NA;Girona;102;0
17089;Llagostera;Gironès;2009;451,2503767;NA;NA;NA;NA;NA;NA;NA;17000;71,6;630,237956284916;23743,0167597765;31,8529677670588;NA;NA;NA;Girona;90;0
17092;Llançà;Alt Empordà;2009;472,2255410;NA;NA;NA;NA;NA;NA;NA;18900;71,6;659,532878491620;26396,6480446927;29,9825740317460;NA;NA;NA;Girona;160;1
17095;Lloret de Mar;Selva;2009;498,5232481;NA;NA;NA;NA;NA;NA;NA;15000;71,6;696,261519692737;20949,7206703911;39,8818598500000;NA;NA;NA;Girona;75;1
17103;Maçanet de la Selva;Selva;2009;0,0000000;NA;NA;NA;NA;NA;NA;NA;13800;71,6;0,000000000000;19273,7430167598;0,0000000000000;NA;NA;NA;Girona;78;0
17114;Olot;Garrotxa;2009;424,8362228;NA;NA;NA;NA;NA;NA;NA;18100;71,6;593,346679888268;25279,3296089385;28,1659374232044;NA;NA;NA;Girona;112;0
17117;Palafrugell;Baix Empordà;2009;555,1568039;NA;NA;NA;NA;NA;NA;NA;16800;71,6;775,358664664804;23463,6871508380;39,6540574214286;NA;NA;NA;Girona;122;1
17118;Palamós;Baix Empordà;2009;541,8655150;NA;NA;NA;NA;NA;NA;NA;16300;71,6;756,795412011173;22765,3631284916;39,8919397546012;NA;NA;NA;Girona;115;1
17141;Puigcerdà;Cerdanya;2009;530,5275342;NA;NA;NA;NA;NA;NA;NA;18700;71,6;740,960243296089;26117,3184357542;34,0445476491979;NA;NA;NA;Girona;151;0
17147;Ripoll;Ripollès;2009;383,3352763;NA;NA;NA;NA;NA;NA;NA;18300;71,6;535,384464106145;25558,6592178771;25,1367394295082;NA;NA;NA;Girona;102;0
17152;Roses;Alt Empordà;2009;467,6339512;NA;NA;NA;NA;NA;NA;NA;13800;71,6;653,120043600000;19273,7430167598;40,6638218434783;NA;NA;NA;Girona;150;1
17155;Salt;Gironès;2009;499,6078690;NA;NA;NA;NA;NA;NA;NA;12800;71,6;697,776353351955;17877,0949720670;46,8382377200000;NA;NA;NA;Girona;100;0
17160;Sant Feliu de Guíxols;Baix Empordà;2009;510,7566282;NA;NA;NA;NA;NA;NA;NA;17400;71,6;713,347246089386;24301,6759776536;35,2245950482759;NA;NA;NA;Girona;105;1
17164;Sant Hilari Sacalm;Selva;2009;0,0000000;NA;NA;NA;NA;NA;NA;NA;17400;71,6;0,000000000000;24301,6759776536;0,0000000000000;NA;NA;NA;Girona;95;0
17180;Santa Coloma de Farners;Selva;2009;510,9591761;NA;NA;NA;NA;NA;NA;NA;17200;71,6;713,630134217877;24022,3463687151;35,6483146116279;NA;NA;NA;Girona;90;0
17181;Santa Cristina d'Aro;Baix Empordà;2009;0,0000000;NA;NA;NA;NA;NA;NA;NA;15480;71,6;0,000000000000;21620,1117318436;0,0000000000000;NA;NA;NA;Girona;101;1
17186;Sarrià de Ter;Gironès;2009;0,0000000;NA;NA;NA;NA;NA;NA;NA;17372;71,6;0,000000000000;24262,5698324022;0,0000000000000;NA;NA;NA;Girona;106;0
17193;Sils;Selva;2009;0,0000000;NA;NA;NA;NA;NA;NA;NA;16300;71,6;0,000000000000;22765,3631284916;0,0000000000000;NA;NA;NA;Girona;80;0
17199;Torroella de Montgrí;Baix Empordà;2009;512,7565050;NA;NA;NA;NA;NA;NA;NA;16300;71,6;716,140370111732;22765,3631284916;37,7489451533742;NA;NA;NA;Girona;135;1
17202;Tossa de Mar;Selva;2009;0,0000000;NA;NA;NA;NA;NA;NA;NA;17900;71,6;0,000000000000;25000,0000000000;0,0000000000000;NA;NA;NA;Girona;87;1
17213;Vidreres;Selva;2009;0,0000000;NA;NA;NA;NA;NA;NA;NA;16000;71,6;0,000000000000;22346,3687200000;0,0000000000000;NA;NA;NA;Girona;82;0
17221;Vilafant;Alt Empordà;2009;551,2613355;NA;NA;NA;NA;NA;NA;NA;16700;71,6;769,918066340782;23324,0223463687;39,6115929700599;NA;NA;NA;Girona;136;0
25003;Agramunt;Urgell;2009;0,0000000;NA;NA;NA;NA;NA;NA;NA;18200;71,6;0,000000000000;25418,9944134078;0,0000000000000;NA;NA;NA;Lleida;112;0
25011;Alcarràs;Segrià;2009;0,0000000;NA;NA;NA;NA;NA;NA;NA;17300;71,6;0,000000000000;24162,0111731844;0,0000000000000;NA;NA;NA;Lleida;165;0
25019;Almacelles;Segrià;2009;0,0000000;NA;NA;NA;NA;NA;NA;NA;16700;71,6;0,000000000000;23324,0223463687;0,0000000000000;NA;NA;NA;Lleida;170;0
25023;Alpicat;Segrià;2009;0,0000000;NA;NA;NA;NA;NA;NA;NA;20700;71,6;0,000000000000;28910,6145251397;0,0000000000000;NA;NA;NA;Lleida;160;0
25040;Balaguer;Noguera;2009;340,3933307;NA;NA;NA;NA;NA;NA;NA;15800;71,6;475,409679748603;22067,0391061453;25,8526580300000;NA;NA;NA;Lleida;145;0
25050;Bellpuig;Urgell;2009;0,0000000;NA;NA;NA;NA;NA;NA;NA;13591;71,6;0,000000000000;18981,8435754190;0,0000000000000;NA;NA;NA;Lleida;123;0
25058;Borges Blanques, les;Garrigues;2009;0,0000000;NA;NA;NA;NA;NA;NA;NA;17700;71,6;0,000000000000;24720,6703910615;0,0000000000000;NA;NA;NA;Lleida;125;0
25072;Cervera;Segarra;2009;0,0000000;NA;NA;NA;NA;NA;NA;NA;16300;71,6;0,000000000000;22765,3631284916;0,0000000000000;NA;NA;NA;Lleida;102;0
25110;Guissona;Segarra;2009;0,0000000;NA;NA;NA;NA;NA;NA;NA;14300;71,6;0,000000000000;19972,0670391061;0,0000000000000;NA;NA;NA;Lleida;110;0
25120;Lleida;Segrià;2009;432,2729591;NA;NA;NA;NA;NA;NA;NA;17800;71,6;603,733183100559;24860,3351955307;29,1419972426966;NA;NA;NA;Lleida;155;0
25137;Mollerussa;Pla d'Urgell;2009;391,4379946;NA;NA;NA;NA;NA;NA;NA;15500;71,6;546,701109776536;21648,0446927374;30,3048770012903;NA;NA;NA;Lleida;135;0
25203;Seu d'Urgell, la;Alt Urgell;2009;440,1929449;NA;NA;NA;NA;NA;NA;NA;16700;71,6;614,794615800000;23324,0223463687;31,6306307712575;NA;NA;NA;Lleida;180;0
25207;Solsona;Solsonès;2009;355,9990627;NA;NA;NA;NA;NA;NA;NA;16700;71,6;497,205394832402;23324,0223463687;25,5807709724551;NA;NA;NA;Lleida;115;0
25217;Tàrrega;Urgell;2009;0,0000000;NA;NA;NA;NA;NA;NA;NA;17500;71,6;0,000000000000;24441,3407821229;0,0000000000000;NA;NA;NA;Lleida;100;0
25234;Tremp;Pallars Jussà;2009;0,0000000;NA;NA;NA;NA;NA;NA;NA;19700;71,6;0,000000000000;27513,9664804469;0,0000000000000;NA;NA;NA;Lleida;190;0
25243;Vielha e Mijaran;Val d'Aran;2009;0,0000000;NA;NA;NA;NA;NA;NA;NA;20200;71,6;0,000000000000;28212,2905027933;0,0000000000000;NA;NA;NA;Lleida;280;0
43004;Alcanar;Montsià;2009;0,0000000;NA;NA;NA;NA;NA;NA;NA;16300;71,6;0,000000000000;22765,3631284916;0,0000000000000;NA;NA;NA;Tarragona;190;1
43005;Alcover;Alt Camp;2009;0,0000000;NA;NA;NA;NA;NA;NA;NA;16500;71,6;0,000000000000;23044,6927374302;0,0000000000000;NA;NA;NA;Tarragona;105;0
43012;Altafulla;Tarragonès;2009;0,0000000;NA;NA;NA;NA;NA;NA;NA;19237;71,6;0,000000000000;26867,3184357542;0,0000000000000;NA;NA;NA;Tarragona;88;1
43013;Ametlla de Mar, l';Baix Ebre;2009;0,0000000;NA;NA;NA;NA;NA;NA;NA;14600;71,6;0,000000000000;20391,0614525140;0,0000000000000;NA;NA;NA;Tarragona;144;1
43014;Amposta;Montsià;2009;370,5192983;NA;NA;NA;NA;NA;NA;NA;17500;71,6;517,485053491620;24441,3407821229;25,4070375977143;NA;NA;NA;Tarragona;168;0
43016;Arboç, l';Baix Penedès;2009;0,0000000;NA;NA;NA;NA;NA;NA;NA;15600;71,6;0,000000000000;21787,7094972067;0,0000000000000;NA;NA;NA;Tarragona;60;0
43037;Calafell;Baix Penedès;2009;570,6590536;NA;NA;NA;NA;NA;NA;NA;18000;71,6;797,009851396648;25139,6648044693;38,0439369066667;NA;NA;NA;Tarragona;62;1
43038;Cambrils;Baix Camp;2009;578,9872536;NA;NA;NA;NA;NA;NA;NA;17000;71,6;808,641415642458;23743,0167597765;40,8696884894118;NA;NA;NA;Tarragona;115;1
43043;Catllar, el;Tarragonès;2009;0,0000000;NA;NA;NA;NA;NA;NA;NA;17884;71,6;0,000000000000;24977,6536312849;0,0000000000000;NA;NA;NA;Tarragona;92;0
43044;Sénia, la;Montsià;2009;0,0000000;NA;NA;NA;NA;NA;NA;NA;17200;71,6;0,000000000000;24022,3463687151;0,0000000000000;NA;NA;NA;Tarragona;195;0
43047;Constantí;Tarragonès;2009;0,0000000;NA;NA;NA;NA;NA;NA;NA;13800;71,6;0,000000000000;19273,7430167598;0,0000000000000;NA;NA;NA;Tarragona;95;0
43051;Cunit;Baix Penedès;2009;491,2700958;NA;NA;NA;NA;NA;NA;NA;16200;71,6;686,131418715084;22625,6983240223;36,3903774666667;NA;NA;NA;Tarragona;55;1
43086;Montblanc;Conca de Barberà;2009;437,2464154;NA;NA;NA;NA;NA;NA;NA;17100;71,6;610,679351117318;23882,6815642458;30,6839589754386;NA;NA;NA;Tarragona;114;0
43092;Mont-roig del Camp;Baix Camp;2009;492,5338979;NA;NA;NA;NA;NA;NA;NA;15300;71,6;687,896505446927;21368,7150837989;38,6301096392157;NA;NA;NA;Tarragona;120;1
43093;Móra d'Ebre;Ribera d'Ebre;2009;0,0000000;NA;NA;NA;NA;NA;NA;NA;18700;71,6;0,000000000000;26117,3184357542;0,0000000000000;NA;NA;NA;Tarragona;150;0
43100;Pallaresos, els;Tarragonès;2009;0,0000000;NA;NA;NA;NA;NA;NA;NA;18422;71,6;0,000000000000;25729,0502793296;0,0000000000000;NA;NA;NA;Tarragona;95;0
43123;Reus;Baix Camp;2009;463,1299128;NA;NA;NA;NA;NA;NA;NA;17100;71,6;646,829487200000;23882,6815642458;32,5003447578947;NA;NA;NA;Tarragona;108;0
43129;Riudoms;Baix Camp;2009;0,0000000;NA;NA;NA;NA;NA;NA;NA;16800;71,6;0,000000000000;23463,6871508380;0,0000000000000;NA;NA;NA;Tarragona;115;0
43131;Roda de Berà;Tarragonès;2009;0,0000000;NA;NA;NA;NA;NA;NA;NA;16800;71,6;0,000000000000;23463,6871508380;0,0000000000000;NA;NA;NA;Tarragona;75;1
43133;Roquetes;Baix Ebre;2009;365,4399986;NA;NA;NA;NA;NA;NA;NA;15800;71,6;510,391059497207;22067,0391061453;27,7549366025316;NA;NA;NA;Tarragona;178;0
43136;Ràpita, la;Montsià;2009;0,0000000;NA;NA;NA;NA;NA;NA;NA;16700;71,6;0,000000000000;23324,0223463687;0,0000000000000;NA;NA;NA;Tarragona;180;1
43145;Selva del Camp, la;Baix Camp;2009;517,0168071;NA;NA;NA;NA;NA;NA;NA;16400;71,6;722,090512709497;22905,0279329609;37,8304980804878;NA;NA;NA;Tarragona;116;0
43148;Tarragona;Tarragonès;2009;520,9378030;NA;NA;NA;NA;NA;NA;NA;19100;71,6;727,566763966480;26675,9776536313;32,7290766282723;NA;NA;NA;Tarragona;98;1
43153;Torredembarra;Tarragonès;2009;532,3653987;NA;NA;NA;NA;NA;NA;NA;18000;71,6;743,527093156425;25139,6648044693;35,4910265800000;NA;NA;NA;Tarragona;84;1
43155;Tortosa;Baix Ebre;2009;389,2155405;NA;NA;NA;NA;NA;NA;NA;17800;71,6;543,597123600000;24860,3351955307;26,2392499213483;NA;NA;NA;Tarragona;175;0
43156;Ulldecona;Montsià;2009;0,0000000;NA;NA;NA;NA;NA;NA;NA;16700;71,6;0,000000000000;23324,0223463687;0,0000000000000;NA;NA;NA;Tarragona;198;0
43161;Valls;Alt Camp;2009;441,1449437;NA;NA;NA;NA;NA;NA;NA;17800;71,6;616,124223044693;24860,3351955307;29,7401085640449;NA;NA;NA;Tarragona;101;0
43162;Vandellòs i l'Hospitalet de l'Infant;Baix Camp;2009;0,0000000;NA;NA;NA;NA;NA;NA;NA;15900;71,6;0,000000000000;22206,7039106145;0,0000000000000;NA;NA;NA;Tarragona;132;1
43163;Vendrell, el;Baix Penedès;2009;495,8745477;NA;NA;NA;NA;NA;NA;NA;18100;71,6;692,562217458101;25279,3296089385;32,8756606209945;NA;NA;NA;Tarragona;65;1
43171;Vila-seca;Tarragonès;2009;468,7899359;NA;NA;NA;NA;NA;NA;NA;14500;71,6;654,734547346369;20251,3966480447;38,7964084882759;NA;NA;NA;Tarragona;106;1
43901;Deltebre;Baix Ebre;2009;0,0000000;NA;NA;NA;NA;NA;NA;NA;17600;71,6;0,000000000000;24581,0055865922;0,0000000000000;NA;NA;NA;Tarragona;170;1
43905;Salou;Tarragonès;2009;364,5980989;NA;NA;NA;NA;NA;NA;NA;14800;71,6;509,215221927374;20670,3910614525;29,5620080189189;NA;NA;NA;Tarragona;110;1
43907;Canonja, la;Tarragonès;2009;0,0000000;NA;NA;NA;NA;NA;NA;NA;13003;71,6;0,000000000000;18160,6145251397;0,0000000000000;NA;NA;NA;Tarragona;100;0
08001;Abrera;Baix Llobregat;2008;0,0000000;NA;NA;NA;NA;NA;NA;NA;14900;71,5;0,000000000000;20839,1608391608;0,0000000000000;NA;NA;NA;Barcelona;35;0
08003;Alella;Maresme;2008;1061,7331680;NA;NA;NA;NA;NA;NA;NA;26900;71,5;1484,941493706294;37622,3776223776;47,3635613977695;NA;NA;NA;Barcelona;18;0
08005;Ametlla del Vallès, l';Vallès Oriental;2008;0,0000000;NA;NA;NA;NA;NA;NA;NA;23900;71,5;0,000000000000;33426,5734265734;0,0000000000000;NA;NA;NA;Barcelona;35;0
08006;Arenys de Mar;Maresme;2008;618,4863369;NA;NA;NA;NA;NA;NA;NA;17600;71,5;865,015855804196;24615,3846153846;42,1695229704545;NA;NA;NA;Barcelona;40;1
08007;Arenys de Munt;Maresme;2008;0,0000000;NA;NA;NA;NA;NA;NA;NA;18100;71,5;0,000000000000;25314,6853146853;0,0000000000000;NA;NA;NA;Barcelona;45;0
08009;Argentona;Maresme;2008;710,0112939;NA;NA;NA;NA;NA;NA;NA;18200;71,5;993,022788671329;25454,5454545455;46,8139314659341;NA;NA;NA;Barcelona;35;0
08010;Artés;Bages;2008;543,3389729;NA;NA;NA;NA;NA;NA;NA;15900;71,5;759,914647412588;22237,7622377622;41,0067149358491;NA;NA;NA;Barcelona;72;0
08015;Badalona;Barcelonès;2008;697,6230921;NA;NA;NA;NA;NA;NA;NA;14700;71,5;975,696632307692;20559,4405594406;56,9488238448980;NA;NA;NA;Barcelona;10;1
08019;Barcelona;Barcelonès;2008;813,0226616;NA;NA;NA;NA;NA;NA;NA;19800;71,5;1137,094631608392;27692,3076923077;49,2741007030303;NA;NA;NA;Barcelona;0;1
08020;Begues;Baix Llobregat;2008;911,0175175;NA;NA;NA;NA;NA;NA;NA;20400;71,5;1274,150374125874;28531,4685314685;53,5892657352941;NA;NA;NA;Barcelona;32;0
08022;Berga;Berguedà;2008;418,8764228;NA;NA;NA;NA;NA;NA;NA;17000;71,5;585,841150769231;23776,2237762238;29,5677474917647;NA;NA;NA;Barcelona;108;0
08023;Bigues i Riells del Fai;Vallès Oriental;2008;0,0000000;NA;NA;NA;NA;NA;NA;NA;17700;71,5;0,000000000000;24755,2447552448;0,0000000000000;NA;NA;NA;Barcelona;41;0
08029;Cabrera de Mar;Maresme;2008;0,0000000;NA;NA;NA;NA;NA;NA;NA;21437;71,5;0,000000000000;29981,8181818182;0,0000000000000;NA;NA;NA;Barcelona;28;1
08030;Cabrils;Maresme;2008;0,0000000;NA;NA;NA;NA;NA;NA;NA;27400;71,5;0,000000000000;38321,6783216783;0,0000000000000;NA;NA;NA;Barcelona;27;0
08033;Caldes de Montbui;Vallès Oriental;2008;626,9624687;NA;NA;NA;NA;NA;NA;NA;16500;71,5;876,870585594406;23076,9230769231;45,5972704509091;NA;NA;NA;Barcelona;34;0
08035;Calella;Maresme;2008;575,6524195;NA;NA;NA;NA;NA;NA;NA;14200;71,5;805,108279000000;19860,1398601399;48,6466833380282;NA;NA;NA;Barcelona;50;1
08040;Canet de Mar;Maresme;2008;669,5892231;NA;NA;NA;NA;NA;NA;NA;16800;71,5;936,488423900000;23496,5034965035;47,8278016500000;NA;NA;NA;Barcelona;43;1
08041;Canovelles;Vallès Oriental;2008;597,0817926;NA;NA;NA;NA;NA;NA;NA;13300;71,5;835,079430209790;18601,3986013986;53,8720414375940;NA;NA;NA;Barcelona;31;0
08043;Canyelles;Garraf;2008;0,0000000;NA;NA;NA;NA;NA;NA;NA;16757;71,5;0,000000000000;23436,3636363636;0,0000000000000;NA;NA;NA;Barcelona;46;0
08044;Capellades;Anoia;2008;0,0000000;NA;NA;NA;NA;NA;NA;NA;16400;71,5;0,000000000000;22937,0629370629;0,0000000000000;NA;NA;NA;Barcelona;60;0
08046;Cardedeu;Vallès Oriental;2008;629,2908000;NA;NA;NA;NA;NA;NA;NA;17200;71,5;880,126993006993;24055,9440559441;43,9040093023256;NA;NA;NA;Barcelona;39;0
08051;Castellar del Vallès;Vallès Occidental;2008;686,2578173;NA;NA;NA;NA;NA;NA;NA;17700;71,5;959,801143076923;24755,2447552448;46,5259537152542;NA;NA;NA;Barcelona;34;0
08054;Castellbisbal;Vallès Occidental;2008;779,3012782;NA;NA;NA;NA;NA;NA;NA;16300;71,5;1089,931857622377;22797,2027972028;57,3718732417178;NA;NA;NA;Barcelona;29;0
08056;Castelldefels;Baix Llobregat;2008;906,1429261;NA;NA;NA;NA;NA;NA;NA;16700;71,5;1267,332763776224;23356,6433566434;65,1120665461078;NA;NA;NA;Barcelona;22;1
08067;Centelles;Osona;2008;494,8598805;NA;NA;NA;NA;NA;NA;NA;16800;71,5;692,111721000000;23496,5034965035;35,3471343214286;NA;NA;NA;Barcelona;54;0
08068;Cervelló;Baix Llobregat;2008;0,0000000;NA;NA;NA;NA;NA;NA;NA;16800;71,5;0,000000000000;23496,5034965035;0,0000000000000;NA;NA;NA;Barcelona;25;0
08072;Corbera de Llobregat;Baix Llobregat;2008;668,6931761;NA;NA;NA;NA;NA;NA;NA;18100;71,5;935,235211328671;25314,6853146853;44,3332492441989;NA;NA;NA;Barcelona;30;0
08073;Cornellà de Llobregat;Baix Llobregat;2008;690,9389711;NA;NA;NA;NA;NA;NA;NA;14700;71,5;966,348211328671;20559,4405594406;56,4031813142857;NA;NA;NA;Barcelona;12;0
08074;Cubelles;Garraf;2008;684,9580675;NA;NA;NA;NA;NA;NA;NA;15600;71,5;957,983311188811;21818,1818181818;52,6890821153846;NA;NA;NA;Barcelona;50;1
08075;Dosrius;Maresme;2008;0,0000000;NA;NA;NA;NA;NA;NA;NA;16605;71,5;0,000000000000;23223,7762237762;0,0000000000000;NA;NA;NA;Barcelona;39;0
08076;Esparreguera;Baix Llobregat;2008;624,6847882;NA;NA;NA;NA;NA;NA;NA;15300;71,5;873,685018461538;21398,6014000000;48,9948853490196;NA;NA;NA;Barcelona;39;0
08077;Esplugues de Llobregat;Baix Llobregat;2008;824,4780619;NA;NA;NA;NA;NA;NA;NA;17800;71,5;1153,116170489510;24895,1048951049;55,5827906898876;NA;NA;NA;Barcelona;8;0
08086;Franqueses del Vallès, les;Vallès Oriental;2008;672,7599478;NA;NA;NA;NA;NA;NA;NA;15500;71,5;940,923003916084;21678,3216783217;52,0846411200000;NA;NA;NA;Barcelona;35;0
08088;Garriga, la;Vallès Oriental;2008;638,8061497;NA;NA;NA;NA;NA;NA;NA;18300;71,5;893,435174405594;25594,4055944056;41,8889278491803;NA;NA;NA;Barcelona;38;0
08089;Gavà;Baix Llobregat;2008;787,7680456;NA;NA;NA;NA;NA;NA;NA;16400;71,5;1101,773490349651;22937,0629370629;57,6415643121951;NA;NA;NA;Barcelona;20;1
08091;Gelida;Alt Penedès;2008;0,0000000;NA;NA;NA;NA;NA;NA;NA;17300;71,5;0,000000000000;24195,8041958042;0,0000000000000;NA;NA;NA;Barcelona;35;0
08092;Gironella;Berguedà;2008;0,0000000;NA;NA;NA;NA;NA;NA;NA;17700;71,5;0,000000000000;24755,2447552448;0,0000000000000;NA;NA;NA;Barcelona;94;0
08096;Granollers;Vallès Oriental;2008;629,3041108;NA;NA;NA;NA;NA;NA;NA;16100;71,5;880,145609510490;22517,4825174825;46,9046542211180;NA;NA;NA;Barcelona;30;0
08101;Hospitalet de Llobregat, l';Barcelonès;2008;696,8108424;NA;NA;NA;NA;NA;NA;NA;14100;71,5;974,560618741259;19720,2797202797;59,3030504170213;NA;NA;NA;Barcelona;0;0
08102;Igualada;Anoia;2008;459,5891000;NA;NA;NA;NA;NA;NA;NA;17400;71,5;642,781958000000;24335,6643356643;31,6958000000000;NA;NA;NA;Barcelona;65;0
08105;Llagosta, la;Vallès Oriental;2008;0,0000000;NA;NA;NA;NA;NA;NA;NA;12900;71,5;0,000000000000;18041,9580419580;0,0000000000000;NA;NA;NA;Barcelona;19;0
08106;Llinars del Vallès;Vallès Oriental;2008;608,5258586;NA;NA;NA;NA;NA;NA;NA;16300;71,5;851,085116900000;22797,2027972028;44,7994497128834;NA;NA;NA;Barcelona;41;0
08107;Lliçà d'Amunt;Vallès Oriental;2008;0,0000000;NA;NA;NA;NA;NA;NA;NA;14800;71,5;0,000000000000;20699,3007000000;0,0000000000000;NA;NA;NA;Barcelona;32;0
08108;Lliçà de Vall;Vallès Oriental;2008;0,0000000;NA;NA;NA;NA;NA;NA;NA;18700;71,5;0,000000000000;26153,8461538462;0,0000000000000;NA;NA;NA;Barcelona;28;0
08110;Malgrat de Mar;Maresme;2008;576,9655507;NA;NA;NA;NA;NA;NA;NA;15100;71,5;806,944826153846;21118,8811188811;45,8515669430464;NA;NA;NA;Barcelona;62;1
08112;Manlleu;Osona;2008;489,8810158;NA;NA;NA;NA;NA;NA;NA;15000;71,5;685,148273846154;20979,0209790210;39,1904812600000;NA;NA;NA;Barcelona;78;0
08113;Manresa;Bages;2008;482,7914490;NA;NA;NA;NA;NA;NA;NA;17400;71,5;675,232795804196;24335,6643356643;33,2959620000000;NA;NA;NA;Barcelona;55;0
08114;Martorell;Baix Llobregat;2008;614,7003250;NA;NA;NA;NA;NA;NA;NA;15000;71,5;859,720734265734;20979,0209790210;49,1760260000000;NA;NA;NA;Barcelona;32;0
08118;Masnou, el;Maresme;2008;831,9294166;NA;NA;NA;NA;NA;NA;NA;21000;71,5;1163,537645594406;29370,6293706294;47,5388238057143;NA;NA;NA;Barcelona;19;1
08119;Masquefa;Anoia;2008;613,7456060;NA;NA;NA;NA;NA;NA;NA;14900;71,5;858,385462937063;20839,1608391608;49,4291763221476;NA;NA;NA;Barcelona;46;0
08120;Matadepera;Vallès Occidental;2008;988,4798803;NA;NA;NA;NA;NA;NA;NA;30600;71,5;1382,489343076923;42797,2028000000;38,7639168745098;NA;NA;NA;Barcelona;32;0
08121;Mataró;Maresme;2008;650,7519480;NA;NA;NA;NA;NA;NA;NA;16000;71,5;910,142584615385;22377,6223776224;48,8063961000000;NA;NA;NA;Barcelona;31;1
08123;Molins de Rei;Baix Llobregat;2008;715,5883385;NA;NA;NA;NA;NA;NA;NA;19000;71,5;1000,822851048951;26573,4265734266;45,1950529578947;NA;NA;NA;Barcelona;18;0
08124;Mollet del Vallès;Vallès Oriental;2008;556,0847642;NA;NA;NA;NA;NA;NA;NA;14600;71,5;777,740929000000;20419,5804195804;45,7055970575342;NA;NA;NA;Barcelona;23;0
08125;Montcada i Reixac;Vallès Occidental;2008;666,8082446;NA;NA;NA;NA;NA;NA;NA;15500;71,5;932,598943496504;21678,3216783217;51,6238640980645;NA;NA;NA;Barcelona;14;0
08126;Montgat;Maresme;2008;732,3821536;NA;NA;NA;NA;NA;NA;NA;17700;71,5;1024,310704335664;24755,2447552448;49,6530273627119;NA;NA;NA;Barcelona;15;1
08135;Montmeló;Vallès Oriental;2008;0,0000000;NA;NA;NA;NA;NA;NA;NA;15300;71,5;0,000000000000;21398,6014000000;0,0000000000000;NA;NA;NA;Barcelona;24;0
08136;Montornès del Vallès;Vallès Oriental;2008;661,0212574;NA;NA;NA;NA;NA;NA;NA;13700;71,5;924,505255104895;19160,8391608392;57,8996721800000;NA;NA;NA;Barcelona;26;0
08138;Moià;Moianès;2008;505,9764446;NA;NA;NA;NA;NA;NA;NA;16400;71,5;707,659363076923;22937,0629370629;37,0226666780488;NA;NA;NA;Barcelona;55;0
08140;Navarcles;Bages;2008;477,6226509;NA;NA;NA;NA;NA;NA;NA;16800;71,5;668,003707552448;23496,5034965035;34,1159036357143;NA;NA;NA;Barcelona;60;0
08141;Navàs;Bages;2008;422,4449825;NA;NA;NA;NA;NA;NA;NA;17600;71,5;590,832143356643;24615,3846153846;28,8030669886364;NA;NA;NA;Barcelona;80;0
08147;Olesa de Montserrat;Baix Llobregat;2008;624,0248297;NA;NA;NA;NA;NA;NA;NA;15400;71,5;872,761999580420;21538,4615384615;48,6253114051948;NA;NA;NA;Barcelona;38;0
08155;Palafolls;Maresme;2008;0,0000000;NA;NA;NA;NA;NA;NA;NA;14600;71,5;0,000000000000;20419,5804195804;0,0000000000000;NA;NA;NA;Barcelona;60;0
08156;Palau-solità i Plegamans;Vallès Occidental;2008;740,5753147;NA;NA;NA;NA;NA;NA;NA;17200;71,5;1035,769670909091;24055,9440559441;51,6680452116279;NA;NA;NA;Barcelona;28;0
08157;Pallejà;Baix Llobregat;2008;633,4937768;NA;NA;NA;NA;NA;NA;NA;16900;71,5;886,005282237762;23636,3636363636;44,9818066366864;NA;NA;NA;Barcelona;22;0
08159;Parets del Vallès;Vallès Oriental;2008;683,6435190;NA;NA;NA;NA;NA;NA;NA;16200;71,5;956,144781818182;22657,3426573427;50,6402606666667;NA;NA;NA;Barcelona;25;0
08161;Piera;Anoia;2008;604,5937817;NA;NA;NA;NA;NA;NA;NA;14400;71,5;845,585708671329;20139,8601398601;50,3828151416667;NA;NA;NA;Barcelona;50;0
08163;Pineda de Mar;Maresme;2008;580,1373919;NA;NA;NA;NA;NA;NA;NA;14600;71,5;811,380967692308;20419,5804195804;47,6825253616438;NA;NA;NA;Barcelona;55;1
08167;Polinyà;Vallès Occidental;2008;624,0782026;NA;NA;NA;NA;NA;NA;NA;15200;71,5;872,836646993007;21258,7412587413;49,2693317842105;NA;NA;NA;Barcelona;25;0
08169;Prat de Llobregat, el;Baix Llobregat;2008;579,2957780;NA;NA;NA;NA;NA;NA;NA;15100;71,5;810,203885314685;21118,8811188811;46,0367505695364;NA;NA;NA;Barcelona;11;1
08172;Premià de Mar;Maresme;2008;746,6502141;NA;NA;NA;NA;NA;NA;NA;17200;71,5;1044,266033706294;24055,9440559441;52,0918754023256;NA;NA;NA;Barcelona;22;1
08180;Ripollet;Vallès Occidental;2008;683,5413436;NA;NA;NA;NA;NA;NA;NA;14600;71,5;956,001879160839;20419,5804195804;56,1814802958904;NA;NA;NA;Barcelona;16;0
08181;Roca del Vallès, la;Vallès Oriental;2008;679,5061731;NA;NA;NA;NA;NA;NA;NA;17200;71,5;950,358284055944;24055,9440559441;47,4074074255814;NA;NA;NA;Barcelona;36;0
08183;Roda de Ter;Osona;2008;0,0000000;NA;NA;NA;NA;NA;NA;NA;15100;71,5;0,000000000000;21118,8811188811;0,0000000000000;NA;NA;NA;Barcelona;79;0
08184;Rubí;Vallès Occidental;2008;685,2237488;NA;NA;NA;NA;NA;NA;NA;14900;71,5;958,354893426573;20839,1608391608;55,1858052724832;NA;NA;NA;Barcelona;24;0
08187;Sabadell;Vallès Occidental;2008;663,6860585;NA;NA;NA;NA;NA;NA;NA;17200;71,5;928,232249650350;24055,9440559441;46,3036785000000;NA;NA;NA;Barcelona;26;0
08191;Sallent;Bages;2008;0,0000000;NA;NA;NA;NA;NA;NA;NA;17100;71,5;0,000000000000;23916,0839160839;0,0000000000000;NA;NA;NA;Barcelona;68;0
08192;Santpedor;Bages;2008;547,0095818;NA;NA;NA;NA;NA;NA;NA;17600;71,5;765,048366153846;24615,3846153846;37,2961078500000;NA;NA;NA;Barcelona;65;0
08194;Sant Adrià de Besòs;Barcelonès;2008;705,4844762;NA;NA;NA;NA;NA;NA;NA;13600;71,5;986,691575104895;19020,9790209790;62,2486302529412;NA;NA;NA;Barcelona;8;1
08196;Sant Andreu de la Barca;Baix Llobregat;2008;690,9427049;NA;NA;NA;NA;NA;NA;NA;14500;71,5;966,353433426574;20279,7202797203;57,1814652331034;NA;NA;NA;Barcelona;27;0
08197;Sant Andreu de Llavaneres;Maresme;2008;799,9829435;NA;NA;NA;NA;NA;NA;NA;22700;71,5;1118,857263636364;31748,2517482518;42,2898472334802;NA;NA;NA;Barcelona;36;1
08198;Sant Antoni de Vilamajor;Vallès Oriental;2008;744,4398241;NA;NA;NA;NA;NA;NA;NA;19400;71,5;1041,174579160839;27132,8671328671;46,0478241711340;NA;NA;NA;Barcelona;44;0
08200;Sant Boi de Llobregat;Baix Llobregat;2008;709,5919923;NA;NA;NA;NA;NA;NA;NA;14800;71,5;992,436352867133;20699,3007000000;57,5344858621622;NA;NA;NA;Barcelona;15;0
08202;Sant Celoni;Vallès Oriental;2008;547,0400142;NA;NA;NA;NA;NA;NA;NA;15300;71,5;765,090928951049;21398,6014000000;42,9050991529412;NA;NA;NA;Barcelona;52;0
08205;Sant Cugat del Vallès;Vallès Occidental;2008;935,2179386;NA;NA;NA;NA;NA;NA;NA;22700;71,5;1307,997116923077;31748,2517482518;49,4388337585903;NA;NA;NA;Barcelona;17;0
08208;Sant Esteve Sesrovires;Baix Llobregat;2008;0,0000000;NA;NA;NA;NA;NA;NA;NA;15700;71,5;0,000000000000;21958,0419580420;0,0000000000000;NA;NA;NA;Barcelona;38;0
08209;Sant Fost de Campsentelles;Vallès Oriental;2008;0,0000000;NA;NA;NA;NA;NA;NA;NA;18300;71,5;0,000000000000;25594,4055944056;0,0000000000000;NA;NA;NA;Barcelona;22;0
08210;Sant Feliu de Codines;Vallès Oriental;2008;460,9065495;NA;NA;NA;NA;NA;NA;NA;16700;71,5;644,624544755245;23356,6433566434;33,1190334970060;NA;NA;NA;Barcelona;39;0
08211;Sant Feliu de Llobregat;Baix Llobregat;2008;735,2436370;NA;NA;NA;NA;NA;NA;NA;17000;71,5;1028,312779020979;23776,2237762238;51,8995508470588;NA;NA;NA;Barcelona;16;0
08213;Sant Fruitós de Bages;Bages;2008;540,7911557;NA;NA;NA;NA;NA;NA;NA;18700;71,5;756,351266713287;26153,8461538462;34,7031757668449;NA;NA;NA;Barcelona;57;0
08214;Vilassar de Dalt;Maresme;2008;806,2159044;NA;NA;NA;NA;NA;NA;NA;21700;71,5;1127,574691468532;30349,6503496504;44,5833679852535;NA;NA;NA;Barcelona;26;0
08217;Sant Joan Despí;Baix Llobregat;2008;775,9312324;NA;NA;NA;NA;NA;NA;NA;17300;71,5;1085,218506853147;24195,8041958042;53,8218195884393;NA;NA;NA;Barcelona;11;0
08218;Sant Joan de Vilatorrada;Bages;2008;521,7070788;NA;NA;NA;NA;NA;NA;NA;16000;71,5;729,660250100000;22377,6223776224;39,1280309100000;NA;NA;NA;Barcelona;58;0
08219;Vilassar de Mar;Maresme;2008;728,9495410;NA;NA;NA;NA;NA;NA;NA;20400;71,5;1019,509847552448;28531,4685314685;42,8793847647059;NA;NA;NA;Barcelona;24;1
08221;Sant Just Desvern;Baix Llobregat;2008;1082,3173830;NA;NA;NA;NA;NA;NA;NA;24900;71,5;1513,730605594406;34825,1748251748;52,1598738795181;NA;NA;NA;Barcelona;10;0
08230;Premià de Dalt;Maresme;2008;936,2376000;NA;NA;NA;NA;NA;NA;NA;21600;71,5;1309,423216783217;30209,7902097902;52,0132000000000;NA;NA;NA;Barcelona;24;0
08231;Sant Pere de Ribes;Garraf;2008;729,1931193;NA;NA;NA;NA;NA;NA;NA;16600;71,5;1019,850516503497;23216,7832167832;52,7127556120482;NA;NA;NA;Barcelona;42;0
08234;Sant Pere de Vilamajor;Vallès Oriental;2008;0,0000000;NA;NA;NA;NA;NA;NA;NA;17631;71,5;0,000000000000;24658,7412587413;0,0000000000000;NA;NA;NA;Barcelona;46;0
08235;Sant Pol de Mar;Maresme;2008;0,0000000;NA;NA;NA;NA;NA;NA;NA;22500;71,5;0,000000000000;31468,5314685315;0,0000000000000;NA;NA;NA;Barcelona;48;1
08238;Sant Quirze del Vallès;Vallès Occidental;2008;753,3333226;NA;NA;NA;NA;NA;NA;NA;20900;71,5;1053,613038601399;29230,7692307692;43,2535879004785;NA;NA;NA;Barcelona;25;0
08240;Sant Sadurní d'Anoia;Alt Penedès;2008;575,6399744;NA;NA;NA;NA;NA;NA;NA;18200;71,5;805,090873286713;25454,5454545455;37,9542840263736;NA;NA;NA;Barcelona;42;0
08244;Santa Coloma de Cervelló;Baix Llobregat;2008;0,0000000;NA;NA;NA;NA;NA;NA;NA;16900;71,5;0,000000000000;23636,3636363636;0,0000000000000;NA;NA;NA;Barcelona;18;0
08245;Santa Coloma de Gramenet;Barcelonès;2008;635,4007530;NA;NA;NA;NA;NA;NA;NA;12900;71,5;888,672381818182;18041,9580419580;59,1070467906977;NA;NA;NA;Barcelona;9;0
08248;Santa Eulàlia de Ronçana;Vallès Oriental;2008;0,0000000;NA;NA;NA;NA;NA;NA;NA;17600;71,5;0,000000000000;24615,3846153846;0,0000000000000;NA;NA;NA;Barcelona;38;0
08250;Santa Margarida de Montbui;Anoia;2008;0,0000000;NA;NA;NA;NA;NA;NA;NA;13800;71,5;0,000000000000;19300,6993000000;0,0000000000000;NA;NA;NA;Barcelona;66;0
08251;Santa Margarida i els Monjos;Alt Penedès;2008;0,0000000;NA;NA;NA;NA;NA;NA;NA;14700;71,5;0,000000000000;20559,4405594406;0,0000000000000;NA;NA;NA;Barcelona;52;0
08252;Barberà del Vallès;Vallès Occidental;2008;719,8143491;NA;NA;NA;NA;NA;NA;NA;16000;71,5;1006,733355384615;22377,6223776224;53,9860761800000;NA;NA;NA;Barcelona;19;0
08259;Santa Maria de Palautordera;Vallès Oriental;2008;0,0000000;NA;NA;NA;NA;NA;NA;NA;15400;71,5;0,000000000000;21538,4615384615;0,0000000000000;NA;NA;NA;Barcelona;54;0
08260;Santa Perpètua de Mogoda;Vallès Occidental;2008;763,6706410;NA;NA;NA;NA;NA;NA;NA;15500;71,5;1068,070826573427;21678,3216783217;59,1228883354839;NA;NA;NA;Barcelona;20;0
08262;Sant Vicenç de Castellet;Bages;2008;485,8892868;NA;NA;NA;NA;NA;NA;NA;15800;71,5;679,565436083916;22097,9021000000;36,9029838075949;NA;NA;NA;Barcelona;52;0
08263;Sant Vicenç dels Horts;Baix Llobregat;2008;741,7901220;NA;NA;NA;NA;NA;NA;NA;14200;71,5;1037,468702097902;19860,1398601399;62,6864891830986;NA;NA;NA;Barcelona;21;0
08264;Sant Vicenç de Montalt;Maresme;2008;0,0000000;NA;NA;NA;NA;NA;NA;NA;23700;71,5;0,000000000000;33146,8531468532;0,0000000000000;NA;NA;NA;Barcelona;38;1
08266;Cerdanyola del Vallès;Vallès Occidental;2008;765,8364085;NA;NA;NA;NA;NA;NA;NA;17500;71,5;1071,099872027972;24475,5244755245;52,5144965828571;NA;NA;NA;Barcelona;18;0
08267;Sentmenat;Vallès Occidental;2008;555,7209704;NA;NA;NA;NA;NA;NA;NA;16300;71,5;777,232126433567;22797,2027972028;40,9119732800000;NA;NA;NA;Barcelona;32;0
08270;Sitges;Garraf;2008;903,7359756;NA;NA;NA;NA;NA;NA;NA;19500;71,5;1263,966399440559;27272,7272727273;55,6145215753846;NA;NA;NA;Barcelona;38;1
08274;Súria;Bages;2008;0,0000000;NA;NA;NA;NA;NA;NA;NA;16700;71,5;0,000000000000;23356,6433566434;0,0000000000000;NA;NA;NA;Barcelona;72;0
08278;Taradell;Osona;2008;426,4452209;NA;NA;NA;NA;NA;NA;NA;17000;71,5;596,426882377622;23776,2237762238;30,1020155929412;NA;NA;NA;Barcelona;75;0
08279;Terrassa;Vallès Occidental;2008;606,6617805;NA;NA;NA;NA;NA;NA;NA;16500;71,5;848,478014685315;23076,9230769231;44,1208567636364;NA;NA;NA;Barcelona;28;0
08281;Teià;Maresme;2008;0,0000000;NA;NA;NA;NA;NA;NA;NA;26200;71,5;0,000000000000;36643,3566433566;0,0000000000000;NA;NA;NA;Barcelona;22;0
08282;Tiana;Maresme;2008;910,2641145;NA;NA;NA;NA;NA;NA;NA;23300;71,5;1273,096663636364;32587,4125874126;46,8805552532189;NA;NA;NA;Barcelona;17;0
08283;Tona;Osona;2008;0,0000000;NA;NA;NA;NA;NA;NA;NA;16100;71,5;0,000000000000;22517,4825174825;0,0000000000000;NA;NA;NA;Barcelona;61;0
08284;Tordera;Maresme;2008;574,0403382;NA;NA;NA;NA;NA;NA;NA;14700;71,5;802,853619860140;20559,4405594406;46,8604357714286;NA;NA;NA;Barcelona;65;0
08285;Torelló;Osona;2008;455,4722078;NA;NA;NA;NA;NA;NA;NA;16600;71,5;637,024066853147;23216,7832167832;32,9257017700000;NA;NA;NA;Barcelona;82;0
08289;Torrelles de Llobregat;Baix Llobregat;2008;0,0000000;NA;NA;NA;NA;NA;NA;NA;17500;71,5;0,000000000000;24475,5244755245;0,0000000000000;NA;NA;NA;Barcelona;25;0
08291;Vacarisses;Vallès Occidental;2008;0,0000000;NA;NA;NA;NA;NA;NA;NA;14700;71,5;0,000000000000;20559,4405594406;0,0000000000000;NA;NA;NA;Barcelona;42;0
08295;Vallirana;Baix Llobregat;2008;720,8657577;NA;NA;NA;NA;NA;NA;NA;16800;71,5;1008,203856923077;23496,5034965035;51,4904112642857;NA;NA;NA;Barcelona;28;0
08298;Vic;Osona;2008;531,9362456;NA;NA;NA;NA;NA;NA;NA;16500;71,5;743,966777062937;23076,9230769231;38,6862724072727;NA;NA;NA;Barcelona;70;0
08300;Viladecavalls;Vallès Occidental;2008;0,0000000;NA;NA;NA;NA;NA;NA;NA;16900;71,5;0,000000000000;23636,3636363636;0,0000000000000;NA;NA;NA;Barcelona;32;0
08301;Viladecans;Baix Llobregat;2008;721,9227390;NA;NA;NA;NA;NA;NA;NA;15100;71,5;1009,682152447552;21118,8811188811;57,3713434966887;NA;NA;NA;Barcelona;18;1
08302;Vilanova del Camí;Anoia;2008;499,5450037;NA;NA;NA;NA;NA;NA;NA;13900;71,5;698,664340839161;19440,5594405594;43,1261873697842;NA;NA;NA;Barcelona;64;0
08305;Vilafranca del Penedès;Alt Penedès;2008;556,0523672;NA;NA;NA;NA;NA;NA;NA;17300;71,5;777,695618461539;24195,8041958042;38,5701063953757;NA;NA;NA;Barcelona;48;0
08307;Vilanova i la Geltrú;Garraf;2008;618,8736241;NA;NA;NA;NA;NA;NA;NA;16900;71,5;865,557516223776;23636,3636363636;43,9436892900000;NA;NA;NA;Barcelona;45;1
08902;Vilanova del Vallès;Vallès Oriental;2008;0,0000000;NA;NA;NA;NA;NA;NA;NA;19287;71,5;0,000000000000;26974,8251748252;0,0000000000000;NA;NA;NA;Barcelona;30;0
08904;Badia del Vallès;Vallès Occidental;2008;0,0000000;NA;NA;NA;NA;NA;NA;NA;12000;71,5;0,000000000000;16783,2167832168;0,0000000000000;NA;NA;NA;Barcelona;20;0
17008;Anglès;Selva;2008;0,0000000;NA;NA;NA;NA;NA;NA;NA;17000;71,5;0,000000000000;23776,2237762238;0,0000000000000;NA;NA;NA;Girona;101;0
17009;Arbúcies;Selva;2008;411,7624861;NA;NA;NA;NA;NA;NA;NA;16800;71,5;575,891589000000;23496,5034965035;29,4116061500000;NA;NA;NA;Girona;78;0
17015;Banyoles;Pla de l'Estany;2008;568,6615960;NA;NA;NA;NA;NA;NA;NA;18300;71,5;795,330903496504;25594,4055944056;37,2892849836066;NA;NA;NA;Girona;118;0
17020;Bescanó;Gironès;2008;0,0000000;NA;NA;NA;NA;NA;NA;NA;16790;71,5;0,000000000000;23482,5174825175;0,0000000000000;NA;NA;NA;Girona;98;0
17022;Bisbal d'Empordà, la;Baix Empordà;2008;526,4256010;NA;NA;NA;NA;NA;NA;NA;17900;71,5;736,259581818182;25034,9650349650;35,2911017430168;NA;NA;NA;Girona;120;0
17023;Blanes;Selva;2008;524,1102537;NA;NA;NA;NA;NA;NA;NA;16200;71,5;733,021333800000;22657,3426573427;38,8229817555556;NA;NA;NA;Girona;70;1
17033;Caldes de Malavella;Selva;2008;0,0000000;NA;NA;NA;NA;NA;NA;NA;17800;71,5;0,000000000000;24895,1048951049;0,0000000000000;NA;NA;NA;Girona;85;0
17034;Calonge i Sant Antoni;Baix Empordà;2008;582,8725490;NA;NA;NA;NA;NA;NA;NA;17700;71,5;815,206362237762;24755,2447552448;39,5167829830508;NA;NA;NA;Girona;112;1
17044;Cassà de la Selva;Gironès;2008;584,0854185;NA;NA;NA;NA;NA;NA;NA;18300;71,5;816,902683216783;25594,4055944056;38,3006831803279;NA;NA;NA;Girona;96;0
17047;Castelló d'Empúries;Alt Empordà;2008;488,4796714;NA;NA;NA;NA;NA;NA;NA;13700;71,5;683,188351608392;19160,8391608392;42,7865405605839;NA;NA;NA;Girona;142;1
17048;Castell d'Aro, Platja d'Aro i s'Agaró;Baix Empordà;2008;0,0000000;NA;NA;NA;NA;NA;NA;NA;16800;71,5;0,000000000000;23496,5034965035;0,0000000000000;NA;NA;NA;Girona;107;1
17049;Celrà;Gironès;2008;0,0000000;NA;NA;NA;NA;NA;NA;NA;15672;71,5;0,000000000000;21918,8811188811;0,0000000000000;NA;NA;NA;Girona;109;0
17062;Escala, l';Alt Empordà;2008;484,3144646;NA;NA;NA;NA;NA;NA;NA;17400;71,5;677,362887552448;24335,6643356643;33,4009975586207;NA;NA;NA;Girona;140;1
17066;Figueres;Alt Empordà;2008;507,4186868;NA;NA;NA;NA;NA;NA;NA;18100;71,5;709,676485000000;25314,6853146853;33,6410179093923;NA;NA;NA;Girona;138;0
17079;Girona;Gironès;2008;569,3430095;NA;NA;NA;NA;NA;NA;NA;20000;71,5;796,283929370629;27972,0279720280;34,1605805700000;NA;NA;NA;Girona;102;0
17089;Llagostera;Gironès;2008;473,2002706;NA;NA;NA;NA;NA;NA;NA;16200;71,5;661,818560279720;22657,3426573427;35,0518718962963;NA;NA;NA;Girona;90;0
17092;Llançà;Alt Empordà;2008;461,9466258;NA;NA;NA;NA;NA;NA;NA;19600;71,5;646,079196923077;27412,5874125874;28,2824464775510;NA;NA;NA;Girona;160;1
17095;Lloret de Mar;Selva;2008;554,9303884;NA;NA;NA;NA;NA;NA;NA;15700;71,5;776,126417342657;21958,0419580420;42,4150615337580;NA;NA;NA;Girona;75;1
17103;Maçanet de la Selva;Selva;2008;0,0000000;NA;NA;NA;NA;NA;NA;NA;14000;71,5;0,000000000000;19580,4195804196;0,0000000000000;NA;NA;NA;Girona;78;0
17114;Olot;Garrotxa;2008;433,1090355;NA;NA;NA;NA;NA;NA;NA;17900;71,5;605,746902797203;25034,9650349650;29,0352426033520;NA;NA;NA;Girona;112;0
17117;Palafrugell;Baix Empordà;2008;637,3562472;NA;NA;NA;NA;NA;NA;NA;16500;71,5;891,407338741259;23076,9230769231;46,3531816145455;NA;NA;NA;Girona;122;1
17118;Palamós;Baix Empordà;2008;605,8538123;NA;NA;NA;NA;NA;NA;NA;16300;71,5;847,347989230769;22797,2027972028;44,6027346478527;NA;NA;NA;Girona;115;1
17141;Puigcerdà;Cerdanya;2008;0,0000000;NA;NA;NA;NA;NA;NA;NA;19100;71,5;0,000000000000;26713,2867132867;0,0000000000000;NA;NA;NA;Girona;151;0
17147;Ripoll;Ripollès;2008;408,7008183;NA;NA;NA;NA;NA;NA;NA;18200;71,5;571,609536100000;25454,5454545455;26,9473067000000;NA;NA;NA;Girona;102;0
17152;Roses;Alt Empordà;2008;472,5135509;NA;NA;NA;NA;NA;NA;NA;15100;71,5;660,858113146853;21118,8811188811;37,5507457668874;NA;NA;NA;Girona;150;1
17155;Salt;Gironès;2008;573,1001192;NA;NA;NA;NA;NA;NA;NA;12900;71,5;801,538628251748;18041,9580419580;53,3116389953489;NA;NA;NA;Girona;100;0
17160;Sant Feliu de Guíxols;Baix Empordà;2008;574,6141147;NA;NA;NA;NA;NA;NA;NA;17400;71,5;803,656104475524;24335,6643356643;39,6285596344828;NA;NA;NA;Girona;105;1
17164;Sant Hilari Sacalm;Selva;2008;410,4354903;NA;NA;NA;NA;NA;NA;NA;17600;71,5;574,035650769231;24615,3846153846;27,9842379800000;NA;NA;NA;Girona;95;0
17180;Santa Coloma de Farners;Selva;2008;0,0000000;NA;NA;NA;NA;NA;NA;NA;17600;71,5;0,000000000000;24615,3846153846;0,0000000000000;NA;NA;NA;Girona;90;0
17181;Santa Cristina d'Aro;Baix Empordà;2008;0,0000000;NA;NA;NA;NA;NA;NA;NA;15480;71,5;0,000000000000;21650,3496503496;0,0000000000000;NA;NA;NA;Girona;101;1
17186;Sarrià de Ter;Gironès;2008;0,0000000;NA;NA;NA;NA;NA;NA;NA;17372;71,5;0,000000000000;24296,5034965035;0,0000000000000;NA;NA;NA;Girona;106;0
17193;Sils;Selva;2008;0,0000000;NA;NA;NA;NA;NA;NA;NA;16300;71,5;0,000000000000;22797,2027972028;0,0000000000000;NA;NA;NA;Girona;80;0
17199;Torroella de Montgrí;Baix Empordà;2008;517,3585736;NA;NA;NA;NA;NA;NA;NA;16100;71,5;723,578424615385;22517,4825174825;38,5608874732919;NA;NA;NA;Girona;135;1
17202;Tossa de Mar;Selva;2008;0,0000000;NA;NA;NA;NA;NA;NA;NA;18800;71,5;0,000000000000;26293,7062937063;0,0000000000000;NA;NA;NA;Girona;87;1
17213;Vidreres;Selva;2008;0,0000000;NA;NA;NA;NA;NA;NA;NA;17100;71,5;0,000000000000;23916,0839160839;0,0000000000000;NA;NA;NA;Girona;82;0
17221;Vilafant;Alt Empordà;2008;0,0000000;NA;NA;NA;NA;NA;NA;NA;16600;71,5;0,000000000000;23216,7832167832;0,0000000000000;NA;NA;NA;Girona;136;0
25003;Agramunt;Urgell;2008;0,0000000;NA;NA;NA;NA;NA;NA;NA;17600;71,5;0,000000000000;24615,3846153846;0,0000000000000;NA;NA;NA;Lleida;112;0
25011;Alcarràs;Segrià;2008;0,0000000;NA;NA;NA;NA;NA;NA;NA;17800;71,5;0,000000000000;24895,1048951049;0,0000000000000;NA;NA;NA;Lleida;165;0
25019;Almacelles;Segrià;2008;0,0000000;NA;NA;NA;NA;NA;NA;NA;16100;71,5;0,000000000000;22517,4825174825;0,0000000000000;NA;NA;NA;Lleida;170;0
25023;Alpicat;Segrià;2008;0,0000000;NA;NA;NA;NA;NA;NA;NA;21200;71,5;0,000000000000;29650,3496503496;0,0000000000000;NA;NA;NA;Lleida;160;0
25040;Balaguer;Noguera;2008;404,0230283;NA;NA;NA;NA;NA;NA;NA;15600;71,5;565,067172447552;21818,1818181818;31,0786944846154;NA;NA;NA;Lleida;145;0
25050;Bellpuig;Urgell;2008;0,0000000;NA;NA;NA;NA;NA;NA;NA;13591;71,5;0,000000000000;19008,3916083916;0,0000000000000;NA;NA;NA;Lleida;123;0
25058;Borges Blanques, les;Garrigues;2008;0,0000000;NA;NA;NA;NA;NA;NA;NA;18000;71,5;0,000000000000;25174,8251748252;0,0000000000000;NA;NA;NA;Lleida;125;0
25072;Cervera;Segarra;2008;0,0000000;NA;NA;NA;NA;NA;NA;NA;16400;71,5;0,000000000000;22937,0629370629;0,0000000000000;NA;NA;NA;Lleida;102;0
25110;Guissona;Segarra;2008;0,0000000;NA;NA;NA;NA;NA;NA;NA;14800;71,5;0,000000000000;20699,3007000000;0,0000000000000;NA;NA;NA;Lleida;110;0
25120;Lleida;Segrià;2008;458,3900042;NA;NA;NA;NA;NA;NA;NA;17700;71,5;641,104900979021;24755,2447552448;31,0772884203390;NA;NA;NA;Lleida;155;0
25137;Mollerussa;Pla d'Urgell;2008;424,8389722;NA;NA;NA;NA;NA;NA;NA;15800;71,5;594,180380699301;22097,9021000000;32,2662510531646;NA;NA;NA;Lleida;135;0
25203;Seu d'Urgell, la;Alt Urgell;2008;465,8343519;NA;NA;NA;NA;NA;NA;NA;17000;71,5;651,516576083916;23776,2237762238;32,8824248400000;NA;NA;NA;Lleida;180;0
25207;Solsona;Solsonès;2008;0,0000000;NA;NA;NA;NA;NA;NA;NA;16700;71,5;0,000000000000;23356,6433566434;0,0000000000000;NA;NA;NA;Lleida;115;0
25217;Tàrrega;Urgell;2008;0,0000000;NA;NA;NA;NA;NA;NA;NA;17300;71,5;0,000000000000;24195,8041958042;0,0000000000000;NA;NA;NA;Lleida;100;0
25234;Tremp;Pallars Jussà;2008;0,0000000;NA;NA;NA;NA;NA;NA;NA;19700;71,5;0,000000000000;27552,4475524476;0,0000000000000;NA;NA;NA;Lleida;190;0
25243;Vielha e Mijaran;Val d'Aran;2008;0,0000000;NA;NA;NA;NA;NA;NA;NA;20800;71,5;0,000000000000;29090,9090909091;0,0000000000000;NA;NA;NA;Lleida;280;0
43004;Alcanar;Montsià;2008;0,0000000;NA;NA;NA;NA;NA;NA;NA;16000;71,5;0,000000000000;22377,6223776224;0,0000000000000;NA;NA;NA;Tarragona;190;1
43005;Alcover;Alt Camp;2008;0,0000000;NA;NA;NA;NA;NA;NA;NA;16500;71,5;0,000000000000;23076,9230769231;0,0000000000000;NA;NA;NA;Tarragona;105;0
43012;Altafulla;Tarragonès;2008;0,0000000;NA;NA;NA;NA;NA;NA;NA;19237;71,5;0,000000000000;26904,8951048951;0,0000000000000;NA;NA;NA;Tarragona;88;1
43013;Ametlla de Mar, l';Baix Ebre;2008;0,0000000;NA;NA;NA;NA;NA;NA;NA;15200;71,5;0,000000000000;21258,7412587413;0,0000000000000;NA;NA;NA;Tarragona;144;1
43014;Amposta;Montsià;2008;394,3463977;NA;NA;NA;NA;NA;NA;NA;17400;71,5;551,533423356643;24335,6643356643;27,1963032896552;NA;NA;NA;Tarragona;168;0
43016;Arboç, l';Baix Penedès;2008;0,0000000;NA;NA;NA;NA;NA;NA;NA;15400;71,5;0,000000000000;21538,4615384615;0,0000000000000;NA;NA;NA;Tarragona;60;0
43037;Calafell;Baix Penedès;2008;614,4813598;NA;NA;NA;NA;NA;NA;NA;18100;71,5;859,414489230769;25314,6853146853;40,7390956773481;NA;NA;NA;Tarragona;62;1
43038;Cambrils;Baix Camp;2008;589,6653946;NA;NA;NA;NA;NA;NA;NA;16700;71,5;824,706845594406;23356,6433566434;42,3711660790419;NA;NA;NA;Tarragona;115;1
43043;Catllar, el;Tarragonès;2008;0,0000000;NA;NA;NA;NA;NA;NA;NA;17884;71,5;0,000000000000;25012,5874125874;0,0000000000000;NA;NA;NA;Tarragona;92;0
43044;Sénia, la;Montsià;2008;0,0000000;NA;NA;NA;NA;NA;NA;NA;16200;71,5;0,000000000000;22657,3426573427;0,0000000000000;NA;NA;NA;Tarragona;195;0
43047;Constantí;Tarragonès;2008;0,0000000;NA;NA;NA;NA;NA;NA;NA;13400;71,5;0,000000000000;18741,2587412587;0,0000000000000;NA;NA;NA;Tarragona;95;0
43051;Cunit;Baix Penedès;2008;604,8747785;NA;NA;NA;NA;NA;NA;NA;16800;71,5;845,978711188811;23496,5034965035;43,2053413214286;NA;NA;NA;Tarragona;55;1
43086;Montblanc;Conca de Barberà;2008;0,0000000;NA;NA;NA;NA;NA;NA;NA;16700;71,5;0,000000000000;23356,6433566434;0,0000000000000;NA;NA;NA;Tarragona;114;0
43092;Mont-roig del Camp;Baix Camp;2008;534,8596632;NA;NA;NA;NA;NA;NA;NA;16100;71,5;748,055473000000;22517,4825174825;39,8653165118012;NA;NA;NA;Tarragona;120;1
43093;Móra d'Ebre;Ribera d'Ebre;2008;0,0000000;NA;NA;NA;NA;NA;NA;NA;18100;71,5;0,000000000000;25314,6853146853;0,0000000000000;NA;NA;NA;Tarragona;150;0
43100;Pallaresos, els;Tarragonès;2008;0,0000000;NA;NA;NA;NA;NA;NA;NA;18422;71,5;0,000000000000;25765,0349650350;0,0000000000000;NA;NA;NA;Tarragona;95;0
43123;Reus;Baix Camp;2008;493,4900956;NA;NA;NA;NA;NA;NA;NA;17500;71,5;690,195937900000;24475,5244755245;33,8393208411429;NA;NA;NA;Tarragona;108;0
43129;Riudoms;Baix Camp;2008;0,0000000;NA;NA;NA;NA;NA;NA;NA;16800;71,5;0,000000000000;23496,5034965035;0,0000000000000;NA;NA;NA;Tarragona;115;0
43131;Roda de Berà;Tarragonès;2008;0,0000000;NA;NA;NA;NA;NA;NA;NA;16700;71,5;0,000000000000;23356,6433566434;0,0000000000000;NA;NA;NA;Tarragona;75;1
43133;Roquetes;Baix Ebre;2008;393,5296593;NA;NA;NA;NA;NA;NA;NA;15300;71,5;550,391131888112;21398,6014000000;30,8650713176471;NA;NA;NA;Tarragona;178;0
43136;Ràpita, la;Montsià;2008;0,0000000;NA;NA;NA;NA;NA;NA;NA;16200;71,5;0,000000000000;22657,3426573427;0,0000000000000;NA;NA;NA;Tarragona;180;1
43145;Selva del Camp, la;Baix Camp;2008;0,0000000;NA;NA;NA;NA;NA;NA;NA;16200;71,5;0,000000000000;22657,3426573427;0,0000000000000;NA;NA;NA;Tarragona;116;0
43148;Tarragona;Tarragonès;2008;533,0717022;NA;NA;NA;NA;NA;NA;NA;18800;71,5;745,554828251748;26293,7062937063;34,0258533319149;NA;NA;NA;Tarragona;98;1
43153;Torredembarra;Tarragonès;2008;531,7624160;NA;NA;NA;NA;NA;NA;NA;17800;71,5;743,723658741259;24895,1048951049;35,8491516404494;NA;NA;NA;Tarragona;84;1
43155;Tortosa;Baix Ebre;2008;390,6078663;NA;NA;NA;NA;NA;NA;NA;16900;71,5;546,304708111888;23636,3636363636;27,7354697964497;NA;NA;NA;Tarragona;175;0
43156;Ulldecona;Montsià;2008;0,0000000;NA;NA;NA;NA;NA;NA;NA;16300;71,5;0,000000000000;22797,2027972028;0,0000000000000;NA;NA;NA;Tarragona;198;0
43161;Valls;Alt Camp;2008;488,6865979;NA;NA;NA;NA;NA;NA;NA;17700;71,5;683,477759300699;24755,2447552448;33,1312947728814;NA;NA;NA;Tarragona;101;0
43162;Vandellòs i l'Hospitalet de l'Infant;Baix Camp;2008;0,0000000;NA;NA;NA;NA;NA;NA;NA;15700;71,5;0,000000000000;21958,0419580420;0,0000000000000;NA;NA;NA;Tarragona;132;1
43163;Vendrell, el;Baix Penedès;2008;528,8727789;NA;NA;NA;NA;NA;NA;NA;18000;71,5;739,682208251748;25174,8251748252;35,2581852600000;NA;NA;NA;Tarragona;65;1
43171;Vila-seca;Tarragonès;2008;560,5813820;NA;NA;NA;NA;NA;NA;NA;14600;71,5;784,029904895105;20419,5804195804;46,0751820821918;NA;NA;NA;Tarragona;106;1
43901;Deltebre;Baix Ebre;2008;0,0000000;NA;NA;NA;NA;NA;NA;NA;17600;71,5;0,000000000000;24615,3846153846;0,0000000000000;NA;NA;NA;Tarragona;170;1
43905;Salou;Tarragonès;2008;518,7496330;NA;NA;NA;NA;NA;NA;NA;15700;71,5;725,523962237762;21958,0419580420;39,6496534777070;NA;NA;NA;Tarragona;110;1
43907;Canonja, la;Tarragonès;2008;0,0000000;NA;NA;NA;NA;NA;NA;NA;13003;71,5;0,000000000000;18186,0139860140;0,0000000000000;NA;NA;NA;Tarragona;100;0
