{
"type": "FeatureCollection",
"name": "municipios_cat_incremento",
"crs": { "type": "name", "properties": { "name": "urn:ogc:def:crs:EPSG::4258" } },
"features": [
{ "type": "Feature", "properties": { "codauto": "09", "ine.ccaa.name": "Cataluña", "cpro": "08", "ine.prov.name": "Barcelona", "cmun": "001", "name": "Abrera", "LAU_CODE": "08001", "GISCO_ID": "ES_08001", "CNTR_CODE": "ES", "LAU_NAME": "Abrera", "POP_2024": 0.0, "POP_DENS_2024": 0.0, "AREA_KM2": 20.00762375, "YEAR": 2024, "municipi": "Abrera", "Preu_m2_2025": 2106.55, "Preu_m2_2013": 1376.8, "Ventas_2025": 129.0, "Ventas_2013": 36.0, "Inc_Preu_m2": 53.003341080767022 }, "geometry": { "type": "MultiPolygon", "coordinates": [ [ [ [ 1.9228063, 41.4974847 ], [ 1.9223045, 41.495419 ], [ 1.9306221, 41.497086 ], [ 1.9361065, 41.5078145 ], [ 1.9513166, 41.5123661 ], [ 1.9501248, 41.5238217 ], [ 1.9387825, 41.528516 ], [ 1.9322435, 41.53669 ], [ 1.9215338, 41.5370418 ], [ 1.9117055, 41.532865 ], [ 1.9101246, 41.5300109 ], [ 1.8934144, 41.524503 ], [ 1.8720874, 41.5237406 ], [ 1.8604423, 41.5151345 ], [ 1.8551655, 41.5158805 ], [ 1.8555665, 41.5086235 ], [ 1.8604423, 41.506856 ], [ 1.8876501, 41.5076667 ], [ 1.9049555, 41.501877 ], [ 1.9228063, 41.4974847 ] ] ] ] } },
{ "type": "Feature", "properties": { "codauto": "09", "ine.ccaa.name": "Cataluña", "cpro": "08", "ine.prov.name": "Barcelona", "cmun": "003", "name": "Alella", "LAU_CODE": "08003", "GISCO_ID": "ES_08003", "CNTR_CODE": "ES", "LAU_NAME": "Alella", "POP_2024": 0.0, "POP_DENS_2024": 0.0, "AREA_KM2": 9.69757228, "YEAR": 2024, "municipi": "Alella", "Preu_m2_2025": 4057.15, "Preu_m2_2013": 2310.5, "Ventas_2025": 79.0, "Ventas_2013": 26.0, "Inc_Preu_m2": 75.596191300584294 }, "geometry": { "type": "MultiPolygon", "coordinates": [ [ [ [ 2.291872, 41.4825065 ], [ 2.295298, 41.475755 ], [ 2.3060598, 41.481220199999989 ], [ 2.3050983, 41.486857 ], [ 2.309563, 41.48974 ], [ 2.3072395, 41.513363 ], [ 2.2817955, 41.513921 ], [ 2.2695158, 41.5094396 ], [ 2.266798, 41.504765 ], [ 2.291872, 41.4825065 ] ] ] ] } },
{ "type": "Feature", "properties": { "codauto": "09", "ine.ccaa.name": "Cataluña", "cpro": "08", "ine.prov.name": "Barcelona", "cmun": "005", "name": "Ametlla del Vallès, L'", "LAU_CODE": "08005", "GISCO_ID": "ES_08005", "CNTR_CODE": "ES", "LAU_NAME": "Ametlla del Vallès, L'", "POP_2024": 0.0, "POP_DENS_2024": 0.0, "AREA_KM2": 14.22971136, "YEAR": 2024, "municipi": "Ametlla del Vallès, l'", "Preu_m2_2025": 2181.27, "Preu_m2_2013": 1312.0, "Ventas_2025": 108.0, "Ventas_2013": 40.0, "Inc_Preu_m2": 66.255335365853668 }, "geometry": { "type": "MultiPolygon", "coordinates": [ [ [ [ 2.2428475, 41.6598456 ], [ 2.247549, 41.6409547 ], [ 2.253685, 41.6387465 ], [ 2.2632325, 41.639309 ], [ 2.2678125, 41.639247 ], [ 2.277451, 41.6354545 ], [ 2.2783355, 41.6402435 ], [ 2.274353, 41.644081 ], [ 2.276998, 41.6445735 ], [ 2.277228, 41.657398 ], [ 2.2750265, 41.6663477 ], [ 2.2523915, 41.685908499999989 ], [ 2.2416065, 41.7032065 ], [ 2.2337063, 41.6969831 ], [ 2.2463296, 41.6791105 ], [ 2.231212, 41.665192 ], [ 2.2428475, 41.6598456 ] ] ] ] } },
{ "type": "Feature", "properties": { "codauto": "09", "ine.ccaa.name": "Cataluña", "cpro": "08", "ine.prov.name": "Barcelona", "cmun": "006", "name": "Arenys de Mar", "LAU_CODE": "08006", "GISCO_ID": "ES_08006", "CNTR_CODE": "ES", "LAU_NAME": "Arenys de Mar", "POP_2024": 0.0, "POP_DENS_2024": 0.0, "AREA_KM2": 6.46893492, "YEAR": 2024, "municipi": "Arenys de Mar", "Preu_m2_2025": 2702.89, "Preu_m2_2013": 1546.0, "Ventas_2025": 194.0, "Ventas_2013": 64.0, "Inc_Preu_m2": 74.83117723156532 }, "geometry": { "type": "MultiPolygon", "coordinates": [ [ [ [ 2.572198, 41.583321 ], [ 2.567806, 41.5955665 ], [ 2.5437472, 41.5913813 ], [ 2.521202, 41.580984 ], [ 2.5254375, 41.5747985 ], [ 2.5321595, 41.57 ], [ 2.572198, 41.583321 ] ] ] ] } },
{ "type": "Feature", "properties": { "codauto": "09", "ine.ccaa.name": "Cataluña", "cpro": "08", "ine.prov.name": "Barcelona", "cmun": "007", "name": "Arenys de Munt", "LAU_CODE": "08007", "GISCO_ID": "ES_08007", "CNTR_CODE": "ES", "LAU_NAME": "Arenys de Munt", "POP_2024": 0.0, "POP_DENS_2024": 0.0, "AREA_KM2": 21.49432376, "YEAR": 2024, "municipi": "Arenys de Munt", "Preu_m2_2025": 2414.06, "Preu_m2_2013": 1338.7, "Ventas_2025": 96.0, "Ventas_2013": 30.0, "Inc_Preu_m2": 80.328677074774021 }, "geometry": { "type": "MultiPolygon", "coordinates": [ [ [ [ 2.5437472, 41.5913813 ], [ 2.567806, 41.5955665 ], [ 2.558008, 41.6133635 ], [ 2.5552118, 41.6254254 ], [ 2.5368395, 41.6414375 ], [ 2.5349936, 41.6337342 ], [ 2.5256391, 41.6264624 ], [ 2.497215, 41.62331 ], [ 2.4948975, 41.6106628 ], [ 2.4979585, 41.6056875 ], [ 2.5071485, 41.5959153 ], [ 2.5168145, 41.5953445 ], [ 2.520943, 41.5923865 ], [ 2.521202, 41.580984 ], [ 2.5437472, 41.5913813 ] ] ] ] } },
{ "type": "Feature", "properties": { "codauto": "09", "ine.ccaa.name": "Cataluña", "cpro": "08", "ine.prov.name": "Barcelona", "cmun": "009", "name": "Argentona", "LAU_CODE": "08009", "GISCO_ID": "ES_08009", "CNTR_CODE": "ES", "LAU_NAME": "Argentona", "POP_2024": 0.0, "POP_DENS_2024": 0.0, "AREA_KM2": 25.34529716, "YEAR": 2024, "municipi": "Argentona", "Preu_m2_2025": 3035.81, "Preu_m2_2013": 1357.9, "Ventas_2025": 110.0, "Ventas_2013": 48.0, "Inc_Preu_m2": 123.56653656381175 }, "geometry": { "type": "MultiPolygon", "coordinates": [ [ [ [ 2.4064432, 41.5389683 ], [ 2.4148212, 41.5327277 ], [ 2.421064, 41.532034 ], [ 2.4161669, 41.5424801 ], [ 2.4257024, 41.5502571 ], [ 2.4241248, 41.5629182 ], [ 2.4262023, 41.569005499999989 ], [ 2.41636, 41.576938 ], [ 2.4064994, 41.5789388 ], [ 2.3977077, 41.5766868 ], [ 2.390512, 41.5817256 ], [ 2.3861105, 41.592215 ], [ 2.3750675, 41.5953405 ], [ 2.3685475, 41.585428 ], [ 2.365504, 41.5831535 ], [ 2.3558935, 41.5738765 ], [ 2.363098, 41.5623895 ], [ 2.35928, 41.5533265 ], [ 2.360545, 41.550674 ], [ 2.365858, 41.545141 ], [ 2.3685455, 41.5433715 ], [ 2.3769975, 41.5411685 ], [ 2.4064432, 41.5389683 ] ] ] ] } },
{ "type": "Feature", "properties": { "codauto": "09", "ine.ccaa.name": "Cataluña", "cpro": "08", "ine.prov.name": "Barcelona", "cmun": "010", "name": "Artés", "LAU_CODE": "08010", "GISCO_ID": "ES_08010", "CNTR_CODE": "ES", "LAU_NAME": "Artés", "POP_2024": 0.0, "POP_DENS_2024": 0.0, "AREA_KM2": 17.85561905, "YEAR": 2024, "municipi": "Artés", "Preu_m2_2025": 1268.15, "Preu_m2_2013": 1353.8, "Ventas_2025": 59.0, "Ventas_2013": 28.0, "Inc_Preu_m2": -6.3266361353227856 }, "geometry": { "type": "MultiPolygon", "coordinates": [ [ [ [ 1.9538066, 41.782177 ], [ 1.9788686, 41.7925629 ], [ 2.0185065, 41.8015415 ], [ 2.0057489, 41.8076914 ], [ 1.9909408, 41.805434 ], [ 1.9810874, 41.8122505 ], [ 1.9630099, 41.8148013 ], [ 1.957864, 41.812482 ], [ 1.9344115, 41.8070232 ], [ 1.9336052, 41.798458499999988 ], [ 1.9073407, 41.7814375 ], [ 1.903861, 41.7741785 ], [ 1.9538066, 41.782177 ] ] ] ] } },
{ "type": "Feature", "properties": { "codauto": "09", "ine.ccaa.name": "Cataluña", "cpro": "08", "ine.prov.name": "Barcelona", "cmun": "015", "name": "Badalona", "LAU_CODE": "08015", "GISCO_ID": "ES_08015", "CNTR_CODE": "ES", "LAU_NAME": "Badalona", "POP_2024": 0.0, "POP_DENS_2024": 0.0, "AREA_KM2": 21.00628875, "YEAR": 2024, "municipi": "Badalona", "Preu_m2_2025": 3063.76, "Preu_m2_2013": 1786.9, "Ventas_2025": 2537.0, "Ventas_2013": 840.0, "Inc_Preu_m2": 71.45671274273883 }, "geometry": { "type": "MultiPolygon", "coordinates": [ [ [ [ 2.2204877, 41.4652667 ], [ 2.2178099, 41.4574967 ], [ 2.2222738, 41.4491596 ], [ 2.2138497, 41.4404508 ], [ 2.2150725, 41.435097 ], [ 2.2251831, 41.4299939 ], [ 2.2317605, 41.4302491 ], [ 2.237231, 41.4258845 ], [ 2.2535346, 41.448532799999988 ], [ 2.270422, 41.4608005 ], [ 2.261375, 41.470677 ], [ 2.246952, 41.488669 ], [ 2.2248615, 41.4922345 ], [ 2.2162109, 41.4864961 ], [ 2.2138489, 41.480074 ], [ 2.2166595, 41.4763443 ], [ 2.2113235, 41.471126 ], [ 2.2204877, 41.4652667 ] ] ] ] } },
{ "type": "Feature", "properties": { "codauto": "09", "ine.ccaa.name": "Cataluña", "cpro": "08", "ine.prov.name": "Barcelona", "cmun": "019", "name": "Barcelona", "LAU_CODE": "08019", "GISCO_ID": "ES_08019", "CNTR_CODE": "ES", "LAU_NAME": "Barcelona", "POP_2024": 0.0, "POP_DENS_2024": 0.0, "AREA_KM2": 98.31550161, "YEAR": 2024, "municipi": "Barcelona", "Preu_m2_2025": 4748.34, "Preu_m2_2013": 2719.0, "Ventas_2025": 12023.0, "Ventas_2013": 8908.0, "Inc_Preu_m2": 74.635527767561598 }, "geometry": { "type": "MultiPolygon", "coordinates": [ [ [ [ 2.209627, 41.4357595 ], [ 2.2077495, 41.441604 ], [ 2.206133, 41.444 ], [ 2.198106, 41.451981 ], [ 2.1909555, 41.457139 ], [ 2.188609, 41.4595835 ], [ 2.187681, 41.4618015 ], [ 2.18706, 41.467717 ], [ 2.1808152, 41.4674539 ], [ 2.1682075, 41.4601034 ], [ 2.163892, 41.450445 ], [ 2.1558425, 41.449935 ], [ 2.1511726, 41.4474305 ], [ 2.1354463, 41.4471705 ], [ 2.1299435, 41.4430295 ], [ 2.1272718, 41.4333395 ], [ 2.1198825, 41.4263415 ], [ 2.1034784, 41.4286363 ], [ 2.0958337, 41.4324672 ], [ 2.0877286, 41.4288187 ], [ 2.0720234, 41.4348106 ], [ 2.0739349, 41.4254732 ], [ 2.0787424, 41.4239166 ], [ 2.0785845, 41.4149785 ], [ 2.0709417, 41.4067877 ], [ 2.0777745, 41.402867 ], [ 2.0850671, 41.4089457 ], [ 2.1001832, 41.4077879 ], [ 2.1030577, 41.4023937 ], [ 2.097792, 41.393957 ], [ 2.102101, 41.387544 ], [ 2.1104108, 41.385085 ], [ 2.1082697, 41.3795513 ], [ 2.1099955, 41.3766244 ], [ 2.1210814, 41.3769816 ], [ 2.1310873, 41.368711499999989 ], [ 2.1345475, 41.3627065 ], [ 2.133093, 41.3548108 ], [ 2.1382127, 41.3476409 ], [ 2.1013685, 41.336334 ], [ 2.1197742, 41.3226903 ], [ 2.1509365, 41.3217545 ], [ 2.1590153, 41.3407427 ], [ 2.1508728, 41.335566 ], [ 2.1513911, 41.3440015 ], [ 2.1583391, 41.3462533 ], [ 2.1743412, 41.3600522 ], [ 2.1821988, 41.3773071 ], [ 2.1847785, 41.3743227 ], [ 2.1844938, 41.3667835 ], [ 2.1763447, 41.3544619 ], [ 2.1744058, 41.3460526 ], [ 2.1987083, 41.3870021 ], [ 2.227167, 41.4126055 ], [ 2.2209349, 41.4139444 ], [ 2.2072951, 41.4258243 ], [ 2.206672, 41.432017 ], [ 2.210759, 41.4334305 ], [ 2.209627, 41.4357595 ] ] ], [ [ [ 2.0572289, 41.4118369 ], [ 2.0704855, 41.418812 ], [ 2.0667661, 41.4289778 ], [ 2.059358, 41.435388 ], [ 2.0577199, 41.42767 ], [ 2.0536216, 41.4242313 ], [ 2.0566017, 41.418894 ], [ 2.054641, 41.4139495 ], [ 2.0572289, 41.4118369 ] ] ] ] } },
{ "type": "Feature", "properties": { "codauto": "09", "ine.ccaa.name": "Cataluña", "cpro": "08", "ine.prov.name": "Barcelona", "cmun": "020", "name": "Begues", "LAU_CODE": "08020", "GISCO_ID": "ES_08020", "CNTR_CODE": "ES", "LAU_NAME": "Begues", "POP_2024": 0.0, "POP_DENS_2024": 0.0, "AREA_KM2": 50.40526225, "YEAR": 2024, "municipi": "Begues", "Preu_m2_2025": 2966.92, "Preu_m2_2013": 1795.8, "Ventas_2025": 59.0, "Ventas_2013": 23.0, "Inc_Preu_m2": 65.214389130192686 }, "geometry": { "type": "MultiPolygon", "coordinates": [ [ [ [ 1.897898, 41.3548195 ], [ 1.8838389, 41.3448159 ], [ 1.8718533, 41.343227 ], [ 1.8698961, 41.3379385 ], [ 1.8604423, 41.3329562 ], [ 1.8526785, 41.3210045 ], [ 1.8477395, 41.31935 ], [ 1.849623, 41.3160671 ], [ 1.8480792, 41.3054421 ], [ 1.854513, 41.2994822 ], [ 1.8604423, 41.2991129 ], [ 1.8717403, 41.2939798 ], [ 1.871496, 41.27882 ], [ 1.8819924, 41.2786827 ], [ 1.8896166, 41.2829624 ], [ 1.9022003, 41.2809016 ], [ 1.914981, 41.2888605 ], [ 1.9286739, 41.2943188 ], [ 1.9340902, 41.3049815 ], [ 1.9550585, 41.32333 ], [ 1.9600984, 41.3267374 ], [ 1.959141, 41.3333545 ], [ 1.9446871, 41.337386 ], [ 1.944183, 41.350017 ], [ 1.897898, 41.3548195 ] ] ] ] } },
{ "type": "Feature", "properties": { "codauto": "09", "ine.ccaa.name": "Cataluña", "cpro": "08", "ine.prov.name": "Barcelona", "cmun": "022", "name": "Berga", "LAU_CODE": "08022", "GISCO_ID": "ES_08022", "CNTR_CODE": "ES", "LAU_NAME": "Berga", "POP_2024": 0.0, "POP_DENS_2024": 0.0, "AREA_KM2": 22.53857408, "YEAR": 2024, "municipi": "Berga", "Preu_m2_2025": 1203.79, "Preu_m2_2013": 1044.6, "Ventas_2025": 148.0, "Ventas_2013": 103.0, "Inc_Preu_m2": 15.239326057821181 }, "geometry": { "type": "MultiPolygon", "coordinates": [ [ [ [ 1.8019247, 42.0986391 ], [ 1.8146885, 42.0889765 ], [ 1.8351449, 42.0895359 ], [ 1.8534011, 42.0828749 ], [ 1.8604423, 42.0771187 ], [ 1.8687705, 42.071385 ], [ 1.8794315, 42.08606 ], [ 1.8858046, 42.0996656 ], [ 1.8691406, 42.1110395 ], [ 1.8785392, 42.116419 ], [ 1.8725453, 42.1216325 ], [ 1.8678967, 42.1226387 ], [ 1.8540302, 42.116546 ], [ 1.823997, 42.1217615 ], [ 1.818438, 42.118313 ], [ 1.818185, 42.1152875 ], [ 1.8203105, 42.1090585 ], [ 1.818188, 42.1089595 ], [ 1.815703, 42.108082 ], [ 1.813391, 42.108055 ], [ 1.799104, 42.1047745 ], [ 1.8019247, 42.0986391 ] ] ] ] } },
{ "type": "Feature", "properties": { "codauto": "09", "ine.ccaa.name": "Cataluña", "cpro": "08", "ine.prov.name": "Barcelona", "cmun": "023", "name": "Bigues i Riells del Fai", "LAU_CODE": "08023", "GISCO_ID": "ES_08023", "CNTR_CODE": "ES", "LAU_NAME": "Bigues i Riells del Fai", "POP_2024": 0.0, "POP_DENS_2024": 0.0, "AREA_KM2": 28.57006681, "YEAR": 2024, "municipi": "Bigues i Riells del Fai", "Preu_m2_2025": 1692.89, "Preu_m2_2013": 1305.2, "Ventas_2025": 97.0, "Ventas_2013": 34.0, "Inc_Preu_m2": 29.703493717437944 }, "geometry": { "type": "MultiPolygon", "coordinates": [ [ [ [ 2.1640215, 41.6590029 ], [ 2.1785346, 41.659176 ], [ 2.187044, 41.6502 ], [ 2.1930435, 41.651344 ], [ 2.2031263, 41.6660216 ], [ 2.2116851, 41.659761 ], [ 2.231212, 41.665192 ], [ 2.2463296, 41.6791105 ], [ 2.2337063, 41.6969831 ], [ 2.2416065, 41.7032065 ], [ 2.2402805, 41.7056725 ], [ 2.2354269, 41.7087119 ], [ 2.2149873, 41.7042706 ], [ 2.2107391, 41.709351 ], [ 2.1963924, 41.706419 ], [ 2.190799, 41.7152885 ], [ 2.1875965, 41.715071 ], [ 2.1847617, 41.7023114 ], [ 2.1876749, 41.6911119 ], [ 2.1648565, 41.677516 ], [ 2.1640215, 41.6590029 ] ] ] ] } },
{ "type": "Feature", "properties": { "codauto": "09", "ine.ccaa.name": "Cataluña", "cpro": "08", "ine.prov.name": "Barcelona", "cmun": "030", "name": "Cabrils", "LAU_CODE": "08030", "GISCO_ID": "ES_08030", "CNTR_CODE": "ES", "LAU_NAME": "Cabrils", "POP_2024": 0.0, "POP_DENS_2024": 0.0, "AREA_KM2": 7.00076508, "YEAR": 2024, "municipi": "Cabrils", "Preu_m2_2025": 2805.82, "Preu_m2_2013": 1744.9, "Ventas_2025": 55.0, "Ventas_2013": 26.0, "Inc_Preu_m2": 60.801192045389421 }, "geometry": { "type": "MultiPolygon", "coordinates": [ [ [ [ 2.391684, 41.5162025 ], [ 2.3793801, 41.5306443 ], [ 2.3769975, 41.5411685 ], [ 2.3685455, 41.5433715 ], [ 2.3517185, 41.54104 ], [ 2.3440909, 41.5354289 ], [ 2.3435968, 41.5314378 ], [ 2.37998, 41.512431 ], [ 2.391684, 41.5162025 ] ] ] ] } },
{ "type": "Feature", "properties": { "codauto": "09", "ine.ccaa.name": "Cataluña", "cpro": "08", "ine.prov.name": "Barcelona", "cmun": "033", "name": "Caldes de Montbui", "LAU_CODE": "08033", "GISCO_ID": "ES_08033", "CNTR_CODE": "ES", "LAU_NAME": "Caldes de Montbui", "POP_2024": 0.0, "POP_DENS_2024": 0.0, "AREA_KM2": 37.56233426, "YEAR": 2024, "municipi": "Caldes de Montbui", "Preu_m2_2025": 2313.94, "Preu_m2_2013": 1537.7, "Ventas_2025": 157.0, "Ventas_2013": 72.0, "Inc_Preu_m2": 50.480587891006046 }, "geometry": { "type": "MultiPolygon", "coordinates": [ [ [ [ 2.0961145, 41.659125 ], [ 2.1086187, 41.6540487 ], [ 2.1138894, 41.6460639 ], [ 2.1363184, 41.6387239 ], [ 2.1490564, 41.6301203 ], [ 2.1604626, 41.6148746 ], [ 2.1646905, 41.601193 ], [ 2.182095, 41.6016492 ], [ 2.187875, 41.6066105 ], [ 2.1864814, 41.6112558 ], [ 2.1985143, 41.6156952 ], [ 2.1990943, 41.6272124 ], [ 2.203685, 41.6296435 ], [ 2.2014798, 41.6363134 ], [ 2.187044, 41.6502 ], [ 2.1785346, 41.659176 ], [ 2.1640215, 41.6590029 ], [ 2.1648565, 41.677516 ], [ 2.1519937, 41.6783225 ], [ 2.1384305, 41.68983 ], [ 2.1315517, 41.6819013 ], [ 2.1338666, 41.6700557 ], [ 2.113034, 41.6671635 ], [ 2.0961145, 41.659125 ] ] ] ] } },
{ "type": "Feature", "properties": { "codauto": "09", "ine.ccaa.name": "Cataluña", "cpro": "08", "ine.prov.name": "Barcelona", "cmun": "035", "name": "Calella", "LAU_CODE": "08035", "GISCO_ID": "ES_08035", "CNTR_CODE": "ES", "LAU_NAME": "Calella", "POP_2024": 0.0, "POP_DENS_2024": 0.0, "AREA_KM2": 7.87437165, "YEAR": 2024, "municipi": "Calella", "Preu_m2_2025": 2275.52, "Preu_m2_2013": 1541.5, "Ventas_2025": 280.0, "Ventas_2013": 159.0, "Inc_Preu_m2": 47.617255919558872 }, "geometry": { "type": "MultiPolygon", "coordinates": [ [ [ [ 2.6278605, 41.629234 ], [ 2.6324991, 41.6265022 ], [ 2.6395665, 41.6048165 ], [ 2.6708685, 41.614757 ], [ 2.649787, 41.6326801 ], [ 2.6481801, 41.6402072 ], [ 2.628183, 41.638172 ], [ 2.6278605, 41.629234 ] ] ] ] } },
{ "type": "Feature", "properties": { "codauto": "09", "ine.ccaa.name": "Cataluña", "cpro": "08", "ine.prov.name": "Barcelona", "cmun": "040", "name": "Canet de Mar", "LAU_CODE": "08040", "GISCO_ID": "ES_08040", "CNTR_CODE": "ES", "LAU_NAME": "Canet de Mar", "POP_2024": 0.0, "POP_DENS_2024": 0.0, "AREA_KM2": 5.48182537, "YEAR": 2024, "municipi": "Canet de Mar", "Preu_m2_2025": 2331.33, "Preu_m2_2013": 1519.7, "Ventas_2025": 162.0, "Ventas_2013": 67.0, "Inc_Preu_m2": 53.40725143120352 }, "geometry": { "type": "MultiPolygon", "coordinates": [ [ [ [ 2.558008, 41.6133635 ], [ 2.567806, 41.5955665 ], [ 2.572198, 41.583321 ], [ 2.595365, 41.590538 ], [ 2.5882825, 41.5996185 ], [ 2.581988, 41.610362 ], [ 2.558008, 41.6133635 ] ] ] ] } },
{ "type": "Feature", "properties": { "codauto": "09", "ine.ccaa.name": "Cataluña", "cpro": "08", "ine.prov.name": "Barcelona", "cmun": "041", "name": "Canovelles", "LAU_CODE": "08041", "GISCO_ID": "ES_08041", "CNTR_CODE": "ES", "LAU_NAME": "Canovelles", "POP_2024": 0.0, "POP_DENS_2024": 0.0, "AREA_KM2": 6.76319168, "YEAR": 2024, "municipi": "Canovelles", "Preu_m2_2025": 1713.71, "Preu_m2_2013": 2270.2, "Ventas_2025": 157.0, "Ventas_2013": 135.0, "Inc_Preu_m2": -24.512818253898327 }, "geometry": { "type": "MultiPolygon", "coordinates": [ [ [ [ 2.2823485, 41.6145138 ], [ 2.286826, 41.6217255 ], [ 2.2875969, 41.6319911 ], [ 2.277451, 41.6354545 ], [ 2.2678125, 41.639247 ], [ 2.2632325, 41.639309 ], [ 2.253685, 41.6387465 ], [ 2.2532345, 41.6309755 ], [ 2.2521301, 41.6191461 ], [ 2.2658485, 41.6148945 ], [ 2.2823485, 41.6145138 ] ] ] ] } },
{ "type": "Feature", "properties": { "codauto": "09", "ine.ccaa.name": "Cataluña", "cpro": "08", "ine.prov.name": "Barcelona", "cmun": "044", "name": "Capellades", "LAU_CODE": "08044", "GISCO_ID": "ES_08044", "CNTR_CODE": "ES", "LAU_NAME": "Capellades", "POP_2024": 0.0, "POP_DENS_2024": 0.0, "AREA_KM2": 2.91829087, "YEAR": 2024, "municipi": "Capellades", "Preu_m2_2025": 1153.22, "Preu_m2_2013": 821.1, "Ventas_2025": 48.0, "Ventas_2013": 30.0, "Inc_Preu_m2": 40.448179271708682 }, "geometry": { "type": "MultiPolygon", "coordinates": [ [ [ [ 1.691141, 41.5363979 ], [ 1.6847159, 41.5365836 ], [ 1.6774471, 41.5307963 ], [ 1.6796516, 41.5242046 ], [ 1.6759194, 41.5175924 ], [ 1.680054, 41.51345 ], [ 1.6827451, 41.5209185 ], [ 1.6922935, 41.522471 ], [ 1.7022535, 41.541154 ], [ 1.691141, 41.5363979 ] ] ] ] } },
{ "type": "Feature", "properties": { "codauto": "09", "ine.ccaa.name": "Cataluña", "cpro": "08", "ine.prov.name": "Barcelona", "cmun": "046", "name": "Cardedeu", "LAU_CODE": "08046", "GISCO_ID": "ES_08046", "CNTR_CODE": "ES", "LAU_NAME": "Cardedeu", "POP_2024": 0.0, "POP_DENS_2024": 0.0, "AREA_KM2": 12.2609833, "YEAR": 2024, "municipi": "Cardedeu", "Preu_m2_2025": 2737.92, "Preu_m2_2013": 1760.4, "Ventas_2025": 145.0, "Ventas_2013": 84.0, "Inc_Preu_m2": 55.528289025221532 }, "geometry": { "type": "MultiPolygon", "coordinates": [ [ [ [ 2.366614, 41.6247875 ], [ 2.3679615, 41.626417 ], [ 2.3720705, 41.6331115 ], [ 2.3747505, 41.638486 ], [ 2.3708705, 41.6443485 ], [ 2.3699365, 41.649848 ], [ 2.3676375, 41.6574095 ], [ 2.3665885, 41.664562 ], [ 2.3653295, 41.669626 ], [ 2.3588809, 41.6732555 ], [ 2.348974, 41.674082 ], [ 2.3478202, 41.6582634 ], [ 2.340033, 41.6568053 ], [ 2.3304445, 41.635457 ], [ 2.3571052, 41.6332503 ], [ 2.3562157, 41.6265996 ], [ 2.3469427, 41.6223277 ], [ 2.3508495, 41.6174223 ], [ 2.3613635, 41.6201335 ], [ 2.366614, 41.6247875 ] ] ] ] } },
{ "type": "Feature", "properties": { "codauto": "09", "ine.ccaa.name": "Cataluña", "cpro": "08", "ine.prov.name": "Barcelona", "cmun": "051", "name": "Castellar del Vallès", "LAU_CODE": "08051", "GISCO_ID": "ES_08051", "CNTR_CODE": "ES", "LAU_NAME": "Castellar del Vallès", "POP_2024": 0.0, "POP_DENS_2024": 0.0, "AREA_KM2": 45.19537118, "YEAR": 2024, "municipi": "Castellar del Vallès", "Preu_m2_2025": 2308.37, "Preu_m2_2013": 1466.3, "Ventas_2025": 244.0, "Ventas_2013": 111.0, "Inc_Preu_m2": 57.428220691536517 }, "geometry": { "type": "MultiPolygon", "coordinates": [ [ [ [ 2.0258152, 41.631319 ], [ 2.0351155, 41.6239195 ], [ 2.0452929, 41.6092248 ], [ 2.044199, 41.603842 ], [ 2.0583393, 41.5952196 ], [ 2.062074, 41.5877195 ], [ 2.0854814, 41.5815411 ], [ 2.1038774, 41.5855262 ], [ 2.1068656, 41.589817 ], [ 2.117236, 41.5901715 ], [ 2.1178655, 41.6037299 ], [ 2.1130115, 41.6108021 ], [ 2.1158479, 41.6157527 ], [ 2.1030719, 41.6251502 ], [ 2.0984589, 41.63476 ], [ 2.0972192, 41.650289699999988 ], [ 2.090935, 41.6601875 ], [ 2.0858865, 41.6655878 ], [ 2.0803108, 41.6661464 ], [ 2.0407305, 41.653007 ], [ 2.0258152, 41.631319 ] ] ] ] } },
{ "type": "Feature", "properties": { "codauto": "09", "ine.ccaa.name": "Cataluña", "cpro": "08", "ine.prov.name": "Barcelona", "cmun": "054", "name": "Castellbisbal", "LAU_CODE": "08054", "GISCO_ID": "ES_08054", "CNTR_CODE": "ES", "LAU_NAME": "Castellbisbal", "POP_2024": 0.0, "POP_DENS_2024": 0.0, "AREA_KM2": 30.98287665, "YEAR": 2024, "municipi": "Castellbisbal", "Preu_m2_2025": 2246.65, "Preu_m2_2013": 1691.1, "Ventas_2025": 96.0, "Ventas_2013": 36.0, "Inc_Preu_m2": 32.851398498019051 }, "geometry": { "type": "MultiPolygon", "coordinates": [ [ [ [ 2.0053648, 41.4645606 ], [ 2.0049368, 41.4695952 ], [ 1.9984703, 41.4739422 ], [ 1.9953447, 41.4849108 ], [ 1.9900596, 41.4889946 ], [ 1.9854115, 41.5128147 ], [ 1.978659, 41.5232485 ], [ 1.9683908, 41.5125294 ], [ 1.9616956, 41.5128405 ], [ 1.9421568, 41.5070476 ], [ 1.9361065, 41.5078145 ], [ 1.9306221, 41.497086 ], [ 1.9223045, 41.495419 ], [ 1.9233479, 41.4893049 ], [ 1.9319993, 41.4850439 ], [ 1.9426766, 41.4700128 ], [ 1.9458767, 41.468177 ], [ 1.9502644, 41.4705425 ], [ 1.9536625, 41.464699 ], [ 1.9612823, 41.4604963 ], [ 1.972882, 41.4630971 ], [ 1.9782287, 41.4498666 ], [ 1.9849945, 41.4435435 ], [ 1.987952, 41.44106 ], [ 1.9904095, 41.439622 ], [ 1.994082, 41.435589 ], [ 1.9997315, 41.460242 ], [ 2.002377, 41.4616005 ], [ 2.0053648, 41.4645606 ] ] ] ] } },
{ "type": "Feature", "properties": { "codauto": "09", "ine.ccaa.name": "Cataluña", "cpro": "08", "ine.prov.name": "Barcelona", "cmun": "056", "name": "Castelldefels", "LAU_CODE": "08056", "GISCO_ID": "ES_08056", "CNTR_CODE": "ES", "LAU_NAME": "Castelldefels", "POP_2024": 0.0, "POP_DENS_2024": 0.0, "AREA_KM2": 12.79418755, "YEAR": 2024, "municipi": "Castelldefels", "Preu_m2_2025": 4702.85, "Preu_m2_2013": 2560.6, "Ventas_2025": 610.0, "Ventas_2013": 262.0, "Inc_Preu_m2": 83.662032336171237 }, "geometry": { "type": "MultiPolygon", "coordinates": [ [ [ [ 1.9381366, 41.273495 ], [ 1.944457, 41.2637975 ], [ 1.9594785, 41.2645645 ], [ 1.9847945, 41.2641795 ], [ 2.002951, 41.264721 ], [ 1.9884525, 41.2896745 ], [ 1.9785214, 41.2957146 ], [ 1.9641291, 41.2919946 ], [ 1.9549546, 41.2847066 ], [ 1.942778, 41.2802545 ], [ 1.9381366, 41.273495 ] ] ] ] } },
{ "type": "Feature", "properties": { "codauto": "09", "ine.ccaa.name": "Cataluña", "cpro": "08", "ine.prov.name": "Barcelona", "cmun": "067", "name": "Centelles", "LAU_CODE": "08067", "GISCO_ID": "ES_08067", "CNTR_CODE": "ES", "LAU_NAME": "Centelles", "POP_2024": 0.0, "POP_DENS_2024": 0.0, "AREA_KM2": 15.34834929, "YEAR": 2024, "municipi": "Centelles", "Preu_m2_2025": 1827.63, "Preu_m2_2013": 1646.5, "Ventas_2025": 66.0, "Ventas_2013": 38.0, "Inc_Preu_m2": 11.00091102338294 }, "geometry": { "type": "MultiPolygon", "coordinates": [ [ [ [ 2.245937, 41.781598 ], [ 2.2340215, 41.7975919 ], [ 2.2322263, 41.8017715 ], [ 2.2325675, 41.806019 ], [ 2.2245461, 41.8097453 ], [ 2.2088524, 41.8087242 ], [ 2.202579, 41.8003247 ], [ 2.1959179, 41.8000885 ], [ 2.1970336, 41.7888042 ], [ 2.1856255, 41.7867055 ], [ 2.1862255, 41.7820705 ], [ 2.2203506, 41.7785412 ], [ 2.2184107, 41.7657752 ], [ 2.225222, 41.7583464 ], [ 2.2481332, 41.7638738 ], [ 2.2462425, 41.770407 ], [ 2.245937, 41.781598 ] ] ] ] } },
{ "type": "Feature", "properties": { "codauto": "09", "ine.ccaa.name": "Cataluña", "cpro": "08", "ine.prov.name": "Barcelona", "cmun": "068", "name": "Cervelló", "LAU_CODE": "08068", "GISCO_ID": "ES_08068", "CNTR_CODE": "ES", "LAU_NAME": "Cervelló", "POP_2024": 0.0, "POP_DENS_2024": 0.0, "AREA_KM2": 24.10609709, "YEAR": 2024, "municipi": "Cervelló", "Preu_m2_2025": 2119.23, "Preu_m2_2013": 1469.7, "Ventas_2025": 128.0, "Ventas_2013": 45.0, "Inc_Preu_m2": 44.194733619105939 }, "geometry": { "type": "MultiPolygon", "coordinates": [ [ [ [ 1.9190546, 41.3889521 ], [ 1.9292331, 41.3970151 ], [ 1.935812, 41.397864 ], [ 1.9409455, 41.3953702 ], [ 1.9480047, 41.3851992 ], [ 1.9506375, 41.3714844 ], [ 1.954103, 41.367797 ], [ 1.9652003, 41.3656572 ], [ 1.975754, 41.3675364 ], [ 1.990648, 41.375894 ], [ 1.9824814, 41.3767887 ], [ 1.9795598, 41.3801743 ], [ 1.9876233, 41.3922474 ], [ 1.9945949, 41.3973987 ], [ 1.994516, 41.4017041 ], [ 1.9891575, 41.407582 ], [ 1.9817121, 41.400081 ], [ 1.9603668, 41.4081908 ], [ 1.9483725, 41.4033533 ], [ 1.9411338, 41.4072814 ], [ 1.936653, 41.415208 ], [ 1.9220138, 41.4077449 ], [ 1.9079156, 41.4052222 ], [ 1.884951, 41.408143 ], [ 1.8757765, 41.398944 ], [ 1.876668, 41.389609 ], [ 1.9190546, 41.3889521 ] ] ] ] } },
{ "type": "Feature", "properties": { "codauto": "09", "ine.ccaa.name": "Cataluña", "cpro": "08", "ine.prov.name": "Barcelona", "cmun": "072", "name": "Corbera de Llobregat", "LAU_CODE": "08072", "GISCO_ID": "ES_08072", "CNTR_CODE": "ES", "LAU_NAME": "Corbera de Llobregat", "POP_2024": 0.0, "POP_DENS_2024": 0.0, "AREA_KM2": 18.28605104, "YEAR": 2024, "municipi": "Corbera de Llobregat", "Preu_m2_2025": 2015.68, "Preu_m2_2013": 1273.9, "Ventas_2025": 156.0, "Ventas_2013": 56.0, "Inc_Preu_m2": 58.229060365805786 }, "geometry": { "type": "MultiPolygon", "coordinates": [ [ [ [ 1.9079156, 41.4052222 ], [ 1.9220138, 41.4077449 ], [ 1.936653, 41.415208 ], [ 1.9390221, 41.4183645 ], [ 1.945183, 41.4175085 ], [ 1.9481885, 41.420633 ], [ 1.9618785, 41.4215957 ], [ 1.9904095, 41.439622 ], [ 1.987952, 41.44106 ], [ 1.9849945, 41.4435435 ], [ 1.9559389, 41.4397485 ], [ 1.949505, 41.4411215 ], [ 1.9390946, 41.4347321 ], [ 1.894883, 41.43007 ], [ 1.8889774, 41.4256147 ], [ 1.8879739, 41.4188142 ], [ 1.8822133, 41.4125976 ], [ 1.884951, 41.408143 ], [ 1.9079156, 41.4052222 ] ] ] ] } },
{ "type": "Feature", "properties": { "codauto": "09", "ine.ccaa.name": "Cataluña", "cpro": "08", "ine.prov.name": "Barcelona", "cmun": "073", "name": "Cornellà de Llobregat", "LAU_CODE": "08073", "GISCO_ID": "ES_08073", "CNTR_CODE": "ES", "LAU_NAME": "Cornellà de Llobregat", "POP_2024": 0.0, "POP_DENS_2024": 0.0, "AREA_KM2": 6.89221747, "YEAR": 2024, "municipi": "Cornellà de Llobregat", "Preu_m2_2025": 3023.96, "Preu_m2_2013": 1555.3, "Ventas_2025": 677.0, "Ventas_2013": 290.0, "Inc_Preu_m2": 94.429370539445785 }, "geometry": { "type": "MultiPolygon", "coordinates": [ [ [ [ 2.0666778, 41.3637508 ], [ 2.0601068, 41.3638148 ], [ 2.0566116, 41.3534019 ], [ 2.0501725, 41.3475105 ], [ 2.0521625, 41.347884 ], [ 2.054473, 41.3481815 ], [ 2.0570545, 41.348258 ], [ 2.0606665, 41.347773 ], [ 2.0636335, 41.346873 ], [ 2.0687715, 41.3446485 ], [ 2.0776428, 41.3477928 ], [ 2.0895215, 41.3413005 ], [ 2.0988553, 41.3528385 ], [ 2.0867785, 41.3667755 ], [ 2.078944, 41.3697815 ], [ 2.0666778, 41.3637508 ] ] ] ] } },
{ "type": "Feature", "properties": { "codauto": "09", "ine.ccaa.name": "Cataluña", "cpro": "08", "ine.prov.name": "Barcelona", "cmun": "074", "name": "Cubelles", "LAU_CODE": "08074", "GISCO_ID": "ES_08074", "CNTR_CODE": "ES", "LAU_NAME": "Cubelles", "POP_2024": 0.0, "POP_DENS_2024": 0.0, "AREA_KM2": 13.32629326, "YEAR": 2024, "municipi": "Cubelles", "Preu_m2_2025": 2684.99, "Preu_m2_2013": 1531.5, "Ventas_2025": 298.0, "Ventas_2013": 120.0, "Inc_Preu_m2": 75.317662422461623 }, "geometry": { "type": "MultiPolygon", "coordinates": [ [ [ [ 1.683432, 41.2017555 ], [ 1.6821625, 41.203842 ], [ 1.680394, 41.2084505 ], [ 1.6782645, 41.2162095 ], [ 1.670581, 41.2382315 ], [ 1.6686445, 41.245303 ], [ 1.6459905, 41.2381555 ], [ 1.640979, 41.2353665 ], [ 1.6453818, 41.2292841 ], [ 1.6446413, 41.2209109 ], [ 1.6492733, 41.2102413 ], [ 1.6413814, 41.2097994 ], [ 1.6415046, 41.202263 ], [ 1.6453235, 41.1956215 ], [ 1.683432, 41.2017555 ] ] ] ] } },
{ "type": "Feature", "properties": { "codauto": "09", "ine.ccaa.name": "Cataluña", "cpro": "08", "ine.prov.name": "Barcelona", "cmun": "075", "name": "Dosrius", "LAU_CODE": "08075", "GISCO_ID": "ES_08075", "CNTR_CODE": "ES", "LAU_NAME": "Dosrius", "POP_2024": 0.0, "POP_DENS_2024": 0.0, "AREA_KM2": 40.75978879, "YEAR": 2024, "municipi": "Dosrius", "Preu_m2_2025": 2152.25, "Preu_m2_2013": 2030.3, "Ventas_2025": 80.0, "Ventas_2013": 23.0, "Inc_Preu_m2": 6.0065015022410506 }, "geometry": { "type": "MultiPolygon", "coordinates": [ [ [ [ 2.3861105, 41.592215 ], [ 2.390512, 41.5817256 ], [ 2.3977077, 41.5766868 ], [ 2.4064994, 41.5789388 ], [ 2.41636, 41.576938 ], [ 2.420189, 41.576575 ], [ 2.426962, 41.578377 ], [ 2.436574, 41.5777305 ], [ 2.447613, 41.580512 ], [ 2.4563145, 41.5801095 ], [ 2.4739795, 41.5928722 ], [ 2.4788191, 41.599690099999989 ], [ 2.4960275, 41.604133 ], [ 2.4979585, 41.6056875 ], [ 2.4948975, 41.6106628 ], [ 2.497215, 41.62331 ], [ 2.4865265, 41.6265648 ], [ 2.4852025, 41.6309725 ], [ 2.4583293, 41.6290261 ], [ 2.4556175, 41.631233 ], [ 2.4513024, 41.627285099999987 ], [ 2.4451509, 41.6304797 ], [ 2.4223721, 41.6299077 ], [ 2.4122855, 41.6236028 ], [ 2.4001492, 41.6084396 ], [ 2.3935202, 41.6075404 ], [ 2.382898, 41.5970665 ], [ 2.3750675, 41.5953405 ], [ 2.3861105, 41.592215 ] ] ] ] } },
{ "type": "Feature", "properties": { "codauto": "09", "ine.ccaa.name": "Cataluña", "cpro": "08", "ine.prov.name": "Barcelona", "cmun": "076", "name": "Esparreguera", "LAU_CODE": "08076", "GISCO_ID": "ES_08076", "CNTR_CODE": "ES", "LAU_NAME": "Esparreguera", "POP_2024": 0.0, "POP_DENS_2024": 0.0, "AREA_KM2": 27.28057436, "YEAR": 2024, "municipi": "Esparreguera", "Preu_m2_2025": 2240.34, "Preu_m2_2013": 1331.3, "Ventas_2025": 311.0, "Ventas_2013": 84.0, "Inc_Preu_m2": 68.282130248629187 }, "geometry": { "type": "MultiPolygon", "coordinates": [ [ [ [ 1.8604423, 41.5151345 ], [ 1.8720874, 41.5237406 ], [ 1.8934144, 41.524503 ], [ 1.9101246, 41.5300109 ], [ 1.9117055, 41.532865 ], [ 1.8927555, 41.5334655 ], [ 1.8826147, 41.5414667 ], [ 1.873821, 41.5442631 ], [ 1.8802239, 41.5627798 ], [ 1.8793252, 41.568976299999989 ], [ 1.8844435, 41.5790735 ], [ 1.8898878, 41.5814248 ], [ 1.8780616, 41.5892128 ], [ 1.8695918, 41.5890855 ], [ 1.863308, 41.59228 ], [ 1.8604423, 41.5919387 ], [ 1.851815, 41.590911 ], [ 1.8602574, 41.5803707 ], [ 1.8602522, 41.5749467 ], [ 1.8432134, 41.5652227 ], [ 1.826675, 41.5390515 ], [ 1.8326172, 41.5316574 ], [ 1.8425908, 41.523792 ], [ 1.8520136, 41.5206292 ], [ 1.8551655, 41.5158805 ], [ 1.8604423, 41.5151345 ] ] ] ] } },
{ "type": "Feature", "properties": { "codauto": "09", "ine.ccaa.name": "Cataluña", "cpro": "08", "ine.prov.name": "Barcelona", "cmun": "077", "name": "Esplugues de Llobregat", "LAU_CODE": "08077", "GISCO_ID": "ES_08077", "CNTR_CODE": "ES", "LAU_NAME": "Esplugues de Llobregat", "POP_2024": 0.0, "POP_DENS_2024": 0.0, "AREA_KM2": 4.52725686, "YEAR": 2024, "municipi": "Esplugues de Llobregat", "Preu_m2_2025": 4470.81, "Preu_m2_2013": 2470.6, "Ventas_2025": 408.0, "Ventas_2013": 290.0, "Inc_Preu_m2": 80.960495426212276 }, "geometry": { "type": "MultiPolygon", "coordinates": [ [ [ [ 2.097792, 41.393957 ], [ 2.0859742, 41.388472 ], [ 2.075228, 41.373404 ], [ 2.078944, 41.3697815 ], [ 2.0867785, 41.3667755 ], [ 2.0990669, 41.3695607 ], [ 2.1025512, 41.3789294 ], [ 2.102101, 41.387544 ], [ 2.097792, 41.393957 ] ] ] ] } },
{ "type": "Feature", "properties": { "codauto": "09", "ine.ccaa.name": "Cataluña", "cpro": "08", "ine.prov.name": "Barcelona", "cmun": "086", "name": "Franqueses del Vallès, Les", "LAU_CODE": "08086", "GISCO_ID": "ES_08086", "CNTR_CODE": "ES", "LAU_NAME": "Franqueses del Vallès, Les", "POP_2024": 0.0, "POP_DENS_2024": 0.0, "AREA_KM2": 29.68470847, "YEAR": 2024, "municipi": "Franqueses del Vallès, les", "Preu_m2_2025": 2681.03, "Preu_m2_2013": 1978.9, "Ventas_2025": 185.0, "Ventas_2013": 92.0, "Inc_Preu_m2": 35.480822679266261 }, "geometry": { "type": "MultiPolygon", "coordinates": [ [ [ [ 2.340033, 41.6568053 ], [ 2.3478202, 41.6582634 ], [ 2.348974, 41.674082 ], [ 2.3425747, 41.6833142 ], [ 2.3313774, 41.6864774 ], [ 2.3165259, 41.673127 ], [ 2.3033075, 41.672018 ], [ 2.2870385, 41.6594903 ], [ 2.277228, 41.657398 ], [ 2.276998, 41.6445735 ], [ 2.274353, 41.644081 ], [ 2.2783355, 41.6402435 ], [ 2.277451, 41.6354545 ], [ 2.2875969, 41.6319911 ], [ 2.286826, 41.6217255 ], [ 2.2948411, 41.6212464 ], [ 2.2955592, 41.6164133 ], [ 2.3028338, 41.6128581 ], [ 2.3030265, 41.607415 ], [ 2.310011, 41.6078855 ], [ 2.3117905, 41.609806 ], [ 2.319216, 41.612444 ], [ 2.317209, 41.618126 ], [ 2.3229325, 41.6254365 ], [ 2.3249045, 41.6285735 ], [ 2.326605, 41.6324565 ], [ 2.3304445, 41.635457 ], [ 2.340033, 41.6568053 ] ] ] ] } },
{ "type": "Feature", "properties": { "codauto": "09", "ine.ccaa.name": "Cataluña", "cpro": "08", "ine.prov.name": "Barcelona", "cmun": "088", "name": "Garriga, La", "LAU_CODE": "08088", "GISCO_ID": "ES_08088", "CNTR_CODE": "ES", "LAU_NAME": "Garriga, La", "POP_2024": 0.0, "POP_DENS_2024": 0.0, "AREA_KM2": 18.97013421, "YEAR": 2024, "municipi": "Garriga, la", "Preu_m2_2025": 2707.2, "Preu_m2_2013": 1605.2, "Ventas_2025": 152.0, "Ventas_2013": 66.0, "Inc_Preu_m2": 68.65188138549712 }, "geometry": { "type": "MultiPolygon", "coordinates": [ [ [ [ 2.2870385, 41.6594903 ], [ 2.3033075, 41.672018 ], [ 2.2999625, 41.6775472 ], [ 2.3021193, 41.6959904 ], [ 2.3004083, 41.7033389 ], [ 2.310309, 41.7085775 ], [ 2.2923372, 41.7182178 ], [ 2.286322, 41.7169337 ], [ 2.2831058, 41.7123783 ], [ 2.2722218, 41.714529 ], [ 2.2627922, 41.7050477 ], [ 2.2523915, 41.685908499999989 ], [ 2.2750265, 41.6663477 ], [ 2.277228, 41.657398 ], [ 2.2870385, 41.6594903 ] ] ] ] } },
{ "type": "Feature", "properties": { "codauto": "09", "ine.ccaa.name": "Cataluña", "cpro": "08", "ine.prov.name": "Barcelona", "cmun": "089", "name": "Gavà", "LAU_CODE": "08089", "GISCO_ID": "ES_08089", "CNTR_CODE": "ES", "LAU_NAME": "Gavà", "POP_2024": 0.0, "POP_DENS_2024": 0.0, "AREA_KM2": 30.60645474, "YEAR": 2024, "municipi": "Gavà", "Preu_m2_2025": 3688.26, "Preu_m2_2013": 2363.1, "Ventas_2025": 407.0, "Ventas_2013": 232.0, "Inc_Preu_m2": 56.077186746223198 }, "geometry": { "type": "MultiPolygon", "coordinates": [ [ [ [ 1.9549546, 41.2847066 ], [ 1.9641291, 41.2919946 ], [ 1.9785214, 41.2957146 ], [ 1.9884525, 41.2896745 ], [ 2.002951, 41.264721 ], [ 2.009642, 41.2650145 ], [ 2.020383, 41.265957 ], [ 2.0318765, 41.26775 ], [ 2.046296, 41.270676 ], [ 2.0284352, 41.285602 ], [ 2.018209, 41.3016525 ], [ 2.0024812, 41.3108842 ], [ 1.988195, 41.3140185 ], [ 1.9777041, 41.3190265 ], [ 1.9550585, 41.32333 ], [ 1.9340902, 41.3049815 ], [ 1.9286739, 41.2943188 ], [ 1.914981, 41.2888605 ], [ 1.9246982, 41.2902583 ], [ 1.942778, 41.2802545 ], [ 1.9549546, 41.2847066 ] ] ] ] } },
{ "type": "Feature", "properties": { "codauto": "09", "ine.ccaa.name": "Cataluña", "cpro": "08", "ine.prov.name": "Barcelona", "cmun": "091", "name": "Gelida", "LAU_CODE": "08091", "GISCO_ID": "ES_08091", "CNTR_CODE": "ES", "LAU_NAME": "Gelida", "POP_2024": 0.0, "POP_DENS_2024": 0.0, "AREA_KM2": 26.52805396, "YEAR": 2024, "municipi": "Gelida", "Preu_m2_2025": 1744.42, "Preu_m2_2013": 1230.7, "Ventas_2025": 109.0, "Ventas_2013": 39.0, "Inc_Preu_m2": 41.742097993012109 }, "geometry": { "type": "MultiPolygon", "coordinates": [ [ [ [ 1.8762105, 41.4557865 ], [ 1.874887, 41.457971 ], [ 1.8604423, 41.4597965 ], [ 1.8387936, 41.4633126 ], [ 1.83216, 41.4516341 ], [ 1.814672, 41.443223 ], [ 1.8156475, 41.4389305 ], [ 1.8345764, 41.429427 ], [ 1.8512649, 41.4118066 ], [ 1.8604423, 41.4075164 ], [ 1.8642155, 41.406181 ], [ 1.8658365, 41.410917 ], [ 1.8757765, 41.398944 ], [ 1.884951, 41.408143 ], [ 1.8822133, 41.4125976 ], [ 1.8879739, 41.4188142 ], [ 1.8889774, 41.4256147 ], [ 1.894883, 41.43007 ], [ 1.8953398, 41.4353053 ], [ 1.877982, 41.4548425 ], [ 1.8762105, 41.4557865 ] ] ] ] } },
{ "type": "Feature", "properties": { "codauto": "09", "ine.ccaa.name": "Cataluña", "cpro": "08", "ine.prov.name": "Barcelona", "cmun": "096", "name": "Granollers", "LAU_CODE": "08096", "GISCO_ID": "ES_08096", "CNTR_CODE": "ES", "LAU_NAME": "Granollers", "POP_2024": 0.0, "POP_DENS_2024": 0.0, "AREA_KM2": 14.96350777, "YEAR": 2024, "municipi": "Granollers", "Preu_m2_2025": 2558.37, "Preu_m2_2013": 1469.1, "Ventas_2025": 663.0, "Ventas_2013": 313.0, "Inc_Preu_m2": 74.145395139881572 }, "geometry": { "type": "MultiPolygon", "coordinates": [ [ [ [ 2.279363, 41.5716815 ], [ 2.2886159, 41.572930199999988 ], [ 2.2914515, 41.577003 ], [ 2.297452, 41.6035085 ], [ 2.3030265, 41.607415 ], [ 2.3028338, 41.6128581 ], [ 2.2955592, 41.6164133 ], [ 2.2948411, 41.6212464 ], [ 2.286826, 41.6217255 ], [ 2.2823485, 41.6145138 ], [ 2.2658485, 41.6148945 ], [ 2.2671571, 41.6081366 ], [ 2.261877, 41.5963425 ], [ 2.258847, 41.5817975 ], [ 2.2564395, 41.573725 ], [ 2.2690995, 41.564084 ], [ 2.279363, 41.5716815 ] ] ] ] } },
{ "type": "Feature", "properties": { "codauto": "09", "ine.ccaa.name": "Cataluña", "cpro": "08", "ine.prov.name": "Barcelona", "cmun": "101", "name": "Hospitalet de Llobregat, L'", "LAU_CODE": "08101", "GISCO_ID": "ES_08101", "CNTR_CODE": "ES", "LAU_NAME": "Hospitalet de Llobregat, L'", "POP_2024": 0.0, "POP_DENS_2024": 0.0, "AREA_KM2": 13.61821675, "YEAR": 2024, "municipi": "Hospitalet de Llobregat, l'", "Preu_m2_2025": 3068.06, "Preu_m2_2013": 1825.2, "Ventas_2025": 2844.0, "Ventas_2013": 1442.0, "Inc_Preu_m2": 68.094455402147702 }, "geometry": { "type": "MultiPolygon", "coordinates": [ [ [ [ 2.1025512, 41.3789294 ], [ 2.0990669, 41.3695607 ], [ 2.0867785, 41.3667755 ], [ 2.0988553, 41.3528385 ], [ 2.0895215, 41.3413005 ], [ 2.093648, 41.340031 ], [ 2.0992845, 41.337098 ], [ 2.1013685, 41.336334 ], [ 2.1382127, 41.3476409 ], [ 2.133093, 41.3548108 ], [ 2.1345475, 41.3627065 ], [ 2.1310873, 41.368711499999989 ], [ 2.1210814, 41.3769816 ], [ 2.1099955, 41.3766244 ], [ 2.1082697, 41.3795513 ], [ 2.1104108, 41.385085 ], [ 2.102101, 41.387544 ], [ 2.1025512, 41.3789294 ] ] ] ] } },
{ "type": "Feature", "properties": { "codauto": "09", "ine.ccaa.name": "Cataluña", "cpro": "08", "ine.prov.name": "Barcelona", "cmun": "102", "name": "Igualada", "LAU_CODE": "08102", "GISCO_ID": "ES_08102", "CNTR_CODE": "ES", "LAU_NAME": "Igualada", "POP_2024": 0.0, "POP_DENS_2024": 0.0, "AREA_KM2": 8.21090095, "YEAR": 2024, "municipi": "Igualada", "Preu_m2_2025": 1581.57, "Preu_m2_2013": 1118.1, "Ventas_2025": 339.0, "Ventas_2013": 159.0, "Inc_Preu_m2": 41.451569627045885 }, "geometry": { "type": "MultiPolygon", "coordinates": [ [ [ [ 1.5888382, 41.5831438 ], [ 1.5948452, 41.5793417 ], [ 1.6032667, 41.5808864 ], [ 1.6126136, 41.5761498 ], [ 1.633574, 41.572513 ], [ 1.6362425, 41.577298 ], [ 1.6335913, 41.5890755 ], [ 1.6374316, 41.5927131 ], [ 1.6313403, 41.5990345 ], [ 1.6269335, 41.5996087 ], [ 1.6005335, 41.5896601 ], [ 1.5890685, 41.594077 ], [ 1.5775285, 41.5841675 ], [ 1.5888382, 41.5831438 ] ] ] ] } },
{ "type": "Feature", "properties": { "codauto": "09", "ine.ccaa.name": "Cataluña", "cpro": "08", "ine.prov.name": "Barcelona", "cmun": "105", "name": "Llagosta, La", "LAU_CODE": "08105", "GISCO_ID": "ES_08105", "CNTR_CODE": "ES", "LAU_NAME": "Llagosta, La", "POP_2024": 0.0, "POP_DENS_2024": 0.0, "AREA_KM2": 3.01376428, "YEAR": 2024, "municipi": "Llagosta, la", "Preu_m2_2025": 2247.98, "Preu_m2_2013": 1032.8, "Ventas_2025": 113.0, "Ventas_2013": 32.0, "Inc_Preu_m2": 117.65879163439195 }, "geometry": { "type": "MultiPolygon", "coordinates": [ [ [ [ 2.2064505, 41.5280725 ], [ 2.2033315, 41.5232315 ], [ 2.201841, 41.5188445 ], [ 2.198215, 41.515766 ], [ 2.1961905, 41.5168035 ], [ 2.18901, 41.5157025 ], [ 2.1989907, 41.5024528 ], [ 2.203811, 41.503903 ], [ 2.2095641, 41.5105552 ], [ 2.2159515, 41.523947 ], [ 2.2064505, 41.5280725 ] ] ] ] } },
{ "type": "Feature", "properties": { "codauto": "09", "ine.ccaa.name": "Cataluña", "cpro": "08", "ine.prov.name": "Barcelona", "cmun": "106", "name": "Llinars del Vallès", "LAU_CODE": "08106", "GISCO_ID": "ES_08106", "CNTR_CODE": "ES", "LAU_NAME": "Llinars del Vallès", "POP_2024": 0.0, "POP_DENS_2024": 0.0, "AREA_KM2": 27.73089226, "YEAR": 2024, "municipi": "Llinars del Vallès", "Preu_m2_2025": 2598.75, "Preu_m2_2013": 1680.4, "Ventas_2025": 165.0, "Ventas_2013": 18.0, "Inc_Preu_m2": 54.650678409902397 }, "geometry": { "type": "MultiPolygon", "coordinates": [ [ [ [ 2.4513325, 41.6391728 ], [ 2.4359641, 41.6511621 ], [ 2.4387327, 41.657519 ], [ 2.445355, 41.654195 ], [ 2.4472308, 41.6709049 ], [ 2.425639, 41.6764815 ], [ 2.4236735, 41.6753865 ], [ 2.4231423, 41.6587295 ], [ 2.41168, 41.6452126 ], [ 2.3928459, 41.6505022 ], [ 2.3747505, 41.638486 ], [ 2.3720705, 41.6331115 ], [ 2.3679615, 41.626417 ], [ 2.366614, 41.6247875 ], [ 2.3613635, 41.6201335 ], [ 2.3755138, 41.6059609 ], [ 2.376641, 41.5981443 ], [ 2.382898, 41.5970665 ], [ 2.3935202, 41.6075404 ], [ 2.4001492, 41.6084396 ], [ 2.4122855, 41.6236028 ], [ 2.4223721, 41.6299077 ], [ 2.4451509, 41.6304797 ], [ 2.4513024, 41.627285099999987 ], [ 2.4556175, 41.631233 ], [ 2.4513325, 41.6391728 ] ] ] ] } },
{ "type": "Feature", "properties": { "codauto": "09", "ine.ccaa.name": "Cataluña", "cpro": "08", "ine.prov.name": "Barcelona", "cmun": "107", "name": "Lliçà d'Amunt", "LAU_CODE": "08107", "GISCO_ID": "ES_08107", "CNTR_CODE": "ES", "LAU_NAME": "Lliçà d'Amunt", "POP_2024": 0.0, "POP_DENS_2024": 0.0, "AREA_KM2": 22.36194809, "YEAR": 2024, "municipi": "Lliçà d'Amunt", "Preu_m2_2025": 1780.6, "Preu_m2_2013": 1259.2, "Ventas_2025": 154.0, "Ventas_2013": 64.0, "Inc_Preu_m2": 41.40724269377381 }, "geometry": { "type": "MultiPolygon", "coordinates": [ [ [ [ 2.2521301, 41.6191461 ], [ 2.2532345, 41.6309755 ], [ 2.2357578, 41.6310611 ], [ 2.2161844, 41.6352343 ], [ 2.203685, 41.6296435 ], [ 2.1990943, 41.6272124 ], [ 2.1985143, 41.6156952 ], [ 2.1864814, 41.6112558 ], [ 2.187875, 41.6066105 ], [ 2.1896257, 41.5983222 ], [ 2.2013465, 41.580541 ], [ 2.2113555, 41.5830305 ], [ 2.2161557, 41.6018219 ], [ 2.2242013, 41.6058029 ], [ 2.2459157, 41.5976418 ], [ 2.261877, 41.5963425 ], [ 2.2671571, 41.6081366 ], [ 2.2658485, 41.6148945 ], [ 2.2521301, 41.6191461 ] ] ] ] } },
{ "type": "Feature", "properties": { "codauto": "09", "ine.ccaa.name": "Cataluña", "cpro": "08", "ine.prov.name": "Barcelona", "cmun": "108", "name": "Lliçà de Vall", "LAU_CODE": "08108", "GISCO_ID": "ES_08108", "CNTR_CODE": "ES", "LAU_NAME": "Lliçà de Vall", "POP_2024": 0.0, "POP_DENS_2024": 0.0, "AREA_KM2": 10.70557519, "YEAR": 2024, "municipi": "Lliçà de Vall", "Preu_m2_2025": 2138.16, "Preu_m2_2013": 1976.3, "Ventas_2025": 65.0, "Ventas_2013": 18.0, "Inc_Preu_m2": 8.1900521175934777 }, "geometry": { "type": "MultiPolygon", "coordinates": [ [ [ [ 2.2283972, 41.5777749 ], [ 2.258847, 41.5817975 ], [ 2.261877, 41.5963425 ], [ 2.2459157, 41.5976418 ], [ 2.2242013, 41.6058029 ], [ 2.2161557, 41.6018219 ], [ 2.2113555, 41.5830305 ], [ 2.2083025, 41.5782307 ], [ 2.2023325, 41.5768505 ], [ 2.202798, 41.575632 ], [ 2.2040065, 41.568676 ], [ 2.2283972, 41.5777749 ] ] ] ] } },
{ "type": "Feature", "properties": { "codauto": "09", "ine.ccaa.name": "Cataluña", "cpro": "08", "ine.prov.name": "Barcelona", "cmun": "110", "name": "Malgrat de Mar", "LAU_CODE": "08110", "GISCO_ID": "ES_08110", "CNTR_CODE": "ES", "LAU_NAME": "Malgrat de Mar", "POP_2024": 0.0, "POP_DENS_2024": 0.0, "AREA_KM2": 8.7912142, "YEAR": 2024, "municipi": "Malgrat de Mar", "Preu_m2_2025": 2317.51, "Preu_m2_2013": 1449.7, "Ventas_2025": 285.0, "Ventas_2013": 103.0, "Inc_Preu_m2": 59.861350624267097 }, "geometry": { "type": "MultiPolygon", "coordinates": [ [ [ [ 2.727942, 41.635109 ], [ 2.7480297, 41.6431844 ], [ 2.778513, 41.6488075 ], [ 2.776655, 41.6525855 ], [ 2.7723505, 41.6591115 ], [ 2.77067, 41.6609975 ], [ 2.7652885, 41.666108 ], [ 2.7524708, 41.6585014 ], [ 2.7422003, 41.6608338 ], [ 2.7251105, 41.6530392 ], [ 2.714922, 41.651743 ], [ 2.727942, 41.635109 ] ] ] ] } },
{ "type": "Feature", "properties": { "codauto": "09", "ine.ccaa.name": "Cataluña", "cpro": "08", "ine.prov.name": "Barcelona", "cmun": "112", "name": "Manlleu", "LAU_CODE": "08112", "GISCO_ID": "ES_08112", "CNTR_CODE": "ES", "LAU_NAME": "Manlleu", "POP_2024": 0.0, "POP_DENS_2024": 0.0, "AREA_KM2": 17.27874276, "YEAR": 2024, "municipi": "Manlleu", "Preu_m2_2025": 1071.04, "Preu_m2_2013": 763.7, "Ventas_2025": 191.0, "Ventas_2013": 85.0, "Inc_Preu_m2": 40.243551132643695 }, "geometry": { "type": "MultiPolygon", "coordinates": [ [ [ [ 2.2915427, 41.9877288 ], [ 2.2919847, 41.9927484 ], [ 2.307846, 42.0021055 ], [ 2.3099349, 42.005598 ], [ 2.3086302, 42.0188016 ], [ 2.2942605, 42.029954 ], [ 2.2849448, 42.0324562 ], [ 2.2699028, 42.0178727 ], [ 2.257833, 42.01318 ], [ 2.2442118, 42.0043674 ], [ 2.2444817, 41.9983038 ], [ 2.2493245, 41.9942895 ], [ 2.262025, 41.9948925 ], [ 2.2686544, 41.9844477 ], [ 2.282946, 41.987728 ], [ 2.2915427, 41.9877288 ] ] ] ] } },
{ "type": "Feature", "properties": { "codauto": "09", "ine.ccaa.name": "Cataluña", "cpro": "08", "ine.prov.name": "Barcelona", "cmun": "113", "name": "Manresa", "LAU_CODE": "08113", "GISCO_ID": "ES_08113", "CNTR_CODE": "ES", "LAU_NAME": "Manresa", "POP_2024": 0.0, "POP_DENS_2024": 0.0, "AREA_KM2": 41.63897182, "YEAR": 2024, "municipi": "Manresa", "Preu_m2_2025": 1500.54, "Preu_m2_2013": 986.3, "Ventas_2025": 917.0, "Ventas_2013": 538.0, "Inc_Preu_m2": 52.138294636520335 }, "geometry": { "type": "MultiPolygon", "coordinates": [ [ [ [ 1.7764415, 41.716213 ], [ 1.7739505, 41.713894 ], [ 1.777428, 41.711095 ], [ 1.7862298, 41.7122777 ], [ 1.801457, 41.6941556 ], [ 1.808491, 41.689708 ], [ 1.8130156, 41.6945087 ], [ 1.8194338, 41.6921381 ], [ 1.827151, 41.6951579 ], [ 1.8392881, 41.6915101 ], [ 1.8446271, 41.6945106 ], [ 1.8604423, 41.6932006 ], [ 1.868551, 41.68806 ], [ 1.8728655, 41.690317 ], [ 1.8688968, 41.7008446 ], [ 1.8698729, 41.7112114 ], [ 1.873259, 41.7149622 ], [ 1.8686745, 41.720674 ], [ 1.8636836, 41.7312691 ], [ 1.8646267, 41.7369078 ], [ 1.8604423, 41.7393035 ], [ 1.854035, 41.7399091 ], [ 1.8470515, 41.7478638 ], [ 1.835148, 41.7534115 ], [ 1.829468, 41.758189 ], [ 1.8228005, 41.755138 ], [ 1.8214226, 41.7534115 ], [ 1.8095955, 41.7486891 ], [ 1.8049333, 41.736987 ], [ 1.7954378, 41.7351107 ], [ 1.77931, 41.741249 ], [ 1.769031, 41.743511 ], [ 1.7764415, 41.716213 ] ] ] ] } },
{ "type": "Feature", "properties": { "codauto": "09", "ine.ccaa.name": "Cataluña", "cpro": "08", "ine.prov.name": "Barcelona", "cmun": "114", "name": "Martorell", "LAU_CODE": "08114", "GISCO_ID": "ES_08114", "CNTR_CODE": "ES", "LAU_NAME": "Martorell", "POP_2024": 0.0, "POP_DENS_2024": 0.0, "AREA_KM2": 12.83368157, "YEAR": 2024, "municipi": "Martorell", "Preu_m2_2025": 2335.88, "Preu_m2_2013": 1277.2, "Ventas_2025": 239.0, "Ventas_2013": 109.0, "Inc_Preu_m2": 82.89069840275603 }, "geometry": { "type": "MultiPolygon", "coordinates": [ [ [ [ 1.9228063, 41.4974847 ], [ 1.9049555, 41.501877 ], [ 1.8943168, 41.5003856 ], [ 1.8967222, 41.494995599999989 ], [ 1.8943283, 41.4893991 ], [ 1.8992349, 41.4781659 ], [ 1.9087606, 41.4693013 ], [ 1.906727, 41.4651895 ], [ 1.9102041, 41.455162699999988 ], [ 1.9176695, 41.4564947 ], [ 1.930936, 41.4653164 ], [ 1.9473415, 41.461014 ], [ 1.9536625, 41.464699 ], [ 1.9502644, 41.4705425 ], [ 1.9458767, 41.468177 ], [ 1.9426766, 41.4700128 ], [ 1.9319993, 41.4850439 ], [ 1.9233479, 41.4893049 ], [ 1.9223045, 41.495419 ], [ 1.9228063, 41.4974847 ] ] ] ] } },
{ "type": "Feature", "properties": { "codauto": "09", "ine.ccaa.name": "Cataluña", "cpro": "08", "ine.prov.name": "Barcelona", "cmun": "118", "name": "Masnou, El", "LAU_CODE": "08118", "GISCO_ID": "ES_08118", "CNTR_CODE": "ES", "LAU_NAME": "Masnou, El", "POP_2024": 0.0, "POP_DENS_2024": 0.0, "AREA_KM2": 3.23926049, "YEAR": 2024, "municipi": "Masnou, el", "Preu_m2_2025": 3756.32, "Preu_m2_2013": 2179.5, "Ventas_2025": 190.0, "Ventas_2013": 74.0, "Inc_Preu_m2": 72.347786189493007 }, "geometry": { "type": "MultiPolygon", "coordinates": [ [ [ [ 2.3050983, 41.486857 ], [ 2.3060598, 41.481220199999989 ], [ 2.295298, 41.475755 ], [ 2.2965065, 41.47229 ], [ 2.346734, 41.484913 ], [ 2.343998, 41.48815 ], [ 2.3380097, 41.4851596 ], [ 2.3319499, 41.4886106 ], [ 2.309563, 41.48974 ], [ 2.3050983, 41.486857 ] ] ] ] } },
{ "type": "Feature", "properties": { "codauto": "09", "ine.ccaa.name": "Cataluña", "cpro": "08", "ine.prov.name": "Barcelona", "cmun": "119", "name": "Masquefa", "LAU_CODE": "08119", "GISCO_ID": "ES_08119", "CNTR_CODE": "ES", "LAU_NAME": "Masquefa", "POP_2024": 0.0, "POP_DENS_2024": 0.0, "AREA_KM2": 17.44579803, "YEAR": 2024, "municipi": "Masquefa", "Preu_m2_2025": 1868.0, "Preu_m2_2013": 1206.5, "Ventas_2025": 102.0, "Ventas_2013": 19.0, "Inc_Preu_m2": 54.82801491918773 }, "geometry": { "type": "MultiPolygon", "coordinates": [ [ [ [ 1.7854975, 41.5130721 ], [ 1.7813843, 41.5059192 ], [ 1.792441, 41.473652 ], [ 1.7953555, 41.4757762 ], [ 1.8054052, 41.473897 ], [ 1.8106543, 41.4803704 ], [ 1.8238739, 41.4823843 ], [ 1.8321865, 41.4950195 ], [ 1.84303, 41.49316 ], [ 1.8396561, 41.5003304 ], [ 1.84402, 41.5068405 ], [ 1.8343448, 41.5123467 ], [ 1.8255586, 41.5103142 ], [ 1.8116727, 41.5131892 ], [ 1.8006788, 41.5207964 ], [ 1.7822797, 41.527658 ], [ 1.7781115, 41.523756 ], [ 1.7854975, 41.5130721 ] ] ] ] } },
{ "type": "Feature", "properties": { "codauto": "09", "ine.ccaa.name": "Cataluña", "cpro": "08", "ine.prov.name": "Barcelona", "cmun": "120", "name": "Matadepera", "LAU_CODE": "08120", "GISCO_ID": "ES_08120", "CNTR_CODE": "ES", "LAU_NAME": "Matadepera", "POP_2024": 0.0, "POP_DENS_2024": 0.0, "AREA_KM2": 25.35666598, "YEAR": 2024, "municipi": "Matadepera", "Preu_m2_2025": 2779.34, "Preu_m2_2013": 1703.4, "Ventas_2025": 42.0, "Ventas_2013": 37.0, "Inc_Preu_m2": 63.164259715862393 }, "geometry": { "type": "MultiPolygon", "coordinates": [ [ [ [ 2.0104295, 41.658397 ], [ 2.0036726, 41.654693 ], [ 1.9908659, 41.654298 ], [ 1.982927, 41.648169 ], [ 1.9796863, 41.6240832 ], [ 1.9859919, 41.617615 ], [ 2.003819, 41.6069295 ], [ 2.0196363, 41.6014305 ], [ 2.0209526, 41.5950084 ], [ 2.0260499, 41.5930455 ], [ 2.0315079, 41.5940119 ], [ 2.044199, 41.603842 ], [ 2.0452929, 41.6092248 ], [ 2.0351155, 41.6239195 ], [ 2.0258152, 41.631319 ], [ 2.0407305, 41.653007 ], [ 2.0104295, 41.658397 ] ] ] ] } },
{ "type": "Feature", "properties": { "codauto": "09", "ine.ccaa.name": "Cataluña", "cpro": "08", "ine.prov.name": "Barcelona", "cmun": "121", "name": "Mataró", "LAU_CODE": "08121", "GISCO_ID": "ES_08121", "CNTR_CODE": "ES", "LAU_NAME": "Mataró", "POP_2024": 0.0, "POP_DENS_2024": 0.0, "AREA_KM2": 22.38454547, "YEAR": 2024, "municipi": "Mataró", "Preu_m2_2025": 2456.94, "Preu_m2_2013": 1355.9, "Ventas_2025": 1280.0, "Ventas_2013": 597.0, "Inc_Preu_m2": 81.203628586178908 }, "geometry": { "type": "MultiPolygon", "coordinates": [ [ [ [ 2.447613, 41.580512 ], [ 2.436574, 41.5777305 ], [ 2.426962, 41.578377 ], [ 2.420189, 41.576575 ], [ 2.41636, 41.576938 ], [ 2.4262023, 41.569005499999989 ], [ 2.4241248, 41.5629182 ], [ 2.4257024, 41.5502571 ], [ 2.4161669, 41.5424801 ], [ 2.421064, 41.532034 ], [ 2.4243545, 41.5191765 ], [ 2.4635672, 41.5435653 ], [ 2.487484, 41.5511095 ], [ 2.4772883, 41.5665101 ], [ 2.4699836, 41.5724961 ], [ 2.4604819, 41.5743026 ], [ 2.4563145, 41.5801095 ], [ 2.447613, 41.580512 ] ] ] ] } },
{ "type": "Feature", "properties": { "codauto": "09", "ine.ccaa.name": "Cataluña", "cpro": "08", "ine.prov.name": "Barcelona", "cmun": "123", "name": "Molins de Rei", "LAU_CODE": "08123", "GISCO_ID": "ES_08123", "CNTR_CODE": "ES", "LAU_NAME": "Molins de Rei", "POP_2024": 0.0, "POP_DENS_2024": 0.0, "AREA_KM2": 15.7274351, "YEAR": 2024, "municipi": "Molins de Rei", "Preu_m2_2025": 3358.17, "Preu_m2_2013": 1814.2, "Ventas_2025": 210.0, "Ventas_2013": 88.0, "Inc_Preu_m2": 85.10472935729247 }, "geometry": { "type": "MultiPolygon", "coordinates": [ [ [ [ 2.0566017, 41.418894 ], [ 2.0536216, 41.4242313 ], [ 2.0577199, 41.42767 ], [ 2.059358, 41.435388 ], [ 2.0630793, 41.4417524 ], [ 2.0604936, 41.4448767 ], [ 2.0329465, 41.4416895 ], [ 2.0266076, 41.4325856 ], [ 2.005604, 41.4214415 ], [ 2.0097105, 41.4109765 ], [ 2.021821, 41.3897775 ], [ 2.0331715, 41.3960077 ], [ 2.0343401, 41.400842 ], [ 2.0494026, 41.4136272 ], [ 2.054641, 41.4139495 ], [ 2.0566017, 41.418894 ] ] ] ] } },
{ "type": "Feature", "properties": { "codauto": "09", "ine.ccaa.name": "Cataluña", "cpro": "08", "ine.prov.name": "Barcelona", "cmun": "124", "name": "Mollet del Vallès", "LAU_CODE": "08124", "GISCO_ID": "ES_08124", "CNTR_CODE": "ES", "LAU_NAME": "Mollet del Vallès", "POP_2024": 0.0, "POP_DENS_2024": 0.0, "AREA_KM2": 10.7993695, "YEAR": 2024, "municipi": "Mollet del Vallès", "Preu_m2_2025": 2414.03, "Preu_m2_2013": 1298.2, "Ventas_2025": 601.0, "Ventas_2013": 287.0, "Inc_Preu_m2": 85.952087505777243 }, "geometry": { "type": "MultiPolygon", "coordinates": [ [ [ [ 2.18907, 41.560697 ], [ 2.18977, 41.557019 ], [ 2.2064505, 41.5280725 ], [ 2.2159515, 41.523947 ], [ 2.218609, 41.527344 ], [ 2.2207725, 41.5312 ], [ 2.2304895, 41.54111 ], [ 2.2318755, 41.5446985 ], [ 2.2322014, 41.5543973 ], [ 2.212764, 41.5571799 ], [ 2.2040065, 41.568676 ], [ 2.202798, 41.575632 ], [ 2.1966195, 41.5749845 ], [ 2.1944533, 41.5688757 ], [ 2.187484, 41.5660265 ], [ 2.18907, 41.560697 ] ] ] ] } },
{ "type": "Feature", "properties": { "codauto": "09", "ine.ccaa.name": "Cataluña", "cpro": "08", "ine.prov.name": "Barcelona", "cmun": "125", "name": "Montcada i Reixac", "LAU_CODE": "08125", "GISCO_ID": "ES_08125", "CNTR_CODE": "ES", "LAU_NAME": "Montcada i Reixac", "POP_2024": 0.0, "POP_DENS_2024": 0.0, "AREA_KM2": 23.44722981, "YEAR": 2024, "municipi": "Montcada i Reixac", "Preu_m2_2025": 2255.4, "Preu_m2_2013": 1605.8, "Ventas_2025": 318.0, "Ventas_2013": 126.0, "Inc_Preu_m2": 40.453356582388849 }, "geometry": { "type": "MultiPolygon", "coordinates": [ [ [ [ 2.2220491, 41.495892 ], [ 2.203811, 41.503903 ], [ 2.1989907, 41.5024528 ], [ 2.18901, 41.5157025 ], [ 2.1758555, 41.5198878 ], [ 2.1701967, 41.515715 ], [ 2.1626635, 41.5161255 ], [ 2.1589955, 41.507388 ], [ 2.1719732, 41.4919297 ], [ 2.1682293, 41.4894147 ], [ 2.15269, 41.4894675 ], [ 2.1592549, 41.4838457 ], [ 2.1552153, 41.4754606 ], [ 2.159025, 41.4649889 ], [ 2.1558425, 41.449935 ], [ 2.163892, 41.450445 ], [ 2.1682075, 41.4601034 ], [ 2.1808152, 41.4674539 ], [ 2.18706, 41.467717 ], [ 2.1983504, 41.472782 ], [ 2.2113235, 41.471126 ], [ 2.2166595, 41.4763443 ], [ 2.2138489, 41.480074 ], [ 2.2162109, 41.4864961 ], [ 2.2248615, 41.4922345 ], [ 2.2220491, 41.495892 ] ] ], [ [ [ 2.187436, 41.5718908 ], [ 2.187484, 41.5660265 ], [ 2.1944533, 41.5688757 ], [ 2.1966195, 41.5749845 ], [ 2.187436, 41.5718908 ] ] ] ] } },
{ "type": "Feature", "properties": { "codauto": "09", "ine.ccaa.name": "Cataluña", "cpro": "08", "ine.prov.name": "Barcelona", "cmun": "126", "name": "Montgat", "LAU_CODE": "08126", "GISCO_ID": "ES_08126", "CNTR_CODE": "ES", "LAU_NAME": "Montgat", "POP_2024": 0.0, "POP_DENS_2024": 0.0, "AREA_KM2": 2.86303467, "YEAR": 2024, "municipi": "Montgat", "Preu_m2_2025": 3849.74, "Preu_m2_2013": 1707.2, "Ventas_2025": 113.0, "Ventas_2013": 36.0, "Inc_Preu_m2": 125.50023430178068 }, "geometry": { "type": "MultiPolygon", "coordinates": [ [ [ [ 2.291872, 41.4825065 ], [ 2.2729075, 41.4719601 ], [ 2.261375, 41.470677 ], [ 2.270422, 41.4608005 ], [ 2.2965065, 41.47229 ], [ 2.295298, 41.475755 ], [ 2.291872, 41.4825065 ] ] ] ] } },
{ "type": "Feature", "properties": { "codauto": "09", "ine.ccaa.name": "Cataluña", "cpro": "08", "ine.prov.name": "Barcelona", "cmun": "135", "name": "Montmeló", "LAU_CODE": "08135", "GISCO_ID": "ES_08135", "CNTR_CODE": "ES", "LAU_NAME": "Montmeló", "POP_2024": 0.0, "POP_DENS_2024": 0.0, "AREA_KM2": 3.88381669, "YEAR": 2024, "municipi": "Montmeló", "Preu_m2_2025": 2646.44, "Preu_m2_2013": 1307.8, "Ventas_2025": 58.0, "Ventas_2013": 25.0, "Inc_Preu_m2": 102.35815873986849 }, "geometry": { "type": "MultiPolygon", "coordinates": [ [ [ [ 2.2473777, 41.5584612 ], [ 2.2318755, 41.5446985 ], [ 2.2304895, 41.54111 ], [ 2.2326225, 41.5420805 ], [ 2.2559272, 41.5468712 ], [ 2.2593071, 41.5587064 ], [ 2.2690995, 41.564084 ], [ 2.2564395, 41.573725 ], [ 2.2473777, 41.5584612 ] ] ] ] } },
{ "type": "Feature", "properties": { "codauto": "09", "ine.ccaa.name": "Cataluña", "cpro": "08", "ine.prov.name": "Barcelona", "cmun": "136", "name": "Montornès del Vallès", "LAU_CODE": "08136", "GISCO_ID": "ES_08136", "CNTR_CODE": "ES", "LAU_NAME": "Montornès del Vallès", "POP_2024": 0.0, "POP_DENS_2024": 0.0, "AREA_KM2": 10.23972272, "YEAR": 2024, "municipi": "Montornès del Vallès", "Preu_m2_2025": 2289.92, "Preu_m2_2013": 1652.0, "Ventas_2025": 150.0, "Ventas_2013": 86.0, "Inc_Preu_m2": 38.615012106537534 }, "geometry": { "type": "MultiPolygon", "coordinates": [ [ [ [ 2.269482, 41.521709 ], [ 2.2803871, 41.5340663 ], [ 2.283125, 41.543477 ], [ 2.2836414, 41.5479823 ], [ 2.2775415, 41.5567985 ], [ 2.2808362, 41.5663195 ], [ 2.279363, 41.5716815 ], [ 2.2690995, 41.564084 ], [ 2.2593071, 41.5587064 ], [ 2.2559272, 41.5468712 ], [ 2.2326225, 41.5420805 ], [ 2.2478677, 41.5361961 ], [ 2.2529785, 41.5317055 ], [ 2.269482, 41.521709 ] ] ] ] } },
{ "type": "Feature", "properties": { "codauto": "09", "ine.ccaa.name": "Cataluña", "cpro": "08", "ine.prov.name": "Barcelona", "cmun": "138", "name": "Moià", "LAU_CODE": "08138", "GISCO_ID": "ES_08138", "CNTR_CODE": "ES", "LAU_NAME": "Moià", "POP_2024": 0.0, "POP_DENS_2024": 0.0, "AREA_KM2": 75.92713765000001, "YEAR": 2024, "municipi": "Moià", "Preu_m2_2025": 1638.37, "Preu_m2_2013": 1464.1, "Ventas_2025": 71.0, "Ventas_2013": 33.0, "Inc_Preu_m2": 11.902875486647087 }, "geometry": { "type": "MultiPolygon", "coordinates": [ [ [ [ 2.0615987, 41.8508792 ], [ 2.053523, 41.8388967 ], [ 2.0458648, 41.8180206 ], [ 2.033252, 41.813312 ], [ 2.0367882, 41.805841699999988 ], [ 2.02747, 41.801741 ], [ 2.0333185, 41.80009 ], [ 2.0344095, 41.7952885 ], [ 2.032835, 41.7943855 ], [ 2.034103, 41.7903055 ], [ 2.0411765, 41.7844845 ], [ 2.0581185, 41.7930952 ], [ 2.0678048, 41.7894781 ], [ 2.0792666, 41.7908463 ], [ 2.0906025, 41.7777975 ], [ 2.0936701, 41.7758838 ], [ 2.0987186, 41.7789323 ], [ 2.1062233, 41.7777675 ], [ 2.1244717, 41.7835947 ], [ 2.1284805, 41.781294 ], [ 2.1398308, 41.7923424 ], [ 2.1483877, 41.7953411 ], [ 2.1601543, 41.7940081 ], [ 2.1706075, 41.8015475 ], [ 2.1706101, 41.804645699999988 ], [ 2.163868, 41.8066364 ], [ 2.1661696, 41.8142013 ], [ 2.1577414, 41.8247187 ], [ 2.1515162, 41.8271728 ], [ 2.1578656, 41.8410985 ], [ 2.153947, 41.853473 ], [ 2.1454486, 41.8534404 ], [ 2.1352535, 41.8627765 ], [ 2.1228006, 41.8545576 ], [ 2.1120327, 41.8560254 ], [ 2.1102259, 41.8605462 ], [ 2.0978361, 41.8640335 ], [ 2.081973, 41.8643695 ], [ 2.0615987, 41.8508792 ] ] ] ] } },
{ "type": "Feature", "properties": { "codauto": "09", "ine.ccaa.name": "Cataluña", "cpro": "08", "ine.prov.name": "Barcelona", "cmun": "140", "name": "Navarcles", "LAU_CODE": "08140", "GISCO_ID": "ES_08140", "CNTR_CODE": "ES", "LAU_NAME": "Navarcles", "POP_2024": 0.0, "POP_DENS_2024": 0.0, "AREA_KM2": 5.51702893, "YEAR": 2024, "municipi": "Navarcles", "Preu_m2_2025": 1486.16, "Preu_m2_2013": 1314.0, "Ventas_2025": 58.0, "Ventas_2013": 28.0, "Inc_Preu_m2": 13.101978691019795 }, "geometry": { "type": "MultiPolygon", "coordinates": [ [ [ [ 1.9053307, 41.7646358 ], [ 1.8938534, 41.7524921 ], [ 1.8950528, 41.749353 ], [ 1.9033263, 41.7461567 ], [ 1.902279, 41.742916 ], [ 1.913336, 41.7398705 ], [ 1.928211, 41.745088 ], [ 1.9196445, 41.7573441 ], [ 1.9160218, 41.7585917 ], [ 1.9171201, 41.7657944 ], [ 1.9126822, 41.7732656 ], [ 1.903861, 41.7741785 ], [ 1.9045165, 41.772371 ], [ 1.9053307, 41.7646358 ] ] ] ] } },
{ "type": "Feature", "properties": { "codauto": "09", "ine.ccaa.name": "Cataluña", "cpro": "08", "ine.prov.name": "Barcelona", "cmun": "141", "name": "Navàs", "LAU_CODE": "08141", "GISCO_ID": "ES_08141", "CNTR_CODE": "ES", "LAU_NAME": "Navàs", "POP_2024": 0.0, "POP_DENS_2024": 0.0, "AREA_KM2": 80.6967063, "YEAR": 2024, "municipi": "Navàs", "Preu_m2_2025": 1037.79, "Preu_m2_2013": 969.9, "Ventas_2025": 53.0, "Ventas_2013": 31.0, "Inc_Preu_m2": 6.9996906897618301 }, "geometry": { "type": "MultiPolygon", "coordinates": [ [ [ [ 1.7235061, 41.9233252 ], [ 1.7174316, 41.9042186 ], [ 1.7197295, 41.895289 ], [ 1.7240509, 41.8921087 ], [ 1.7191311, 41.883666 ], [ 1.706254, 41.889414 ], [ 1.6931415, 41.8877439 ], [ 1.6837814, 41.8767758 ], [ 1.668434, 41.868145 ], [ 1.6932464, 41.8511481 ], [ 1.7137351, 41.8542557 ], [ 1.7197746, 41.8502906 ], [ 1.7274262, 41.8529409 ], [ 1.7394815, 41.851409 ], [ 1.7420885, 41.8592175 ], [ 1.7513764, 41.862798 ], [ 1.7710254, 41.8632372 ], [ 1.7802993, 41.8583179 ], [ 1.7825705, 41.8537585 ], [ 1.7885944, 41.860913 ], [ 1.7981603, 41.8629323 ], [ 1.7978541, 41.8686131 ], [ 1.812376, 41.875743 ], [ 1.8604423, 41.8855266 ], [ 1.8697869, 41.8935023 ], [ 1.8863135, 41.8984585 ], [ 1.880008, 41.9064185 ], [ 1.8789295, 41.9080775 ], [ 1.875923, 41.90942 ], [ 1.87093, 41.91082 ], [ 1.869345, 41.911671 ], [ 1.867424, 41.9130785 ], [ 1.8638715, 41.916535499999988 ], [ 1.8604423, 41.9164685 ], [ 1.848856, 41.9153044 ], [ 1.8455305, 41.8987296 ], [ 1.8408668, 41.9009145 ], [ 1.8411472, 41.9084983 ], [ 1.812205, 41.9250295 ], [ 1.7683403, 41.9120763 ], [ 1.7551462, 41.9209546 ], [ 1.7489345, 41.9167934 ], [ 1.7335619, 41.917242099999989 ], [ 1.7313619, 41.9189663 ], [ 1.732114, 41.9251223 ], [ 1.7220635, 41.9294265 ], [ 1.7235061, 41.9233252 ] ] ] ] } },
{ "type": "Feature", "properties": { "codauto": "09", "ine.ccaa.name": "Cataluña", "cpro": "08", "ine.prov.name": "Barcelona", "cmun": "147", "name": "Olesa de Montserrat", "LAU_CODE": "08147", "GISCO_ID": "ES_08147", "CNTR_CODE": "ES", "LAU_NAME": "Olesa de Montserrat", "POP_2024": 0.0, "POP_DENS_2024": 0.0, "AREA_KM2": 16.7128582, "YEAR": 2024, "municipi": "Olesa de Montserrat", "Preu_m2_2025": 2113.41, "Preu_m2_2013": 1251.4, "Ventas_2025": 253.0, "Ventas_2013": 98.0, "Inc_Preu_m2": 68.883650311650925 }, "geometry": { "type": "MultiPolygon", "coordinates": [ [ [ [ 1.9289988, 41.5476338 ], [ 1.9213391, 41.5570459 ], [ 1.920542, 41.5714495 ], [ 1.909288, 41.5707435 ], [ 1.9006955, 41.573948 ], [ 1.8844435, 41.5790735 ], [ 1.8793252, 41.568976299999989 ], [ 1.8802239, 41.5627798 ], [ 1.873821, 41.5442631 ], [ 1.8826147, 41.5414667 ], [ 1.8927555, 41.5334655 ], [ 1.9117055, 41.532865 ], [ 1.9215338, 41.5370418 ], [ 1.9322435, 41.53669 ], [ 1.9289988, 41.5476338 ] ] ] ] } },
{ "type": "Feature", "properties": { "codauto": "09", "ine.ccaa.name": "Cataluña", "cpro": "08", "ine.prov.name": "Barcelona", "cmun": "155", "name": "Palafolls", "LAU_CODE": "08155", "GISCO_ID": "ES_08155", "CNTR_CODE": "ES", "LAU_NAME": "Palafolls", "POP_2024": 0.0, "POP_DENS_2024": 0.0, "AREA_KM2": 16.51739161, "YEAR": 2024, "municipi": "Palafolls", "Preu_m2_2025": 2225.39, "Preu_m2_2013": 1446.5, "Ventas_2025": 136.0, "Ventas_2013": 43.0, "Inc_Preu_m2": 53.846526097476655 }, "geometry": { "type": "MultiPolygon", "coordinates": [ [ [ [ 2.7578505, 41.679394 ], [ 2.7456551, 41.6890975 ], [ 2.725784, 41.6926226 ], [ 2.7149556, 41.6825451 ], [ 2.6939595, 41.670691 ], [ 2.7041864, 41.6584609 ], [ 2.714922, 41.651743 ], [ 2.7251105, 41.6530392 ], [ 2.7422003, 41.6608338 ], [ 2.7524708, 41.6585014 ], [ 2.7652885, 41.666108 ], [ 2.7578505, 41.679394 ] ] ] ] } },
{ "type": "Feature", "properties": { "codauto": "09", "ine.ccaa.name": "Cataluña", "cpro": "08", "ine.prov.name": "Barcelona", "cmun": "156", "name": "Palau-solità i Plegamans", "LAU_CODE": "08156", "GISCO_ID": "ES_08156", "CNTR_CODE": "ES", "LAU_NAME": "Palau-solità i Plegamans", "POP_2024": 0.0, "POP_DENS_2024": 0.0, "AREA_KM2": 15.08795231, "YEAR": 2024, "municipi": "Palau-solità i Plegamans", "Preu_m2_2025": 2521.66, "Preu_m2_2013": 1857.1, "Ventas_2025": 174.0, "Ventas_2013": 58.0, "Inc_Preu_m2": 35.784825803672391 }, "geometry": { "type": "MultiPolygon", "coordinates": [ [ [ [ 2.1896257, 41.5983222 ], [ 2.187875, 41.6066105 ], [ 2.182095, 41.6016492 ], [ 2.1646905, 41.601193 ], [ 2.1548716, 41.5916536 ], [ 2.1499145, 41.576298 ], [ 2.157612, 41.5660241 ], [ 2.1661308, 41.5639508 ], [ 2.1708236, 41.5562783 ], [ 2.174129, 41.555385 ], [ 2.18977, 41.557019 ], [ 2.18907, 41.560697 ], [ 2.187484, 41.5660265 ], [ 2.187436, 41.5718908 ], [ 2.1966195, 41.5749845 ], [ 2.202798, 41.575632 ], [ 2.2023325, 41.5768505 ], [ 2.2013465, 41.580541 ], [ 2.1896257, 41.5983222 ] ] ] ] } },
{ "type": "Feature", "properties": { "codauto": "09", "ine.ccaa.name": "Cataluña", "cpro": "08", "ine.prov.name": "Barcelona", "cmun": "157", "name": "Pallejà", "LAU_CODE": "08157", "GISCO_ID": "ES_08157", "CNTR_CODE": "ES", "LAU_NAME": "Pallejà", "POP_2024": 0.0, "POP_DENS_2024": 0.0, "AREA_KM2": 8.46205776, "YEAR": 2024, "municipi": "Pallejà", "Preu_m2_2025": 2877.82, "Preu_m2_2013": 1413.0, "Ventas_2025": 95.0, "Ventas_2013": 44.0, "Inc_Preu_m2": 103.6673743807502 }, "geometry": { "type": "MultiPolygon", "coordinates": [ [ [ [ 1.994082, 41.435589 ], [ 1.9904095, 41.439622 ], [ 1.9618785, 41.4215957 ], [ 1.9481885, 41.420633 ], [ 1.945183, 41.4175085 ], [ 1.9732384, 41.4167359 ], [ 1.9885955, 41.408331 ], [ 1.9982708, 41.4065488 ], [ 2.0097105, 41.4109765 ], [ 2.005604, 41.4214415 ], [ 1.994082, 41.435589 ] ] ] ] } },
{ "type": "Feature", "properties": { "codauto": "09", "ine.ccaa.name": "Cataluña", "cpro": "08", "ine.prov.name": "Barcelona", "cmun": "159", "name": "Parets del Vallès", "LAU_CODE": "08159", "GISCO_ID": "ES_08159", "CNTR_CODE": "ES", "LAU_NAME": "Parets del Vallès", "POP_2024": 0.0, "POP_DENS_2024": 0.0, "AREA_KM2": 9.14067279, "YEAR": 2024, "municipi": "Parets del Vallès", "Preu_m2_2025": 2652.06, "Preu_m2_2013": 1367.4, "Ventas_2025": 161.0, "Ventas_2013": 138.0, "Inc_Preu_m2": 93.949100482667831 }, "geometry": { "type": "MultiPolygon", "coordinates": [ [ [ [ 2.2473777, 41.5584612 ], [ 2.2564395, 41.573725 ], [ 2.258847, 41.5817975 ], [ 2.2283972, 41.5777749 ], [ 2.2040065, 41.568676 ], [ 2.212764, 41.5571799 ], [ 2.2322014, 41.5543973 ], [ 2.2318755, 41.5446985 ], [ 2.2473777, 41.5584612 ] ] ], [ [ [ 2.2023325, 41.5768505 ], [ 2.2083025, 41.5782307 ], [ 2.2113555, 41.5830305 ], [ 2.2013465, 41.580541 ], [ 2.2023325, 41.5768505 ] ] ] ] } },
{ "type": "Feature", "properties": { "codauto": "09", "ine.ccaa.name": "Cataluña", "cpro": "08", "ine.prov.name": "Barcelona", "cmun": "161", "name": "Piera", "LAU_CODE": "08161", "GISCO_ID": "ES_08161", "CNTR_CODE": "ES", "LAU_NAME": "Piera", "POP_2024": 0.0, "POP_DENS_2024": 0.0, "AREA_KM2": 57.22463274, "YEAR": 2024, "municipi": "Piera", "Preu_m2_2025": 1584.39, "Preu_m2_2013": 1319.4, "Ventas_2025": 228.0, "Ventas_2013": 34.0, "Inc_Preu_m2": 20.08412914961346 }, "geometry": { "type": "MultiPolygon", "coordinates": [ [ [ [ 1.7196146, 41.579144299999989 ], [ 1.717116, 41.5656245 ], [ 1.721526, 41.5601747 ], [ 1.71618, 41.5522745 ], [ 1.7199471, 41.5146332 ], [ 1.713204, 41.5098068 ], [ 1.7073485, 41.509912 ], [ 1.7039964, 41.5070168 ], [ 1.7078605, 41.5023624 ], [ 1.7171956, 41.4997691 ], [ 1.7404781, 41.4784743 ], [ 1.7383045, 41.473406399999988 ], [ 1.7507195, 41.4646118 ], [ 1.7468715, 41.458739 ], [ 1.751446, 41.4576215 ], [ 1.7488845, 41.453363 ], [ 1.752077, 41.451334 ], [ 1.769079, 41.445588 ], [ 1.7755888, 41.4510719 ], [ 1.7755905, 41.4633754 ], [ 1.7981125, 41.46698 ], [ 1.792441, 41.473652 ], [ 1.7813843, 41.5059192 ], [ 1.7854975, 41.5130721 ], [ 1.7781115, 41.523756 ], [ 1.7615032, 41.5366989 ], [ 1.7551255, 41.558419799999989 ], [ 1.745148, 41.5664212 ], [ 1.7426235, 41.57448 ], [ 1.7332255, 41.5813845 ], [ 1.7196146, 41.579144299999989 ] ] ] ] } },
{ "type": "Feature", "properties": { "codauto": "09", "ine.ccaa.name": "Cataluña", "cpro": "08", "ine.prov.name": "Barcelona", "cmun": "163", "name": "Pineda de Mar", "LAU_CODE": "08163", "GISCO_ID": "ES_08163", "CNTR_CODE": "ES", "LAU_NAME": "Pineda de Mar", "POP_2024": 0.0, "POP_DENS_2024": 0.0, "AREA_KM2": 10.35389041, "YEAR": 2024, "municipi": "Pineda de Mar", "Preu_m2_2025": 2369.45, "Preu_m2_2013": 1532.2, "Ventas_2025": 382.0, "Ventas_2013": 226.0, "Inc_Preu_m2": 54.643649654092144 }, "geometry": { "type": "MultiPolygon", "coordinates": [ [ [ [ 2.6956877, 41.6371748 ], [ 2.682447, 41.649554 ], [ 2.6772582, 41.6433371 ], [ 2.6636531, 41.6420078 ], [ 2.6397778, 41.6427827 ], [ 2.633509, 41.6478486 ], [ 2.6273465, 41.647572 ], [ 2.628183, 41.638172 ], [ 2.6481801, 41.6402072 ], [ 2.649787, 41.6326801 ], [ 2.6708685, 41.614757 ], [ 2.6728425, 41.615505 ], [ 2.68272, 41.617878 ], [ 2.6892025, 41.620239 ], [ 2.6981645, 41.62228 ], [ 2.7030195, 41.624683499999989 ], [ 2.6956877, 41.6371748 ] ] ] ] } },
{ "type": "Feature", "properties": { "codauto": "09", "ine.ccaa.name": "Cataluña", "cpro": "08", "ine.prov.name": "Barcelona", "cmun": "167", "name": "Polinyà", "LAU_CODE": "08167", "GISCO_ID": "ES_08167", "CNTR_CODE": "ES", "LAU_NAME": "Polinyà", "POP_2024": 0.0, "POP_DENS_2024": 0.0, "AREA_KM2": 8.79228194, "YEAR": 2024, "municipi": "Polinyà", "Preu_m2_2025": 2545.98, "Preu_m2_2013": 1456.4, "Ventas_2025": 63.0, "Ventas_2013": 25.0, "Inc_Preu_m2": 74.813238121395216 }, "geometry": { "type": "MultiPolygon", "coordinates": [ [ [ [ 2.1589342, 41.5374992 ], [ 2.1669194, 41.540417 ], [ 2.1690638, 41.5465155 ], [ 2.1734735, 41.5492384 ], [ 2.174129, 41.555385 ], [ 2.1708236, 41.5562783 ], [ 2.1661308, 41.5639508 ], [ 2.157612, 41.5660241 ], [ 2.1499145, 41.576298 ], [ 2.126336, 41.5751235 ], [ 2.1301185, 41.5645368 ], [ 2.1394692, 41.5596915 ], [ 2.15028, 41.540978 ], [ 2.1589342, 41.5374992 ] ] ] ] } },
{ "type": "Feature", "properties": { "codauto": "09", "ine.ccaa.name": "Cataluña", "cpro": "08", "ine.prov.name": "Barcelona", "cmun": "169", "name": "Prat de Llobregat, El", "LAU_CODE": "08169", "GISCO_ID": "ES_08169", "CNTR_CODE": "ES", "LAU_NAME": "Prat de Llobregat, El", "POP_2024": 0.0, "POP_DENS_2024": 0.0, "AREA_KM2": 31.59962035, "YEAR": 2024, "municipi": "Prat de Llobregat, el", "Preu_m2_2025": 3221.37, "Preu_m2_2013": 1675.9, "Ventas_2025": 548.0, "Ventas_2013": 202.0, "Inc_Preu_m2": 92.217316068977851 }, "geometry": { "type": "MultiPolygon", "coordinates": [ [ [ [ 2.0992845, 41.337098 ], [ 2.093648, 41.340031 ], [ 2.0895215, 41.3413005 ], [ 2.0776428, 41.3477928 ], [ 2.0687715, 41.3446485 ], [ 2.0713154, 41.3409027 ], [ 2.0776744, 41.3399682 ], [ 2.068589, 41.329304 ], [ 2.0716549, 41.3237837 ], [ 2.0637145, 41.3155618 ], [ 2.0660983, 41.3083309 ], [ 2.0580108, 41.3027227 ], [ 2.0620827, 41.292422 ], [ 2.0693625, 41.2863865 ], [ 2.074614, 41.2772675 ], [ 2.076623, 41.278099 ], [ 2.0865675, 41.280735 ], [ 2.0909815, 41.2822495 ], [ 2.098393, 41.284073 ], [ 2.1072385, 41.2868235 ], [ 2.119573, 41.292061 ], [ 2.1250995, 41.295704 ], [ 2.1298225, 41.299473 ], [ 2.1355485, 41.303448 ], [ 2.139447, 41.306732 ], [ 2.1435305, 41.3123095 ], [ 2.146483, 41.3152505 ], [ 2.147468, 41.317291 ], [ 2.149536, 41.3194695 ], [ 2.1509365, 41.3217545 ], [ 2.1197742, 41.3226903 ], [ 2.1013685, 41.336334 ], [ 2.0992845, 41.337098 ] ] ] ] } },
{ "type": "Feature", "properties": { "codauto": "09", "ine.ccaa.name": "Cataluña", "cpro": "08", "ine.prov.name": "Barcelona", "cmun": "172", "name": "Premià de Mar", "LAU_CODE": "08172", "GISCO_ID": "ES_08172", "CNTR_CODE": "ES", "LAU_NAME": "Premià de Mar", "POP_2024": 0.0, "POP_DENS_2024": 0.0, "AREA_KM2": 1.98372696, "YEAR": 2024, "municipi": "Premià de Mar", "Preu_m2_2025": 2998.85, "Preu_m2_2013": 1722.3, "Ventas_2025": 187.0, "Ventas_2013": 123.0, "Inc_Preu_m2": 74.11891075886895 }, "geometry": { "type": "MultiPolygon", "coordinates": [ [ [ [ 2.346734, 41.484913 ], [ 2.376091, 41.4941635 ], [ 2.3730225, 41.496706 ], [ 2.3552137, 41.4973078 ], [ 2.343998, 41.48815 ], [ 2.346734, 41.484913 ] ] ] ] } },
{ "type": "Feature", "properties": { "codauto": "09", "ine.ccaa.name": "Cataluña", "cpro": "08", "ine.prov.name": "Barcelona", "cmun": "180", "name": "Ripollet", "LAU_CODE": "08180", "GISCO_ID": "ES_08180", "CNTR_CODE": "ES", "LAU_NAME": "Ripollet", "POP_2024": 0.0, "POP_DENS_2024": 0.0, "AREA_KM2": 4.38893093, "YEAR": 2024, "municipi": "Ripollet", "Preu_m2_2025": 2735.7, "Preu_m2_2013": 1748.1, "Ventas_2025": 387.0, "Ventas_2013": 134.0, "Inc_Preu_m2": 56.495623820147586 }, "geometry": { "type": "MultiPolygon", "coordinates": [ [ [ [ 2.1682293, 41.4894147 ], [ 2.1719732, 41.4919297 ], [ 2.1589955, 41.507388 ], [ 2.1539868, 41.5105442 ], [ 2.134615, 41.506618499999988 ], [ 2.15269, 41.4894675 ], [ 2.1682293, 41.4894147 ] ] ] ] } },
{ "type": "Feature", "properties": { "codauto": "09", "ine.ccaa.name": "Cataluña", "cpro": "08", "ine.prov.name": "Barcelona", "cmun": "181", "name": "Roca del Vallès, La", "LAU_CODE": "08181", "GISCO_ID": "ES_08181", "CNTR_CODE": "ES", "LAU_NAME": "Roca del Vallès, La", "POP_2024": 0.0, "POP_DENS_2024": 0.0, "AREA_KM2": 36.75323684, "YEAR": 2024, "municipi": "Roca del Vallès, la", "Preu_m2_2025": 2386.97, "Preu_m2_2013": 1324.9, "Ventas_2025": 122.0, "Ventas_2013": 56.0, "Inc_Preu_m2": 80.162276398218708 }, "geometry": { "type": "MultiPolygon", "coordinates": [ [ [ [ 2.3017745, 41.576085 ], [ 2.3108626, 41.5713597 ], [ 2.3091721, 41.5664781 ], [ 2.3126468, 41.5644102 ], [ 2.3374335, 41.5612145 ], [ 2.3421735, 41.5619511 ], [ 2.3558935, 41.5738765 ], [ 2.365504, 41.5831535 ], [ 2.3685475, 41.585428 ], [ 2.3750675, 41.5953405 ], [ 2.382898, 41.5970665 ], [ 2.376641, 41.5981443 ], [ 2.3755138, 41.6059609 ], [ 2.3613635, 41.6201335 ], [ 2.3508495, 41.6174223 ], [ 2.3469427, 41.6223277 ], [ 2.3562157, 41.6265996 ], [ 2.3571052, 41.6332503 ], [ 2.3304445, 41.635457 ], [ 2.326605, 41.6324565 ], [ 2.3249045, 41.6285735 ], [ 2.3229325, 41.6254365 ], [ 2.317209, 41.618126 ], [ 2.319216, 41.612444 ], [ 2.3117905, 41.609806 ], [ 2.310011, 41.6078855 ], [ 2.3030265, 41.607415 ], [ 2.297452, 41.6035085 ], [ 2.2914515, 41.577003 ], [ 2.3017745, 41.576085 ] ] ] ] } },
{ "type": "Feature", "properties": { "codauto": "09", "ine.ccaa.name": "Cataluña", "cpro": "08", "ine.prov.name": "Barcelona", "cmun": "183", "name": "Roda de Ter", "LAU_CODE": "08183", "GISCO_ID": "ES_08183", "CNTR_CODE": "ES", "LAU_NAME": "Roda de Ter", "POP_2024": 0.0, "POP_DENS_2024": 0.0, "AREA_KM2": 2.22854899, "YEAR": 2024, "municipi": "Roda de Ter", "Preu_m2_2025": 1314.25, "Preu_m2_2013": 1039.6, "Ventas_2025": 60.0, "Ventas_2013": 21.0, "Inc_Preu_m2": 26.41881492881879 }, "geometry": { "type": "MultiPolygon", "coordinates": [ [ [ [ 2.2993245, 41.970583 ], [ 2.3087764, 41.9679381 ], [ 2.3095676, 41.9746598 ], [ 2.3187747, 41.9843998 ], [ 2.3169074, 41.9898796 ], [ 2.3049164, 41.9874703 ], [ 2.2998005, 41.9725915 ], [ 2.2993245, 41.970583 ] ] ] ] } },
{ "type": "Feature", "properties": { "codauto": "09", "ine.ccaa.name": "Cataluña", "cpro": "08", "ine.prov.name": "Barcelona", "cmun": "184", "name": "Rubí", "LAU_CODE": "08184", "GISCO_ID": "ES_08184", "CNTR_CODE": "ES", "LAU_NAME": "Rubí", "POP_2024": 0.0, "POP_DENS_2024": 0.0, "AREA_KM2": 32.19783331, "YEAR": 2024, "municipi": "Rubí", "Preu_m2_2025": 2301.42, "Preu_m2_2013": 1256.8, "Ventas_2025": 854.0, "Ventas_2013": 333.0, "Inc_Preu_m2": 83.117441120305543 }, "geometry": { "type": "MultiPolygon", "coordinates": [ [ [ [ 2.0253096, 41.5270129 ], [ 2.0049835, 41.5335674 ], [ 1.9970462, 41.5415876 ], [ 1.9917673, 41.5422278 ], [ 1.9857565, 41.535238 ], [ 1.9847033, 41.5262213 ], [ 1.978659, 41.5232485 ], [ 1.9854115, 41.5128147 ], [ 1.9900596, 41.4889946 ], [ 1.9953447, 41.4849108 ], [ 1.9984703, 41.4739422 ], [ 2.0049368, 41.4695952 ], [ 2.0053648, 41.4645606 ], [ 2.002377, 41.4616005 ], [ 2.0123059, 41.4628801 ], [ 2.0196124, 41.4684013 ], [ 2.0285942, 41.4674393 ], [ 2.0344563, 41.4712606 ], [ 2.0484727, 41.4878547 ], [ 2.0551577, 41.503521 ], [ 2.051318, 41.51223 ], [ 2.0450125, 41.5093662 ], [ 2.0345669, 41.5128665 ], [ 2.0343935, 41.5168145 ], [ 2.0253096, 41.5270129 ] ] ] ] } },
{ "type": "Feature", "properties": { "codauto": "09", "ine.ccaa.name": "Cataluña", "cpro": "08", "ine.prov.name": "Barcelona", "cmun": "187", "name": "Sabadell", "LAU_CODE": "08187", "GISCO_ID": "ES_08187", "CNTR_CODE": "ES", "LAU_NAME": "Sabadell", "POP_2024": 0.0, "POP_DENS_2024": 0.0, "AREA_KM2": 37.53500158, "YEAR": 2024, "municipi": "Sabadell", "Preu_m2_2025": 2405.61, "Preu_m2_2013": 1501.2, "Ventas_2025": 2524.0, "Ventas_2013": 1278.0, "Inc_Preu_m2": 60.245803357314152 }, "geometry": { "type": "MultiPolygon", "coordinates": [ [ [ [ 2.1068656, 41.589817 ], [ 2.1038774, 41.5855262 ], [ 2.0854814, 41.5815411 ], [ 2.062074, 41.5877195 ], [ 2.05073, 41.5888842 ], [ 2.0479722, 41.5867958 ], [ 2.0646447, 41.5753125 ], [ 2.0622392, 41.5709319 ], [ 2.0667735, 41.5618062 ], [ 2.0660909, 41.5554231 ], [ 2.0618576, 41.5518737 ], [ 2.066027, 41.5425115 ], [ 2.0788933, 41.5425805 ], [ 2.0845574, 41.5393287 ], [ 2.0909993, 41.5417345 ], [ 2.0964416, 41.5368623 ], [ 2.0992214, 41.5321527 ], [ 2.098374, 41.5202175 ], [ 2.0885295, 41.5110895 ], [ 2.1070085, 41.5077075 ], [ 2.1121515, 41.5182195 ], [ 2.1111469, 41.5212254 ], [ 2.1235229, 41.5267466 ], [ 2.1242198, 41.5323544 ], [ 2.1386585, 41.5316175 ], [ 2.1407544, 41.5369703 ], [ 2.15028, 41.540978 ], [ 2.1394692, 41.5596915 ], [ 2.1301185, 41.5645368 ], [ 2.126336, 41.5751235 ], [ 2.1183661, 41.5791815 ], [ 2.117236, 41.5901715 ], [ 2.1068656, 41.589817 ] ] ] ] } },
{ "type": "Feature", "properties": { "codauto": "09", "ine.ccaa.name": "Cataluña", "cpro": "08", "ine.prov.name": "Barcelona", "cmun": "191", "name": "Sallent", "LAU_CODE": "08191", "GISCO_ID": "ES_08191", "CNTR_CODE": "ES", "LAU_NAME": "Sallent", "POP_2024": 0.0, "POP_DENS_2024": 0.0, "AREA_KM2": 65.2970892, "YEAR": 2024, "municipi": "Sallent", "Preu_m2_2025": 1116.68, "Preu_m2_2013": 1126.3, "Ventas_2025": 71.0, "Ventas_2013": 28.0, "Inc_Preu_m2": -0.85412412323536269 }, "geometry": { "type": "MultiPolygon", "coordinates": [ [ [ [ 1.8564133, 41.817290299999989 ], [ 1.846679, 41.809225 ], [ 1.8516685, 41.8006365 ], [ 1.8561495, 41.7983055 ], [ 1.8604423, 41.7965815 ], [ 1.864755, 41.7948495 ], [ 1.862212, 41.789234 ], [ 1.86558, 41.783815 ], [ 1.9045165, 41.772371 ], [ 1.903861, 41.7741785 ], [ 1.9073407, 41.7814375 ], [ 1.9336052, 41.798458499999988 ], [ 1.9344115, 41.8070232 ], [ 1.957864, 41.812482 ], [ 1.9536329, 41.819017 ], [ 1.9405502, 41.8286547 ], [ 1.9349298, 41.8425391 ], [ 1.9124747, 41.8466038 ], [ 1.911068, 41.8492975 ], [ 1.9134221, 41.8568078 ], [ 1.9296168, 41.8612977 ], [ 1.950438, 41.8892417 ], [ 1.9631241, 41.8954633 ], [ 1.960559, 41.9064615 ], [ 1.9228067, 41.8994888 ], [ 1.9175889, 41.9013727 ], [ 1.9043875, 41.899712 ], [ 1.9130196, 41.8873585 ], [ 1.9056579, 41.880686 ], [ 1.8955199, 41.8544731 ], [ 1.8782611, 41.8356875 ], [ 1.8690007, 41.8321298 ], [ 1.8604423, 41.8325747 ], [ 1.852137, 41.832156 ], [ 1.8564133, 41.817290299999989 ] ] ] ] } },
{ "type": "Feature", "properties": { "codauto": "09", "ine.ccaa.name": "Cataluña", "cpro": "08", "ine.prov.name": "Barcelona", "cmun": "192", "name": "Santpedor", "LAU_CODE": "08192", "GISCO_ID": "ES_08192", "CNTR_CODE": "ES", "LAU_NAME": "Santpedor", "POP_2024": 0.0, "POP_DENS_2024": 0.0, "AREA_KM2": 16.77134132, "YEAR": 2024, "municipi": "Santpedor", "Preu_m2_2025": 2144.57, "Preu_m2_2013": 1476.7, "Ventas_2025": 55.0, "Ventas_2013": 73.0, "Inc_Preu_m2": 45.227195774361761 }, "geometry": { "type": "MultiPolygon", "coordinates": [ [ [ [ 1.8121957, 41.7871133 ], [ 1.8134976, 41.777252 ], [ 1.8087488, 41.7685007 ], [ 1.8201867, 41.76469 ], [ 1.8272659, 41.7665561 ], [ 1.828315, 41.764164 ], [ 1.8373255, 41.7635115 ], [ 1.8486935, 41.7676925 ], [ 1.8572265, 41.765793 ], [ 1.8604423, 41.7727734 ], [ 1.8620561, 41.7801971 ], [ 1.86558, 41.783815 ], [ 1.862212, 41.789234 ], [ 1.864755, 41.7948495 ], [ 1.8604423, 41.7965815 ], [ 1.8561495, 41.7983055 ], [ 1.8516685, 41.8006365 ], [ 1.846679, 41.809225 ], [ 1.8287464, 41.796816 ], [ 1.802226, 41.796775 ], [ 1.802155, 41.7916015 ], [ 1.8121957, 41.7871133 ] ] ] ] } },
{ "type": "Feature", "properties": { "codauto": "09", "ine.ccaa.name": "Cataluña", "cpro": "08", "ine.prov.name": "Barcelona", "cmun": "194", "name": "Sant Adrià de Besòs", "LAU_CODE": "08194", "GISCO_ID": "ES_08194", "CNTR_CODE": "ES", "LAU_NAME": "Sant Adrià de Besòs", "POP_2024": 0.0, "POP_DENS_2024": 0.0, "AREA_KM2": 3.80707688, "YEAR": 2024, "municipi": "Sant Adrià de Besòs", "Preu_m2_2025": 2991.04, "Preu_m2_2013": 2007.8, "Ventas_2025": 290.0, "Ventas_2013": 180.0, "Inc_Preu_m2": 48.971013049108478 }, "geometry": { "type": "MultiPolygon", "coordinates": [ [ [ [ 2.237231, 41.4258845 ], [ 2.2317605, 41.4302491 ], [ 2.2251831, 41.4299939 ], [ 2.2150725, 41.435097 ], [ 2.210759, 41.4334305 ], [ 2.206672, 41.432017 ], [ 2.2072951, 41.4258243 ], [ 2.2209349, 41.4139444 ], [ 2.227167, 41.4126055 ], [ 2.237231, 41.4258845 ] ] ] ] } },
{ "type": "Feature", "properties": { "codauto": "09", "ine.ccaa.name": "Cataluña", "cpro": "08", "ine.prov.name": "Barcelona", "cmun": "196", "name": "Sant Andreu de la Barca", "LAU_CODE": "08196", "GISCO_ID": "ES_08196", "CNTR_CODE": "ES", "LAU_NAME": "Sant Andreu de la Barca", "POP_2024": 0.0, "POP_DENS_2024": 0.0, "AREA_KM2": 5.64013128, "YEAR": 2024, "municipi": "Sant Andreu de la Barca", "Preu_m2_2025": 2585.08, "Preu_m2_2013": 1371.7, "Ventas_2025": 183.0, "Ventas_2013": 118.0, "Inc_Preu_m2": 88.458117664212281 }, "geometry": { "type": "MultiPolygon", "coordinates": [ [ [ [ 1.9782287, 41.4498666 ], [ 1.972882, 41.4630971 ], [ 1.9612823, 41.4604963 ], [ 1.9536625, 41.464699 ], [ 1.9473415, 41.461014 ], [ 1.9519252, 41.4544667 ], [ 1.9471198, 41.4461635 ], [ 1.949505, 41.4411215 ], [ 1.9559389, 41.4397485 ], [ 1.9849945, 41.4435435 ], [ 1.9782287, 41.4498666 ] ] ] ] } },
{ "type": "Feature", "properties": { "codauto": "09", "ine.ccaa.name": "Cataluña", "cpro": "08", "ine.prov.name": "Barcelona", "cmun": "197", "name": "Sant Andreu de Llavaneres", "LAU_CODE": "08197", "GISCO_ID": "ES_08197", "CNTR_CODE": "ES", "LAU_NAME": "Sant Andreu de Llavaneres", "POP_2024": 0.0, "POP_DENS_2024": 0.0, "AREA_KM2": 11.90731005, "YEAR": 2024, "municipi": "Sant Andreu de Llavaneres", "Preu_m2_2025": 3054.39, "Preu_m2_2013": 2005.1, "Ventas_2025": 164.0, "Ventas_2013": 49.0, "Inc_Preu_m2": 52.331055807690383 }, "geometry": { "type": "MultiPolygon", "coordinates": [ [ [ [ 2.4788191, 41.599690099999989 ], [ 2.4739795, 41.5928722 ], [ 2.4563145, 41.5801095 ], [ 2.4604819, 41.5743026 ], [ 2.4699836, 41.5724961 ], [ 2.4772883, 41.5665101 ], [ 2.487484, 41.5511095 ], [ 2.508814, 41.5603675 ], [ 2.4958954, 41.5715509 ], [ 2.4960275, 41.604133 ], [ 2.4788191, 41.599690099999989 ] ] ] ] } },
{ "type": "Feature", "properties": { "codauto": "09", "ine.ccaa.name": "Cataluña", "cpro": "08", "ine.prov.name": "Barcelona", "cmun": "198", "name": "Sant Antoni de Vilamajor", "LAU_CODE": "08198", "GISCO_ID": "ES_08198", "CNTR_CODE": "ES", "LAU_NAME": "Sant Antoni de Vilamajor", "POP_2024": 0.0, "POP_DENS_2024": 0.0, "AREA_KM2": 13.87854491, "YEAR": 2024, "municipi": "Sant Antoni de Vilamajor", "Preu_m2_2025": 2056.94, "Preu_m2_2013": 1153.2, "Ventas_2025": 67.0, "Ventas_2013": 63.0, "Inc_Preu_m2": 78.368019424210885 }, "geometry": { "type": "MultiPolygon", "coordinates": [ [ [ [ 2.3928459, 41.6505022 ], [ 2.41168, 41.6452126 ], [ 2.4231423, 41.6587295 ], [ 2.4236735, 41.6753865 ], [ 2.415274, 41.6768305 ], [ 2.3996395, 41.6779745 ], [ 2.3910665, 41.674248 ], [ 2.3801275, 41.670368 ], [ 2.3653295, 41.669626 ], [ 2.3665885, 41.664562 ], [ 2.3676375, 41.6574095 ], [ 2.3699365, 41.649848 ], [ 2.3708705, 41.6443485 ], [ 2.3747505, 41.638486 ], [ 2.3928459, 41.6505022 ] ] ] ] } },
{ "type": "Feature", "properties": { "codauto": "09", "ine.ccaa.name": "Cataluña", "cpro": "08", "ine.prov.name": "Barcelona", "cmun": "200", "name": "Sant Boi de Llobregat", "LAU_CODE": "08200", "GISCO_ID": "ES_08200", "CNTR_CODE": "ES", "LAU_NAME": "Sant Boi de Llobregat", "POP_2024": 0.0, "POP_DENS_2024": 0.0, "AREA_KM2": 22.09891243, "YEAR": 2024, "municipi": "Sant Boi de Llobregat", "Preu_m2_2025": 3010.36, "Preu_m2_2013": 1963.2, "Ventas_2025": 752.0, "Ventas_2013": 243.0, "Inc_Preu_m2": 53.339445802770989 }, "geometry": { "type": "MultiPolygon", "coordinates": [ [ [ [ 2.0636335, 41.346873 ], [ 2.0606665, 41.347773 ], [ 2.0570545, 41.348258 ], [ 2.054473, 41.3481815 ], [ 2.0521625, 41.347884 ], [ 2.0501725, 41.3475105 ], [ 2.046073, 41.3518467 ], [ 2.04817, 41.361641 ], [ 2.0339296, 41.3612142 ], [ 2.0260151, 41.3578781 ], [ 2.0205071, 41.3592728 ], [ 2.0158406, 41.3553993 ], [ 1.9991845, 41.356151 ], [ 2.010888, 41.337740499999988 ], [ 2.020797, 41.3331076 ], [ 2.0434753, 41.3119706 ], [ 2.0588743, 41.2921606 ], [ 2.0693625, 41.2863865 ], [ 2.0620827, 41.292422 ], [ 2.0580108, 41.3027227 ], [ 2.0660983, 41.3083309 ], [ 2.0637145, 41.3155618 ], [ 2.0716549, 41.3237837 ], [ 2.068589, 41.329304 ], [ 2.0776744, 41.3399682 ], [ 2.0713154, 41.3409027 ], [ 2.0687715, 41.3446485 ], [ 2.0636335, 41.346873 ] ] ] ] } },
{ "type": "Feature", "properties": { "codauto": "09", "ine.ccaa.name": "Cataluña", "cpro": "08", "ine.prov.name": "Barcelona", "cmun": "202", "name": "Sant Celoni", "LAU_CODE": "08202", "GISCO_ID": "ES_08202", "CNTR_CODE": "ES", "LAU_NAME": "Sant Celoni", "POP_2024": 0.0, "POP_DENS_2024": 0.0, "AREA_KM2": 65.30715412000001, "YEAR": 2024, "municipi": "Sant Celoni", "Preu_m2_2025": 1848.08, "Preu_m2_2013": 1273.6, "Ventas_2025": 170.0, "Ventas_2013": 81.0, "Inc_Preu_m2": 45.106783919597994 }, "geometry": { "type": "MultiPolygon", "coordinates": [ [ [ [ 2.5944061, 41.6873014 ], [ 2.5887291, 41.7005127 ], [ 2.5990898, 41.713952 ], [ 2.5963133, 41.7215788 ], [ 2.5989385, 41.728327 ], [ 2.5717335, 41.7262155 ], [ 2.5476961, 41.7195282 ], [ 2.5371334, 41.722413 ], [ 2.5305885, 41.730692 ], [ 2.5386973, 41.7172478 ], [ 2.5304938, 41.7086128 ], [ 2.5212343, 41.706212699999988 ], [ 2.4914425, 41.7175945 ], [ 2.4838972, 41.7171936 ], [ 2.473282, 41.7074825 ], [ 2.470337, 41.70834 ], [ 2.463108, 41.7038255 ], [ 2.4788167, 41.688677 ], [ 2.4848617, 41.6784343 ], [ 2.4798955, 41.6716835 ], [ 2.4950437, 41.6610962 ], [ 2.5276211, 41.6565525 ], [ 2.541274, 41.648689 ], [ 2.5461477, 41.6572335 ], [ 2.5507474, 41.6595375 ], [ 2.5930015, 41.6588755 ], [ 2.5938665, 41.658865 ], [ 2.5981671, 41.6692289 ], [ 2.6078906, 41.674936 ], [ 2.5996845, 41.683822 ], [ 2.5944061, 41.6873014 ] ] ] ] } },
{ "type": "Feature", "properties": { "codauto": "09", "ine.ccaa.name": "Cataluña", "cpro": "08", "ine.prov.name": "Barcelona", "cmun": "205", "name": "Sant Cugat del Vallès", "LAU_CODE": "08205", "GISCO_ID": "ES_08205", "CNTR_CODE": "ES", "LAU_NAME": "Sant Cugat del Vallès", "POP_2024": 0.0, "POP_DENS_2024": 0.0, "AREA_KM2": 48.23551559, "YEAR": 2024, "municipi": "Sant Cugat del Vallès", "Preu_m2_2025": 5251.95, "Preu_m2_2013": 2658.9, "Ventas_2025": 663.0, "Ventas_2013": 607.0, "Inc_Preu_m2": 97.523411937267284 }, "geometry": { "type": "MultiPolygon", "coordinates": [ [ [ [ 2.1206889, 41.4498288 ], [ 2.1165134, 41.4654627 ], [ 2.1071214, 41.4684131 ], [ 2.075678, 41.497288 ], [ 2.075221, 41.5067905 ], [ 2.0663201, 41.5110912 ], [ 2.0631448, 41.5191891 ], [ 2.051318, 41.51223 ], [ 2.0551577, 41.503521 ], [ 2.0484727, 41.4878547 ], [ 2.0344563, 41.4712606 ], [ 2.0285942, 41.4674393 ], [ 2.0196124, 41.4684013 ], [ 2.0123059, 41.4628801 ], [ 2.002377, 41.4616005 ], [ 1.9997315, 41.460242 ], [ 2.0222329, 41.4574172 ], [ 2.0249658, 41.4494289 ], [ 2.0329465, 41.4416895 ], [ 2.0604936, 41.4448767 ], [ 2.0630793, 41.4417524 ], [ 2.059358, 41.435388 ], [ 2.0667661, 41.4289778 ], [ 2.0704855, 41.418812 ], [ 2.0785845, 41.4149785 ], [ 2.0787424, 41.4239166 ], [ 2.0739349, 41.4254732 ], [ 2.0720234, 41.4348106 ], [ 2.0877286, 41.4288187 ], [ 2.0958337, 41.4324672 ], [ 2.1034784, 41.4286363 ], [ 2.1198825, 41.4263415 ], [ 2.1272718, 41.4333395 ], [ 2.1299435, 41.4430295 ], [ 2.1206889, 41.4498288 ] ] ] ] } },
{ "type": "Feature", "properties": { "codauto": "09", "ine.ccaa.name": "Cataluña", "cpro": "08", "ine.prov.name": "Barcelona", "cmun": "208", "name": "Sant Esteve Sesrovires", "LAU_CODE": "08208", "GISCO_ID": "ES_08208", "CNTR_CODE": "ES", "LAU_NAME": "Sant Esteve Sesrovires", "POP_2024": 0.0, "POP_DENS_2024": 0.0, "AREA_KM2": 18.4892293, "YEAR": 2024, "municipi": "Sant Esteve Sesrovires", "Preu_m2_2025": 2101.79, "Preu_m2_2013": 1308.5, "Ventas_2025": 86.0, "Ventas_2013": 18.0, "Inc_Preu_m2": 60.625907527703468 }, "geometry": { "type": "MultiPolygon", "coordinates": [ [ [ [ 1.9087606, 41.4693013 ], [ 1.8992349, 41.4781659 ], [ 1.8943283, 41.4893991 ], [ 1.8967222, 41.494995599999989 ], [ 1.8943168, 41.5003856 ], [ 1.9049555, 41.501877 ], [ 1.8876501, 41.5076667 ], [ 1.8604423, 41.506856 ], [ 1.8555665, 41.5086235 ], [ 1.84402, 41.5068405 ], [ 1.8396561, 41.5003304 ], [ 1.84303, 41.49316 ], [ 1.8604423, 41.4828353 ], [ 1.8719644, 41.4756909 ], [ 1.874887, 41.457971 ], [ 1.8762105, 41.4557865 ], [ 1.877982, 41.4548425 ], [ 1.8924653, 41.4623777 ], [ 1.906727, 41.4651895 ], [ 1.9087606, 41.4693013 ] ] ] ] } },
{ "type": "Feature", "properties": { "codauto": "09", "ine.ccaa.name": "Cataluña", "cpro": "08", "ine.prov.name": "Barcelona", "cmun": "209", "name": "Sant Fost de Campsentelles", "LAU_CODE": "08209", "GISCO_ID": "ES_08209", "CNTR_CODE": "ES", "LAU_NAME": "Sant Fost de Campsentelles", "POP_2024": 0.0, "POP_DENS_2024": 0.0, "AREA_KM2": 13.2091921, "YEAR": 2024, "municipi": "Sant Fost de Campsentelles", "Preu_m2_2025": 2624.89, "Preu_m2_2013": 1300.2, "Ventas_2025": 83.0, "Ventas_2013": 27.0, "Inc_Preu_m2": 101.88355637594215 }, "geometry": { "type": "MultiPolygon", "coordinates": [ [ [ [ 2.2095641, 41.5105552 ], [ 2.203811, 41.503903 ], [ 2.2220491, 41.495892 ], [ 2.2248615, 41.4922345 ], [ 2.246952, 41.488669 ], [ 2.2632805, 41.5039705 ], [ 2.2518918, 41.5165898 ], [ 2.242618, 41.520809 ], [ 2.2207725, 41.5312 ], [ 2.218609, 41.527344 ], [ 2.2159515, 41.523947 ], [ 2.2095641, 41.5105552 ] ] ] ] } },
{ "type": "Feature", "properties": { "codauto": "09", "ine.ccaa.name": "Cataluña", "cpro": "08", "ine.prov.name": "Barcelona", "cmun": "210", "name": "Sant Feliu de Codines", "LAU_CODE": "08210", "GISCO_ID": "ES_08210", "CNTR_CODE": "ES", "LAU_NAME": "Sant Feliu de Codines", "POP_2024": 0.0, "POP_DENS_2024": 0.0, "AREA_KM2": 15.03166864, "YEAR": 2024, "municipi": "Sant Feliu de Codines", "Preu_m2_2025": 1617.45, "Preu_m2_2013": 1208.3, "Ventas_2025": 68.0, "Ventas_2013": 31.0, "Inc_Preu_m2": 33.861623768931565 }, "geometry": { "type": "MultiPolygon", "coordinates": [ [ [ [ 2.1384305, 41.68983 ], [ 2.1519937, 41.6783225 ], [ 2.1648565, 41.677516 ], [ 2.1876749, 41.6911119 ], [ 2.1847617, 41.7023114 ], [ 2.1875965, 41.715071 ], [ 2.1851886, 41.7171792 ], [ 2.170164, 41.712133 ], [ 2.1599134, 41.7156695 ], [ 2.1429251, 41.7136578 ], [ 2.132963, 41.71548 ], [ 2.1384305, 41.68983 ] ] ] ] } },
{ "type": "Feature", "properties": { "codauto": "09", "ine.ccaa.name": "Cataluña", "cpro": "08", "ine.prov.name": "Barcelona", "cmun": "211", "name": "Sant Feliu de Llobregat", "LAU_CODE": "08211", "GISCO_ID": "ES_08211", "CNTR_CODE": "ES", "LAU_NAME": "Sant Feliu de Llobregat", "POP_2024": 0.0, "POP_DENS_2024": 0.0, "AREA_KM2": 11.96757816, "YEAR": 2024, "municipi": "Sant Feliu de Llobregat", "Preu_m2_2025": 3479.14, "Preu_m2_2013": 2109.7, "Ventas_2025": 453.0, "Ventas_2013": 177.0, "Inc_Preu_m2": 64.911598805517372 }, "geometry": { "type": "MultiPolygon", "coordinates": [ [ [ [ 2.0494026, 41.4136272 ], [ 2.0343401, 41.400842 ], [ 2.0331715, 41.3960077 ], [ 2.021821, 41.3897775 ], [ 2.0266485, 41.383195 ], [ 2.0276275, 41.3799925 ], [ 2.028695, 41.378242 ], [ 2.030975, 41.3752965 ], [ 2.034245, 41.3713745 ], [ 2.035646, 41.370173 ], [ 2.052615, 41.379543 ], [ 2.0583917, 41.3830421 ], [ 2.0613586, 41.3939576 ], [ 2.0777745, 41.402867 ], [ 2.0709417, 41.4067877 ], [ 2.0785845, 41.4149785 ], [ 2.0704855, 41.418812 ], [ 2.0572289, 41.4118369 ], [ 2.054641, 41.4139495 ], [ 2.0494026, 41.4136272 ] ] ] ] } },
{ "type": "Feature", "properties": { "codauto": "09", "ine.ccaa.name": "Cataluña", "cpro": "08", "ine.prov.name": "Barcelona", "cmun": "213", "name": "Sant Fruitós de Bages", "LAU_CODE": "08213", "GISCO_ID": "ES_08213", "CNTR_CODE": "ES", "LAU_NAME": "Sant Fruitós de Bages", "POP_2024": 0.0, "POP_DENS_2024": 0.0, "AREA_KM2": 22.09506418, "YEAR": 2024, "municipi": "Sant Fruitós de Bages", "Preu_m2_2025": 1542.66, "Preu_m2_2013": 1118.2, "Ventas_2025": 120.0, "Ventas_2013": 38.0, "Inc_Preu_m2": 37.959220175281708 }, "geometry": { "type": "MultiPolygon", "coordinates": [ [ [ [ 1.86558, 41.783815 ], [ 1.8620561, 41.7801971 ], [ 1.8604423, 41.7727734 ], [ 1.8572265, 41.765793 ], [ 1.8486935, 41.7676925 ], [ 1.8373255, 41.7635115 ], [ 1.828315, 41.764164 ], [ 1.829468, 41.758189 ], [ 1.835148, 41.7534115 ], [ 1.8470515, 41.7478638 ], [ 1.854035, 41.7399091 ], [ 1.8604423, 41.7393035 ], [ 1.8646267, 41.7369078 ], [ 1.8636836, 41.7312691 ], [ 1.8686745, 41.720674 ], [ 1.877047, 41.7234785 ], [ 1.8722293, 41.7295928 ], [ 1.902279, 41.742916 ], [ 1.9033263, 41.7461567 ], [ 1.8950528, 41.749353 ], [ 1.8938534, 41.7524921 ], [ 1.9053307, 41.7646358 ], [ 1.9045165, 41.772371 ], [ 1.86558, 41.783815 ] ] ] ] } },
{ "type": "Feature", "properties": { "codauto": "09", "ine.ccaa.name": "Cataluña", "cpro": "08", "ine.prov.name": "Barcelona", "cmun": "214", "name": "Vilassar de Dalt", "LAU_CODE": "08214", "GISCO_ID": "ES_08214", "CNTR_CODE": "ES", "LAU_NAME": "Vilassar de Dalt", "POP_2024": 0.0, "POP_DENS_2024": 0.0, "AREA_KM2": 8.92841538, "YEAR": 2024, "municipi": "Vilassar de Dalt", "Preu_m2_2025": 2683.39, "Preu_m2_2013": 1521.0, "Ventas_2025": 67.0, "Ventas_2013": 28.0, "Inc_Preu_m2": 76.422748191978954 }, "geometry": { "type": "MultiPolygon", "coordinates": [ [ [ [ 2.3435968, 41.5314378 ], [ 2.3440909, 41.5354289 ], [ 2.3517185, 41.54104 ], [ 2.3412174, 41.5456171 ], [ 2.335245, 41.5438335 ], [ 2.316047, 41.533439 ], [ 2.3275731, 41.5286253 ], [ 2.330973, 41.5238685 ], [ 2.365283, 41.5018165 ], [ 2.37998, 41.512431 ], [ 2.3435968, 41.5314378 ] ] ] ] } },
{ "type": "Feature", "properties": { "codauto": "09", "ine.ccaa.name": "Cataluña", "cpro": "08", "ine.prov.name": "Barcelona", "cmun": "217", "name": "Sant Joan Despí", "LAU_CODE": "08217", "GISCO_ID": "ES_08217", "CNTR_CODE": "ES", "LAU_NAME": "Sant Joan Despí", "POP_2024": 0.0, "POP_DENS_2024": 0.0, "AREA_KM2": 5.6298236, "YEAR": 2024, "municipi": "Sant Joan Despí", "Preu_m2_2025": 3826.43, "Preu_m2_2013": 2330.9, "Ventas_2025": 257.0, "Ventas_2013": 75.0, "Inc_Preu_m2": 64.161053670256109 }, "geometry": { "type": "MultiPolygon", "coordinates": [ [ [ [ 2.0644778, 41.3790697 ], [ 2.052615, 41.379543 ], [ 2.035646, 41.370173 ], [ 2.04817, 41.361641 ], [ 2.046073, 41.3518467 ], [ 2.0501725, 41.3475105 ], [ 2.0566116, 41.3534019 ], [ 2.0601068, 41.3638148 ], [ 2.0666778, 41.3637508 ], [ 2.078944, 41.3697815 ], [ 2.075228, 41.373404 ], [ 2.0644778, 41.3790697 ] ] ] ] } },
{ "type": "Feature", "properties": { "codauto": "09", "ine.ccaa.name": "Cataluña", "cpro": "08", "ine.prov.name": "Barcelona", "cmun": "218", "name": "Sant Joan de Vilatorrada", "LAU_CODE": "08218", "GISCO_ID": "ES_08218", "CNTR_CODE": "ES", "LAU_NAME": "Sant Joan de Vilatorrada", "POP_2024": 0.0, "POP_DENS_2024": 0.0, "AREA_KM2": 16.3559713, "YEAR": 2024, "municipi": "Sant Joan de Vilatorrada", "Preu_m2_2025": 1559.23, "Preu_m2_2013": 1283.3, "Ventas_2025": 95.0, "Ventas_2013": 44.0, "Inc_Preu_m2": 21.501597444089462 }, "geometry": { "type": "MultiPolygon", "coordinates": [ [ [ [ 1.7666853, 41.7792054 ], [ 1.7698485, 41.776586 ], [ 1.7690834, 41.7680562 ], [ 1.7882446, 41.7565958 ], [ 1.7895753, 41.7534115 ], [ 1.77931, 41.741249 ], [ 1.7954378, 41.7351107 ], [ 1.8049333, 41.736987 ], [ 1.8095955, 41.7486891 ], [ 1.8214226, 41.7534115 ], [ 1.8228005, 41.755138 ], [ 1.829468, 41.758189 ], [ 1.828315, 41.764164 ], [ 1.8272659, 41.7665561 ], [ 1.8201867, 41.76469 ], [ 1.8087488, 41.7685007 ], [ 1.8134976, 41.777252 ], [ 1.8121957, 41.7871133 ], [ 1.802155, 41.7916015 ], [ 1.7958414, 41.7805563 ], [ 1.7837859, 41.7772935 ], [ 1.7780861, 41.7844311 ], [ 1.7724586, 41.7840132 ], [ 1.769931, 41.7833445 ], [ 1.7666853, 41.7792054 ] ] ] ] } },
{ "type": "Feature", "properties": { "codauto": "09", "ine.ccaa.name": "Cataluña", "cpro": "08", "ine.prov.name": "Barcelona", "cmun": "219", "name": "Vilassar de Mar", "LAU_CODE": "08219", "GISCO_ID": "ES_08219", "CNTR_CODE": "ES", "LAU_NAME": "Vilassar de Mar", "POP_2024": 0.0, "POP_DENS_2024": 0.0, "AREA_KM2": 3.98334335, "YEAR": 2024, "municipi": "Vilassar de Mar", "Preu_m2_2025": 3910.57, "Preu_m2_2013": 2270.1, "Ventas_2025": 118.0, "Ventas_2013": 82.0, "Inc_Preu_m2": 72.264217435355278 }, "geometry": { "type": "MultiPolygon", "coordinates": [ [ [ [ 2.376091, 41.4941635 ], [ 2.4027765, 41.5061685 ], [ 2.397046, 41.511125 ], [ 2.395389, 41.5130845 ], [ 2.393871, 41.5145605 ], [ 2.391684, 41.5162025 ], [ 2.37998, 41.512431 ], [ 2.365283, 41.5018165 ], [ 2.3730225, 41.496706 ], [ 2.376091, 41.4941635 ] ] ] ] } },
{ "type": "Feature", "properties": { "codauto": "09", "ine.ccaa.name": "Cataluña", "cpro": "08", "ine.prov.name": "Barcelona", "cmun": "221", "name": "Sant Just Desvern", "LAU_CODE": "08221", "GISCO_ID": "ES_08221", "CNTR_CODE": "ES", "LAU_NAME": "Sant Just Desvern", "POP_2024": 0.0, "POP_DENS_2024": 0.0, "AREA_KM2": 7.78779805, "YEAR": 2024, "municipi": "Sant Just Desvern", "Preu_m2_2025": 4586.41, "Preu_m2_2013": 2746.3, "Ventas_2025": 129.0, "Ventas_2013": 90.0, "Inc_Preu_m2": 67.003240723883025 }, "geometry": { "type": "MultiPolygon", "coordinates": [ [ [ [ 2.1030577, 41.4023937 ], [ 2.1001832, 41.4077879 ], [ 2.0850671, 41.4089457 ], [ 2.0777745, 41.402867 ], [ 2.0613586, 41.3939576 ], [ 2.0583917, 41.3830421 ], [ 2.052615, 41.379543 ], [ 2.0644778, 41.3790697 ], [ 2.075228, 41.373404 ], [ 2.0859742, 41.388472 ], [ 2.097792, 41.393957 ], [ 2.1030577, 41.4023937 ] ] ] ] } },
{ "type": "Feature", "properties": { "codauto": "09", "ine.ccaa.name": "Cataluña", "cpro": "08", "ine.prov.name": "Barcelona", "cmun": "230", "name": "Premià de Dalt", "LAU_CODE": "08230", "GISCO_ID": "ES_08230", "CNTR_CODE": "ES", "LAU_NAME": "Premià de Dalt", "POP_2024": 0.0, "POP_DENS_2024": 0.0, "AREA_KM2": 6.49363805, "YEAR": 2024, "municipi": "Premià de Dalt", "Preu_m2_2025": 2885.78, "Preu_m2_2013": 1558.7, "Ventas_2025": 70.0, "Ventas_2013": 40.0, "Inc_Preu_m2": 85.140180919997448 }, "geometry": { "type": "MultiPolygon", "coordinates": [ [ [ [ 2.365283, 41.5018165 ], [ 2.330973, 41.5238685 ], [ 2.323007, 41.5166375 ], [ 2.3371198, 41.4943326 ], [ 2.343998, 41.48815 ], [ 2.3552137, 41.4973078 ], [ 2.3730225, 41.496706 ], [ 2.365283, 41.5018165 ] ] ] ] } },
{ "type": "Feature", "properties": { "codauto": "09", "ine.ccaa.name": "Cataluña", "cpro": "08", "ine.prov.name": "Barcelona", "cmun": "231", "name": "Sant Pere de Ribes", "LAU_CODE": "08231", "GISCO_ID": "ES_08231", "CNTR_CODE": "ES", "LAU_NAME": "Sant Pere de Ribes", "POP_2024": 0.0, "POP_DENS_2024": 0.0, "AREA_KM2": 40.90171603, "YEAR": 2024, "municipi": "Sant Pere de Ribes", "Preu_m2_2025": 2696.86, "Preu_m2_2013": 2098.5, "Ventas_2025": 408.0, "Ventas_2013": 153.0, "Inc_Preu_m2": 28.51370026209198 }, "geometry": { "type": "MultiPolygon", "coordinates": [ [ [ [ 1.756694, 41.219364 ], [ 1.7595055, 41.2297927 ], [ 1.7700638, 41.2386244 ], [ 1.7845198, 41.2334972 ], [ 1.7905671, 41.2421689 ], [ 1.802276, 41.2510254 ], [ 1.8340262, 41.2613865 ], [ 1.834921, 41.2682725 ], [ 1.8229376, 41.27894 ], [ 1.8172374, 41.2800241 ], [ 1.8140889, 41.292336 ], [ 1.799873, 41.2909251 ], [ 1.7842889, 41.2941536 ], [ 1.754176, 41.282376 ], [ 1.7427301, 41.2772741 ], [ 1.7385721, 41.2688652 ], [ 1.7240215, 41.266297 ], [ 1.7237206, 41.2619212 ], [ 1.7353779, 41.2461438 ], [ 1.7425861, 41.2268935 ], [ 1.7518225, 41.218609 ], [ 1.756694, 41.219364 ] ] ] ] } },
{ "type": "Feature", "properties": { "codauto": "09", "ine.ccaa.name": "Cataluña", "cpro": "08", "ine.prov.name": "Barcelona", "cmun": "238", "name": "Sant Quirze del Vallès", "LAU_CODE": "08238", "GISCO_ID": "ES_08238", "CNTR_CODE": "ES", "LAU_NAME": "Sant Quirze del Vallès", "POP_2024": 0.0, "POP_DENS_2024": 0.0, "AREA_KM2": 14.51369944, "YEAR": 2024, "municipi": "Sant Quirze del Vallès", "Preu_m2_2025": 2973.41, "Preu_m2_2013": 2185.7, "Ventas_2025": 180.0, "Ventas_2013": 79.0, "Inc_Preu_m2": 36.039255158530452 }, "geometry": { "type": "MultiPolygon", "coordinates": [ [ [ [ 2.052104, 41.5380653 ], [ 2.0535644, 41.525942 ], [ 2.0429487, 41.5246227 ], [ 2.0327356, 41.526910199999989 ], [ 2.0321814, 41.5232869 ], [ 2.0356039, 41.5208351 ], [ 2.0343935, 41.5168145 ], [ 2.0345669, 41.5128665 ], [ 2.0450125, 41.5093662 ], [ 2.051318, 41.51223 ], [ 2.0631448, 41.5191891 ], [ 2.0663201, 41.5110912 ], [ 2.075221, 41.5067905 ], [ 2.0885295, 41.5110895 ], [ 2.098374, 41.5202175 ], [ 2.0992214, 41.5321527 ], [ 2.0964416, 41.5368623 ], [ 2.0909993, 41.5417345 ], [ 2.0845574, 41.5393287 ], [ 2.0788933, 41.5425805 ], [ 2.066027, 41.5425115 ], [ 2.052104, 41.5380653 ] ] ] ] } },
{ "type": "Feature", "properties": { "codauto": "09", "ine.ccaa.name": "Cataluña", "cpro": "08", "ine.prov.name": "Barcelona", "cmun": "240", "name": "Sant Sadurní d'Anoia", "LAU_CODE": "08240", "GISCO_ID": "ES_08240", "CNTR_CODE": "ES", "LAU_NAME": "Sant Sadurní d'Anoia", "POP_2024": 0.0, "POP_DENS_2024": 0.0, "AREA_KM2": 18.96119147, "YEAR": 2024, "municipi": "Sant Sadurní d'Anoia", "Preu_m2_2025": 2021.08, "Preu_m2_2013": 1424.3, "Ventas_2025": 91.0, "Ventas_2013": 41.0, "Inc_Preu_m2": 41.899880643122941 }, "geometry": { "type": "MultiPolygon", "coordinates": [ [ [ [ 1.8053334, 41.4613446 ], [ 1.7981125, 41.46698 ], [ 1.7755905, 41.4633754 ], [ 1.7755888, 41.4510719 ], [ 1.769079, 41.445588 ], [ 1.768321, 41.438277 ], [ 1.7574411, 41.4316117 ], [ 1.751093, 41.4236015 ], [ 1.7685148, 41.4212009 ], [ 1.7795165, 41.4169402 ], [ 1.7836196, 41.4117626 ], [ 1.7945343, 41.4102604 ], [ 1.8022059, 41.4160593 ], [ 1.8008864, 41.4244652 ], [ 1.8070445, 41.4343055 ], [ 1.8156475, 41.4389305 ], [ 1.814672, 41.443223 ], [ 1.8053334, 41.4613446 ] ] ] ] } },
{ "type": "Feature", "properties": { "codauto": "09", "ine.ccaa.name": "Cataluña", "cpro": "08", "ine.prov.name": "Barcelona", "cmun": "244", "name": "Santa Coloma de Cervelló", "LAU_CODE": "08244", "GISCO_ID": "ES_08244", "CNTR_CODE": "ES", "LAU_NAME": "Santa Coloma de Cervelló", "POP_2024": 0.0, "POP_DENS_2024": 0.0, "AREA_KM2": 7.44492142, "YEAR": 2024, "municipi": "Santa Coloma de Cervelló", "Preu_m2_2025": 2884.32, "Preu_m2_2013": 1864.6, "Ventas_2025": 87.0, "Ventas_2013": 57.0, "Inc_Preu_m2": 54.688405019843408 }, "geometry": { "type": "MultiPolygon", "coordinates": [ [ [ [ 2.0047958, 41.3784592 ], [ 1.9998645, 41.371588 ], [ 2.0023372, 41.3680046 ], [ 1.9981195, 41.3564405 ], [ 1.9991845, 41.356151 ], [ 2.0158406, 41.3553993 ], [ 2.0205071, 41.3592728 ], [ 2.0260151, 41.3578781 ], [ 2.0339296, 41.3612142 ], [ 2.04817, 41.361641 ], [ 2.035646, 41.370173 ], [ 2.034245, 41.3713745 ], [ 2.030975, 41.3752965 ], [ 2.028695, 41.378242 ], [ 2.0276275, 41.3799925 ], [ 2.0266485, 41.383195 ], [ 2.0047958, 41.3784592 ] ] ] ] } },
{ "type": "Feature", "properties": { "codauto": "09", "ine.ccaa.name": "Cataluña", "cpro": "08", "ine.prov.name": "Barcelona", "cmun": "245", "name": "Santa Coloma de Gramenet", "LAU_CODE": "08245", "GISCO_ID": "ES_08245", "CNTR_CODE": "ES", "LAU_NAME": "Santa Coloma de Gramenet", "POP_2024": 0.0, "POP_DENS_2024": 0.0, "AREA_KM2": 7.10513284, "YEAR": 2024, "municipi": "Santa Coloma de Gramenet", "Preu_m2_2025": 2553.46, "Preu_m2_2013": 1768.5, "Ventas_2025": 963.0, "Ventas_2013": 319.0, "Inc_Preu_m2": 44.385637545942892 }, "geometry": { "type": "MultiPolygon", "coordinates": [ [ [ [ 2.187681, 41.4618015 ], [ 2.188609, 41.4595835 ], [ 2.1909555, 41.457139 ], [ 2.198106, 41.451981 ], [ 2.206133, 41.444 ], [ 2.2077495, 41.441604 ], [ 2.209627, 41.4357595 ], [ 2.210759, 41.4334305 ], [ 2.2150725, 41.435097 ], [ 2.2138497, 41.4404508 ], [ 2.2222738, 41.4491596 ], [ 2.2178099, 41.4574967 ], [ 2.2204877, 41.4652667 ], [ 2.2113235, 41.471126 ], [ 2.1983504, 41.472782 ], [ 2.18706, 41.467717 ], [ 2.187681, 41.4618015 ] ] ] ] } },
{ "type": "Feature", "properties": { "codauto": "09", "ine.ccaa.name": "Cataluña", "cpro": "08", "ine.prov.name": "Barcelona", "cmun": "248", "name": "Santa Eulàlia de Ronçana", "LAU_CODE": "08248", "GISCO_ID": "ES_08248", "CNTR_CODE": "ES", "LAU_NAME": "Santa Eulàlia de Ronçana", "POP_2024": 0.0, "POP_DENS_2024": 0.0, "AREA_KM2": 14.0564906, "YEAR": 2024, "municipi": "Santa Eulàlia de Ronçana", "Preu_m2_2025": 1969.31, "Preu_m2_2013": 1414.9, "Ventas_2025": 74.0, "Ventas_2013": 24.0, "Inc_Preu_m2": 39.183687893137311 }, "geometry": { "type": "MultiPolygon", "coordinates": [ [ [ [ 2.2014798, 41.6363134 ], [ 2.203685, 41.6296435 ], [ 2.2161844, 41.6352343 ], [ 2.2357578, 41.6310611 ], [ 2.2532345, 41.6309755 ], [ 2.253685, 41.6387465 ], [ 2.247549, 41.6409547 ], [ 2.2428475, 41.6598456 ], [ 2.231212, 41.665192 ], [ 2.2116851, 41.659761 ], [ 2.2031263, 41.6660216 ], [ 2.1930435, 41.651344 ], [ 2.187044, 41.6502 ], [ 2.2014798, 41.6363134 ] ] ] ] } },
{ "type": "Feature", "properties": { "codauto": "09", "ine.ccaa.name": "Cataluña", "cpro": "08", "ine.prov.name": "Barcelona", "cmun": "250", "name": "Santa Margarida de Montbui", "LAU_CODE": "08250", "GISCO_ID": "ES_08250", "CNTR_CODE": "ES", "LAU_NAME": "Santa Margarida de Montbui", "POP_2024": 0.0, "POP_DENS_2024": 0.0, "AREA_KM2": 27.61394198, "YEAR": 2024, "municipi": "Santa Margarida de Montbui", "Preu_m2_2025": 1288.61, "Preu_m2_2013": 815.9, "Ventas_2025": 94.0, "Ventas_2013": 41.0, "Inc_Preu_m2": 57.937247211668087 }, "geometry": { "type": "MultiPolygon", "coordinates": [ [ [ [ 1.5725418, 41.5865561 ], [ 1.5599145, 41.5852843 ], [ 1.5457815, 41.5782895 ], [ 1.5501317, 41.5756632 ], [ 1.5440512, 41.5712613 ], [ 1.5427263, 41.567852 ], [ 1.5473981, 41.5594669 ], [ 1.5494458, 41.5492302 ], [ 1.5419181, 41.5416587 ], [ 1.537933, 41.5341347 ], [ 1.53519, 41.5327615 ], [ 1.538375, 41.529028 ], [ 1.585264, 41.5413075 ], [ 1.6099709, 41.5524335 ], [ 1.6185111, 41.5597005 ], [ 1.617262, 41.5692014 ], [ 1.633574, 41.572513 ], [ 1.6126136, 41.5761498 ], [ 1.6032667, 41.5808864 ], [ 1.5948452, 41.5793417 ], [ 1.5888382, 41.5831438 ], [ 1.5775285, 41.5841675 ], [ 1.5725418, 41.5865561 ] ] ] ] } },
{ "type": "Feature", "properties": { "codauto": "09", "ine.ccaa.name": "Cataluña", "cpro": "08", "ine.prov.name": "Barcelona", "cmun": "251", "name": "Santa Margarida i els Monjos", "LAU_CODE": "08251", "GISCO_ID": "ES_08251", "CNTR_CODE": "ES", "LAU_NAME": "Santa Margarida i els Monjos", "POP_2024": 0.0, "POP_DENS_2024": 0.0, "AREA_KM2": 17.42045304, "YEAR": 2024, "municipi": "Santa Margarida i els Monjos", "Preu_m2_2025": 1629.79, "Preu_m2_2013": 855.5, "Ventas_2025": 73.0, "Ventas_2013": 35.0, "Inc_Preu_m2": 90.507305669199283 }, "geometry": { "type": "MultiPolygon", "coordinates": [ [ [ [ 1.6390746, 41.3033552 ], [ 1.6467199, 41.2950127 ], [ 1.6698343, 41.2855566 ], [ 1.6840085, 41.2884455 ], [ 1.6915013, 41.3099867 ], [ 1.6839737, 41.3172564 ], [ 1.6827725, 41.323502499999989 ], [ 1.6654926, 41.3304308 ], [ 1.6656485, 41.3459435 ], [ 1.661703, 41.3457345 ], [ 1.6573437, 41.3347984 ], [ 1.648725, 41.3392753 ], [ 1.639538, 41.3361425 ], [ 1.647301, 41.3240973 ], [ 1.642426, 41.312882 ], [ 1.642191, 41.3121765 ], [ 1.6390746, 41.3033552 ] ] ] ] } },
{ "type": "Feature", "properties": { "codauto": "09", "ine.ccaa.name": "Cataluña", "cpro": "08", "ine.prov.name": "Barcelona", "cmun": "252", "name": "Barberà del Vallès", "LAU_CODE": "08252", "GISCO_ID": "ES_08252", "CNTR_CODE": "ES", "LAU_NAME": "Barberà del Vallès", "POP_2024": 0.0, "POP_DENS_2024": 0.0, "AREA_KM2": 8.19138937, "YEAR": 2024, "municipi": "Barberà del Vallès", "Preu_m2_2025": 2623.82, "Preu_m2_2013": 1398.4, "Ventas_2025": 328.0, "Ventas_2013": 178.0, "Inc_Preu_m2": 87.630148741418765 }, "geometry": { "type": "MultiPolygon", "coordinates": [ [ [ [ 2.1242198, 41.5323544 ], [ 2.1235229, 41.5267466 ], [ 2.1111469, 41.5212254 ], [ 2.1121515, 41.5182195 ], [ 2.1153657, 41.5110813 ], [ 2.126001, 41.506244 ], [ 2.130087, 41.506507 ], [ 2.134615, 41.506618499999988 ], [ 2.1539868, 41.5105442 ], [ 2.1589955, 41.507388 ], [ 2.1626635, 41.5161255 ], [ 2.1522959, 41.5206441 ], [ 2.1386585, 41.5316175 ], [ 2.1242198, 41.5323544 ] ] ] ] } },
{ "type": "Feature", "properties": { "codauto": "09", "ine.ccaa.name": "Cataluña", "cpro": "08", "ine.prov.name": "Barcelona", "cmun": "259", "name": "Santa Maria de Palautordera", "LAU_CODE": "08259", "GISCO_ID": "ES_08259", "CNTR_CODE": "ES", "LAU_NAME": "Santa Maria de Palautordera", "POP_2024": 0.0, "POP_DENS_2024": 0.0, "AREA_KM2": 16.94743958, "YEAR": 2024, "municipi": "Santa Maria de Palautordera", "Preu_m2_2025": 1936.96, "Preu_m2_2013": 1147.2, "Ventas_2025": 88.0, "Ventas_2013": 51.0, "Inc_Preu_m2": 68.842398884239884 }, "geometry": { "type": "MultiPolygon", "coordinates": [ [ [ [ 2.4848617, 41.6784343 ], [ 2.4788167, 41.688677 ], [ 2.463108, 41.7038255 ], [ 2.453288, 41.7083685 ], [ 2.449186, 41.7094595 ], [ 2.4472515, 41.7116035 ], [ 2.445599, 41.709762499999989 ], [ 2.4469958, 41.7050956 ], [ 2.4441919, 41.7019734 ], [ 2.4234135, 41.6953606 ], [ 2.4161635, 41.696676499999988 ], [ 2.4305237, 41.6826467 ], [ 2.425639, 41.6764815 ], [ 2.4472308, 41.6709049 ], [ 2.445355, 41.654195 ], [ 2.4798955, 41.6716835 ], [ 2.4848617, 41.6784343 ] ] ] ] } },
{ "type": "Feature", "properties": { "codauto": "09", "ine.ccaa.name": "Cataluña", "cpro": "08", "ine.prov.name": "Barcelona", "cmun": "260", "name": "Santa Perpètua de Mogoda", "LAU_CODE": "08260", "GISCO_ID": "ES_08260", "CNTR_CODE": "ES", "LAU_NAME": "Santa Perpètua de Mogoda", "POP_2024": 0.0, "POP_DENS_2024": 0.0, "AREA_KM2": 15.66424764, "YEAR": 2024, "municipi": "Santa Perpètua de Mogoda", "Preu_m2_2025": 2325.68, "Preu_m2_2013": 1566.0, "Ventas_2025": 226.0, "Ventas_2013": 114.0, "Inc_Preu_m2": 48.510855683269469 }, "geometry": { "type": "MultiPolygon", "coordinates": [ [ [ [ 2.1701967, 41.515715 ], [ 2.1758555, 41.5198878 ], [ 2.18901, 41.5157025 ], [ 2.1961905, 41.5168035 ], [ 2.198215, 41.515766 ], [ 2.201841, 41.5188445 ], [ 2.2033315, 41.5232315 ], [ 2.2064505, 41.5280725 ], [ 2.18977, 41.557019 ], [ 2.174129, 41.555385 ], [ 2.1734735, 41.5492384 ], [ 2.1690638, 41.5465155 ], [ 2.1669194, 41.540417 ], [ 2.1589342, 41.5374992 ], [ 2.15028, 41.540978 ], [ 2.1407544, 41.5369703 ], [ 2.1386585, 41.5316175 ], [ 2.1522959, 41.5206441 ], [ 2.1626635, 41.5161255 ], [ 2.1701967, 41.515715 ] ] ] ] } },
{ "type": "Feature", "properties": { "codauto": "09", "ine.ccaa.name": "Cataluña", "cpro": "08", "ine.prov.name": "Barcelona", "cmun": "262", "name": "Sant Vicenç de Castellet", "LAU_CODE": "08262", "GISCO_ID": "ES_08262", "CNTR_CODE": "ES", "LAU_NAME": "Sant Vicenç de Castellet", "POP_2024": 0.0, "POP_DENS_2024": 0.0, "AREA_KM2": 17.3910476, "YEAR": 2024, "municipi": "Sant Vicenç de Castellet", "Preu_m2_2025": 1573.05, "Preu_m2_2013": 987.6, "Ventas_2025": 136.0, "Ventas_2013": 59.0, "Inc_Preu_m2": 59.280072904009714 }, "geometry": { "type": "MultiPolygon", "coordinates": [ [ [ [ 1.868551, 41.68806 ], [ 1.8677326, 41.6806287 ], [ 1.8604423, 41.6782004 ], [ 1.8529213, 41.6753479 ], [ 1.8509395, 41.6695364 ], [ 1.809669, 41.6586545 ], [ 1.8169435, 41.6574975 ], [ 1.8211985, 41.6559975 ], [ 1.8604423, 41.6567944 ], [ 1.8763856, 41.6581378 ], [ 1.8914767, 41.667147799999988 ], [ 1.8954941, 41.6622194 ], [ 1.893994, 41.655843 ], [ 1.9010552, 41.6578282 ], [ 1.9091133, 41.6647442 ], [ 1.9197167, 41.6649646 ], [ 1.9288511, 41.6585108 ], [ 1.9328435, 41.6632445 ], [ 1.9137785, 41.679357 ], [ 1.9030719, 41.6782577 ], [ 1.8948038, 41.684555 ], [ 1.8813107, 41.6860209 ], [ 1.8728655, 41.690317 ], [ 1.868551, 41.68806 ] ] ] ] } },
{ "type": "Feature", "properties": { "codauto": "09", "ine.ccaa.name": "Cataluña", "cpro": "08", "ine.prov.name": "Barcelona", "cmun": "263", "name": "Sant Vicenç dels Horts", "LAU_CODE": "08263", "GISCO_ID": "ES_08263", "CNTR_CODE": "ES", "LAU_NAME": "Sant Vicenç dels Horts", "POP_2024": 0.0, "POP_DENS_2024": 0.0, "AREA_KM2": 9.28046779, "YEAR": 2024, "municipi": "Sant Vicenç dels Horts", "Preu_m2_2025": 2435.38, "Preu_m2_2013": 1784.2, "Ventas_2025": 235.0, "Ventas_2013": 80.0, "Inc_Preu_m2": 36.497029480999892 }, "geometry": { "type": "MultiPolygon", "coordinates": [ [ [ [ 2.0097105, 41.4109765 ], [ 1.9982708, 41.4065488 ], [ 1.9885955, 41.408331 ], [ 1.9891575, 41.407582 ], [ 1.994516, 41.4017041 ], [ 1.9945949, 41.3973987 ], [ 1.9876233, 41.3922474 ], [ 1.9795598, 41.3801743 ], [ 1.9824814, 41.3767887 ], [ 1.990648, 41.375894 ], [ 1.9998645, 41.371588 ], [ 2.0047958, 41.3784592 ], [ 2.0266485, 41.383195 ], [ 2.021821, 41.3897775 ], [ 2.0097105, 41.4109765 ] ] ] ] } },
{ "type": "Feature", "properties": { "codauto": "09", "ine.ccaa.name": "Cataluña", "cpro": "08", "ine.prov.name": "Barcelona", "cmun": "264", "name": "Sant Vicenç de Montalt", "LAU_CODE": "08264", "GISCO_ID": "ES_08264", "CNTR_CODE": "ES", "LAU_NAME": "Sant Vicenç de Montalt", "POP_2024": 0.0, "POP_DENS_2024": 0.0, "AREA_KM2": 7.87512721, "YEAR": 2024, "municipi": "Sant Vicenç de Montalt", "Preu_m2_2025": 3448.77, "Preu_m2_2013": 1886.2, "Ventas_2025": 82.0, "Ventas_2013": 50.0, "Inc_Preu_m2": 82.842222457851761 }, "geometry": { "type": "MultiPolygon", "coordinates": [ [ [ [ 2.4958954, 41.5715509 ], [ 2.508814, 41.5603675 ], [ 2.5224115, 41.565899 ], [ 2.5189252, 41.5701445 ], [ 2.5179185, 41.5738287 ], [ 2.5211494, 41.5757251 ], [ 2.5254375, 41.5747985 ], [ 2.521202, 41.580984 ], [ 2.520943, 41.5923865 ], [ 2.5168145, 41.5953445 ], [ 2.5071485, 41.5959153 ], [ 2.4979585, 41.6056875 ], [ 2.4960275, 41.604133 ], [ 2.4958954, 41.5715509 ] ] ] ] } },
{ "type": "Feature", "properties": { "codauto": "09", "ine.ccaa.name": "Cataluña", "cpro": "08", "ine.prov.name": "Barcelona", "cmun": "266", "name": "Cerdanyola del Vallès", "LAU_CODE": "08266", "GISCO_ID": "ES_08266", "CNTR_CODE": "ES", "LAU_NAME": "Cerdanyola del Vallès", "POP_2024": 0.0, "POP_DENS_2024": 0.0, "AREA_KM2": 30.84287621, "YEAR": 2024, "municipi": "Cerdanyola del Vallès", "Preu_m2_2025": 3298.6, "Preu_m2_2013": 1984.9, "Ventas_2025": 478.0, "Ventas_2013": 197.0, "Inc_Preu_m2": 66.184694443044975 }, "geometry": { "type": "MultiPolygon", "coordinates": [ [ [ [ 2.134615, 41.506618499999988 ], [ 2.130087, 41.506507 ], [ 2.126001, 41.506244 ], [ 2.1189041, 41.5031895 ], [ 2.1070085, 41.5077075 ], [ 2.0885295, 41.5110895 ], [ 2.075221, 41.5067905 ], [ 2.075678, 41.497288 ], [ 2.1071214, 41.4684131 ], [ 2.1165134, 41.4654627 ], [ 2.1206889, 41.4498288 ], [ 2.1299435, 41.4430295 ], [ 2.1354463, 41.4471705 ], [ 2.1511726, 41.4474305 ], [ 2.1558425, 41.449935 ], [ 2.159025, 41.4649889 ], [ 2.1552153, 41.4754606 ], [ 2.1592549, 41.4838457 ], [ 2.15269, 41.4894675 ], [ 2.134615, 41.506618499999988 ] ] ] ] } },
{ "type": "Feature", "properties": { "codauto": "09", "ine.ccaa.name": "Cataluña", "cpro": "08", "ine.prov.name": "Barcelona", "cmun": "267", "name": "Sentmenat", "LAU_CODE": "08267", "GISCO_ID": "ES_08267", "CNTR_CODE": "ES", "LAU_NAME": "Sentmenat", "POP_2024": 0.0, "POP_DENS_2024": 0.0, "AREA_KM2": 28.44249466, "YEAR": 2024, "municipi": "Sentmenat", "Preu_m2_2025": 1992.09, "Preu_m2_2013": 1243.3, "Ventas_2025": 104.0, "Ventas_2013": 30.0, "Inc_Preu_m2": 60.226011421217727 }, "geometry": { "type": "MultiPolygon", "coordinates": [ [ [ [ 2.1548716, 41.5916536 ], [ 2.1646905, 41.601193 ], [ 2.1604626, 41.6148746 ], [ 2.1490564, 41.6301203 ], [ 2.1363184, 41.6387239 ], [ 2.1138894, 41.6460639 ], [ 2.1086187, 41.6540487 ], [ 2.0961145, 41.659125 ], [ 2.090935, 41.6601875 ], [ 2.0972192, 41.650289699999988 ], [ 2.0984589, 41.63476 ], [ 2.1030719, 41.6251502 ], [ 2.1158479, 41.6157527 ], [ 2.1130115, 41.6108021 ], [ 2.1178655, 41.6037299 ], [ 2.117236, 41.5901715 ], [ 2.1183661, 41.5791815 ], [ 2.126336, 41.5751235 ], [ 2.1499145, 41.576298 ], [ 2.1548716, 41.5916536 ] ] ] ] } },
{ "type": "Feature", "properties": { "codauto": "09", "ine.ccaa.name": "Cataluña", "cpro": "08", "ine.prov.name": "Barcelona", "cmun": "270", "name": "Sitges", "LAU_CODE": "08270", "GISCO_ID": "ES_08270", "CNTR_CODE": "ES", "LAU_NAME": "Sitges", "POP_2024": 0.0, "POP_DENS_2024": 0.0, "AREA_KM2": 43.71586648, "YEAR": 2024, "municipi": "Sitges", "Preu_m2_2025": 5233.07, "Preu_m2_2013": 3407.9, "Ventas_2025": 389.0, "Ventas_2013": 379.0, "Inc_Preu_m2": 53.55702925555326 }, "geometry": { "type": "MultiPolygon", "coordinates": [ [ [ [ 1.859155, 41.2702136 ], [ 1.8458959, 41.2717179 ], [ 1.834921, 41.2682725 ], [ 1.8340262, 41.2613865 ], [ 1.802276, 41.2510254 ], [ 1.7905671, 41.2421689 ], [ 1.7845198, 41.2334972 ], [ 1.7700638, 41.2386244 ], [ 1.7595055, 41.2297927 ], [ 1.756694, 41.219364 ], [ 1.7868949, 41.2239702 ], [ 1.7961896, 41.2300172 ], [ 1.8149463, 41.2355364 ], [ 1.8604423, 41.2363096 ], [ 1.8703147, 41.2426623 ], [ 1.899773, 41.2503769 ], [ 1.9220893, 41.2599158 ], [ 1.944457, 41.2637975 ], [ 1.9381366, 41.273495 ], [ 1.942778, 41.2802545 ], [ 1.9246982, 41.2902583 ], [ 1.914981, 41.2888605 ], [ 1.9022003, 41.2809016 ], [ 1.8896166, 41.2829624 ], [ 1.8819924, 41.2786827 ], [ 1.871496, 41.27882 ], [ 1.859155, 41.2702136 ] ] ] ] } },
{ "type": "Feature", "properties": { "codauto": "09", "ine.ccaa.name": "Cataluña", "cpro": "08", "ine.prov.name": "Barcelona", "cmun": "274", "name": "Súria", "LAU_CODE": "08274", "GISCO_ID": "ES_08274", "CNTR_CODE": "ES", "LAU_NAME": "Súria", "POP_2024": 0.0, "POP_DENS_2024": 0.0, "AREA_KM2": 23.61278295, "YEAR": 2024, "municipi": "Súria", "Preu_m2_2025": 1156.24, "Preu_m2_2013": 596.4, "Ventas_2025": 59.0, "Ventas_2013": 25.0, "Inc_Preu_m2": 93.869885982562053 }, "geometry": { "type": "MultiPolygon", "coordinates": [ [ [ [ 1.7666802, 41.8045225 ], [ 1.7879771, 41.8149051 ], [ 1.793752, 41.8324115 ], [ 1.7924099, 41.8370515 ], [ 1.7965711, 41.8423471 ], [ 1.7838096, 41.8447987 ], [ 1.7825705, 41.8537585 ], [ 1.7802993, 41.8583179 ], [ 1.7710254, 41.8632372 ], [ 1.7513764, 41.862798 ], [ 1.7420885, 41.8592175 ], [ 1.7394815, 41.851409 ], [ 1.7364785, 41.8483336 ], [ 1.7363535, 41.8385762 ], [ 1.7406316, 41.8341097 ], [ 1.7358699, 41.8224557 ], [ 1.7547055, 41.8077545 ], [ 1.7666802, 41.8045225 ] ] ] ] } },
{ "type": "Feature", "properties": { "codauto": "09", "ine.ccaa.name": "Cataluña", "cpro": "08", "ine.prov.name": "Barcelona", "cmun": "278", "name": "Taradell", "LAU_CODE": "08278", "GISCO_ID": "ES_08278", "CNTR_CODE": "ES", "LAU_NAME": "Taradell", "POP_2024": 0.0, "POP_DENS_2024": 0.0, "AREA_KM2": 26.62959543, "YEAR": 2024, "municipi": "Taradell", "Preu_m2_2025": 2595.8, "Preu_m2_2013": 2656.7, "Ventas_2025": 49.0, "Ventas_2013": 10.0, "Inc_Preu_m2": -2.2923175367937532 }, "geometry": { "type": "MultiPolygon", "coordinates": [ [ [ [ 2.2638401, 41.8915799 ], [ 2.2549614, 41.8897088 ], [ 2.2413895, 41.874026 ], [ 2.2466805, 41.8543295 ], [ 2.2516544, 41.8591857 ], [ 2.259731, 41.86042 ], [ 2.2617875, 41.864096 ], [ 2.2615126, 41.867818 ], [ 2.2713519, 41.8709036 ], [ 2.2746011, 41.8621219 ], [ 2.272382, 41.857469 ], [ 2.2800961, 41.8501471 ], [ 2.3000767, 41.8505241 ], [ 2.3146227, 41.8584422 ], [ 2.325317, 41.855876 ], [ 2.3295505, 41.8567012 ], [ 2.3315641, 41.8634771 ], [ 2.323731, 41.875258 ], [ 2.3095692, 41.8874881 ], [ 2.3086888, 41.8956241 ], [ 2.301924, 41.8980875 ], [ 2.291091, 41.9023603 ], [ 2.2775718, 41.8950153 ], [ 2.2690028, 41.8989153 ], [ 2.2645697, 41.8974002 ], [ 2.2599465, 41.901597 ], [ 2.2638401, 41.8915799 ] ] ] ] } },
{ "type": "Feature", "properties": { "codauto": "09", "ine.ccaa.name": "Cataluña", "cpro": "08", "ine.prov.name": "Barcelona", "cmun": "279", "name": "Terrassa", "LAU_CODE": "08279", "GISCO_ID": "ES_08279", "CNTR_CODE": "ES", "LAU_NAME": "Terrassa", "POP_2024": 0.0, "POP_DENS_2024": 0.0, "AREA_KM2": 70.1040348, "YEAR": 2024, "municipi": "Terrassa", "Preu_m2_2025": 2182.97, "Preu_m2_2013": 1179.4, "Ventas_2025": 3355.0, "Ventas_2013": 1405.0, "Inc_Preu_m2": 85.091571985755436 }, "geometry": { "type": "MultiPolygon", "coordinates": [ [ [ [ 1.9673174, 41.5729068 ], [ 1.982082, 41.5717088 ], [ 1.9870933, 41.5610568 ], [ 1.9807567, 41.5529722 ], [ 1.9590685, 41.53868 ], [ 1.973516, 41.5387456 ], [ 1.980793, 41.5331645 ], [ 1.9857565, 41.535238 ], [ 1.9917673, 41.5422278 ], [ 1.9970462, 41.5415876 ], [ 2.0049835, 41.5335674 ], [ 2.0253096, 41.5270129 ], [ 2.0343935, 41.5168145 ], [ 2.0356039, 41.5208351 ], [ 2.0321814, 41.5232869 ], [ 2.0327356, 41.526910199999989 ], [ 2.0429487, 41.5246227 ], [ 2.0535644, 41.525942 ], [ 2.052104, 41.5380653 ], [ 2.066027, 41.5425115 ], [ 2.0618576, 41.5518737 ], [ 2.0660909, 41.5554231 ], [ 2.0667735, 41.5618062 ], [ 2.0622392, 41.5709319 ], [ 2.0646447, 41.5753125 ], [ 2.0479722, 41.5867958 ], [ 2.05073, 41.5888842 ], [ 2.062074, 41.5877195 ], [ 2.0583393, 41.5952196 ], [ 2.044199, 41.603842 ], [ 2.0315079, 41.5940119 ], [ 2.0260499, 41.5930455 ], [ 2.0209526, 41.5950084 ], [ 2.0196363, 41.6014305 ], [ 2.003819, 41.6069295 ], [ 1.9859919, 41.617615 ], [ 1.9796863, 41.6240832 ], [ 1.982927, 41.648169 ], [ 1.971448, 41.6488325 ], [ 1.9748676, 41.635667399999988 ], [ 1.9551496, 41.6241889 ], [ 1.9551812, 41.6098879 ], [ 1.9448672, 41.6010743 ], [ 1.9541186, 41.5916433 ], [ 1.9529297, 41.5845133 ], [ 1.9608165, 41.5791805 ], [ 1.9673174, 41.5729068 ] ] ] ] } },
{ "type": "Feature", "properties": { "codauto": "09", "ine.ccaa.name": "Cataluña", "cpro": "08", "ine.prov.name": "Barcelona", "cmun": "281", "name": "Teià", "LAU_CODE": "08281", "GISCO_ID": "ES_08281", "CNTR_CODE": "ES", "LAU_NAME": "Teià", "POP_2024": 0.0, "POP_DENS_2024": 0.0, "AREA_KM2": 6.72150472, "YEAR": 2024, "municipi": "Teià", "Preu_m2_2025": 3656.28, "Preu_m2_2013": 1614.5, "Ventas_2025": 93.0, "Ventas_2013": 22.0, "Inc_Preu_m2": 126.46515949210284 }, "geometry": { "type": "MultiPolygon", "coordinates": [ [ [ [ 2.3129963, 41.5168131 ], [ 2.3072395, 41.513363 ], [ 2.309563, 41.48974 ], [ 2.3319499, 41.4886106 ], [ 2.3380097, 41.4851596 ], [ 2.343998, 41.48815 ], [ 2.3371198, 41.4943326 ], [ 2.323007, 41.5166375 ], [ 2.3129963, 41.5168131 ] ] ] ] } },
{ "type": "Feature", "properties": { "codauto": "09", "ine.ccaa.name": "Cataluña", "cpro": "08", "ine.prov.name": "Barcelona", "cmun": "282", "name": "Tiana", "LAU_CODE": "08282", "GISCO_ID": "ES_08282", "CNTR_CODE": "ES", "LAU_NAME": "Tiana", "POP_2024": 0.0, "POP_DENS_2024": 0.0, "AREA_KM2": 7.93816865, "YEAR": 2024, "municipi": "Tiana", "Preu_m2_2025": 3831.57, "Preu_m2_2013": 2314.2, "Ventas_2025": 88.0, "Ventas_2013": 21.0, "Inc_Preu_m2": 65.56779880736326 }, "geometry": { "type": "MultiPolygon", "coordinates": [ [ [ [ 2.246952, 41.488669 ], [ 2.261375, 41.470677 ], [ 2.2729075, 41.4719601 ], [ 2.291872, 41.4825065 ], [ 2.266798, 41.504765 ], [ 2.2632805, 41.5039705 ], [ 2.246952, 41.488669 ] ] ] ] } },
{ "type": "Feature", "properties": { "codauto": "09", "ine.ccaa.name": "Cataluña", "cpro": "08", "ine.prov.name": "Barcelona", "cmun": "283", "name": "Tona", "LAU_CODE": "08283", "GISCO_ID": "ES_08283", "CNTR_CODE": "ES", "LAU_NAME": "Tona", "POP_2024": 0.0, "POP_DENS_2024": 0.0, "AREA_KM2": 16.41962351, "YEAR": 2024, "municipi": "Tona", "Preu_m2_2025": 2544.22, "Preu_m2_2013": 1781.1, "Ventas_2025": 125.0, "Ventas_2013": 22.0, "Inc_Preu_m2": 42.845432597832797 }, "geometry": { "type": "MultiPolygon", "coordinates": [ [ [ [ 2.2746011, 41.8621219 ], [ 2.2713519, 41.8709036 ], [ 2.2615126, 41.867818 ], [ 2.2617875, 41.864096 ], [ 2.2688902, 41.8576904 ], [ 2.272382, 41.857469 ], [ 2.2746011, 41.8621219 ] ] ], [ [ [ 2.1894907, 41.8425338 ], [ 2.196531, 41.8361005 ], [ 2.203442, 41.8380586 ], [ 2.2250512, 41.8356038 ], [ 2.2274841, 41.842699 ], [ 2.2327835, 41.8440095 ], [ 2.2348135, 41.847354 ], [ 2.2373495, 41.850542 ], [ 2.240293, 41.850168 ], [ 2.2466805, 41.8543295 ], [ 2.2413895, 41.874026 ], [ 2.236546, 41.875151 ], [ 2.231691, 41.875618 ], [ 2.2170669, 41.868838 ], [ 2.1949112, 41.8675193 ], [ 2.186314, 41.859901 ], [ 2.1894907, 41.8425338 ] ] ] ] } },
{ "type": "Feature", "properties": { "codauto": "09", "ine.ccaa.name": "Cataluña", "cpro": "08", "ine.prov.name": "Barcelona", "cmun": "284", "name": "Tordera", "LAU_CODE": "08284", "GISCO_ID": "ES_08284", "CNTR_CODE": "ES", "LAU_NAME": "Tordera", "POP_2024": 0.0, "POP_DENS_2024": 0.0, "AREA_KM2": 84.51070994, "YEAR": 2024, "municipi": "Tordera", "Preu_m2_2025": 1746.76, "Preu_m2_2013": 1154.9, "Ventas_2025": 271.0, "Ventas_2013": 240.0, "Inc_Preu_m2": 51.247727075937298 }, "geometry": { "type": "MultiPolygon", "coordinates": [ [ [ [ 2.7712136, 41.6905367 ], [ 2.7739496, 41.7012965 ], [ 2.7663231, 41.724309 ], [ 2.7770655, 41.730732 ], [ 2.7760245, 41.734950499999989 ], [ 2.744212, 41.734883 ], [ 2.7240465, 41.7444025 ], [ 2.7027179, 41.7285455 ], [ 2.6710404, 41.7152921 ], [ 2.6519723, 41.7214667 ], [ 2.6413841, 41.7121118 ], [ 2.6320256, 41.6896734 ], [ 2.6135009, 41.6918678 ], [ 2.5996845, 41.683822 ], [ 2.6078906, 41.674936 ], [ 2.5981671, 41.6692289 ], [ 2.5938665, 41.658865 ], [ 2.6048561, 41.6574972 ], [ 2.6070657, 41.650677 ], [ 2.6113956, 41.6482077 ], [ 2.6273465, 41.647572 ], [ 2.633509, 41.6478486 ], [ 2.6397778, 41.6427827 ], [ 2.6636531, 41.6420078 ], [ 2.6772582, 41.6433371 ], [ 2.682447, 41.649554 ], [ 2.6630898, 41.6582229 ], [ 2.6605976, 41.6629995 ], [ 2.6763747, 41.6689161 ], [ 2.6939595, 41.670691 ], [ 2.7149556, 41.6825451 ], [ 2.725784, 41.6926226 ], [ 2.7456551, 41.6890975 ], [ 2.7578505, 41.679394 ], [ 2.7712136, 41.6905367 ] ] ] ] } },
{ "type": "Feature", "properties": { "codauto": "09", "ine.ccaa.name": "Cataluña", "cpro": "08", "ine.prov.name": "Barcelona", "cmun": "285", "name": "Torelló", "LAU_CODE": "08285", "GISCO_ID": "ES_08285", "CNTR_CODE": "ES", "LAU_NAME": "Torelló", "POP_2024": 0.0, "POP_DENS_2024": 0.0, "AREA_KM2": 13.51681408, "YEAR": 2024, "municipi": "Torelló", "Preu_m2_2025": 1462.87, "Preu_m2_2013": 928.3, "Ventas_2025": 156.0, "Ventas_2013": 31.0, "Inc_Preu_m2": 57.585909727458798 }, "geometry": { "type": "MultiPolygon", "coordinates": [ [ [ [ 2.255526, 42.0450245 ], [ 2.2527001, 42.0419235 ], [ 2.2384529, 42.045354 ], [ 2.2360785, 42.043305 ], [ 2.2447201, 42.0293103 ], [ 2.2570182, 42.029082 ], [ 2.2523925, 42.0197183 ], [ 2.257833, 42.01318 ], [ 2.2699028, 42.0178727 ], [ 2.2849448, 42.0324562 ], [ 2.2942605, 42.029954 ], [ 2.2949, 42.0480405 ], [ 2.292015, 42.0476615 ], [ 2.2902955, 42.0486615 ], [ 2.252002, 42.0606015 ], [ 2.2511164, 42.0551764 ], [ 2.2417055, 42.053198 ], [ 2.255526, 42.0450245 ] ] ] ] } },
{ "type": "Feature", "properties": { "codauto": "09", "ine.ccaa.name": "Cataluña", "cpro": "08", "ine.prov.name": "Barcelona", "cmun": "289", "name": "Torrelles de Llobregat", "LAU_CODE": "08289", "GISCO_ID": "ES_08289", "CNTR_CODE": "ES", "LAU_NAME": "Torrelles de Llobregat", "POP_2024": 0.0, "POP_DENS_2024": 0.0, "AREA_KM2": 13.68104448, "YEAR": 2024, "municipi": "Torrelles de Llobregat", "Preu_m2_2025": 2126.37, "Preu_m2_2013": 1446.1, "Ventas_2025": 55.0, "Ventas_2013": 23.0, "Inc_Preu_m2": 47.041698361109191 }, "geometry": { "type": "MultiPolygon", "coordinates": [ [ [ [ 1.9446871, 41.337386 ], [ 1.959141, 41.3333545 ], [ 1.9701869, 41.3404625 ], [ 1.9871072, 41.3453006 ], [ 1.9981195, 41.3564405 ], [ 2.0023372, 41.3680046 ], [ 1.9998645, 41.371588 ], [ 1.990648, 41.375894 ], [ 1.975754, 41.3675364 ], [ 1.9652003, 41.3656572 ], [ 1.954103, 41.367797 ], [ 1.944183, 41.350017 ], [ 1.9446871, 41.337386 ] ] ] ] } },
{ "type": "Feature", "properties": { "codauto": "09", "ine.ccaa.name": "Cataluña", "cpro": "08", "ine.prov.name": "Barcelona", "cmun": "291", "name": "Vacarisses", "LAU_CODE": "08291", "GISCO_ID": "ES_08291", "CNTR_CODE": "ES", "LAU_NAME": "Vacarisses", "POP_2024": 0.0, "POP_DENS_2024": 0.0, "AREA_KM2": 40.48010812, "YEAR": 2024, "municipi": "Vacarisses", "Preu_m2_2025": 2004.8, "Preu_m2_2013": 1295.2, "Ventas_2025": 90.0, "Ventas_2013": 44.0, "Inc_Preu_m2": 54.786905497220495 }, "geometry": { "type": "MultiPolygon", "coordinates": [ [ [ [ 1.8695918, 41.5890855 ], [ 1.8780616, 41.5892128 ], [ 1.8898878, 41.5814248 ], [ 1.8844435, 41.5790735 ], [ 1.9006955, 41.573948 ], [ 1.909288, 41.5707435 ], [ 1.920542, 41.5714495 ], [ 1.926884, 41.5712917 ], [ 1.9431752, 41.5805775 ], [ 1.9608165, 41.5791805 ], [ 1.9529297, 41.5845133 ], [ 1.9541186, 41.5916433 ], [ 1.9448672, 41.6010743 ], [ 1.9551812, 41.6098879 ], [ 1.9551496, 41.6241889 ], [ 1.9748676, 41.635667399999988 ], [ 1.971448, 41.6488325 ], [ 1.962204, 41.6449335 ], [ 1.9570915, 41.646522499999989 ], [ 1.9450328, 41.6354199 ], [ 1.9411676, 41.6250454 ], [ 1.929647, 41.6236877 ], [ 1.9208147, 41.6281548 ], [ 1.9088325, 41.629671699999989 ], [ 1.8939685, 41.619264 ], [ 1.8891545, 41.6151939 ], [ 1.8746054, 41.6130893 ], [ 1.864141, 41.617856499999988 ], [ 1.8608941, 41.6083541 ], [ 1.863308, 41.59228 ], [ 1.8695918, 41.5890855 ] ] ] ] } },
{ "type": "Feature", "properties": { "codauto": "09", "ine.ccaa.name": "Cataluña", "cpro": "08", "ine.prov.name": "Barcelona", "cmun": "295", "name": "Vallirana", "LAU_CODE": "08295", "GISCO_ID": "ES_08295", "CNTR_CODE": "ES", "LAU_NAME": "Vallirana", "POP_2024": 0.0, "POP_DENS_2024": 0.0, "AREA_KM2": 23.86896593, "YEAR": 2024, "municipi": "Vallirana", "Preu_m2_2025": 2062.61, "Preu_m2_2013": 1325.4, "Ventas_2025": 170.0, "Ventas_2013": 39.0, "Inc_Preu_m2": 55.621699109702725 }, "geometry": { "type": "MultiPolygon", "coordinates": [ [ [ [ 1.944183, 41.350017 ], [ 1.954103, 41.367797 ], [ 1.9506375, 41.3714844 ], [ 1.9480047, 41.3851992 ], [ 1.9409455, 41.3953702 ], [ 1.935812, 41.397864 ], [ 1.9292331, 41.3970151 ], [ 1.9190546, 41.3889521 ], [ 1.876668, 41.389609 ], [ 1.869342, 41.38728 ], [ 1.8713332, 41.3805358 ], [ 1.8882896, 41.369959 ], [ 1.897898, 41.3548195 ], [ 1.944183, 41.350017 ] ] ] ] } },
{ "type": "Feature", "properties": { "codauto": "09", "ine.ccaa.name": "Cataluña", "cpro": "08", "ine.prov.name": "Barcelona", "cmun": "298", "name": "Vic", "LAU_CODE": "08298", "GISCO_ID": "ES_08298", "CNTR_CODE": "ES", "LAU_NAME": "Vic", "POP_2024": 0.0, "POP_DENS_2024": 0.0, "AREA_KM2": 30.86840261, "YEAR": 2024, "municipi": "Vic", "Preu_m2_2025": 1942.87, "Preu_m2_2013": 1052.4, "Ventas_2025": 487.0, "Ventas_2013": 359.0, "Inc_Preu_m2": 84.613264918281999 }, "geometry": { "type": "MultiPolygon", "coordinates": [ [ [ [ 2.2857737, 41.9476073 ], [ 2.283997, 41.9565925 ], [ 2.2785153, 41.959199 ], [ 2.2699739, 41.9536816 ], [ 2.2582766, 41.952609599999988 ], [ 2.2578334, 41.9480334 ], [ 2.2475729, 41.9402875 ], [ 2.2393696, 41.9391214 ], [ 2.2374504, 41.9340289 ], [ 2.2262053, 41.9308867 ], [ 2.209124, 41.9362729 ], [ 2.1969054, 41.9265646 ], [ 2.1808169, 41.932265 ], [ 2.1685195, 41.933346 ], [ 2.1659975, 41.9305875 ], [ 2.1808783, 41.9239856 ], [ 2.1795954, 41.9148727 ], [ 2.1947934, 41.9177357 ], [ 2.2045277, 41.9264184 ], [ 2.2179098, 41.9245488 ], [ 2.2121177, 41.9186106 ], [ 2.1999843, 41.9143993 ], [ 2.2029683, 41.895249 ], [ 2.195791, 41.8963475 ], [ 2.192781, 41.8861929 ], [ 2.1951375, 41.8823505 ], [ 2.209936, 41.889626 ], [ 2.2213725, 41.893749 ], [ 2.2426981, 41.9097761 ], [ 2.260572, 41.903053 ], [ 2.2650871, 41.9043951 ], [ 2.2645956, 41.9182268 ], [ 2.2709319, 41.9193006 ], [ 2.27695, 41.9248955 ], [ 2.2805956, 41.9263793 ], [ 2.2834435, 41.937382 ], [ 2.2857737, 41.9476073 ] ] ] ] } },
{ "type": "Feature", "properties": { "codauto": "09", "ine.ccaa.name": "Cataluña", "cpro": "08", "ine.prov.name": "Barcelona", "cmun": "300", "name": "Viladecavalls", "LAU_CODE": "08300", "GISCO_ID": "ES_08300", "CNTR_CODE": "ES", "LAU_NAME": "Viladecavalls", "POP_2024": 0.0, "POP_DENS_2024": 0.0, "AREA_KM2": 20.02923344, "YEAR": 2024, "municipi": "Viladecavalls", "Preu_m2_2025": 2218.28, "Preu_m2_2013": 1442.0, "Ventas_2025": 63.0, "Ventas_2013": 38.0, "Inc_Preu_m2": 53.833564493758679 }, "geometry": { "type": "MultiPolygon", "coordinates": [ [ [ [ 1.9807567, 41.5529722 ], [ 1.9870933, 41.5610568 ], [ 1.982082, 41.5717088 ], [ 1.9673174, 41.5729068 ], [ 1.9608165, 41.5791805 ], [ 1.9431752, 41.5805775 ], [ 1.926884, 41.5712917 ], [ 1.920542, 41.5714495 ], [ 1.9213391, 41.5570459 ], [ 1.9289988, 41.5476338 ], [ 1.9322435, 41.53669 ], [ 1.9387825, 41.528516 ], [ 1.9590685, 41.53868 ], [ 1.9807567, 41.5529722 ] ] ] ] } },
{ "type": "Feature", "properties": { "codauto": "09", "ine.ccaa.name": "Cataluña", "cpro": "08", "ine.prov.name": "Barcelona", "cmun": "301", "name": "Viladecans", "LAU_CODE": "08301", "GISCO_ID": "ES_08301", "CNTR_CODE": "ES", "LAU_NAME": "Viladecans", "POP_2024": 0.0, "POP_DENS_2024": 0.0, "AREA_KM2": 20.24419865, "YEAR": 2024, "municipi": "Viladecans", "Preu_m2_2025": 3317.91, "Preu_m2_2013": 1863.4, "Ventas_2025": 927.0, "Ventas_2013": 284.0, "Inc_Preu_m2": 78.056777932810974 }, "geometry": { "type": "MultiPolygon", "coordinates": [ [ [ [ 2.0024812, 41.3108842 ], [ 2.018209, 41.3016525 ], [ 2.0284352, 41.285602 ], [ 2.046296, 41.270676 ], [ 2.0636245, 41.274971 ], [ 2.06601, 41.2751275 ], [ 2.0695285, 41.2763215 ], [ 2.074614, 41.2772675 ], [ 2.0693625, 41.2863865 ], [ 2.0588743, 41.2921606 ], [ 2.0434753, 41.3119706 ], [ 2.020797, 41.3331076 ], [ 2.010888, 41.337740499999988 ], [ 2.0036796, 41.3265609 ], [ 1.9904343, 41.3209403 ], [ 1.988195, 41.3140185 ], [ 2.0024812, 41.3108842 ] ] ] ] } },
{ "type": "Feature", "properties": { "codauto": "09", "ine.ccaa.name": "Cataluña", "cpro": "08", "ine.prov.name": "Barcelona", "cmun": "302", "name": "Vilanova del Camí", "LAU_CODE": "08302", "GISCO_ID": "ES_08302", "CNTR_CODE": "ES", "LAU_NAME": "Vilanova del Camí", "POP_2024": 0.0, "POP_DENS_2024": 0.0, "AREA_KM2": 10.49222042, "YEAR": 2024, "municipi": "Vilanova del Camí", "Preu_m2_2025": 1348.66, "Preu_m2_2013": 1287.8, "Ventas_2025": 84.0, "Ventas_2013": 65.0, "Inc_Preu_m2": 4.7258891132163479 }, "geometry": { "type": "MultiPolygon", "coordinates": [ [ [ [ 1.6640869, 41.5811308 ], [ 1.6625705, 41.5748281 ], [ 1.6593657, 41.5729924 ], [ 1.6362425, 41.577298 ], [ 1.633574, 41.572513 ], [ 1.617262, 41.5692014 ], [ 1.6185111, 41.5597005 ], [ 1.6099709, 41.5524335 ], [ 1.585264, 41.5413075 ], [ 1.585104, 41.540783 ], [ 1.6177282, 41.5481818 ], [ 1.637746, 41.549423 ], [ 1.63846, 41.5526463 ], [ 1.6498915, 41.5541926 ], [ 1.6565901, 41.5581836 ], [ 1.6608431, 41.5651605 ], [ 1.6602017, 41.572173 ], [ 1.667312, 41.5762191 ], [ 1.6710575, 41.5834335 ], [ 1.6640869, 41.5811308 ] ] ] ] } },
{ "type": "Feature", "properties": { "codauto": "09", "ine.ccaa.name": "Cataluña", "cpro": "08", "ine.prov.name": "Barcelona", "cmun": "305", "name": "Vilafranca del Penedès", "LAU_CODE": "08305", "GISCO_ID": "ES_08305", "CNTR_CODE": "ES", "LAU_NAME": "Vilafranca del Penedès", "POP_2024": 0.0, "POP_DENS_2024": 0.0, "AREA_KM2": 19.91420589, "YEAR": 2024, "municipi": "Vilafranca del Penedès", "Preu_m2_2025": 2070.07, "Preu_m2_2013": 1182.9, "Ventas_2025": 428.0, "Ventas_2013": 222.0, "Inc_Preu_m2": 74.999577310000845 }, "geometry": { "type": "MultiPolygon", "coordinates": [ [ [ [ 1.6845367, 41.3345375 ], [ 1.6959177, 41.3330897 ], [ 1.7035427, 41.3247185 ], [ 1.7195534, 41.3320904 ], [ 1.7226065, 41.3409937 ], [ 1.7303744, 41.3384388 ], [ 1.7354403, 41.3428291 ], [ 1.7370246, 41.3490125 ], [ 1.7214574, 41.3581751 ], [ 1.7253783, 41.3613643 ], [ 1.732477, 41.360198 ], [ 1.7336835, 41.363826 ], [ 1.723121, 41.37095 ], [ 1.7146975, 41.3661721 ], [ 1.7014888, 41.3708839 ], [ 1.6959815, 41.3696355 ], [ 1.6897525, 41.365779 ], [ 1.687941, 41.364353 ], [ 1.6783541, 41.3563376 ], [ 1.6750233, 41.349277 ], [ 1.6656485, 41.3459435 ], [ 1.6654926, 41.3304308 ], [ 1.6827725, 41.323502499999989 ], [ 1.6845367, 41.3345375 ] ] ] ] } },
{ "type": "Feature", "properties": { "codauto": "09", "ine.ccaa.name": "Cataluña", "cpro": "08", "ine.prov.name": "Barcelona", "cmun": "307", "name": "Vilanova i la Geltrú", "LAU_CODE": "08307", "GISCO_ID": "ES_08307", "CNTR_CODE": "ES", "LAU_NAME": "Vilanova i la Geltrú", "POP_2024": 0.0, "POP_DENS_2024": 0.0, "AREA_KM2": 33.91616159, "YEAR": 2024, "municipi": "Vilanova i la Geltrú", "Preu_m2_2025": 3030.94, "Preu_m2_2013": 1693.0, "Ventas_2025": 1006.0, "Ventas_2013": 248.0, "Inc_Preu_m2": 79.027761370348486 }, "geometry": { "type": "MultiPolygon", "coordinates": [ [ [ [ 1.6712798, 41.2539397 ], [ 1.6686445, 41.245303 ], [ 1.670581, 41.2382315 ], [ 1.6782645, 41.2162095 ], [ 1.680394, 41.2084505 ], [ 1.6821625, 41.203842 ], [ 1.683432, 41.2017555 ], [ 1.6973039, 41.2075645 ], [ 1.7518225, 41.218609 ], [ 1.7425861, 41.2268935 ], [ 1.7353779, 41.2461438 ], [ 1.7237206, 41.2619212 ], [ 1.7240215, 41.266297 ], [ 1.7156897, 41.2687703 ], [ 1.7034079, 41.2674059 ], [ 1.6905815, 41.271754 ], [ 1.6712798, 41.2539397 ] ] ] ] } },
{ "type": "Feature", "properties": { "codauto": "09", "ine.ccaa.name": "Cataluña", "cpro": "08", "ine.prov.name": "Barcelona", "cmun": "902", "name": "Vilanova del Vallès", "LAU_CODE": "08902", "GISCO_ID": "ES_08902", "CNTR_CODE": "ES", "LAU_NAME": "Vilanova del Vallès", "POP_2024": 0.0, "POP_DENS_2024": 0.0, "AREA_KM2": 15.5046708, "YEAR": 2024, "municipi": "Vilanova del Vallès", "Preu_m2_2025": 2764.89, "Preu_m2_2013": 1544.9, "Ventas_2025": 38.0, "Ventas_2013": 33.0, "Inc_Preu_m2": 78.968865298724822 }, "geometry": { "type": "MultiPolygon", "coordinates": [ [ [ [ 2.2964062, 41.538646 ], [ 2.3068809, 41.5405435 ], [ 2.316047, 41.533439 ], [ 2.335245, 41.5438335 ], [ 2.3388666, 41.5535981 ], [ 2.3374335, 41.5612145 ], [ 2.3126468, 41.5644102 ], [ 2.3091721, 41.5664781 ], [ 2.3108626, 41.5713597 ], [ 2.3017745, 41.576085 ], [ 2.2914515, 41.577003 ], [ 2.2886159, 41.572930199999988 ], [ 2.279363, 41.5716815 ], [ 2.2808362, 41.5663195 ], [ 2.2775415, 41.5567985 ], [ 2.2836414, 41.5479823 ], [ 2.283125, 41.543477 ], [ 2.2964062, 41.538646 ] ] ] ] } },
{ "type": "Feature", "properties": { "codauto": "09", "ine.ccaa.name": "Cataluña", "cpro": "17", "ine.prov.name": "Girona", "cmun": "008", "name": "Anglès", "LAU_CODE": "17008", "GISCO_ID": "ES_17008", "CNTR_CODE": "ES", "LAU_NAME": "Anglès", "POP_2024": 0.0, "POP_DENS_2024": 0.0, "AREA_KM2": 16.23748567, "YEAR": 2024, "municipi": "Anglès", "Preu_m2_2025": 1248.92, "Preu_m2_2013": 927.2, "Ventas_2025": 64.0, "Ventas_2013": 22.0, "Inc_Preu_m2": 34.698015530629853 }, "geometry": { "type": "MultiPolygon", "coordinates": [ [ [ [ 2.6130685, 41.9504932 ], [ 2.6050084, 41.9505997 ], [ 2.602913, 41.953199 ], [ 2.6005838, 41.947568499999988 ], [ 2.6143753, 41.9354348 ], [ 2.61678, 41.9251115 ], [ 2.6298656, 41.9208901 ], [ 2.6400736, 41.9287037 ], [ 2.6463306, 41.9290792 ], [ 2.6527399, 41.9360946 ], [ 2.6723943, 41.9393438 ], [ 2.6749628, 41.9424282 ], [ 2.6726235, 41.9482425 ], [ 2.6614803, 41.9568444 ], [ 2.6613155, 41.9630545 ], [ 2.6544776, 41.9610872 ], [ 2.6346905, 41.962837 ], [ 2.6130685, 41.9504932 ] ] ] ] } },
{ "type": "Feature", "properties": { "codauto": "09", "ine.ccaa.name": "Cataluña", "cpro": "17", "ine.prov.name": "Girona", "cmun": "009", "name": "Arbúcies", "LAU_CODE": "17009", "GISCO_ID": "ES_17009", "CNTR_CODE": "ES", "LAU_NAME": "Arbúcies", "POP_2024": 0.0, "POP_DENS_2024": 0.0, "AREA_KM2": 86.33352616000001, "YEAR": 2024, "municipi": "Arbúcies", "Preu_m2_2025": 1278.67, "Preu_m2_2013": 1214.2, "Ventas_2025": 75.0, "Ventas_2013": 35.0, "Inc_Preu_m2": 5.3096689178059648 }, "geometry": { "type": "MultiPolygon", "coordinates": [ [ [ [ 2.4554985, 41.784417 ], [ 2.4725285, 41.7896035 ], [ 2.47735, 41.7938005 ], [ 2.485052, 41.7956655 ], [ 2.491269, 41.7927325 ], [ 2.494216, 41.7907065 ], [ 2.5050165, 41.791241 ], [ 2.5102065, 41.793125 ], [ 2.5156685, 41.7929875 ], [ 2.516383, 41.7904245 ], [ 2.5182705, 41.786598 ], [ 2.522612, 41.7823905 ], [ 2.533806, 41.7794265 ], [ 2.5346115, 41.783188 ], [ 2.5401973, 41.783846 ], [ 2.5527983, 41.7967993 ], [ 2.5579801, 41.8343715 ], [ 2.5826995, 41.83405 ], [ 2.5640577, 41.8449712 ], [ 2.5497395, 41.860954 ], [ 2.5377012, 41.8610403 ], [ 2.5284095, 41.8706703 ], [ 2.518244, 41.871687 ], [ 2.5112522, 41.8564167 ], [ 2.5133684, 41.8492993 ], [ 2.5105936, 41.8464366 ], [ 2.4814877, 41.8490044 ], [ 2.4680036, 41.8545503 ], [ 2.4627434, 41.8601835 ], [ 2.4462435, 41.859684 ], [ 2.4406887, 41.8595226 ], [ 2.4348966, 41.8542541 ], [ 2.4236076, 41.8541699 ], [ 2.4180065, 41.849661 ], [ 2.423336, 41.8384509 ], [ 2.4124464, 41.8303442 ], [ 2.4079351, 41.8224025 ], [ 2.4103402, 41.815236 ], [ 2.4155633, 41.8108972 ], [ 2.4130398, 41.806764699999988 ], [ 2.4184105, 41.8045045 ], [ 2.4385486, 41.8015465 ], [ 2.4427493, 41.797896699999988 ], [ 2.4439245, 41.789356 ], [ 2.4554985, 41.784417 ] ] ] ] } },
{ "type": "Feature", "properties": { "codauto": "09", "ine.ccaa.name": "Cataluña", "cpro": "17", "ine.prov.name": "Girona", "cmun": "015", "name": "Banyoles", "LAU_CODE": "17015", "GISCO_ID": "ES_17015", "CNTR_CODE": "ES", "LAU_NAME": "Banyoles", "POP_2024": 0.0, "POP_DENS_2024": 0.0, "AREA_KM2": 11.02070932, "YEAR": 2024, "municipi": "Banyoles", "Preu_m2_2025": 1785.1, "Preu_m2_2013": 1226.2, "Ventas_2025": 153.0, "Ventas_2013": 132.0, "Inc_Preu_m2": 45.579840156581298 }, "geometry": { "type": "MultiPolygon", "coordinates": [ [ [ [ 2.8048885, 42.114424 ], [ 2.8015252, 42.1243241 ], [ 2.7873911, 42.1254561 ], [ 2.7777507, 42.1313624 ], [ 2.7686431, 42.1428199 ], [ 2.7651625, 42.142997 ], [ 2.7519889, 42.1359368 ], [ 2.7541482, 42.1276852 ], [ 2.7474299, 42.1180026 ], [ 2.7502549, 42.1102484 ], [ 2.7721671, 42.1056758 ], [ 2.7870951, 42.114754 ], [ 2.798158, 42.1145645 ], [ 2.8048885, 42.114424 ] ] ] ] } },
{ "type": "Feature", "properties": { "codauto": "09", "ine.ccaa.name": "Cataluña", "cpro": "17", "ine.prov.name": "Girona", "cmun": "022", "name": "Bisbal d'Empordà, La", "LAU_CODE": "17022", "GISCO_ID": "ES_17022", "CNTR_CODE": "ES", "LAU_NAME": "Bisbal d'Empordà, La", "POP_2024": 0.0, "POP_DENS_2024": 0.0, "AREA_KM2": 20.69709205, "YEAR": 2024, "municipi": "Bisbal d'Empordà, la", "Preu_m2_2025": 1286.79, "Preu_m2_2013": 1030.1, "Ventas_2025": 69.0, "Ventas_2013": 46.0, "Inc_Preu_m2": 24.918939908746733 }, "geometry": { "type": "MultiPolygon", "coordinates": [ [ [ [ 3.0459565, 41.990821 ], [ 3.041685, 41.987131 ], [ 3.035502, 41.9830015 ], [ 3.0336595, 41.978454 ], [ 3.0313285, 41.9748595 ], [ 3.028198, 41.973134 ], [ 3.028363, 41.971181 ], [ 3.0305452, 41.9617745 ], [ 3.0253101, 41.9450852 ], [ 3.0288412, 41.9350947 ], [ 3.0226284, 41.9211861 ], [ 3.0344831, 41.9057804 ], [ 3.053319, 41.9010575 ], [ 3.0583052, 41.9112916 ], [ 3.0564907, 41.9211829 ], [ 3.0611614, 41.925350099999989 ], [ 3.0615195, 41.9302821 ], [ 3.0592558, 41.9354705 ], [ 3.0498455, 41.9407901 ], [ 3.0496697, 41.9537503 ], [ 3.0443525, 41.9654392 ], [ 3.0480251, 41.9691608 ], [ 3.0628069, 41.9724014 ], [ 3.0668405, 41.984643 ], [ 3.0459565, 41.990821 ] ] ] ] } },
{ "type": "Feature", "properties": { "codauto": "09", "ine.ccaa.name": "Cataluña", "cpro": "17", "ine.prov.name": "Girona", "cmun": "023", "name": "Blanes", "LAU_CODE": "17023", "GISCO_ID": "ES_17023", "CNTR_CODE": "ES", "LAU_NAME": "Blanes", "POP_2024": 0.0, "POP_DENS_2024": 0.0, "AREA_KM2": 17.91431941, "YEAR": 2024, "municipi": "Blanes", "Preu_m2_2025": 2470.44, "Preu_m2_2013": 2094.1, "Ventas_2025": 448.0, "Ventas_2013": 341.0, "Inc_Preu_m2": 17.971443579580733 }, "geometry": { "type": "MultiPolygon", "coordinates": [ [ [ [ 2.7663231, 41.724309 ], [ 2.7739496, 41.7012965 ], [ 2.7712136, 41.6905367 ], [ 2.7578505, 41.679394 ], [ 2.7652885, 41.666108 ], [ 2.77067, 41.6609975 ], [ 2.7723505, 41.6591115 ], [ 2.776655, 41.6525855 ], [ 2.778513, 41.6488075 ], [ 2.7917859, 41.6719851 ], [ 2.802466, 41.6740431 ], [ 2.816875, 41.6864585 ], [ 2.812822, 41.688898 ], [ 2.8065555, 41.6909 ], [ 2.789819, 41.704561 ], [ 2.786729, 41.7106555 ], [ 2.786584, 41.7161295 ], [ 2.7851085, 41.7210025 ], [ 2.783509, 41.7239555 ], [ 2.781882, 41.7279735 ], [ 2.7770655, 41.730732 ], [ 2.7663231, 41.724309 ] ] ] ] } },
{ "type": "Feature", "properties": { "codauto": "09", "ine.ccaa.name": "Cataluña", "cpro": "17", "ine.prov.name": "Girona", "cmun": "033", "name": "Caldes de Malavella", "LAU_CODE": "17033", "GISCO_ID": "ES_17033", "CNTR_CODE": "ES", "LAU_NAME": "Caldes de Malavella", "POP_2024": 0.0, "POP_DENS_2024": 0.0, "AREA_KM2": 56.94139396, "YEAR": 2024, "municipi": "Caldes de Malavella", "Preu_m2_2025": 2713.23, "Preu_m2_2013": 2032.6, "Ventas_2025": 92.0, "Ventas_2013": 63.0, "Inc_Preu_m2": 33.485683361212246 }, "geometry": { "type": "MultiPolygon", "coordinates": [ [ [ [ 2.867058, 41.809151 ], [ 2.8725269, 41.8095525 ], [ 2.8721289, 41.8149002 ], [ 2.8641423, 41.814984 ], [ 2.867058, 41.809151 ] ] ], [ [ [ 2.7531419, 41.8513566 ], [ 2.7628811, 41.8488749 ], [ 2.7581696, 41.8347269 ], [ 2.760388, 41.8185317 ], [ 2.784866, 41.807068 ], [ 2.8251453, 41.8035332 ], [ 2.8330661, 41.7997479 ], [ 2.8370738, 41.7913931 ], [ 2.8712035, 41.772772 ], [ 2.8545767, 41.792165 ], [ 2.8547943, 41.8001164 ], [ 2.8625635, 41.8095945 ], [ 2.8519327, 41.8109344 ], [ 2.8485978, 41.8150465 ], [ 2.8620365, 41.8488245 ], [ 2.8516804, 41.8488928 ], [ 2.8370905, 41.860617 ], [ 2.817889, 41.8529675 ], [ 2.8129432, 41.8615093 ], [ 2.813355, 41.8724398 ], [ 2.8098115, 41.8777095 ], [ 2.8073669, 41.8699628 ], [ 2.8042151, 41.8691167 ], [ 2.7975531, 41.871066399999989 ], [ 2.7853796, 41.8824215 ], [ 2.7721315, 41.8822555 ], [ 2.7745395, 41.8783952 ], [ 2.7695724, 41.8747551 ], [ 2.7665316, 41.866046 ], [ 2.7577434, 41.8614336 ], [ 2.752391, 41.8542925 ], [ 2.7531419, 41.8513566 ] ] ] ] } },
{ "type": "Feature", "properties": { "codauto": "09", "ine.ccaa.name": "Cataluña", "cpro": "17", "ine.prov.name": "Girona", "cmun": "034", "name": "Calonge i Sant Antoni", "LAU_CODE": "17034", "GISCO_ID": "ES_17034", "CNTR_CODE": "ES", "LAU_NAME": "Calonge i Sant Antoni", "POP_2024": 0.0, "POP_DENS_2024": 0.0, "AREA_KM2": 33.63304186, "YEAR": 2024, "municipi": "Calonge i Sant Antoni", "Preu_m2_2025": 3031.23, "Preu_m2_2013": 1805.9, "Ventas_2025": 366.0, "Ventas_2013": 242.0, "Inc_Preu_m2": 67.851486793288657 }, "geometry": { "type": "MultiPolygon", "coordinates": [ [ [ [ 3.0998929, 41.8429631 ], [ 3.117954, 41.848263 ], [ 3.1166356, 41.85317 ], [ 3.1091467, 41.859487699999988 ], [ 3.1075738, 41.8712785 ], [ 3.09717, 41.8788376 ], [ 3.0961095, 41.888672 ], [ 3.0945475, 41.8903215 ], [ 3.091145, 41.891963 ], [ 3.0908755, 41.894541 ], [ 3.084644, 41.897549 ], [ 3.0757275, 41.899771 ], [ 3.0646725, 41.8975135 ], [ 3.054409, 41.8982505 ], [ 3.0620686, 41.8853867 ], [ 3.0596577, 41.8801932 ], [ 3.0444004, 41.8722267 ], [ 3.02196, 41.8687105 ], [ 3.025, 41.8541545 ], [ 3.0335235, 41.8487155 ], [ 3.0647296, 41.8426594 ], [ 3.0749461, 41.8343401 ], [ 3.081096, 41.8245125 ], [ 3.0998929, 41.8429631 ] ] ] ] } },
{ "type": "Feature", "properties": { "codauto": "09", "ine.ccaa.name": "Cataluña", "cpro": "17", "ine.prov.name": "Girona", "cmun": "044", "name": "Cassà de la Selva", "LAU_CODE": "17044", "GISCO_ID": "ES_17044", "CNTR_CODE": "ES", "LAU_NAME": "Cassà de la Selva", "POP_2024": 0.0, "POP_DENS_2024": 0.0, "AREA_KM2": 45.4207527, "YEAR": 2024, "municipi": "Cassà de la Selva", "Preu_m2_2025": 1505.8, "Preu_m2_2013": 1248.8, "Ventas_2025": 83.0, "Ventas_2013": 41.0, "Inc_Preu_m2": 20.579756566303654 }, "geometry": { "type": "MultiPolygon", "coordinates": [ [ [ [ 2.8459455, 41.906976 ], [ 2.8466826, 41.9024711 ], [ 2.851171, 41.8988875 ], [ 2.8500613, 41.8934865 ], [ 2.8414599, 41.8868171 ], [ 2.8375105, 41.8792435 ], [ 2.831564, 41.8773745 ], [ 2.8367784, 41.8710889 ], [ 2.8392344, 41.862091899999989 ], [ 2.8370905, 41.860617 ], [ 2.8516804, 41.8488928 ], [ 2.8620365, 41.8488245 ], [ 2.8743915, 41.8492713 ], [ 2.8881782, 41.8600534 ], [ 2.9049892, 41.8605449 ], [ 2.9108823, 41.8637688 ], [ 2.9215353, 41.8600994 ], [ 2.9430355, 41.8650885 ], [ 2.9457356, 41.8725193 ], [ 2.956472, 41.884732 ], [ 2.9463864, 41.8875216 ], [ 2.9347412, 41.898021 ], [ 2.8957977, 41.9017623 ], [ 2.885414, 41.9093995 ], [ 2.8459455, 41.906976 ] ] ] ] } },
{ "type": "Feature", "properties": { "codauto": "09", "ine.ccaa.name": "Cataluña", "cpro": "17", "ine.prov.name": "Girona", "cmun": "047", "name": "Castelló d'Empúries", "LAU_CODE": "17047", "GISCO_ID": "ES_17047", "CNTR_CODE": "ES", "LAU_NAME": "Castelló d'Empúries", "POP_2024": 0.0, "POP_DENS_2024": 0.0, "AREA_KM2": 42.33044418, "YEAR": 2024, "municipi": "Castelló d'Empúries", "Preu_m2_2025": 2913.23, "Preu_m2_2013": 2150.8, "Ventas_2025": 524.0, "Ventas_2013": 364.0, "Inc_Preu_m2": 35.448670262227999 }, "geometry": { "type": "MultiPolygon", "coordinates": [ [ [ [ 3.1352437, 42.2701193 ], [ 3.1315095, 42.2700995 ], [ 3.109255, 42.2858275 ], [ 3.105152, 42.288521 ], [ 3.0995365, 42.2859735 ], [ 3.0832616, 42.2737825 ], [ 3.0496915, 42.262295 ], [ 3.0619016, 42.2462062 ], [ 3.0634524, 42.2414247 ], [ 3.061415, 42.2384045 ], [ 3.0629461, 42.2353935 ], [ 3.0600382, 42.2275845 ], [ 3.0668635, 42.211921 ], [ 3.069592, 42.211335 ], [ 3.069821, 42.2165962 ], [ 3.0749737, 42.2176899 ], [ 3.0903216, 42.213053 ], [ 3.1020449, 42.2049858 ], [ 3.1116615, 42.2038495 ], [ 3.117391, 42.2222905 ], [ 3.1251675, 42.235737 ], [ 3.1393431, 42.2510866 ], [ 3.1507975, 42.258358 ], [ 3.1352437, 42.2701193 ] ] ] ] } },
{ "type": "Feature", "properties": { "codauto": "09", "ine.ccaa.name": "Cataluña", "cpro": "17", "ine.prov.name": "Girona", "cmun": "048", "name": "Castell d'Aro, Platja d'Aro i s'Agaró", "LAU_CODE": "17048", "GISCO_ID": "ES_17048", "CNTR_CODE": "ES", "LAU_NAME": "Castell d'Aro, Platja d'Aro i s'Agaró", "POP_2024": 0.0, "POP_DENS_2024": 0.0, "AREA_KM2": 21.86667177, "YEAR": 2024, "municipi": "Castell d'Aro, Platja d'Aro i s'Agaró", "Preu_m2_2025": 3472.16, "Preu_m2_2013": 2085.5, "Ventas_2025": 369.0, "Ventas_2013": 320.0, "Inc_Preu_m2": 66.490529848957081 }, "geometry": { "type": "MultiPolygon", "coordinates": [ [ [ [ 3.055606, 41.7883606 ], [ 3.0594946, 41.7919093 ], [ 3.0716554, 41.8187285 ], [ 3.081096, 41.8245125 ], [ 3.0749461, 41.8343401 ], [ 3.0647296, 41.8426594 ], [ 3.0335235, 41.8487155 ], [ 3.0281849, 41.8366402 ], [ 3.0191903, 41.8343545 ], [ 3.0162314, 41.8308443 ], [ 3.0191984, 41.8154535 ], [ 3.0278815, 41.8001935 ], [ 3.0368792, 41.7993758 ], [ 3.0469056, 41.793749 ], [ 3.0509648, 41.7955058 ], [ 3.0538555, 41.7904435 ], [ 3.055606, 41.7883606 ] ] ] ] } },
{ "type": "Feature", "properties": { "codauto": "09", "ine.ccaa.name": "Cataluña", "cpro": "17", "ine.prov.name": "Girona", "cmun": "049", "name": "Celrà", "LAU_CODE": "17049", "GISCO_ID": "ES_17049", "CNTR_CODE": "ES", "LAU_NAME": "Celrà", "POP_2024": 0.0, "POP_DENS_2024": 0.0, "AREA_KM2": 19.69531053, "YEAR": 2024, "municipi": "Celrà", "Preu_m2_2025": 1966.17, "Preu_m2_2013": 1498.3, "Ventas_2025": 25.0, "Ventas_2013": 60.0, "Inc_Preu_m2": 31.226723620102792 }, "geometry": { "type": "MultiPolygon", "coordinates": [ [ [ [ 2.8477059, 42.0081686 ], [ 2.8620092, 42.0060449 ], [ 2.8623753, 42.0010159 ], [ 2.8688051, 41.9919831 ], [ 2.8833876, 41.9916036 ], [ 2.895889, 41.987715 ], [ 2.8991101, 41.9982592 ], [ 2.8981855, 42.033736 ], [ 2.8869075, 42.048053 ], [ 2.886631, 42.050704 ], [ 2.8748672, 42.0485565 ], [ 2.8670024, 42.0432766 ], [ 2.8640839, 42.0303211 ], [ 2.8572398, 42.0238752 ], [ 2.8517415, 42.0240435 ], [ 2.8477059, 42.0081686 ] ] ] ] } },
{ "type": "Feature", "properties": { "codauto": "09", "ine.ccaa.name": "Cataluña", "cpro": "17", "ine.prov.name": "Girona", "cmun": "062", "name": "Escala, L'", "LAU_CODE": "17062", "GISCO_ID": "ES_17062", "CNTR_CODE": "ES", "LAU_NAME": "Escala, L'", "POP_2024": 0.0, "POP_DENS_2024": 0.0, "AREA_KM2": 16.24112189, "YEAR": 2024, "municipi": "Escala, l'", "Preu_m2_2025": 2797.64, "Preu_m2_2013": 1837.6, "Ventas_2025": 293.0, "Ventas_2013": 308.0, "Inc_Preu_m2": 52.244231606443194 }, "geometry": { "type": "MultiPolygon", "coordinates": [ [ [ [ 3.1093743, 42.1423277 ], [ 3.1044799, 42.1508306 ], [ 3.1076495, 42.1530185 ], [ 3.1038639, 42.1546525 ], [ 3.0940795, 42.1508325 ], [ 3.090816, 42.1405065 ], [ 3.0953458, 42.1347543 ], [ 3.094816, 42.1266315 ], [ 3.097771, 42.1192386 ], [ 3.1063905, 42.116490899999988 ], [ 3.108379, 42.102945 ], [ 3.1125715, 42.1033985 ], [ 3.121246, 42.106709 ], [ 3.127118, 42.1084605 ], [ 3.129851, 42.1080315 ], [ 3.1300055, 42.1062035 ], [ 3.1312355, 42.1030085 ], [ 3.1321105, 42.098308 ], [ 3.135212, 42.099132 ], [ 3.140322, 42.100921 ], [ 3.1453835, 42.102195 ], [ 3.1493605, 42.1033775 ], [ 3.154253, 42.104409 ], [ 3.161309, 42.1088535 ], [ 3.169579, 42.1082685 ], [ 3.1741844, 42.1082697 ], [ 3.1758442, 42.111091 ], [ 3.1519062, 42.119403 ], [ 3.1441523, 42.1154557 ], [ 3.1388809, 42.1159587 ], [ 3.1369277, 42.1254561 ], [ 3.1258647, 42.1279516 ], [ 3.11713, 42.146004 ], [ 3.1093743, 42.1423277 ] ] ] ] } },
{ "type": "Feature", "properties": { "codauto": "09", "ine.ccaa.name": "Cataluña", "cpro": "17", "ine.prov.name": "Girona", "cmun": "066", "name": "Figueres", "LAU_CODE": "17066", "GISCO_ID": "ES_17066", "CNTR_CODE": "ES", "LAU_NAME": "Figueres", "POP_2024": 0.0, "POP_DENS_2024": 0.0, "AREA_KM2": 18.97524058, "YEAR": 2024, "municipi": "Figueres", "Preu_m2_2025": 1343.19, "Preu_m2_2013": 1225.0, "Ventas_2025": 464.0, "Ventas_2013": 376.0, "Inc_Preu_m2": 9.6481632653061276 }, "geometry": { "type": "MultiPolygon", "coordinates": [ [ [ [ 2.9509166, 42.290736 ], [ 2.9348045, 42.2874185 ], [ 2.9308475, 42.27537 ], [ 2.9686591, 42.2458658 ], [ 2.9690745, 42.237899 ], [ 2.9737802, 42.2433903 ], [ 2.9815544, 42.2456966 ], [ 2.9788445, 42.2552262 ], [ 2.9818494, 42.2603928 ], [ 2.999325, 42.264438 ], [ 3.0198016, 42.2739905 ], [ 3.029785, 42.274103 ], [ 3.0240656, 42.2798192 ], [ 3.0033225, 42.2854328 ], [ 2.991408, 42.2829855 ], [ 2.9854162, 42.2774511 ], [ 2.9691635, 42.276962 ], [ 2.961483, 42.2891665 ], [ 2.9509166, 42.290736 ] ] ] ] } },
{ "type": "Feature", "properties": { "codauto": "09", "ine.ccaa.name": "Cataluña", "cpro": "17", "ine.prov.name": "Girona", "cmun": "079", "name": "Girona", "LAU_CODE": "17079", "GISCO_ID": "ES_17079", "CNTR_CODE": "ES", "LAU_NAME": "Girona", "POP_2024": 0.0, "POP_DENS_2024": 0.0, "AREA_KM2": 38.80279774, "YEAR": 2024, "municipi": "Girona", "Preu_m2_2025": 2544.97, "Preu_m2_2013": 1603.4, "Ventas_2025": 1003.0, "Ventas_2013": 533.0, "Inc_Preu_m2": 58.723337906947712 }, "geometry": { "type": "MultiPolygon", "coordinates": [ [ [ [ 2.8468339, 42.0286761 ], [ 2.8393193, 42.0292831 ], [ 2.8315177, 42.0269291 ], [ 2.8279635, 42.020362 ], [ 2.8263061, 42.0151767 ], [ 2.8190678, 42.0094067 ], [ 2.8190046, 42.0029752 ], [ 2.8162666, 42.0002743 ], [ 2.806293, 42.002989 ], [ 2.8014475, 41.998641 ], [ 2.7981025, 41.996145 ], [ 2.7885465, 41.9900155 ], [ 2.784823, 41.986569 ], [ 2.782733, 41.984156 ], [ 2.7942778, 41.9854022 ], [ 2.7992362, 41.9830302 ], [ 2.8020607, 41.9694947 ], [ 2.798807, 41.9607175 ], [ 2.8043344, 41.9547468 ], [ 2.8032435, 41.94864 ], [ 2.8141406, 41.9480934 ], [ 2.8139779, 41.9437774 ], [ 2.8198205, 41.9382245 ], [ 2.8273727, 41.9478197 ], [ 2.8333774, 41.9504452 ], [ 2.8348652, 41.9648509 ], [ 2.8669817, 41.9686964 ], [ 2.897817, 41.9845395 ], [ 2.895889, 41.987715 ], [ 2.8833876, 41.9916036 ], [ 2.8688051, 41.9919831 ], [ 2.8623753, 42.0010159 ], [ 2.8620092, 42.0060449 ], [ 2.8477059, 42.0081686 ], [ 2.8517415, 42.0240435 ], [ 2.8468339, 42.0286761 ] ] ] ] } },
{ "type": "Feature", "properties": { "codauto": "09", "ine.ccaa.name": "Cataluña", "cpro": "17", "ine.prov.name": "Girona", "cmun": "089", "name": "Llagostera", "LAU_CODE": "17089", "GISCO_ID": "ES_17089", "CNTR_CODE": "ES", "LAU_NAME": "Llagostera", "POP_2024": 0.0, "POP_DENS_2024": 0.0, "AREA_KM2": 77.06205386000001, "YEAR": 2024, "municipi": "Llagostera", "Preu_m2_2025": 1500.14, "Preu_m2_2013": 1175.8, "Ventas_2025": 88.0, "Ventas_2013": 44.0, "Inc_Preu_m2": 27.584623235244106 }, "geometry": { "type": "MultiPolygon", "coordinates": [ [ [ [ 2.882642, 41.7736345 ], [ 2.9023765, 41.772419 ], [ 2.90937, 41.7704245 ], [ 2.9161105, 41.7678985 ], [ 2.9281895, 41.757521499999989 ], [ 2.9404925, 41.760636 ], [ 2.950114, 41.7683425 ], [ 2.9588566, 41.774 ], [ 2.9581968, 41.7795639 ], [ 2.955021, 41.7862417 ], [ 2.9430342, 41.7910791 ], [ 2.9303829, 41.8249217 ], [ 2.9347949, 41.8275617 ], [ 2.9673142, 41.8261882 ], [ 2.9694674, 41.8300033 ], [ 2.9609378, 41.851998 ], [ 2.9430355, 41.8650885 ], [ 2.9215353, 41.8600994 ], [ 2.9108823, 41.8637688 ], [ 2.9049892, 41.8605449 ], [ 2.8881782, 41.8600534 ], [ 2.8743915, 41.8492713 ], [ 2.8620365, 41.8488245 ], [ 2.8485978, 41.8150465 ], [ 2.8519327, 41.8109344 ], [ 2.8625635, 41.8095945 ], [ 2.8547943, 41.8001164 ], [ 2.8545767, 41.792165 ], [ 2.8712035, 41.772772 ], [ 2.882642, 41.7736345 ] ], [ [ 2.8721289, 41.8149002 ], [ 2.8725269, 41.8095525 ], [ 2.867058, 41.809151 ], [ 2.8641423, 41.814984 ], [ 2.8721289, 41.8149002 ] ] ] ] } },
{ "type": "Feature", "properties": { "codauto": "09", "ine.ccaa.name": "Cataluña", "cpro": "17", "ine.prov.name": "Girona", "cmun": "095", "name": "Lloret de Mar", "LAU_CODE": "17095", "GISCO_ID": "ES_17095", "CNTR_CODE": "ES", "LAU_NAME": "Lloret de Mar", "POP_2024": 0.0, "POP_DENS_2024": 0.0, "AREA_KM2": 48.43129073, "YEAR": 2024, "municipi": "Lloret de Mar", "Preu_m2_2025": 2289.0, "Preu_m2_2013": 2156.0, "Ventas_2025": 647.0, "Ventas_2013": 388.0, "Inc_Preu_m2": 6.1688311688311686 }, "geometry": { "type": "MultiPolygon", "coordinates": [ [ [ [ 2.7770655, 41.730732 ], [ 2.781882, 41.7279735 ], [ 2.783509, 41.7239555 ], [ 2.7851085, 41.7210025 ], [ 2.786584, 41.7161295 ], [ 2.786729, 41.7106555 ], [ 2.789819, 41.704561 ], [ 2.8065555, 41.6909 ], [ 2.812822, 41.688898 ], [ 2.816875, 41.6864585 ], [ 2.8541857, 41.6995846 ], [ 2.8664468, 41.6986871 ], [ 2.8968805, 41.704937 ], [ 2.893896, 41.706098 ], [ 2.890387, 41.706353 ], [ 2.8914015, 41.7147985 ], [ 2.8884095, 41.7196145 ], [ 2.8826525, 41.721418 ], [ 2.878964, 41.720255 ], [ 2.881, 41.7323105 ], [ 2.8673815, 41.745406 ], [ 2.869615, 41.7460735 ], [ 2.8487295, 41.762269 ], [ 2.839072, 41.756739 ], [ 2.817405, 41.748418 ], [ 2.807867, 41.7441025 ], [ 2.799317, 41.742275 ], [ 2.7893365, 41.738865 ], [ 2.7760245, 41.734950499999989 ], [ 2.7770655, 41.730732 ] ] ] ] } },
{ "type": "Feature", "properties": { "codauto": "09", "ine.ccaa.name": "Cataluña", "cpro": "17", "ine.prov.name": "Girona", "cmun": "103", "name": "Maçanet de la Selva", "LAU_CODE": "17103", "GISCO_ID": "ES_17103", "CNTR_CODE": "ES", "LAU_NAME": "Maçanet de la Selva", "POP_2024": 0.0, "POP_DENS_2024": 0.0, "AREA_KM2": 45.65558051, "YEAR": 2024, "municipi": "Maçanet de la Selva", "Preu_m2_2025": 1434.8, "Preu_m2_2013": 989.1, "Ventas_2025": 136.0, "Ventas_2013": 36.0, "Inc_Preu_m2": 45.061166717217667 }, "geometry": { "type": "MultiPolygon", "coordinates": [ [ [ [ 2.7893365, 41.738865 ], [ 2.7885064, 41.7442347 ], [ 2.7805581, 41.7489032 ], [ 2.7757282, 41.7599359 ], [ 2.7612213, 41.7678068 ], [ 2.7543792, 41.7807145 ], [ 2.755315, 41.7887405 ], [ 2.7469697, 41.7950832 ], [ 2.7418946, 41.7894795 ], [ 2.7338696, 41.789664 ], [ 2.7277404, 41.7947087 ], [ 2.7192777, 41.7917286 ], [ 2.7135316, 41.794929 ], [ 2.7030545, 41.7948575 ], [ 2.6916883, 41.7929651 ], [ 2.67969, 41.783283499999989 ], [ 2.6732122, 41.7710993 ], [ 2.6751483, 41.7516181 ], [ 2.669268, 41.7453655 ], [ 2.6814375, 41.7407966 ], [ 2.6868271, 41.745092 ], [ 2.6935485, 41.7419203 ], [ 2.7240465, 41.7444025 ], [ 2.744212, 41.734883 ], [ 2.7760245, 41.734950499999989 ], [ 2.7893365, 41.738865 ] ] ] ] } },
{ "type": "Feature", "properties": { "codauto": "09", "ine.ccaa.name": "Cataluña", "cpro": "17", "ine.prov.name": "Girona", "cmun": "114", "name": "Olot", "LAU_CODE": "17114", "GISCO_ID": "ES_17114", "CNTR_CODE": "ES", "LAU_NAME": "Olot", "POP_2024": 0.0, "POP_DENS_2024": 0.0, "AREA_KM2": 29.06201049, "YEAR": 2024, "municipi": "Olot", "Preu_m2_2025": 1835.5, "Preu_m2_2013": 1106.7, "Ventas_2025": 300.0, "Ventas_2013": 215.0, "Inc_Preu_m2": 65.853438149453325 }, "geometry": { "type": "MultiPolygon", "coordinates": [ [ [ [ 2.4895239, 42.198943 ], [ 2.4816622, 42.1958314 ], [ 2.4631462, 42.2008434 ], [ 2.446806, 42.1977815 ], [ 2.4468235, 42.195452 ], [ 2.446912, 42.19166 ], [ 2.4470785, 42.1885965 ], [ 2.4521985, 42.1812802 ], [ 2.4534256, 42.1659693 ], [ 2.4583375, 42.1610715 ], [ 2.4598504, 42.1659904 ], [ 2.4691063, 42.1676572 ], [ 2.496024, 42.1500055 ], [ 2.4995544, 42.1549573 ], [ 2.5103294, 42.1607495 ], [ 2.5179773, 42.1551179 ], [ 2.5411511, 42.1553035 ], [ 2.5430974, 42.1669516 ], [ 2.5489655, 42.1726055 ], [ 2.5366263, 42.179128 ], [ 2.5181879, 42.1837865 ], [ 2.5158623, 42.1917566 ], [ 2.5029485, 42.1958585 ], [ 2.494353, 42.205476 ], [ 2.4920815, 42.204761 ], [ 2.4895239, 42.198943 ] ] ] ] } },
{ "type": "Feature", "properties": { "codauto": "09", "ine.ccaa.name": "Cataluña", "cpro": "17", "ine.prov.name": "Girona", "cmun": "117", "name": "Palafrugell", "LAU_CODE": "17117", "GISCO_ID": "ES_17117", "CNTR_CODE": "ES", "LAU_NAME": "Palafrugell", "POP_2024": 0.0, "POP_DENS_2024": 0.0, "AREA_KM2": 26.99523775, "YEAR": 2024, "municipi": "Palafrugell", "Preu_m2_2025": 2704.99, "Preu_m2_2013": 1628.9, "Ventas_2025": 336.0, "Ventas_2013": 254.0, "Inc_Preu_m2": 66.06237338080912 }, "geometry": { "type": "MultiPolygon", "coordinates": [ [ [ [ 3.1881447, 41.9231335 ], [ 3.1673326, 41.9232359 ], [ 3.1569845, 41.9305063 ], [ 3.1552425, 41.9371655 ], [ 3.1521186, 41.943418 ], [ 3.148614, 41.9445875 ], [ 3.1251557, 41.936348 ], [ 3.1194265, 41.9368845 ], [ 3.117221, 41.929429 ], [ 3.1191825, 41.920414 ], [ 3.125898, 41.912124 ], [ 3.141473, 41.9182171 ], [ 3.1486665, 41.9176255 ], [ 3.1567805, 41.9074357 ], [ 3.1577188, 41.89775 ], [ 3.178959, 41.875084 ], [ 3.1837582, 41.8873707 ], [ 3.1914887, 41.8889343 ], [ 3.1950755, 41.8931007 ], [ 3.2028853, 41.8926578 ], [ 3.2095322, 41.9029592 ], [ 3.2088298, 41.9150754 ], [ 3.2191812, 41.9225221 ], [ 3.218077, 41.9275285 ], [ 3.1881447, 41.9231335 ] ] ] ] } },
{ "type": "Feature", "properties": { "codauto": "09", "ine.ccaa.name": "Cataluña", "cpro": "17", "ine.prov.name": "Girona", "cmun": "118", "name": "Palamós", "LAU_CODE": "17118", "GISCO_ID": "ES_17118", "CNTR_CODE": "ES", "LAU_NAME": "Palamós", "POP_2024": 0.0, "POP_DENS_2024": 0.0, "AREA_KM2": 13.96937071, "YEAR": 2024, "municipi": "Palamós", "Preu_m2_2025": 3158.32, "Preu_m2_2013": 1810.7, "Ventas_2025": 277.0, "Ventas_2013": 144.0, "Inc_Preu_m2": 74.425360357872648 }, "geometry": { "type": "MultiPolygon", "coordinates": [ [ [ [ 3.09717, 41.8788376 ], [ 3.1075738, 41.8712785 ], [ 3.1091467, 41.859487699999988 ], [ 3.1166356, 41.85317 ], [ 3.117954, 41.848263 ], [ 3.1305769, 41.8418766 ], [ 3.134298, 41.8469939 ], [ 3.1444485, 41.8502655 ], [ 3.1447585, 41.8575297 ], [ 3.1525185, 41.8613177 ], [ 3.1601412, 41.8603575 ], [ 3.1698071, 41.8633422 ], [ 3.1774225, 41.8678705 ], [ 3.1701505, 41.8695475 ], [ 3.1683615, 41.868862 ], [ 3.157232, 41.872621 ], [ 3.1504655, 41.875706 ], [ 3.1490535, 41.876923 ], [ 3.1472275, 41.8773675 ], [ 3.1386317, 41.8760809 ], [ 3.1309711, 41.8711454 ], [ 3.1128508, 41.884431 ], [ 3.098461, 41.8896085 ], [ 3.0961095, 41.888672 ], [ 3.09717, 41.8788376 ] ] ] ] } },
{ "type": "Feature", "properties": { "codauto": "09", "ine.ccaa.name": "Cataluña", "cpro": "17", "ine.prov.name": "Girona", "cmun": "141", "name": "Puigcerdà", "LAU_CODE": "17141", "GISCO_ID": "ES_17141", "CNTR_CODE": "ES", "LAU_NAME": "Puigcerdà", "POP_2024": 0.0, "POP_DENS_2024": 0.0, "AREA_KM2": 18.51732473, "YEAR": 2024, "municipi": "Puigcerdà", "Preu_m2_2025": 3008.67, "Preu_m2_2013": 1942.8, "Ventas_2025": 83.0, "Ventas_2013": 71.0, "Inc_Preu_m2": 54.862569487337879 }, "geometry": { "type": "MultiPolygon", "coordinates": [ [ [ [ 1.9208067, 42.4114695 ], [ 1.9434225, 42.4130727 ], [ 1.9464262, 42.3942396 ], [ 1.966702, 42.3681605 ], [ 1.9859095, 42.362129 ], [ 1.9652212, 42.3820895 ], [ 1.9605024, 42.3932011 ], [ 1.9607226, 42.4030152 ], [ 1.9553556, 42.4118704 ], [ 1.958085, 42.4236565 ], [ 1.9412553, 42.4308156 ], [ 1.942858, 42.444435 ], [ 1.933684, 42.45483 ], [ 1.9202298, 42.4475353 ], [ 1.9091275, 42.4472045 ], [ 1.9167254, 42.4363962 ], [ 1.9159693, 42.4248141 ], [ 1.8997665, 42.420181 ], [ 1.903202, 42.4108085 ], [ 1.9124585, 42.4070625 ], [ 1.9208067, 42.4114695 ] ] ] ] } },
{ "type": "Feature", "properties": { "codauto": "09", "ine.ccaa.name": "Cataluña", "cpro": "17", "ine.prov.name": "Girona", "cmun": "147", "name": "Ripoll", "LAU_CODE": "17147", "GISCO_ID": "ES_17147", "CNTR_CODE": "ES", "LAU_NAME": "Ripoll", "POP_2024": 0.0, "POP_DENS_2024": 0.0, "AREA_KM2": 73.69100179, "YEAR": 2024, "municipi": "Ripoll", "Preu_m2_2025": 1004.28, "Preu_m2_2013": 941.7, "Ventas_2025": 78.0, "Ventas_2013": 34.0, "Inc_Preu_m2": 6.645428480407765 }, "geometry": { "type": "MultiPolygon", "coordinates": [ [ [ [ 2.2355206, 42.2118942 ], [ 2.228054, 42.2328405 ], [ 2.2093569, 42.2334919 ], [ 2.1932525, 42.241553 ], [ 2.1880843, 42.2327366 ], [ 2.1759024, 42.2218641 ], [ 2.1650604, 42.2166626 ], [ 2.1509518, 42.2195767 ], [ 2.1372445, 42.2072405 ], [ 2.1432247, 42.1972388 ], [ 2.1549206, 42.1987735 ], [ 2.1618816, 42.1913919 ], [ 2.1567778, 42.1875079 ], [ 2.1651549, 42.1832743 ], [ 2.1655766, 42.1794362 ], [ 2.1695932, 42.1769365 ], [ 2.169675, 42.1712022 ], [ 2.181421, 42.1703535 ], [ 2.1790761, 42.1611799 ], [ 2.1866519, 42.1614598 ], [ 2.1993768, 42.1560892 ], [ 2.209881, 42.139588 ], [ 2.23614, 42.1435703 ], [ 2.2437741, 42.1385582 ], [ 2.2565899, 42.138969 ], [ 2.2699131, 42.1438798 ], [ 2.2748063, 42.1404586 ], [ 2.281214, 42.1406725 ], [ 2.2861961, 42.141572 ], [ 2.2902355, 42.146371 ], [ 2.2904233, 42.1495648 ], [ 2.2854484, 42.1516407 ], [ 2.2872515, 42.1557257 ], [ 2.2648915, 42.164179499999989 ], [ 2.2526664, 42.1809871 ], [ 2.2562951, 42.1902687 ], [ 2.2548804, 42.193924 ], [ 2.259878, 42.203652 ], [ 2.2355206, 42.2118942 ] ] ] ] } },
{ "type": "Feature", "properties": { "codauto": "09", "ine.ccaa.name": "Cataluña", "cpro": "17", "ine.prov.name": "Girona", "cmun": "152", "name": "Roses", "LAU_CODE": "17152", "GISCO_ID": "ES_17152", "CNTR_CODE": "ES", "LAU_NAME": "Roses", "POP_2024": 0.0, "POP_DENS_2024": 0.0, "AREA_KM2": 45.96036994, "YEAR": 2024, "municipi": "Roses", "Preu_m2_2025": 3002.94, "Preu_m2_2013": 2045.8, "Ventas_2025": 675.0, "Ventas_2013": 707.0, "Inc_Preu_m2": 46.78560954149966 }, "geometry": { "type": "MultiPolygon", "coordinates": [ [ [ [ 3.2493083, 42.2612566 ], [ 3.2495489, 42.2730068 ], [ 3.2424603, 42.2778229 ], [ 3.2437062, 42.2843818 ], [ 3.237982, 42.298603 ], [ 3.2142336, 42.2892433 ], [ 3.2051321, 42.2973007 ], [ 3.1929285, 42.301979 ], [ 3.1873435, 42.302906 ], [ 3.182256, 42.3024595 ], [ 3.179683, 42.3019415 ], [ 3.1784365, 42.303322 ], [ 3.178196, 42.3055875 ], [ 3.1744545, 42.3073615 ], [ 3.150212, 42.2895932 ], [ 3.1315095, 42.2700995 ], [ 3.1352437, 42.2701193 ], [ 3.1507975, 42.258358 ], [ 3.1596125, 42.2631482 ], [ 3.1724545, 42.2638767 ], [ 3.1804062, 42.2576372 ], [ 3.183266, 42.245876 ], [ 3.1965407, 42.2464205 ], [ 3.218915, 42.2331746 ], [ 3.22808, 42.2393801 ], [ 3.2298376, 42.2504956 ], [ 3.2357962, 42.248261 ], [ 3.2420048, 42.2499735 ], [ 3.2507438, 42.2402504 ], [ 3.2648774, 42.2385357 ], [ 3.2654298, 42.2432347 ], [ 3.2555978, 42.245057 ], [ 3.2545935, 42.2531815 ], [ 3.2493083, 42.2612566 ] ] ] ] } },
{ "type": "Feature", "properties": { "codauto": "09", "ine.ccaa.name": "Cataluña", "cpro": "17", "ine.prov.name": "Girona", "cmun": "155", "name": "Salt", "LAU_CODE": "17155", "GISCO_ID": "ES_17155", "CNTR_CODE": "ES", "LAU_NAME": "Salt", "POP_2024": 0.0, "POP_DENS_2024": 0.0, "AREA_KM2": 6.60625442, "YEAR": 2024, "municipi": "Salt", "Preu_m2_2025": 1357.31, "Preu_m2_2013": 1076.6, "Ventas_2025": 386.0, "Ventas_2013": 166.0, "Inc_Preu_m2": 26.073750696637571 }, "geometry": { "type": "MultiPolygon", "coordinates": [ [ [ [ 2.7828514, 41.9647706 ], [ 2.7955374, 41.9591481 ], [ 2.798807, 41.9607175 ], [ 2.8020607, 41.9694947 ], [ 2.7992362, 41.9830302 ], [ 2.7942778, 41.9854022 ], [ 2.782733, 41.984156 ], [ 2.7698728, 41.981673 ], [ 2.753341, 41.970679 ], [ 2.7711843, 41.970236 ], [ 2.7775055, 41.9636245 ], [ 2.7828514, 41.9647706 ] ] ] ] } },
{ "type": "Feature", "properties": { "codauto": "09", "ine.ccaa.name": "Cataluña", "cpro": "17", "ine.prov.name": "Girona", "cmun": "160", "name": "Sant Feliu de Guíxols", "LAU_CODE": "17160", "GISCO_ID": "ES_17160", "CNTR_CODE": "ES", "LAU_NAME": "Sant Feliu de Guíxols", "POP_2024": 0.0, "POP_DENS_2024": 0.0, "AREA_KM2": 15.83052315, "YEAR": 2024, "municipi": "Sant Feliu de Guíxols", "Preu_m2_2025": 2709.72, "Preu_m2_2013": 1812.5, "Ventas_2025": 354.0, "Ventas_2013": 218.0, "Inc_Preu_m2": 49.501793103448264 }, "geometry": { "type": "MultiPolygon", "coordinates": [ [ [ [ 3.0509648, 41.7955058 ], [ 3.0469056, 41.793749 ], [ 3.0368792, 41.7993758 ], [ 3.0278815, 41.8001935 ], [ 2.9828824, 41.7913816 ], [ 2.9766682, 41.7793435 ], [ 2.9832888, 41.7705296 ], [ 2.9831835, 41.76009 ], [ 2.9957047, 41.762319 ], [ 3.0136881, 41.7725497 ], [ 3.030871, 41.7718424 ], [ 3.0309389, 41.7794331 ], [ 3.0430155, 41.7793706 ], [ 3.047653, 41.7828312 ], [ 3.0463562, 41.7883078 ], [ 3.0538555, 41.7904435 ], [ 3.0509648, 41.7955058 ] ] ] ] } },
{ "type": "Feature", "properties": { "codauto": "09", "ine.ccaa.name": "Cataluña", "cpro": "17", "ine.prov.name": "Girona", "cmun": "164", "name": "Sant Hilari Sacalm", "LAU_CODE": "17164", "GISCO_ID": "ES_17164", "CNTR_CODE": "ES", "LAU_NAME": "Sant Hilari Sacalm", "POP_2024": 0.0, "POP_DENS_2024": 0.0, "AREA_KM2": 82.94202494, "YEAR": 2024, "municipi": "Sant Hilari Sacalm", "Preu_m2_2025": 1120.68, "Preu_m2_2013": 1047.8, "Ventas_2025": 63.0, "Ventas_2013": 14.0, "Inc_Preu_m2": 6.9555258637144597 }, "geometry": { "type": "MultiPolygon", "coordinates": [ [ [ [ 2.4535757, 41.8762007 ], [ 2.4532764, 41.8687323 ], [ 2.4462435, 41.859684 ], [ 2.4627434, 41.8601835 ], [ 2.4680036, 41.8545503 ], [ 2.4814877, 41.8490044 ], [ 2.5105936, 41.8464366 ], [ 2.5133684, 41.8492993 ], [ 2.5112522, 41.8564167 ], [ 2.518244, 41.871687 ], [ 2.5284095, 41.8706703 ], [ 2.5377012, 41.8610403 ], [ 2.5497395, 41.860954 ], [ 2.5615557, 41.8790467 ], [ 2.5741243, 41.878166 ], [ 2.5903399, 41.882411 ], [ 2.5916796, 41.8885507 ], [ 2.5791128, 41.8937126 ], [ 2.5775605, 41.899808 ], [ 2.542026, 41.9110525 ], [ 2.5334275, 41.9230995 ], [ 2.496399, 41.9297295 ], [ 2.5048995, 41.942354 ], [ 2.4933808, 41.9489212 ], [ 2.4875193, 41.969074 ], [ 2.4802085, 41.978729 ], [ 2.4735827, 41.9759875 ], [ 2.4731528, 41.9696667 ], [ 2.4696982, 41.9680342 ], [ 2.4527914, 41.9668643 ], [ 2.4493365, 41.9698895 ], [ 2.4369763, 41.9730403 ], [ 2.428274, 41.9678049 ], [ 2.4407109, 41.9608272 ], [ 2.4416256, 41.955275199999988 ], [ 2.4375763, 41.9490401 ], [ 2.442307, 41.9426881 ], [ 2.4594419, 41.9432765 ], [ 2.4631562, 41.9388556 ], [ 2.4725534, 41.9369646 ], [ 2.4793682, 41.9289961 ], [ 2.4790557, 41.9182872 ], [ 2.4664992, 41.9042168 ], [ 2.4560389, 41.8967944 ], [ 2.4471775, 41.894592 ], [ 2.4431595, 41.888243 ], [ 2.4535757, 41.8762007 ] ] ] ] } },
{ "type": "Feature", "properties": { "codauto": "09", "ine.ccaa.name": "Cataluña", "cpro": "17", "ine.prov.name": "Girona", "cmun": "180", "name": "Santa Coloma de Farners", "LAU_CODE": "17180", "GISCO_ID": "ES_17180", "CNTR_CODE": "ES", "LAU_NAME": "Santa Coloma de Farners", "POP_2024": 0.0, "POP_DENS_2024": 0.0, "AREA_KM2": 70.94383375, "YEAR": 2024, "municipi": "Santa Coloma de Farners", "Preu_m2_2025": 1504.1, "Preu_m2_2013": 1135.0, "Ventas_2025": 151.0, "Ventas_2013": 33.0, "Inc_Preu_m2": 32.519823788546248 }, "geometry": { "type": "MultiPolygon", "coordinates": [ [ [ [ 2.5640577, 41.8449712 ], [ 2.5826995, 41.83405 ], [ 2.6083685, 41.82919 ], [ 2.6230894, 41.8368653 ], [ 2.6296601, 41.8505813 ], [ 2.6390279, 41.8510852 ], [ 2.6719385, 41.8402629 ], [ 2.702521, 41.8499625 ], [ 2.7024949, 41.8585655 ], [ 2.705838, 41.862942499999988 ], [ 2.7062514, 41.8739328 ], [ 2.7019835, 41.880151 ], [ 2.6954851, 41.8775152 ], [ 2.6732962, 41.8874035 ], [ 2.6562163, 41.8905022 ], [ 2.6185705, 41.9084654 ], [ 2.613418, 41.913406 ], [ 2.6058738, 41.910538 ], [ 2.5882903, 41.9102897 ], [ 2.5775605, 41.899808 ], [ 2.5791128, 41.8937126 ], [ 2.5916796, 41.8885507 ], [ 2.5903399, 41.882411 ], [ 2.5741243, 41.878166 ], [ 2.5615557, 41.8790467 ], [ 2.5497395, 41.860954 ], [ 2.5640577, 41.8449712 ] ] ] ] } },
{ "type": "Feature", "properties": { "codauto": "09", "ine.ccaa.name": "Cataluña", "cpro": "17", "ine.prov.name": "Girona", "cmun": "181", "name": "Santa Cristina d'Aro", "LAU_CODE": "17181", "GISCO_ID": "ES_17181", "CNTR_CODE": "ES", "LAU_NAME": "Santa Cristina d'Aro", "POP_2024": 0.0, "POP_DENS_2024": 0.0, "AREA_KM2": 67.88534829, "YEAR": 2024, "municipi": "Santa Cristina d'Aro", "Preu_m2_2025": 2211.89, "Preu_m2_2013": 1461.3, "Ventas_2025": 125.0, "Ventas_2013": 67.0, "Inc_Preu_m2": 51.364538424690345 }, "geometry": { "type": "MultiPolygon", "coordinates": [ [ [ [ 2.9457356, 41.8725193 ], [ 2.9430355, 41.8650885 ], [ 2.9609378, 41.851998 ], [ 2.9694674, 41.8300033 ], [ 2.9673142, 41.8261882 ], [ 2.9347949, 41.8275617 ], [ 2.9303829, 41.8249217 ], [ 2.9430342, 41.7910791 ], [ 2.955021, 41.7862417 ], [ 2.9581968, 41.7795639 ], [ 2.9588566, 41.774 ], [ 2.950114, 41.7683425 ], [ 2.9633852, 41.7556148 ], [ 2.9715755, 41.753174 ], [ 2.9831835, 41.76009 ], [ 2.9832888, 41.7705296 ], [ 2.9766682, 41.7793435 ], [ 2.9828824, 41.7913816 ], [ 3.0278815, 41.8001935 ], [ 3.0191984, 41.8154535 ], [ 3.0162314, 41.8308443 ], [ 3.0191903, 41.8343545 ], [ 3.0281849, 41.8366402 ], [ 3.0335235, 41.8487155 ], [ 3.025, 41.8541545 ], [ 3.02196, 41.8687105 ], [ 3.007133, 41.8744165 ], [ 2.9941995, 41.880226 ], [ 2.9861135, 41.8848265 ], [ 2.956472, 41.884732 ], [ 2.9457356, 41.8725193 ] ] ] ] } },
{ "type": "Feature", "properties": { "codauto": "09", "ine.ccaa.name": "Cataluña", "cpro": "17", "ine.prov.name": "Girona", "cmun": "193", "name": "Sils", "LAU_CODE": "17193", "GISCO_ID": "ES_17193", "CNTR_CODE": "ES", "LAU_NAME": "Sils", "POP_2024": 0.0, "POP_DENS_2024": 0.0, "AREA_KM2": 30.08051814, "YEAR": 2024, "municipi": "Sils", "Preu_m2_2025": 1691.86, "Preu_m2_2013": 1227.5, "Ventas_2025": 88.0, "Ventas_2013": 147.0, "Inc_Preu_m2": 37.829735234215875 }, "geometry": { "type": "MultiPolygon", "coordinates": [ [ [ [ 2.760388, 41.8185317 ], [ 2.7581696, 41.8347269 ], [ 2.7628811, 41.8488749 ], [ 2.7531419, 41.8513566 ], [ 2.752391, 41.8542925 ], [ 2.7508884, 41.8578115 ], [ 2.7383668, 41.8630815 ], [ 2.7337441, 41.8685565 ], [ 2.7242001, 41.8691181 ], [ 2.705838, 41.862942499999988 ], [ 2.7024949, 41.8585655 ], [ 2.702521, 41.8499625 ], [ 2.7105024, 41.8462061 ], [ 2.718846, 41.8374067 ], [ 2.730279, 41.8331027 ], [ 2.7334831, 41.8280937 ], [ 2.7299902, 41.8138461 ], [ 2.7030545, 41.7948575 ], [ 2.7135316, 41.794929 ], [ 2.7192777, 41.7917286 ], [ 2.7277404, 41.7947087 ], [ 2.7338696, 41.789664 ], [ 2.7418946, 41.7894795 ], [ 2.7469697, 41.7950832 ], [ 2.755315, 41.7887405 ], [ 2.7608123, 41.796666 ], [ 2.7755564, 41.8006401 ], [ 2.784866, 41.807068 ], [ 2.760388, 41.8185317 ] ] ] ] } },
{ "type": "Feature", "properties": { "codauto": "09", "ine.ccaa.name": "Cataluña", "cpro": "17", "ine.prov.name": "Girona", "cmun": "199", "name": "Torroella de Montgrí", "LAU_CODE": "17199", "GISCO_ID": "ES_17199", "CNTR_CODE": "ES", "LAU_NAME": "Torroella de Montgrí", "POP_2024": 0.0, "POP_DENS_2024": 0.0, "AREA_KM2": 66.1277086, "YEAR": 2024, "municipi": "Torroella de Montgrí", "Preu_m2_2025": 2299.53, "Preu_m2_2013": 1423.0, "Ventas_2025": 279.0, "Ventas_2013": 143.0, "Inc_Preu_m2": 61.597329585383008 }, "geometry": { "type": "MultiPolygon", "coordinates": [ [ [ [ 3.2189498, 42.0471717 ], [ 3.2237176, 42.0448259 ], [ 3.2259494, 42.0477375 ], [ 3.2249634, 42.050832199999988 ], [ 3.2189498, 42.0471717 ] ] ], [ [ [ 3.1304778, 42.0833297 ], [ 3.1023255, 42.0798098 ], [ 3.0999012, 42.0727817 ], [ 3.102369, 42.0645055 ], [ 3.1122338, 42.0624626 ], [ 3.1261962, 42.0543177 ], [ 3.1255986, 42.0497605 ], [ 3.115855, 42.039141 ], [ 3.1390771, 42.0247841 ], [ 3.147494, 42.0057145 ], [ 3.154022, 42.002579 ], [ 3.155618, 42.0037385 ], [ 3.161646, 42.006031 ], [ 3.1645805, 42.0068015 ], [ 3.1656255, 42.0042495 ], [ 3.1679535, 42.004242 ], [ 3.1779785, 42.010414 ], [ 3.1826365, 42.010155 ], [ 3.184835, 42.0094225 ], [ 3.1864475, 42.008148 ], [ 3.1897355, 42.007576 ], [ 3.191685, 42.0067675 ], [ 3.196932, 42.0083465 ], [ 3.195158, 42.0288721 ], [ 3.1978484, 42.0465957 ], [ 3.2016918, 42.0528785 ], [ 3.2117251, 42.055644799999989 ], [ 3.2109757, 42.0683554 ], [ 3.1992539, 42.0780725 ], [ 3.1828265, 42.1039777 ], [ 3.1735243, 42.1034003 ], [ 3.169579, 42.1082685 ], [ 3.161309, 42.1088535 ], [ 3.154253, 42.104409 ], [ 3.1493605, 42.1033775 ], [ 3.1453835, 42.102195 ], [ 3.140322, 42.100921 ], [ 3.135212, 42.099132 ], [ 3.1321105, 42.098308 ], [ 3.1304778, 42.0833297 ] ] ] ] } },
{ "type": "Feature", "properties": { "codauto": "09", "ine.ccaa.name": "Cataluña", "cpro": "17", "ine.prov.name": "Girona", "cmun": "202", "name": "Tossa de Mar", "LAU_CODE": "17202", "GISCO_ID": "ES_17202", "CNTR_CODE": "ES", "LAU_NAME": "Tossa de Mar", "POP_2024": 0.0, "POP_DENS_2024": 0.0, "AREA_KM2": 38.24345789, "YEAR": 2024, "municipi": "Tossa de Mar", "Preu_m2_2025": 3147.28, "Preu_m2_2013": 2089.7, "Ventas_2025": 139.0, "Ventas_2013": 99.0, "Inc_Preu_m2": 50.609178350959496 }, "geometry": { "type": "MultiPolygon", "coordinates": [ [ [ [ 2.9633852, 41.7556148 ], [ 2.950114, 41.7683425 ], [ 2.9404925, 41.760636 ], [ 2.9281895, 41.757521499999989 ], [ 2.9161105, 41.7678985 ], [ 2.90937, 41.7704245 ], [ 2.9023765, 41.772419 ], [ 2.882642, 41.7736345 ], [ 2.8712035, 41.772772 ], [ 2.8825309, 41.7643895 ], [ 2.8855868, 41.7571079 ], [ 2.869615, 41.7460735 ], [ 2.8673815, 41.745406 ], [ 2.881, 41.7323105 ], [ 2.878964, 41.720255 ], [ 2.8826525, 41.721418 ], [ 2.8884095, 41.7196145 ], [ 2.8914015, 41.7147985 ], [ 2.890387, 41.706353 ], [ 2.893896, 41.706098 ], [ 2.8968805, 41.704937 ], [ 2.9036139, 41.7098317 ], [ 2.9130847, 41.7083861 ], [ 2.9338916, 41.7155379 ], [ 2.9367098, 41.721336 ], [ 2.958895, 41.7372467 ], [ 2.9715755, 41.753174 ], [ 2.9633852, 41.7556148 ] ] ] ] } },
{ "type": "Feature", "properties": { "codauto": "09", "ine.ccaa.name": "Cataluña", "cpro": "17", "ine.prov.name": "Girona", "cmun": "213", "name": "Vidreres", "LAU_CODE": "17213", "GISCO_ID": "ES_17213", "CNTR_CODE": "ES", "LAU_NAME": "Vidreres", "POP_2024": 0.0, "POP_DENS_2024": 0.0, "AREA_KM2": 48.31901937, "YEAR": 2024, "municipi": "Vidreres", "Preu_m2_2025": 1596.07, "Preu_m2_2013": 1102.4, "Ventas_2025": 97.0, "Ventas_2013": 39.0, "Inc_Preu_m2": 44.781386066763403 }, "geometry": { "type": "MultiPolygon", "coordinates": [ [ [ [ 2.799317, 41.742275 ], [ 2.807867, 41.7441025 ], [ 2.817405, 41.748418 ], [ 2.839072, 41.756739 ], [ 2.8487295, 41.762269 ], [ 2.869615, 41.7460735 ], [ 2.8855868, 41.7571079 ], [ 2.8825309, 41.7643895 ], [ 2.8712035, 41.772772 ], [ 2.8370738, 41.7913931 ], [ 2.8330661, 41.7997479 ], [ 2.8251453, 41.8035332 ], [ 2.784866, 41.807068 ], [ 2.7755564, 41.8006401 ], [ 2.7608123, 41.796666 ], [ 2.755315, 41.7887405 ], [ 2.7543792, 41.7807145 ], [ 2.7612213, 41.7678068 ], [ 2.7757282, 41.7599359 ], [ 2.7805581, 41.7489032 ], [ 2.7885064, 41.7442347 ], [ 2.7893365, 41.738865 ], [ 2.799317, 41.742275 ] ] ] ] } },
{ "type": "Feature", "properties": { "codauto": "09", "ine.ccaa.name": "Cataluña", "cpro": "17", "ine.prov.name": "Girona", "cmun": "221", "name": "Vilafant", "LAU_CODE": "17221", "GISCO_ID": "ES_17221", "CNTR_CODE": "ES", "LAU_NAME": "Vilafant", "POP_2024": 0.0, "POP_DENS_2024": 0.0, "AREA_KM2": 8.37154719, "YEAR": 2024, "municipi": "Vilafant", "Preu_m2_2025": 1738.23, "Preu_m2_2013": 1221.8, "Ventas_2025": 20.0, "Ventas_2013": 11.0, "Inc_Preu_m2": 42.267965297102641 }, "geometry": { "type": "MultiPolygon", "coordinates": [ [ [ [ 2.928596, 42.273655 ], [ 2.929976, 42.271092 ], [ 2.935925, 42.2628345 ], [ 2.9345925, 42.259492 ], [ 2.931835, 42.255683499999989 ], [ 2.928699, 42.25004 ], [ 2.927024, 42.244852 ], [ 2.9270265, 42.242295 ], [ 2.930452, 42.23569 ], [ 2.9398305, 42.2332765 ], [ 2.9454262, 42.2369456 ], [ 2.9690745, 42.237899 ], [ 2.9686591, 42.2458658 ], [ 2.9308475, 42.27537 ], [ 2.928596, 42.273655 ] ] ] ] } },
{ "type": "Feature", "properties": { "codauto": "09", "ine.ccaa.name": "Cataluña", "cpro": "25", "ine.prov.name": "Lleida", "cmun": "003", "name": "Agramunt", "LAU_CODE": "25003", "GISCO_ID": "ES_25003", "CNTR_CODE": "ES", "LAU_NAME": "Agramunt", "POP_2024": 0.0, "POP_DENS_2024": 0.0, "AREA_KM2": 79.36921912, "YEAR": 2024, "municipi": "Agramunt", "Preu_m2_2025": 922.77, "Preu_m2_2013": 552.1, "Ventas_2025": 56.0, "Ventas_2013": 29.0, "Inc_Preu_m2": 67.13819960152145 }, "geometry": { "type": "MultiPolygon", "coordinates": [ [ [ [ 1.0051783, 41.7314424 ], [ 1.0241496, 41.7261769 ], [ 1.0288395, 41.7173235 ], [ 1.0683751, 41.7336763 ], [ 1.0903905, 41.7551935 ], [ 1.0968435, 41.754811 ], [ 1.101321, 41.7610895 ], [ 1.1033485, 41.7664835 ], [ 1.106331, 41.770428 ], [ 1.107759, 41.7737695 ], [ 1.113727, 41.7835655 ], [ 1.117349, 41.79126 ], [ 1.122162, 41.7884485 ], [ 1.127179, 41.790699 ], [ 1.131765, 41.7933465 ], [ 1.1386625, 41.795067 ], [ 1.1383378, 41.8044373 ], [ 1.1506324, 41.8154154 ], [ 1.1508825, 41.8195429 ], [ 1.1454841, 41.8194172 ], [ 1.1387756, 41.8144035 ], [ 1.1319264, 41.804789 ], [ 1.0989373, 41.8132477 ], [ 1.1028672, 41.8267241 ], [ 1.1147667, 41.8224003 ], [ 1.1230932, 41.8306642 ], [ 1.120385, 41.849266 ], [ 1.1135898, 41.853591099999989 ], [ 1.0993581, 41.8562033 ], [ 1.0755955, 41.8231085 ], [ 1.0778426, 41.8204106 ], [ 1.0617101, 41.7945899 ], [ 1.0347047, 41.7702705 ], [ 1.0188536, 41.7766665 ], [ 1.003822, 41.7711755 ], [ 1.0021783, 41.7611694 ], [ 1.0126777, 41.760377 ], [ 1.0277522, 41.753414199999987 ], [ 0.9843385, 41.731698 ], [ 1.0051783, 41.7314424 ] ] ], [ [ [ 1.0346953, 41.8529677 ], [ 1.0283167, 41.8545489 ], [ 1.0208405, 41.849169 ], [ 1.0200664, 41.8407112 ], [ 1.0244108, 41.8357108 ], [ 1.0216675, 41.8283625 ], [ 1.0298992, 41.8200826 ], [ 1.0400157, 41.827509 ], [ 1.0506744, 41.8303562 ], [ 1.0553861, 41.8367962 ], [ 1.066501, 41.835369 ], [ 1.0620206, 41.8473832 ], [ 1.0546892, 41.8566989 ], [ 1.040395, 41.8572015 ], [ 1.0346953, 41.8529677 ] ] ] ] } },
{ "type": "Feature", "properties": { "codauto": "09", "ine.ccaa.name": "Cataluña", "cpro": "25", "ine.prov.name": "Lleida", "cmun": "011", "name": "Alcarràs", "LAU_CODE": "25011", "GISCO_ID": "ES_25011", "CNTR_CODE": "ES", "LAU_NAME": "Alcarràs", "POP_2024": 0.0, "POP_DENS_2024": 0.0, "AREA_KM2": 114.91419783000001, "YEAR": 2024, "municipi": "Alcarràs", "Preu_m2_2025": 987.31, "Preu_m2_2013": 819.3, "Ventas_2025": 108.0, "Ventas_2013": 142.0, "Inc_Preu_m2": 20.506529964603931 }, "geometry": { "type": "MultiPolygon", "coordinates": [ [ [ [ 0.4019679, 41.5931303 ], [ 0.4276741, 41.6016138 ], [ 0.4335225, 41.592945 ], [ 0.5103052, 41.5622416 ], [ 0.5228969, 41.5546878 ], [ 0.5315908, 41.5528288 ], [ 0.5405225, 41.554846499999989 ], [ 0.5492187, 41.5584507 ], [ 0.553359, 41.5644847 ], [ 0.5622521, 41.5629148 ], [ 0.5649225, 41.568954 ], [ 0.5422226, 41.6057614 ], [ 0.5404132, 41.6142417 ], [ 0.5175249, 41.6376915 ], [ 0.5177098, 41.6476566 ], [ 0.5148416, 41.6508888 ], [ 0.4784668, 41.6578816 ], [ 0.44852, 41.6550405 ], [ 0.4356634, 41.638732 ], [ 0.4232563, 41.6429392 ], [ 0.4152414, 41.6380733 ], [ 0.3916437, 41.6399308 ], [ 0.3673553, 41.6365647 ], [ 0.3580375, 41.63171 ], [ 0.3465408, 41.6210593 ], [ 0.3496685, 41.599457 ], [ 0.4019679, 41.5931303 ] ] ], [ [ [ 0.5080194, 41.5465655 ], [ 0.5027668, 41.5535917 ], [ 0.4908635, 41.558445 ], [ 0.492025, 41.5543737 ], [ 0.506946, 41.5434305 ], [ 0.5080194, 41.5465655 ] ] ] ] } },
{ "type": "Feature", "properties": { "codauto": "09", "ine.ccaa.name": "Cataluña", "cpro": "25", "ine.prov.name": "Lleida", "cmun": "019", "name": "Almacelles", "LAU_CODE": "25019", "GISCO_ID": "ES_25019", "CNTR_CODE": "ES", "LAU_NAME": "Almacelles", "POP_2024": 0.0, "POP_DENS_2024": 0.0, "AREA_KM2": 48.89400177, "YEAR": 2024, "municipi": "Almacelles", "Preu_m2_2025": 893.21, "Preu_m2_2013": 779.7, "Ventas_2025": 66.0, "Ventas_2013": 33.0, "Inc_Preu_m2": 14.558163396178013 }, "geometry": { "type": "MultiPolygon", "coordinates": [ [ [ [ 0.487148, 41.7458135 ], [ 0.48192, 41.748186 ], [ 0.4790951, 41.7534115 ], [ 0.464477, 41.763314 ], [ 0.4561195, 41.7641905 ], [ 0.448072, 41.764656 ], [ 0.4087451, 41.7590985 ], [ 0.3986065, 41.7551385 ], [ 0.3952405, 41.731821 ], [ 0.420272, 41.7230595 ], [ 0.4279685, 41.7196105 ], [ 0.4420515, 41.711896 ], [ 0.454364, 41.7049235 ], [ 0.460417, 41.702616 ], [ 0.467399, 41.7002335 ], [ 0.4893845, 41.6957165 ], [ 0.4933825, 41.694697 ], [ 0.500684, 41.6940025 ], [ 0.5028965, 41.6943975 ], [ 0.5179495, 41.717844 ], [ 0.5161849, 41.7256276 ], [ 0.5053718, 41.7253658 ], [ 0.493261, 41.7458305 ], [ 0.487148, 41.7458135 ] ] ] ] } },
{ "type": "Feature", "properties": { "codauto": "09", "ine.ccaa.name": "Cataluña", "cpro": "25", "ine.prov.name": "Lleida", "cmun": "023", "name": "Alpicat", "LAU_CODE": "25023", "GISCO_ID": "ES_25023", "CNTR_CODE": "ES", "LAU_NAME": "Alpicat", "POP_2024": 0.0, "POP_DENS_2024": 0.0, "AREA_KM2": 15.21889572, "YEAR": 2024, "municipi": "Alpicat", "Preu_m2_2025": 1446.48, "Preu_m2_2013": 1231.8, "Ventas_2025": 63.0, "Ventas_2013": 41.0, "Inc_Preu_m2": 17.428153921091091 }, "geometry": { "type": "MultiPolygon", "coordinates": [ [ [ [ 0.5740826, 41.6761711 ], [ 0.5671883, 41.6826054 ], [ 0.569896, 41.690572 ], [ 0.5540859, 41.6943541 ], [ 0.5286725, 41.677172 ], [ 0.5254737, 41.6664893 ], [ 0.5292032, 41.6619122 ], [ 0.5676799, 41.6461434 ], [ 0.5710862, 41.6532592 ], [ 0.5782697, 41.6563896 ], [ 0.5778977, 41.6616423 ], [ 0.5864335, 41.671109 ], [ 0.5740826, 41.6761711 ] ] ] ] } },
{ "type": "Feature", "properties": { "codauto": "09", "ine.ccaa.name": "Cataluña", "cpro": "25", "ine.prov.name": "Lleida", "cmun": "040", "name": "Balaguer", "LAU_CODE": "25040", "GISCO_ID": "ES_25040", "CNTR_CODE": "ES", "LAU_NAME": "Balaguer", "POP_2024": 0.0, "POP_DENS_2024": 0.0, "AREA_KM2": 57.08884221, "YEAR": 2024, "municipi": "Balaguer", "Preu_m2_2025": 870.44, "Preu_m2_2013": 824.5, "Ventas_2025": 360.0, "Ventas_2013": 92.0, "Inc_Preu_m2": 5.5718617343844823 }, "geometry": { "type": "MultiPolygon", "coordinates": [ [ [ [ 0.9144645, 41.7823005 ], [ 0.9270538, 41.8052882 ], [ 0.930445, 41.8250379 ], [ 0.927357, 41.831193 ], [ 0.9249705, 41.825855499999989 ], [ 0.92252, 41.8218075 ], [ 0.919763, 41.819267 ], [ 0.914742, 41.812145 ], [ 0.912097, 41.810207 ], [ 0.911044, 41.8059655 ], [ 0.9089045, 41.801872 ], [ 0.907673, 41.7978325 ], [ 0.914296, 41.796337 ], [ 0.911961, 41.7872315 ], [ 0.9105015, 41.784772 ], [ 0.9144645, 41.7823005 ] ] ], [ [ [ 0.7589685, 41.8043579 ], [ 0.750229, 41.7956078 ], [ 0.7406046, 41.7923772 ], [ 0.7338705, 41.7811085 ], [ 0.7327845, 41.772095 ], [ 0.7387379, 41.7534115 ], [ 0.7539698, 41.7367218 ], [ 0.76492, 41.730172499999988 ], [ 0.7719967, 41.7328025 ], [ 0.7714862, 41.7415626 ], [ 0.7753206, 41.7480099 ], [ 0.793273, 41.753958 ], [ 0.8089245, 41.7655212 ], [ 0.8219173, 41.7623242 ], [ 0.838285, 41.7719757 ], [ 0.8364345, 41.7752329 ], [ 0.8196073, 41.7825192 ], [ 0.8219465, 41.7960205 ], [ 0.830732, 41.796519 ], [ 0.8359149, 41.8013756 ], [ 0.8292255, 41.8054084 ], [ 0.8324205, 41.8200475 ], [ 0.825226, 41.822441 ], [ 0.8203151, 41.8183496 ], [ 0.811729, 41.8168998 ], [ 0.8073693, 41.8044173 ], [ 0.789062, 41.8169967 ], [ 0.7640665, 41.826791 ], [ 0.7589685, 41.8043579 ] ] ] ] } },
{ "type": "Feature", "properties": { "codauto": "09", "ine.ccaa.name": "Cataluña", "cpro": "25", "ine.prov.name": "Lleida", "cmun": "058", "name": "Borges Blanques, Les", "LAU_CODE": "25058", "GISCO_ID": "ES_25058", "CNTR_CODE": "ES", "LAU_NAME": "Borges Blanques, Les", "POP_2024": 0.0, "POP_DENS_2024": 0.0, "AREA_KM2": 61.63910806, "YEAR": 2024, "municipi": "Borges Blanques, les", "Preu_m2_2025": 1228.18, "Preu_m2_2013": 887.4, "Ventas_2025": 120.0, "Ventas_2013": 53.0, "Inc_Preu_m2": 38.402073473067396 }, "geometry": { "type": "MultiPolygon", "coordinates": [ [ [ [ 0.8652966, 41.5263858 ], [ 0.841727, 41.5338443 ], [ 0.8290789, 41.529548899999988 ], [ 0.8296318, 41.5257568 ], [ 0.8360892, 41.5240744 ], [ 0.8375255, 41.4893655 ], [ 0.8431695, 41.4818988 ], [ 0.845095, 41.4637995 ], [ 0.8614325, 41.4582465 ], [ 0.871146, 41.45466 ], [ 0.8714455, 41.4518675 ], [ 0.8776665, 41.444676 ], [ 0.885027, 41.442655 ], [ 0.8946883, 41.4485442 ], [ 0.8892009, 41.4584275 ], [ 0.8951877, 41.4664086 ], [ 0.9115855, 41.4681409 ], [ 0.9287435, 41.4617005 ], [ 0.9316145, 41.46597 ], [ 0.9247561, 41.4722189 ], [ 0.9246776, 41.4837406 ], [ 0.9194784, 41.4897678 ], [ 0.913962, 41.5141775 ], [ 0.8921152, 41.5268262 ], [ 0.8928895, 41.534793 ], [ 0.8740805, 41.536111 ], [ 0.8652966, 41.5263858 ] ] ], [ [ [ 0.8152685, 41.5324562 ], [ 0.8022341, 41.5415515 ], [ 0.7766547, 41.5442424 ], [ 0.7695575, 41.5251035 ], [ 0.790111, 41.5164969 ], [ 0.8023599, 41.5200563 ], [ 0.810709, 41.518447 ], [ 0.8152685, 41.5324562 ] ] ] ] } },
{ "type": "Feature", "properties": { "codauto": "09", "ine.ccaa.name": "Cataluña", "cpro": "25", "ine.prov.name": "Lleida", "cmun": "072", "name": "Cervera", "LAU_CODE": "25072", "GISCO_ID": "ES_25072", "CNTR_CODE": "ES", "LAU_NAME": "Cervera", "POP_2024": 0.0, "POP_DENS_2024": 0.0, "AREA_KM2": 55.19175333, "YEAR": 2024, "municipi": "Cervera", "Preu_m2_2025": 943.54, "Preu_m2_2013": 969.5, "Ventas_2025": 60.0, "Ventas_2013": 30.0, "Inc_Preu_m2": -2.6776689014956201 }, "geometry": { "type": "MultiPolygon", "coordinates": [ [ [ [ 1.2774065, 41.6417565 ], [ 1.2844784, 41.6525598 ], [ 1.3014246, 41.6589974 ], [ 1.3184676, 41.6462263 ], [ 1.333477, 41.6686345 ], [ 1.3363085, 41.670987499999988 ], [ 1.3094397, 41.6817959 ], [ 1.2962292, 41.6912074 ], [ 1.3305705, 41.714197 ], [ 1.330343, 41.7185345 ], [ 1.322807, 41.7235605 ], [ 1.3296895, 41.7348535 ], [ 1.3298215, 41.737315 ], [ 1.323943, 41.738185 ], [ 1.3228815, 41.7364655 ], [ 1.3181115, 41.737924 ], [ 1.3161185, 41.733713 ], [ 1.3142075, 41.733585 ], [ 1.30872, 41.732022 ], [ 1.29518, 41.7251945 ], [ 1.2910045, 41.723878 ], [ 1.2886069, 41.7188553 ], [ 1.2785263, 41.7119545 ], [ 1.2751526, 41.6988876 ], [ 1.2595426, 41.7042579 ], [ 1.2585345, 41.708181 ], [ 1.2488475, 41.707052 ], [ 1.2391805, 41.7029135 ], [ 1.2391525, 41.697329 ], [ 1.2368765, 41.6931145 ], [ 1.22956, 41.686486 ], [ 1.2305696, 41.6836147 ], [ 1.2446003, 41.6773882 ], [ 1.2401982, 41.6616451 ], [ 1.2331096, 41.6580881 ], [ 1.242215, 41.6429189 ], [ 1.2404695, 41.638021 ], [ 1.2571651, 41.6374757 ], [ 1.261029, 41.6335565 ], [ 1.263322, 41.6313195 ], [ 1.2667645, 41.6291465 ], [ 1.2709085, 41.625436 ], [ 1.27297, 41.624154 ], [ 1.278152, 41.623112 ], [ 1.2804135, 41.6229645 ], [ 1.2774065, 41.6417565 ] ] ] ] } },
{ "type": "Feature", "properties": { "codauto": "09", "ine.ccaa.name": "Cataluña", "cpro": "25", "ine.prov.name": "Lleida", "cmun": "110", "name": "Guissona", "LAU_CODE": "25110", "GISCO_ID": "ES_25110", "CNTR_CODE": "ES", "LAU_NAME": "Guissona", "POP_2024": 0.0, "POP_DENS_2024": 0.0, "AREA_KM2": 18.12962838, "YEAR": 2024, "municipi": "Guissona", "Preu_m2_2025": 1389.76, "Preu_m2_2013": 824.5, "Ventas_2025": 35.0, "Ventas_2013": 12.0, "Inc_Preu_m2": 68.557913887204364 }, "geometry": { "type": "MultiPolygon", "coordinates": [ [ [ [ 1.3250455, 41.7762915 ], [ 1.3192968, 41.7851073 ], [ 1.3001896, 41.7993912 ], [ 1.292589, 41.815004 ], [ 1.2698394, 41.8136689 ], [ 1.2601617, 41.8046064 ], [ 1.2673625, 41.7981939 ], [ 1.2693764, 41.7852084 ], [ 1.2772941, 41.7766186 ], [ 1.2786273, 41.7690378 ], [ 1.300698, 41.7699802 ], [ 1.3144095, 41.763553 ], [ 1.3250455, 41.7762915 ] ] ], [ [ [ 1.2434474, 41.7915486 ], [ 1.2460891, 41.7962479 ], [ 1.2392591, 41.7971582 ], [ 1.226987, 41.7956505 ], [ 1.2291025, 41.7897795 ], [ 1.2322055, 41.7866515 ], [ 1.2434474, 41.7915486 ] ] ] ] } },
{ "type": "Feature", "properties": { "codauto": "09", "ine.ccaa.name": "Cataluña", "cpro": "25", "ine.prov.name": "Lleida", "cmun": "120", "name": "Lleida", "LAU_CODE": "25120", "GISCO_ID": "ES_25120", "CNTR_CODE": "ES", "LAU_NAME": "Lleida", "POP_2024": 0.0, "POP_DENS_2024": 0.0, "AREA_KM2": 211.7016831, "YEAR": 2024, "municipi": "Lleida", "Preu_m2_2025": 1393.42, "Preu_m2_2013": 1240.3, "Ventas_2025": 1762.0, "Ventas_2013": 800.0, "Inc_Preu_m2": 12.345400306377499 }, "geometry": { "type": "MultiPolygon", "coordinates": [ [ [ [ 0.7133436, 41.636121 ], [ 0.7008844, 41.6299444 ], [ 0.6900963, 41.6338515 ], [ 0.6738466, 41.6312977 ], [ 0.6695316, 41.6350405 ], [ 0.6771542, 41.6451925 ], [ 0.6609135, 41.6565065 ], [ 0.6554055, 41.661908 ], [ 0.6410223, 41.6676479 ], [ 0.6338991, 41.6664496 ], [ 0.617716, 41.6711785 ], [ 0.6144597, 41.6665223 ], [ 0.6037398, 41.6634081 ], [ 0.5864335, 41.671109 ], [ 0.5778977, 41.6616423 ], [ 0.5782697, 41.6563896 ], [ 0.5710862, 41.6532592 ], [ 0.5676799, 41.6461434 ], [ 0.5292032, 41.6619122 ], [ 0.5254737, 41.6664893 ], [ 0.5286725, 41.677172 ], [ 0.5177876, 41.6867516 ], [ 0.5028965, 41.6943975 ], [ 0.500684, 41.6940025 ], [ 0.4933825, 41.694697 ], [ 0.4893845, 41.6957165 ], [ 0.467399, 41.7002335 ], [ 0.460417, 41.702616 ], [ 0.454364, 41.7049235 ], [ 0.4420515, 41.711896 ], [ 0.4279685, 41.7196105 ], [ 0.420272, 41.7230595 ], [ 0.3952405, 41.731821 ], [ 0.388116, 41.736683 ], [ 0.384796, 41.740299 ], [ 0.3819175, 41.73584 ], [ 0.3728285, 41.723896 ], [ 0.3692735, 41.7246555 ], [ 0.3687135, 41.71418 ], [ 0.3639135, 41.711342 ], [ 0.3721995, 41.7063905 ], [ 0.380984, 41.6992875 ], [ 0.401932, 41.690014 ], [ 0.4067945, 41.6881485 ], [ 0.412141, 41.6865345 ], [ 0.4211645, 41.6840665 ], [ 0.425101, 41.683319 ], [ 0.428642, 41.681904 ], [ 0.4313345, 41.6796645 ], [ 0.4445835, 41.6758345 ], [ 0.441222, 41.665066 ], [ 0.44168, 41.659706 ], [ 0.44852, 41.6550405 ], [ 0.4784668, 41.6578816 ], [ 0.5148416, 41.6508888 ], [ 0.5177098, 41.6476566 ], [ 0.5175249, 41.6376915 ], [ 0.5404132, 41.6142417 ], [ 0.5422226, 41.6057614 ], [ 0.5649225, 41.568954 ], [ 0.574578, 41.5759435 ], [ 0.5776145, 41.575683 ], [ 0.5827975, 41.5742265 ], [ 0.585776, 41.574043 ], [ 0.5912815, 41.574634 ], [ 0.6036032, 41.5812005 ], [ 0.6131682, 41.582349 ], [ 0.6230112, 41.5780524 ], [ 0.6326306, 41.5782172 ], [ 0.6426433, 41.5761573 ], [ 0.6423672, 41.5691405 ], [ 0.6327256, 41.5610029 ], [ 0.6317505, 41.5539095 ], [ 0.6566842, 41.5499412 ], [ 0.6569049, 41.5261135 ], [ 0.6635965, 41.5156495 ], [ 0.6764865, 41.5112445 ], [ 0.6883945, 41.5247709 ], [ 0.6811248, 41.5326945 ], [ 0.6826175, 41.5428719 ], [ 0.6737668, 41.550855 ], [ 0.6677163, 41.5636682 ], [ 0.6728772, 41.5732813 ], [ 0.7023593, 41.5677639 ], [ 0.726287, 41.5720735 ], [ 0.732446, 41.570711 ], [ 0.7362771, 41.5803571 ], [ 0.742469, 41.585025 ], [ 0.7246325, 41.5970194 ], [ 0.7198303, 41.6237765 ], [ 0.7294345, 41.6335265 ], [ 0.728689, 41.6379365 ], [ 0.7133436, 41.636121 ] ] ] ] } },
{ "type": "Feature", "properties": { "codauto": "09", "ine.ccaa.name": "Cataluña", "cpro": "25", "ine.prov.name": "Lleida", "cmun": "137", "name": "Mollerussa", "LAU_CODE": "25137", "GISCO_ID": "ES_25137", "CNTR_CODE": "ES", "LAU_NAME": "Mollerussa", "POP_2024": 0.0, "POP_DENS_2024": 0.0, "AREA_KM2": 6.96166462, "YEAR": 2024, "municipi": "Mollerussa", "Preu_m2_2025": 895.33, "Preu_m2_2013": 987.5, "Ventas_2025": 198.0, "Ventas_2013": 90.0, "Inc_Preu_m2": -9.3336708860759448 }, "geometry": { "type": "MultiPolygon", "coordinates": [ [ [ [ 0.889554, 41.6419435 ], [ 0.885817, 41.6412865 ], [ 0.8853505, 41.638718 ], [ 0.8818199, 41.6280725 ], [ 0.851554, 41.6112715 ], [ 0.862303, 41.60674 ], [ 0.8811258, 41.6165774 ], [ 0.8949829, 41.6166965 ], [ 0.9050145, 41.611937 ], [ 0.9019185, 41.6168135 ], [ 0.904871, 41.6220095 ], [ 0.9057025, 41.6250225 ], [ 0.904461, 41.627506 ], [ 0.9026285, 41.629757 ], [ 0.90197, 41.6379355 ], [ 0.8967525, 41.639393 ], [ 0.8952175, 41.642368 ], [ 0.8935795, 41.6421885 ], [ 0.889554, 41.6419435 ] ] ] ] } },
{ "type": "Feature", "properties": { "codauto": "09", "ine.ccaa.name": "Cataluña", "cpro": "25", "ine.prov.name": "Lleida", "cmun": "203", "name": "Seu d'Urgell, La", "LAU_CODE": "25203", "GISCO_ID": "ES_25203", "CNTR_CODE": "ES", "LAU_NAME": "Seu d'Urgell, La", "POP_2024": 0.0, "POP_DENS_2024": 0.0, "AREA_KM2": 15.13378179, "YEAR": 2024, "municipi": "Seu d'Urgell, la", "Preu_m2_2025": 1832.22, "Preu_m2_2013": 1133.9, "Ventas_2025": 109.0, "Ventas_2013": 37.0, "Inc_Preu_m2": 61.585677749360599 }, "geometry": { "type": "MultiPolygon", "coordinates": [ [ [ [ 1.494729, 42.3605456 ], [ 1.4694043, 42.3623337 ], [ 1.4605474, 42.368892 ], [ 1.4480833, 42.3715711 ], [ 1.441709, 42.3843305 ], [ 1.4382763, 42.3799182 ], [ 1.4353082, 42.3650906 ], [ 1.4274145, 42.3550624 ], [ 1.440491, 42.344513 ], [ 1.4505827, 42.3478778 ], [ 1.4616815, 42.3354225 ], [ 1.4688502, 42.3396149 ], [ 1.4793557, 42.3402781 ], [ 1.4889728, 42.3477134 ], [ 1.4913868, 42.3568404 ], [ 1.50831, 42.357315 ], [ 1.500616, 42.3700785 ], [ 1.494729, 42.3605456 ] ] ], [ [ [ 1.4994147, 42.3379819 ], [ 1.5020971, 42.3393712 ], [ 1.4959263, 42.349860199999988 ], [ 1.4909833, 42.3437552 ], [ 1.4994147, 42.3379819 ] ] ] ] } },
{ "type": "Feature", "properties": { "codauto": "09", "ine.ccaa.name": "Cataluña", "cpro": "25", "ine.prov.name": "Lleida", "cmun": "207", "name": "Solsona", "LAU_CODE": "25207", "GISCO_ID": "ES_25207", "CNTR_CODE": "ES", "LAU_NAME": "Solsona", "POP_2024": 0.0, "POP_DENS_2024": 0.0, "AREA_KM2": 17.71288876, "YEAR": 2024, "municipi": "Solsona", "Preu_m2_2025": 1365.24, "Preu_m2_2013": 1286.9, "Ventas_2025": 62.0, "Ventas_2013": 26.0, "Inc_Preu_m2": 6.0874970860206625 }, "geometry": { "type": "MultiPolygon", "coordinates": [ [ [ [ 1.4945092, 42.0001074 ], [ 1.5008779, 41.9990128 ], [ 1.5036206, 41.9952347 ], [ 1.496683, 41.9900166 ], [ 1.5032397, 41.9877398 ], [ 1.4929711, 41.9748666 ], [ 1.4941926, 41.9711026 ], [ 1.5037003, 41.968263 ], [ 1.5160075, 41.9703159 ], [ 1.5242366, 41.9764126 ], [ 1.5423598, 41.976388 ], [ 1.5504553, 41.9867844 ], [ 1.5360703, 42.0005624 ], [ 1.5364842, 42.0094988 ], [ 1.5298101, 42.0140544 ], [ 1.5278695, 42.021381 ], [ 1.514379, 42.0154015 ], [ 1.5031985, 42.016483099999988 ], [ 1.4922085, 42.009413 ], [ 1.4945092, 42.0001074 ] ], [ [ 1.5026761, 42.0076785 ], [ 1.5049327, 42.0055586 ], [ 1.5018447, 42.0018754 ], [ 1.4980719, 42.0062015 ], [ 1.5026761, 42.0076785 ] ] ], [ [ [ 1.4886933, 41.976274 ], [ 1.4942448, 41.984306 ], [ 1.4924244, 41.9849612 ], [ 1.4827509, 41.9827833 ], [ 1.4886933, 41.976274 ] ] ] ] } },
{ "type": "Feature", "properties": { "codauto": "09", "ine.ccaa.name": "Cataluña", "cpro": "25", "ine.prov.name": "Lleida", "cmun": "217", "name": "Tàrrega", "LAU_CODE": "25217", "GISCO_ID": "ES_25217", "CNTR_CODE": "ES", "LAU_NAME": "Tàrrega", "POP_2024": 0.0, "POP_DENS_2024": 0.0, "AREA_KM2": 87.95299714, "YEAR": 2024, "municipi": "Tàrrega", "Preu_m2_2025": 1014.74, "Preu_m2_2013": 1037.6, "Ventas_2025": 210.0, "Ventas_2013": 130.0, "Inc_Preu_m2": -2.2031611410948249 }, "geometry": { "type": "MultiPolygon", "coordinates": [ [ [ [ 1.1395984, 41.7112691 ], [ 1.1344034, 41.721333 ], [ 1.1255933, 41.7247719 ], [ 1.1262795, 41.7378552 ], [ 1.1166883, 41.7406319 ], [ 1.103031, 41.737577 ], [ 1.0803985, 41.721183 ], [ 1.0813324, 41.717090399999989 ], [ 1.0971798, 41.7237861 ], [ 1.1032492, 41.7125779 ], [ 1.0990975, 41.705217499999989 ], [ 1.0982069, 41.7017003 ], [ 1.0777605, 41.687289 ], [ 1.0582915, 41.6812205 ], [ 1.0860071, 41.6766363 ], [ 1.1096045, 41.6872865 ], [ 1.1158247, 41.6779228 ], [ 1.1246441, 41.6733551 ], [ 1.1086596, 41.6630488 ], [ 1.1079013, 41.6583976 ], [ 1.1136908, 41.6541643 ], [ 1.1112354, 41.6503319 ], [ 1.1124396, 41.643562 ], [ 1.1089385, 41.639409799999989 ], [ 1.1021926, 41.6399722 ], [ 1.0976548, 41.6348272 ], [ 1.0964455, 41.6289078 ], [ 1.1001292, 41.6212823 ], [ 1.0896165, 41.6111195 ], [ 1.0983162, 41.6103573 ], [ 1.1404167, 41.624442 ], [ 1.1479166, 41.6233979 ], [ 1.1654345, 41.610277 ], [ 1.1866235, 41.6198865 ], [ 1.1893733, 41.6337897 ], [ 1.1860557, 41.6486527 ], [ 1.190485, 41.6545705 ], [ 1.189828, 41.674603 ], [ 1.187046, 41.6764313 ], [ 1.1865852, 41.6850797 ], [ 1.1944345, 41.692383 ], [ 1.2042822, 41.7173032 ], [ 1.193216, 41.7196384 ], [ 1.1739995, 41.7083766 ], [ 1.156575, 41.712465 ], [ 1.1395984, 41.7112691 ] ] ] ] } },
{ "type": "Feature", "properties": { "codauto": "09", "ine.ccaa.name": "Cataluña", "cpro": "25", "ine.prov.name": "Lleida", "cmun": "234", "name": "Tremp", "LAU_CODE": "25234", "GISCO_ID": "ES_25234", "CNTR_CODE": "ES", "LAU_NAME": "Tremp", "POP_2024": 0.0, "POP_DENS_2024": 0.0, "AREA_KM2": 302.61711289, "YEAR": 2024, "municipi": "Tremp", "Preu_m2_2025": 1160.95, "Preu_m2_2013": 792.8, "Ventas_2025": 69.0, "Ventas_2013": 43.0, "Inc_Preu_m2": 46.436680121089822 }, "geometry": { "type": "MultiPolygon", "coordinates": [ [ [ [ 0.902691, 42.1226385 ], [ 0.9082425, 42.1230165 ], [ 0.913702, 42.1240615 ], [ 0.912968, 42.1323515 ], [ 0.9154035, 42.133213 ], [ 0.9208355, 42.136963 ], [ 0.934602, 42.138488 ], [ 0.937577, 42.1390535 ], [ 0.9394185, 42.1363525 ], [ 0.936394, 42.130497 ], [ 0.9414465, 42.13044 ], [ 0.945812, 42.1238495 ], [ 0.9513175, 42.1280306 ], [ 0.9574813, 42.1439761 ], [ 0.9677079, 42.1560622 ], [ 0.9691759, 42.1711936 ], [ 0.9561012, 42.1666926 ], [ 0.9480474, 42.1703685 ], [ 0.9263595, 42.1700275 ], [ 0.9088151, 42.1631477 ], [ 0.905729, 42.1542783 ], [ 0.8953669, 42.1494346 ], [ 0.8948635, 42.1381398 ], [ 0.9034836, 42.1329651 ], [ 0.9009085, 42.12163 ], [ 0.902691, 42.1226385 ] ] ], [ [ [ 0.7088264, 42.1978436 ], [ 0.7028069, 42.1890044 ], [ 0.6987936, 42.1724991 ], [ 0.7126716, 42.162847 ], [ 0.6961268, 42.1508961 ], [ 0.6984435, 42.126477 ], [ 0.7031762, 42.1266876 ], [ 0.711513, 42.1174862 ], [ 0.7247703, 42.110625 ], [ 0.7520753, 42.1200257 ], [ 0.774223, 42.1203765 ], [ 0.7878905, 42.1224953 ], [ 0.7932994, 42.1333329 ], [ 0.8004616, 42.1313601 ], [ 0.8245826, 42.1351674 ], [ 0.8503157, 42.1426123 ], [ 0.871209, 42.1419105 ], [ 0.8785685, 42.1566275 ], [ 0.8721051, 42.161479 ], [ 0.8823388, 42.1710975 ], [ 0.8607763, 42.1836053 ], [ 0.8588466, 42.192300599999989 ], [ 0.8681167, 42.1959701 ], [ 0.8877937, 42.2134128 ], [ 0.9058972, 42.2077529 ], [ 0.909887, 42.210342499999989 ], [ 0.9089948, 42.215627 ], [ 0.8972104, 42.222014 ], [ 0.889225, 42.2329395 ], [ 0.8651379, 42.244446 ], [ 0.8524352, 42.2584806 ], [ 0.8566325, 42.261467 ], [ 0.853154, 42.2744721 ], [ 0.8555545, 42.2823896 ], [ 0.8616455, 42.2901856 ], [ 0.8708559, 42.2933789 ], [ 0.874052, 42.298855 ], [ 0.8470509, 42.3138929 ], [ 0.8156628, 42.3150143 ], [ 0.8009231, 42.3197837 ], [ 0.7899386, 42.3277973 ], [ 0.7726995, 42.3333283 ], [ 0.7748691, 42.3407705 ], [ 0.763315, 42.347721 ], [ 0.7559391, 42.3469865 ], [ 0.7412525, 42.3361006 ], [ 0.7442472, 42.3270133 ], [ 0.7634754, 42.3225139 ], [ 0.7561233, 42.3135641 ], [ 0.7554372, 42.3087824 ], [ 0.7453966, 42.3009054 ], [ 0.7432849, 42.2861047 ], [ 0.738663, 42.2814485 ], [ 0.7392417, 42.2702047 ], [ 0.7352967, 42.251815799999989 ], [ 0.725796, 42.2430914 ], [ 0.7243819, 42.2352387 ], [ 0.7153588, 42.2238597 ], [ 0.7131069, 42.2095862 ], [ 0.7079505, 42.203733 ], [ 0.7088264, 42.1978436 ] ] ], [ [ [ 0.8847095, 42.1602207 ], [ 0.901143, 42.1582343 ], [ 0.9063611, 42.161848 ], [ 0.9062374, 42.1695403 ], [ 0.9001943, 42.1761138 ], [ 0.8943097, 42.176296 ], [ 0.8873332, 42.1726785 ], [ 0.8824281, 42.162692 ], [ 0.8847095, 42.1602207 ] ] ], [ [ [ 0.8817281, 42.1261307 ], [ 0.894363, 42.1210475 ], [ 0.8914765, 42.1326442 ], [ 0.873831, 42.1375825 ], [ 0.8817281, 42.1261307 ] ] ], [ [ [ 0.7679054, 42.3521972 ], [ 0.7670705, 42.348816 ], [ 0.7753673, 42.3462201 ], [ 0.7941276, 42.3477816 ], [ 0.807741, 42.3573921 ], [ 0.7913596, 42.3725666 ], [ 0.7722407, 42.375474 ], [ 0.7623477, 42.3667258 ], [ 0.760655, 42.3570405 ], [ 0.7679054, 42.3521972 ] ] ] ] } },
{ "type": "Feature", "properties": { "codauto": "09", "ine.ccaa.name": "Cataluña", "cpro": "25", "ine.prov.name": "Lleida", "cmun": "243", "name": "Vielha e Mijaran", "LAU_CODE": "25243", "GISCO_ID": "ES_25243", "CNTR_CODE": "ES", "LAU_NAME": "Vielha e Mijaran", "POP_2024": 0.0, "POP_DENS_2024": 0.0, "AREA_KM2": 210.84539508, "YEAR": 2024, "municipi": "Vielha e Mijaran", "Preu_m2_2025": 3020.28, "Preu_m2_2013": 1835.2, "Ventas_2025": 113.0, "Ventas_2013": 78.0, "Inc_Preu_m2": 64.574978204010463 }, "geometry": { "type": "MultiPolygon", "coordinates": [ [ [ [ 0.6623082, 42.6859893 ], [ 0.6729376, 42.6786976 ], [ 0.6804436, 42.6670619 ], [ 0.694845, 42.6579399 ], [ 0.6969031, 42.6487901 ], [ 0.7021503, 42.6416818 ], [ 0.698579, 42.6294705 ], [ 0.7079273, 42.6213593 ], [ 0.7284116, 42.6154786 ], [ 0.7675505, 42.6112245 ], [ 0.805611, 42.618944 ], [ 0.8034979, 42.6281361 ], [ 0.7935482, 42.6349455 ], [ 0.7929804, 42.6409956 ], [ 0.7984245, 42.643952299999988 ], [ 0.8390273, 42.6495467 ], [ 0.8414626, 42.6596231 ], [ 0.8494274, 42.6694814 ], [ 0.8400634, 42.6748157 ], [ 0.8385257, 42.6859036 ], [ 0.841639, 42.6955643 ], [ 0.833798, 42.7024339 ], [ 0.8316621, 42.7151548 ], [ 0.8672511, 42.734936499999989 ], [ 0.87827, 42.7489719 ], [ 0.9016985, 42.7689654 ], [ 0.8894682, 42.794307 ], [ 0.873694, 42.8056985 ], [ 0.835181, 42.7958635 ], [ 0.8026583, 42.7928657 ], [ 0.7975513, 42.7886824 ], [ 0.7681935, 42.7881295 ], [ 0.7725032, 42.782826 ], [ 0.7720188, 42.7733038 ], [ 0.7578725, 42.7507539 ], [ 0.7465185, 42.745129 ], [ 0.7456738, 42.7378256 ], [ 0.733533, 42.7323833 ], [ 0.7334403, 42.7254164 ], [ 0.7145975, 42.7056339 ], [ 0.7089206, 42.6892989 ], [ 0.67634, 42.6910095 ], [ 0.660127, 42.6909525 ], [ 0.6623082, 42.6859893 ] ] ] ] } },
{ "type": "Feature", "properties": { "codauto": "09", "ine.ccaa.name": "Cataluña", "cpro": "43", "ine.prov.name": "Tarragona", "cmun": "004", "name": "Alcanar", "LAU_CODE": "43004", "GISCO_ID": "ES_43004", "CNTR_CODE": "ES", "LAU_NAME": "Alcanar", "POP_2024": 0.0, "POP_DENS_2024": 0.0, "AREA_KM2": 47.1390871, "YEAR": 2024, "municipi": "Alcanar", "Preu_m2_2025": 1131.54, "Preu_m2_2013": 1045.7, "Ventas_2025": 239.0, "Ventas_2013": 98.0, "Inc_Preu_m2": 8.2088553122310337 }, "geometry": { "type": "MultiPolygon", "coordinates": [ [ [ [ 0.4769, 40.5324505 ], [ 0.5152385, 40.5229185 ], [ 0.5229117, 40.5425924 ], [ 0.5325183, 40.5538398 ], [ 0.5386407, 40.5673024 ], [ 0.58042, 40.6038705 ], [ 0.5709365, 40.6148787 ], [ 0.573893, 40.6179269 ], [ 0.5710222, 40.6229389 ], [ 0.5442175, 40.63229 ], [ 0.542511, 40.631796 ], [ 0.5222811, 40.6041392 ], [ 0.5198978, 40.5777895 ], [ 0.5113834, 40.5688736 ], [ 0.510016, 40.5636331 ], [ 0.4845023, 40.56795 ], [ 0.4737302, 40.5546441 ], [ 0.4550042, 40.5543483 ], [ 0.4380445, 40.547058 ], [ 0.4769, 40.5324505 ] ] ] ] } },
{ "type": "Feature", "properties": { "codauto": "09", "ine.ccaa.name": "Cataluña", "cpro": "43", "ine.prov.name": "Tarragona", "cmun": "005", "name": "Alcover", "LAU_CODE": "43005", "GISCO_ID": "ES_43005", "CNTR_CODE": "ES", "LAU_NAME": "Alcover", "POP_2024": 0.0, "POP_DENS_2024": 0.0, "AREA_KM2": 46.3043134, "YEAR": 2024, "municipi": "Alcover", "Preu_m2_2025": 1384.24, "Preu_m2_2013": 1030.5, "Ventas_2025": 43.0, "Ventas_2013": 21.0, "Inc_Preu_m2": 34.327025715672008 }, "geometry": { "type": "MultiPolygon", "coordinates": [ [ [ [ 1.1808403, 41.2243271 ], [ 1.1882135, 41.2312622 ], [ 1.195993, 41.2237325 ], [ 1.2009583, 41.2277302 ], [ 1.2040975, 41.2272805 ], [ 1.2067705, 41.227622 ], [ 1.2099985, 41.228774 ], [ 1.2108895, 41.233008 ], [ 1.210403, 41.2357185 ], [ 1.1913962, 41.2505402 ], [ 1.1962832, 41.2592907 ], [ 1.212848, 41.260459 ], [ 1.2078459, 41.2787157 ], [ 1.2145399, 41.2796128 ], [ 1.215007, 41.2845507 ], [ 1.1946743, 41.2851047 ], [ 1.1941635, 41.2911909 ], [ 1.2002943, 41.2955172 ], [ 1.1995028, 41.3013375 ], [ 1.1940115, 41.3054285 ], [ 1.1742375, 41.2907129 ], [ 1.154667, 41.3024622 ], [ 1.1437935, 41.3028175 ], [ 1.1277053, 41.2895373 ], [ 1.1354993, 41.2844438 ], [ 1.1393109, 41.2753011 ], [ 1.1375238, 41.2711419 ], [ 1.1222412, 41.2698659 ], [ 1.1079868, 41.2757263 ], [ 1.0998058, 41.2720215 ], [ 1.099508, 41.266045 ], [ 1.1057966, 41.2575874 ], [ 1.1188335, 41.2600738 ], [ 1.1392505, 41.256825 ], [ 1.1457256, 41.2467686 ], [ 1.1593917, 41.2381948 ], [ 1.153454, 41.2320835 ], [ 1.1732685, 41.2240425 ], [ 1.1808403, 41.2243271 ] ] ] ] } },
{ "type": "Feature", "properties": { "codauto": "09", "ine.ccaa.name": "Cataluña", "cpro": "43", "ine.prov.name": "Tarragona", "cmun": "013", "name": "Ametlla de Mar, L'", "LAU_CODE": "43013", "GISCO_ID": "ES_43013", "CNTR_CODE": "ES", "LAU_NAME": "Ametlla de Mar, L'", "POP_2024": 0.0, "POP_DENS_2024": 0.0, "AREA_KM2": 67.11109146, "YEAR": 2024, "municipi": "Ametlla de Mar, l'", "Preu_m2_2025": 2243.44, "Preu_m2_2013": 1559.4, "Ventas_2025": 158.0, "Ventas_2013": 111.0, "Inc_Preu_m2": 43.865589329229188 }, "geometry": { "type": "MultiPolygon", "coordinates": [ [ [ [ 0.7133034, 40.9190616 ], [ 0.7369412, 40.9144242 ], [ 0.7503292, 40.8902208 ], [ 0.7437915, 40.8498844 ], [ 0.7519935, 40.846119 ], [ 0.7619136, 40.8473253 ], [ 0.769529, 40.8568922 ], [ 0.7922877, 40.8673336 ], [ 0.8003632, 40.8795871 ], [ 0.825781, 40.9022924 ], [ 0.8281909, 40.9088639 ], [ 0.857802, 40.934662 ], [ 0.819036, 40.9407465 ], [ 0.7526434, 40.9326023 ], [ 0.7382827, 40.9390447 ], [ 0.7008967, 40.9436601 ], [ 0.6848485, 40.940834 ], [ 0.7133034, 40.9190616 ] ] ] ] } },
{ "type": "Feature", "properties": { "codauto": "09", "ine.ccaa.name": "Cataluña", "cpro": "43", "ine.prov.name": "Tarragona", "cmun": "014", "name": "Amposta", "LAU_CODE": "43014", "GISCO_ID": "ES_43014", "CNTR_CODE": "ES", "LAU_NAME": "Amposta", "POP_2024": 0.0, "POP_DENS_2024": 0.0, "AREA_KM2": 137.67140748, "YEAR": 2024, "municipi": "Amposta", "Preu_m2_2025": 864.72, "Preu_m2_2013": 739.9, "Ventas_2025": 352.0, "Ventas_2013": 178.0, "Inc_Preu_m2": 16.869847276659016 }, "geometry": { "type": "MultiPolygon", "coordinates": [ [ [ [ 0.594027, 40.708538 ], [ 0.592332, 40.7091675 ], [ 0.587013, 40.7123755 ], [ 0.57958, 40.7161295 ], [ 0.5775465, 40.719677 ], [ 0.573992, 40.7277945 ], [ 0.5730215, 40.7328875 ], [ 0.5648639, 40.7501772 ], [ 0.5588669, 40.7497761 ], [ 0.5518395, 40.7442055 ], [ 0.5522358, 40.7328138 ], [ 0.5461712, 40.7196123 ], [ 0.5468793, 40.7124245 ], [ 0.5336646, 40.694356 ], [ 0.532439, 40.6791635 ], [ 0.5429605, 40.6574206 ], [ 0.5390955, 40.647286 ], [ 0.561494, 40.6434936 ], [ 0.5762245, 40.6483311 ], [ 0.6016352, 40.6420798 ], [ 0.6276279, 40.6525589 ], [ 0.656101, 40.6352293 ], [ 0.663276, 40.6265295 ], [ 0.6819026, 40.6343235 ], [ 0.7024116, 40.638085 ], [ 0.7265978, 40.6395187 ], [ 0.7460415, 40.636181 ], [ 0.750103, 40.635048 ], [ 0.7673864, 40.6473425 ], [ 0.7911436, 40.6580728 ], [ 0.790989, 40.6602095 ], [ 0.7476778, 40.6710821 ], [ 0.706979, 40.6868286 ], [ 0.6942148, 40.6887557 ], [ 0.6800577, 40.6997607 ], [ 0.6839322, 40.7099796 ], [ 0.6742145, 40.72112 ], [ 0.6704025, 40.720917 ], [ 0.664838, 40.720291 ], [ 0.6576035, 40.718447 ], [ 0.6494255, 40.716029 ], [ 0.63704, 40.7129375 ], [ 0.631825, 40.7105495 ], [ 0.6183065, 40.7060965 ], [ 0.6162145, 40.7057565 ], [ 0.613043, 40.705707 ], [ 0.605974, 40.706545 ], [ 0.598381, 40.7075245 ], [ 0.594027, 40.708538 ] ] ] ] } },
{ "type": "Feature", "properties": { "codauto": "09", "ine.ccaa.name": "Cataluña", "cpro": "43", "ine.prov.name": "Tarragona", "cmun": "016", "name": "Arboç, L'", "LAU_CODE": "43016", "GISCO_ID": "ES_43016", "CNTR_CODE": "ES", "LAU_NAME": "Arboç, L'", "POP_2024": 0.0, "POP_DENS_2024": 0.0, "AREA_KM2": 14.1789929, "YEAR": 2024, "municipi": "Arboç, l'", "Preu_m2_2025": 1087.18, "Preu_m2_2013": 737.2, "Ventas_2025": 77.0, "Ventas_2013": 28.0, "Inc_Preu_m2": 47.47422680412371 }, "geometry": { "type": "MultiPolygon", "coordinates": [ [ [ [ 1.642426, 41.312882 ], [ 1.640886, 41.312617 ], [ 1.633794, 41.3133195 ], [ 1.6316408, 41.311031 ], [ 1.6343004, 41.3097389 ], [ 1.642191, 41.3121765 ], [ 1.642426, 41.312882 ] ] ], [ [ [ 1.5927495, 41.2906855 ], [ 1.5910305, 41.2894095 ], [ 1.5902865, 41.287316499999989 ], [ 1.5888635, 41.2854035 ], [ 1.5898371, 41.2778476 ], [ 1.5833107, 41.2718324 ], [ 1.5830663, 41.2679265 ], [ 1.570118, 41.260656 ], [ 1.5931602, 41.2582482 ], [ 1.607408, 41.2511934 ], [ 1.6212003, 41.2566309 ], [ 1.6259837, 41.2692768 ], [ 1.6235201, 41.2774798 ], [ 1.6319037, 41.2968287 ], [ 1.6207003, 41.294633 ], [ 1.6103766, 41.2863812 ], [ 1.591954, 41.2925205 ], [ 1.5927495, 41.2906855 ] ] ] ] } },
{ "type": "Feature", "properties": { "codauto": "09", "ine.ccaa.name": "Cataluña", "cpro": "43", "ine.prov.name": "Tarragona", "cmun": "037", "name": "Calafell", "LAU_CODE": "43037", "GISCO_ID": "ES_43037", "CNTR_CODE": "ES", "LAU_NAME": "Calafell", "POP_2024": 0.0, "POP_DENS_2024": 0.0, "AREA_KM2": 20.24830964, "YEAR": 2024, "municipi": "Calafell", "Preu_m2_2025": 2382.3, "Preu_m2_2013": 1405.1, "Ventas_2025": 807.0, "Ventas_2013": 372.0, "Inc_Preu_m2": 69.546651483880169 }, "geometry": { "type": "MultiPolygon", "coordinates": [ [ [ [ 1.6108227, 41.1961455 ], [ 1.6100447, 41.2003845 ], [ 1.6214955, 41.2236295 ], [ 1.6037987, 41.2340238 ], [ 1.593549, 41.233941 ], [ 1.5899548, 41.2305701 ], [ 1.5780755, 41.2300679 ], [ 1.5745293, 41.2255957 ], [ 1.5737534, 41.2172034 ], [ 1.566294, 41.2174033 ], [ 1.5597105, 41.211518 ], [ 1.5580829, 41.2005847 ], [ 1.567315, 41.1859015 ], [ 1.616917, 41.190708 ], [ 1.6108227, 41.1961455 ] ] ] ] } },
{ "type": "Feature", "properties": { "codauto": "09", "ine.ccaa.name": "Cataluña", "cpro": "43", "ine.prov.name": "Tarragona", "cmun": "038", "name": "Cambrils", "LAU_CODE": "43038", "GISCO_ID": "ES_43038", "CNTR_CODE": "ES", "LAU_NAME": "Cambrils", "POP_2024": 0.0, "POP_DENS_2024": 0.0, "AREA_KM2": 35.10575151, "YEAR": 2024, "municipi": "Cambrils", "Preu_m2_2025": 2655.31, "Preu_m2_2013": 1845.6, "Ventas_2025": 647.0, "Ventas_2013": 457.0, "Inc_Preu_m2": 43.872453402687476 }, "geometry": { "type": "MultiPolygon", "coordinates": [ [ [ [ 1.0893305, 41.1031235 ], [ 1.082552, 41.100762499999988 ], [ 1.0725123, 41.0790612 ], [ 1.0639406, 41.073661799999989 ], [ 1.0643122, 41.069175 ], [ 1.0620266, 41.068759 ], [ 1.0581224, 41.072037 ], [ 1.0592413, 41.0765036 ], [ 1.030102, 41.1152395 ], [ 1.0268125, 41.113938 ], [ 1.0205775, 41.110923 ], [ 1.0112905, 41.107324 ], [ 0.9953655, 41.1035525 ], [ 0.9854355, 41.1014495 ], [ 0.9998771, 41.0732012 ], [ 1.0234615, 41.0520095 ], [ 1.050663, 41.0641097 ], [ 1.06157, 41.0617474 ], [ 1.0687907, 41.0658718 ], [ 1.0846007, 41.0641009 ], [ 1.117794, 41.0738565 ], [ 1.1004, 41.0866515 ], [ 1.0944652, 41.093081 ], [ 1.0941825, 41.1042965 ], [ 1.0893305, 41.1031235 ] ] ] ] } },
{ "type": "Feature", "properties": { "codauto": "09", "ine.ccaa.name": "Cataluña", "cpro": "43", "ine.prov.name": "Tarragona", "cmun": "044", "name": "Sénia, La", "LAU_CODE": "43044", "GISCO_ID": "ES_43044", "CNTR_CODE": "ES", "LAU_NAME": "Sénia, La", "POP_2024": 0.0, "POP_DENS_2024": 0.0, "AREA_KM2": 108.69185323000001, "YEAR": 2024, "municipi": "Sénia, la", "Preu_m2_2025": 667.15, "Preu_m2_2013": 789.7, "Ventas_2025": 51.0, "Ventas_2013": 45.0, "Inc_Preu_m2": -15.518551348613405 }, "geometry": { "type": "MultiPolygon", "coordinates": [ [ [ [ 0.1827408, 40.7283265 ], [ 0.1912331, 40.7302107 ], [ 0.1986101, 40.7247634 ], [ 0.2245692, 40.7325072 ], [ 0.2275212, 40.7161026 ], [ 0.2396255, 40.7014968 ], [ 0.2622921, 40.7054388 ], [ 0.2905727, 40.6882199 ], [ 0.2906685, 40.6830791 ], [ 0.268443, 40.659823 ], [ 0.2666765, 40.6447462 ], [ 0.2711796, 40.6386102 ], [ 0.284003, 40.6269199 ], [ 0.2916247, 40.6237928 ], [ 0.2978644, 40.6249272 ], [ 0.3110435, 40.616907 ], [ 0.3298315, 40.611046 ], [ 0.3388849, 40.6250517 ], [ 0.3580947, 40.6458109 ], [ 0.3518025, 40.659721499999989 ], [ 0.3384788, 40.6738667 ], [ 0.3371535, 40.6840322 ], [ 0.3057367, 40.7027476 ], [ 0.3042624, 40.7123375 ], [ 0.2958804, 40.7152984 ], [ 0.2903935, 40.7226264 ], [ 0.2781802, 40.7301281 ], [ 0.2783268, 40.7351843 ], [ 0.293809, 40.7508795 ], [ 0.2909591, 40.7525116 ], [ 0.2860982, 40.7677487 ], [ 0.2770249, 40.7641496 ], [ 0.2712829, 40.768186 ], [ 0.277427, 40.773082 ], [ 0.271762, 40.7790329 ], [ 0.2622247, 40.7815436 ], [ 0.23281, 40.779395 ], [ 0.2339269, 40.7764772 ], [ 0.2266857, 40.7664688 ], [ 0.212475, 40.766956 ], [ 0.1903709, 40.7513733 ], [ 0.1767776, 40.7540792 ], [ 0.1749875, 40.741301 ], [ 0.1669466, 40.7422627 ], [ 0.1704855, 40.732936 ], [ 0.1827408, 40.7283265 ] ] ] ] } },
{ "type": "Feature", "properties": { "codauto": "09", "ine.ccaa.name": "Cataluña", "cpro": "43", "ine.prov.name": "Tarragona", "cmun": "047", "name": "Constantí", "LAU_CODE": "43047", "GISCO_ID": "ES_43047", "CNTR_CODE": "ES", "LAU_NAME": "Constantí", "POP_2024": 0.0, "POP_DENS_2024": 0.0, "AREA_KM2": 31.10482987, "YEAR": 2024, "municipi": "Constantí", "Preu_m2_2025": 939.73, "Preu_m2_2013": 759.9, "Ventas_2025": 106.0, "Ventas_2013": 98.0, "Inc_Preu_m2": 23.664955915252012 }, "geometry": { "type": "MultiPolygon", "coordinates": [ [ [ [ 1.1456101, 41.168566 ], [ 1.1606049, 41.1508934 ], [ 1.1757366, 41.1447213 ], [ 1.1814042, 41.1368679 ], [ 1.1911515, 41.131379 ], [ 1.20937, 41.1330035 ], [ 1.2185068, 41.1418815 ], [ 1.2353719, 41.1492272 ], [ 1.236851, 41.1630415 ], [ 1.2334105, 41.169539 ], [ 1.2159797, 41.1719149 ], [ 1.2103138, 41.1764771 ], [ 1.2008563, 41.1782607 ], [ 1.183336, 41.1909895 ], [ 1.1722325, 41.1935005 ], [ 1.1639209, 41.184081 ], [ 1.155535, 41.179727 ], [ 1.1456101, 41.168566 ] ] ] ] } },
{ "type": "Feature", "properties": { "codauto": "09", "ine.ccaa.name": "Cataluña", "cpro": "43", "ine.prov.name": "Tarragona", "cmun": "051", "name": "Cunit", "LAU_CODE": "43051", "GISCO_ID": "ES_43051", "CNTR_CODE": "ES", "LAU_NAME": "Cunit", "POP_2024": 0.0, "POP_DENS_2024": 0.0, "AREA_KM2": 9.65112001, "YEAR": 2024, "municipi": "Cunit", "Preu_m2_2025": 2200.46, "Preu_m2_2013": 1394.3, "Ventas_2025": 379.0, "Ventas_2013": 145.0, "Inc_Preu_m2": 57.818260058810878 }, "geometry": { "type": "MultiPolygon", "coordinates": [ [ [ [ 1.6100447, 41.2003845 ], [ 1.6108227, 41.1961455 ], [ 1.616917, 41.190708 ], [ 1.6315985, 41.1923485 ], [ 1.6453235, 41.1956215 ], [ 1.6415046, 41.202263 ], [ 1.6413814, 41.2097994 ], [ 1.6492733, 41.2102413 ], [ 1.6446413, 41.2209109 ], [ 1.6453818, 41.2292841 ], [ 1.640979, 41.2353665 ], [ 1.6301343, 41.2246446 ], [ 1.6214955, 41.2236295 ], [ 1.6100447, 41.2003845 ] ] ] ] } },
{ "type": "Feature", "properties": { "codauto": "09", "ine.ccaa.name": "Cataluña", "cpro": "43", "ine.prov.name": "Tarragona", "cmun": "086", "name": "Montblanc", "LAU_CODE": "43086", "GISCO_ID": "ES_43086", "CNTR_CODE": "ES", "LAU_NAME": "Montblanc", "POP_2024": 0.0, "POP_DENS_2024": 0.0, "AREA_KM2": 91.52660363, "YEAR": 2024, "municipi": "Montblanc", "Preu_m2_2025": 1392.94, "Preu_m2_2013": 697.1, "Ventas_2025": 40.0, "Ventas_2013": 11.0, "Inc_Preu_m2": 99.819251183474407 }, "geometry": { "type": "MultiPolygon", "coordinates": [ [ [ [ 1.1963556, 41.3277976 ], [ 1.2125264, 41.3349346 ], [ 1.220995, 41.342562 ], [ 1.2262116, 41.3517888 ], [ 1.2291017, 41.370678 ], [ 1.2386111, 41.3760759 ], [ 1.2386925, 41.3800125 ], [ 1.1965075, 41.397049 ], [ 1.1899276, 41.3963909 ], [ 1.1869492, 41.402259 ], [ 1.1892825, 41.4070279 ], [ 1.1798359, 41.4138259 ], [ 1.180122, 41.4213144 ], [ 1.1727025, 41.4268905 ], [ 1.1685987, 41.4213582 ], [ 1.1564186, 41.4258142 ], [ 1.147858, 41.418578499999988 ], [ 1.1348051, 41.4115291 ], [ 1.1368134, 41.4048044 ], [ 1.1315121, 41.3972356 ], [ 1.1226979, 41.3691249 ], [ 1.096545, 41.3600045 ], [ 1.0862701, 41.3537562 ], [ 1.0856871, 41.3417903 ], [ 1.0736801, 41.340710799999989 ], [ 1.0669289, 41.3361517 ], [ 1.0641095, 41.3262865 ], [ 1.068629, 41.3205054 ], [ 1.1044841, 41.3149194 ], [ 1.1074393, 41.3085838 ], [ 1.1302873, 41.305801 ], [ 1.1444505, 41.308872 ], [ 1.1512065, 41.3111705 ], [ 1.1410009, 41.3212339 ], [ 1.1448826, 41.3322426 ], [ 1.1514245, 41.3371694 ], [ 1.1543449, 41.3472854 ], [ 1.1534191, 41.3555604 ], [ 1.1563177, 41.357328 ], [ 1.1720973, 41.3565102 ], [ 1.1865253, 41.3469532 ], [ 1.1792572, 41.3325938 ], [ 1.1836603, 41.3265965 ], [ 1.184072, 41.3203805 ], [ 1.191035, 41.3154335 ], [ 1.1963556, 41.3277976 ] ] ] ] } },
{ "type": "Feature", "properties": { "codauto": "09", "ine.ccaa.name": "Cataluña", "cpro": "43", "ine.prov.name": "Tarragona", "cmun": "092", "name": "Mont-roig del Camp", "LAU_CODE": "43092", "GISCO_ID": "ES_43092", "CNTR_CODE": "ES", "LAU_NAME": "Mont-roig del Camp", "POP_2024": 0.0, "POP_DENS_2024": 0.0, "AREA_KM2": 63.52524857, "YEAR": 2024, "municipi": "Mont-roig del Camp", "Preu_m2_2025": 2071.31, "Preu_m2_2013": 1488.9, "Ventas_2025": 368.0, "Ventas_2013": 329.0, "Inc_Preu_m2": 39.116797635838523 }, "geometry": { "type": "MultiPolygon", "coordinates": [ [ [ [ 0.9806313, 41.1046749 ], [ 0.9750545, 41.1157005 ], [ 0.9716823, 41.115716 ], [ 0.970119, 41.110685 ], [ 0.971346, 41.104049 ], [ 0.977037, 41.0984325 ], [ 0.9697315, 41.09547 ], [ 0.9569955, 41.1026325 ], [ 0.94846, 41.104776 ], [ 0.940972, 41.1044685 ], [ 0.936748, 41.1011735 ], [ 0.9349625, 41.0994405 ], [ 0.9305995, 41.091831 ], [ 0.93266, 41.0883055 ], [ 0.9346835, 41.08178 ], [ 0.9254715, 41.0791565 ], [ 0.913155, 41.082046 ], [ 0.9114434, 41.0714065 ], [ 0.921794, 41.0494662 ], [ 0.919348, 41.0422252 ], [ 0.9059075, 41.0252415 ], [ 0.9146754, 41.0183507 ], [ 0.9166792, 41.0074478 ], [ 0.9223669, 41.0027624 ], [ 0.9244802, 40.9938921 ], [ 0.9319795, 40.9915045 ], [ 0.9398527, 41.0049025 ], [ 0.9653871, 41.0274011 ], [ 0.9883217, 41.0409959 ], [ 1.0040412, 41.0436026 ], [ 1.0234615, 41.0520095 ], [ 0.9998771, 41.0732012 ], [ 0.9854355, 41.1014495 ], [ 0.9806313, 41.1046749 ] ] ] ] } },
{ "type": "Feature", "properties": { "codauto": "09", "ine.ccaa.name": "Cataluña", "cpro": "43", "ine.prov.name": "Tarragona", "cmun": "093", "name": "Móra d'Ebre", "LAU_CODE": "43093", "GISCO_ID": "ES_43093", "CNTR_CODE": "ES", "LAU_NAME": "Móra d'Ebre", "POP_2024": 0.0, "POP_DENS_2024": 0.0, "AREA_KM2": 45.27198024, "YEAR": 2024, "municipi": "Móra d'Ebre", "Preu_m2_2025": 851.86, "Preu_m2_2013": 998.8, "Ventas_2025": 86.0, "Ventas_2013": 58.0, "Inc_Preu_m2": -14.711653984781734 }, "geometry": { "type": "MultiPolygon", "coordinates": [ [ [ [ 0.5685631, 41.1205627 ], [ 0.5608706, 41.122706799999989 ], [ 0.5533205, 41.118301 ], [ 0.5362465, 41.0976595 ], [ 0.5330105, 41.0908105 ], [ 0.5471578, 41.0834511 ], [ 0.5694187, 41.0771347 ], [ 0.5949931, 41.079075 ], [ 0.6220009, 41.0749216 ], [ 0.656377, 41.064746 ], [ 0.659331, 41.0668605 ], [ 0.6562505, 41.0836297 ], [ 0.6432469, 41.0938436 ], [ 0.6354939, 41.1117851 ], [ 0.634852, 41.1200685 ], [ 0.6128996, 41.1297962 ], [ 0.6010303, 41.1218746 ], [ 0.594794, 41.121606 ], [ 0.5852367, 41.1270404 ], [ 0.586956, 41.135534 ], [ 0.5685631, 41.1205627 ] ] ] ] } },
{ "type": "Feature", "properties": { "codauto": "09", "ine.ccaa.name": "Cataluña", "cpro": "43", "ine.prov.name": "Tarragona", "cmun": "123", "name": "Reus", "LAU_CODE": "43123", "GISCO_ID": "ES_43123", "CNTR_CODE": "ES", "LAU_NAME": "Reus", "POP_2024": 0.0, "POP_DENS_2024": 0.0, "AREA_KM2": 52.84462608, "YEAR": 2024, "municipi": "Reus", "Preu_m2_2025": 1508.42, "Preu_m2_2013": 1083.2, "Ventas_2025": 1262.0, "Ventas_2013": 584.0, "Inc_Preu_m2": 39.255908419497786 }, "geometry": { "type": "MultiPolygon", "coordinates": [ [ [ [ 1.1145058, 41.1050344 ], [ 1.1256003, 41.1033929 ], [ 1.127276, 41.1071727 ], [ 1.1250673, 41.1185142 ], [ 1.1197388, 41.1248889 ], [ 1.1214157, 41.1301507 ], [ 1.1298889, 41.1306628 ], [ 1.1526006, 41.1220227 ], [ 1.16472, 41.108749 ], [ 1.1756868, 41.1096371 ], [ 1.1692689, 41.1164004 ], [ 1.1738074, 41.1223792 ], [ 1.1711248, 41.1293628 ], [ 1.1636386, 41.1324201 ], [ 1.1648354, 41.1370303 ], [ 1.1757098, 41.137505499999989 ], [ 1.1739704, 41.1322231 ], [ 1.189029, 41.128247 ], [ 1.1911515, 41.131379 ], [ 1.1814042, 41.1368679 ], [ 1.1757366, 41.1447213 ], [ 1.1606049, 41.1508934 ], [ 1.1456101, 41.168566 ], [ 1.155535, 41.179727 ], [ 1.1408432, 41.1883867 ], [ 1.1273375, 41.1818616 ], [ 1.1268814, 41.1751205 ], [ 1.1206835, 41.1800115 ], [ 1.112143, 41.1763658 ], [ 1.1095853, 41.1853477 ], [ 1.106521, 41.1863955 ], [ 1.1054804, 41.1784852 ], [ 1.0993639, 41.1751501 ], [ 1.0852979, 41.1819524 ], [ 1.077305, 41.1826715 ], [ 1.072308, 41.1793065 ], [ 1.0698, 41.1789395 ], [ 1.063885, 41.1788805 ], [ 1.059809, 41.1781085 ], [ 1.057537, 41.1765265 ], [ 1.0614134, 41.1596042 ], [ 1.0868007, 41.1411083 ], [ 1.0868618, 41.1302998 ], [ 1.101283, 41.1136905 ], [ 1.1145058, 41.1050344 ] ] ] ] } },
{ "type": "Feature", "properties": { "codauto": "09", "ine.ccaa.name": "Cataluña", "cpro": "43", "ine.prov.name": "Tarragona", "cmun": "129", "name": "Riudoms", "LAU_CODE": "43129", "GISCO_ID": "ES_43129", "CNTR_CODE": "ES", "LAU_NAME": "Riudoms", "POP_2024": 0.0, "POP_DENS_2024": 0.0, "AREA_KM2": 32.36178816, "YEAR": 2024, "municipi": "Riudoms", "Preu_m2_2025": 1316.21, "Preu_m2_2013": 852.1, "Ventas_2025": 50.0, "Ventas_2013": 21.0, "Inc_Preu_m2": 54.466611900011742 }, "geometry": { "type": "MultiPolygon", "coordinates": [ [ [ [ 1.042818, 41.1752825 ], [ 1.0375445, 41.1750695 ], [ 1.026565, 41.160557 ], [ 1.02287, 41.150635 ], [ 1.0240705, 41.1336335 ], [ 1.0241795, 41.1285685 ], [ 1.0253365, 41.1215395 ], [ 1.0376455, 41.1277855 ], [ 1.0406185, 41.124817 ], [ 1.041543, 41.1219395 ], [ 1.072008, 41.0967675 ], [ 1.082552, 41.100762499999988 ], [ 1.0893305, 41.1031235 ], [ 1.0941825, 41.1042965 ], [ 1.0938775, 41.108549 ], [ 1.0967315, 41.109958 ], [ 1.101283, 41.1136905 ], [ 1.0868618, 41.1302998 ], [ 1.0868007, 41.1411083 ], [ 1.0614134, 41.1596042 ], [ 1.057537, 41.1765265 ], [ 1.050634, 41.1765745 ], [ 1.0457545, 41.1762685 ], [ 1.042818, 41.1752825 ] ] ] ] } },
{ "type": "Feature", "properties": { "codauto": "09", "ine.ccaa.name": "Cataluña", "cpro": "43", "ine.prov.name": "Tarragona", "cmun": "131", "name": "Roda de Berà", "LAU_CODE": "43131", "GISCO_ID": "ES_43131", "CNTR_CODE": "ES", "LAU_NAME": "Roda de Berà", "POP_2024": 0.0, "POP_DENS_2024": 0.0, "AREA_KM2": 16.33468524, "YEAR": 2024, "municipi": "Roda de Berà", "Preu_m2_2025": 2052.43, "Preu_m2_2013": 1241.8, "Ventas_2025": 244.0, "Ventas_2013": 82.0, "Inc_Preu_m2": 65.278627798357221 }, "geometry": { "type": "MultiPolygon", "coordinates": [ [ [ [ 1.4313107, 41.1940463 ], [ 1.4317613, 41.1810163 ], [ 1.4364601, 41.1762649 ], [ 1.4493905, 41.1761249 ], [ 1.4565421, 41.1730072 ], [ 1.4594335, 41.1633175 ], [ 1.4956355, 41.1732675 ], [ 1.4826331, 41.1878903 ], [ 1.476771, 41.208533 ], [ 1.436874, 41.2027945 ], [ 1.4313107, 41.1940463 ] ] ] ] } },
{ "type": "Feature", "properties": { "codauto": "09", "ine.ccaa.name": "Cataluña", "cpro": "43", "ine.prov.name": "Tarragona", "cmun": "133", "name": "Roquetes", "LAU_CODE": "43133", "GISCO_ID": "ES_43133", "CNTR_CODE": "ES", "LAU_NAME": "Roquetes", "POP_2024": 0.0, "POP_DENS_2024": 0.0, "AREA_KM2": 137.27864979, "YEAR": 2024, "municipi": "Roquetes", "Preu_m2_2025": 888.23, "Preu_m2_2013": 771.5, "Ventas_2025": 60.0, "Ventas_2013": 29.0, "Inc_Preu_m2": 15.130265716137398 }, "geometry": { "type": "MultiPolygon", "coordinates": [ [ [ [ 0.3204875, 40.812844 ], [ 0.3045609, 40.8051739 ], [ 0.2837333, 40.7996186 ], [ 0.2857902, 40.7926401 ], [ 0.2964126, 40.787654 ], [ 0.3025113, 40.7806453 ], [ 0.277427, 40.773082 ], [ 0.2712829, 40.768186 ], [ 0.2770249, 40.7641496 ], [ 0.2860982, 40.7677487 ], [ 0.2909591, 40.7525116 ], [ 0.293809, 40.7508795 ], [ 0.3119296, 40.7465069 ], [ 0.3254973, 40.7524984 ], [ 0.3307208, 40.7600827 ], [ 0.3444504, 40.7579549 ], [ 0.3822728, 40.7627075 ], [ 0.3851054, 40.7580783 ], [ 0.4124588, 40.7410155 ], [ 0.443442, 40.737427 ], [ 0.4486365, 40.738262 ], [ 0.4528965, 40.7381785 ], [ 0.4559945, 40.7387885 ], [ 0.462475, 40.7379535 ], [ 0.468301, 40.737942 ], [ 0.4675608, 40.7452104 ], [ 0.4756923, 40.7568036 ], [ 0.4773032, 40.7815413 ], [ 0.4809975, 40.7858327 ], [ 0.4945323, 40.7904369 ], [ 0.5073654, 40.8074717 ], [ 0.5057631, 40.8121234 ], [ 0.5093334, 40.8215445 ], [ 0.5008437, 40.8267785 ], [ 0.4811096, 40.8266962 ], [ 0.4612099, 40.8305888 ], [ 0.4324401, 40.8429663 ], [ 0.4177205, 40.845369 ], [ 0.4141821, 40.833061 ], [ 0.4072202, 40.8260402 ], [ 0.3608041, 40.8192127 ], [ 0.3341315, 40.8024936 ], [ 0.327598, 40.8042195 ], [ 0.3204875, 40.812844 ] ] ] ] } },
{ "type": "Feature", "properties": { "codauto": "09", "ine.ccaa.name": "Cataluña", "cpro": "43", "ine.prov.name": "Tarragona", "cmun": "136", "name": "Ràpita, La", "LAU_CODE": "43136", "GISCO_ID": "ES_43136", "CNTR_CODE": "ES", "LAU_NAME": "Ràpita, La", "POP_2024": 0.0, "POP_DENS_2024": 0.0, "AREA_KM2": 53.10126382, "YEAR": 2024, "municipi": "Ràpita, la", "Preu_m2_2025": 1281.73, "Preu_m2_2013": 978.4, "Ventas_2025": 305.0, "Ventas_2013": 244.0, "Inc_Preu_m2": 31.002657399836476 }, "geometry": { "type": "MultiPolygon", "coordinates": [ [ [ [ 0.7460415, 40.636181 ], [ 0.7103509, 40.5921194 ], [ 0.6915288, 40.5891962 ], [ 0.672922, 40.5926508 ], [ 0.6612092, 40.5915092 ], [ 0.6531194, 40.5856578 ], [ 0.635579, 40.5815813 ], [ 0.6178137, 40.5855736 ], [ 0.6145634, 40.5769248 ], [ 0.5993351, 40.5749246 ], [ 0.5991864, 40.5691209 ], [ 0.6097433, 40.558951 ], [ 0.6281165, 40.5541552 ], [ 0.6507928, 40.5553532 ], [ 0.6760823, 40.5625662 ], [ 0.6924154, 40.5713088 ], [ 0.7069172, 40.5837961 ], [ 0.750103, 40.635048 ], [ 0.7460415, 40.636181 ] ] ], [ [ [ 0.5710222, 40.6229389 ], [ 0.573893, 40.6179269 ], [ 0.5709365, 40.6148787 ], [ 0.58042, 40.6038705 ], [ 0.6036212, 40.621992 ], [ 0.6285663, 40.6219024 ], [ 0.663276, 40.6265295 ], [ 0.656101, 40.6352293 ], [ 0.6276279, 40.6525589 ], [ 0.6016352, 40.6420798 ], [ 0.5762245, 40.6483311 ], [ 0.561494, 40.6434936 ], [ 0.5390955, 40.647286 ], [ 0.5359919, 40.6404618 ], [ 0.5442175, 40.63229 ], [ 0.5710222, 40.6229389 ] ] ] ] } },
{ "type": "Feature", "properties": { "codauto": "09", "ine.ccaa.name": "Cataluña", "cpro": "43", "ine.prov.name": "Tarragona", "cmun": "145", "name": "Selva del Camp, La", "LAU_CODE": "43145", "GISCO_ID": "ES_43145", "CNTR_CODE": "ES", "LAU_NAME": "Selva del Camp, La", "POP_2024": 0.0, "POP_DENS_2024": 0.0, "AREA_KM2": 35.23246863, "YEAR": 2024, "municipi": "Selva del Camp, la", "Preu_m2_2025": 1681.11, "Preu_m2_2013": 1397.1, "Ventas_2025": 48.0, "Ventas_2013": 18.0, "Inc_Preu_m2": 20.328537685205067 }, "geometry": { "type": "MultiPolygon", "coordinates": [ [ [ [ 1.176285, 41.2006535 ], [ 1.1822239, 41.213175 ], [ 1.1781892, 41.2151364 ], [ 1.1783119, 41.2215571 ], [ 1.1732685, 41.2240425 ], [ 1.153454, 41.2320835 ], [ 1.1512542, 41.2302714 ], [ 1.1380402, 41.2376887 ], [ 1.127368, 41.235537 ], [ 1.1132753, 41.2395537 ], [ 1.0993037, 41.2344192 ], [ 1.0944442, 41.2295934 ], [ 1.072356, 41.2290415 ], [ 1.0776805, 41.2191162 ], [ 1.0904665, 41.217736 ], [ 1.1064113, 41.2077802 ], [ 1.1146944, 41.1981668 ], [ 1.1152886, 41.1899286 ], [ 1.1206835, 41.1800115 ], [ 1.1268814, 41.1751205 ], [ 1.1273375, 41.1818616 ], [ 1.1408432, 41.1883867 ], [ 1.155535, 41.179727 ], [ 1.1639209, 41.184081 ], [ 1.1722325, 41.1935005 ], [ 1.1732095, 41.1956815 ], [ 1.176285, 41.2006535 ] ] ] ] } },
{ "type": "Feature", "properties": { "codauto": "09", "ine.ccaa.name": "Cataluña", "cpro": "43", "ine.prov.name": "Tarragona", "cmun": "148", "name": "Tarragona", "LAU_CODE": "43148", "GISCO_ID": "ES_43148", "CNTR_CODE": "ES", "LAU_NAME": "Tarragona", "POP_2024": 0.0, "POP_DENS_2024": 0.0, "AREA_KM2": 56.01647755, "YEAR": 2024, "municipi": "Tarragona", "Preu_m2_2025": 1667.54, "Preu_m2_2013": 1287.4, "Ventas_2025": 1643.0, "Ventas_2013": 941.0, "Inc_Preu_m2": 29.527730309150215 }, "geometry": { "type": "MultiPolygon", "coordinates": [ [ [ [ 1.2353719, 41.1492272 ], [ 1.2185068, 41.1418815 ], [ 1.20937, 41.1330035 ], [ 1.1911515, 41.131379 ], [ 1.189029, 41.128247 ], [ 1.1900521, 41.115575299999989 ], [ 1.1962652, 41.114218799999989 ], [ 1.2032402, 41.1065967 ], [ 1.189335, 41.101042 ], [ 1.19295, 41.0976565 ], [ 1.194088, 41.0956725 ], [ 1.197774, 41.092911 ], [ 1.2186245, 41.1054131 ], [ 1.247646, 41.1087249 ], [ 1.24684, 41.1053406 ], [ 1.2370619, 41.0997535 ], [ 1.2423878, 41.1012117 ], [ 1.2564238, 41.112257 ], [ 1.2706871, 41.1136824 ], [ 1.2775663, 41.1191098 ], [ 1.2992546, 41.127779 ], [ 1.3170753, 41.1295939 ], [ 1.3420128, 41.1260584 ], [ 1.3735145, 41.133122 ], [ 1.3737947, 41.1383986 ], [ 1.3619999, 41.1407828 ], [ 1.36285, 41.146427 ], [ 1.3557641, 41.1525615 ], [ 1.334399, 41.1564087 ], [ 1.3293405, 41.163328 ], [ 1.3160933, 41.1512123 ], [ 1.3043372, 41.1649387 ], [ 1.2851123, 41.1462902 ], [ 1.2734642, 41.1512762 ], [ 1.271098, 41.1591395 ], [ 1.2479127, 41.158713899999988 ], [ 1.245587, 41.1652765 ], [ 1.236851, 41.1630415 ], [ 1.2353719, 41.1492272 ] ] ] ] } },
{ "type": "Feature", "properties": { "codauto": "09", "ine.ccaa.name": "Cataluña", "cpro": "43", "ine.prov.name": "Tarragona", "cmun": "153", "name": "Torredembarra", "LAU_CODE": "43153", "GISCO_ID": "ES_43153", "CNTR_CODE": "ES", "LAU_NAME": "Torredembarra", "POP_2024": 0.0, "POP_DENS_2024": 0.0, "AREA_KM2": 8.70766369, "YEAR": 2024, "municipi": "Torredembarra", "Preu_m2_2025": 2226.8, "Preu_m2_2013": 1504.9, "Ventas_2025": 356.0, "Ventas_2013": 155.0, "Inc_Preu_m2": 47.969964781713074 }, "geometry": { "type": "MultiPolygon", "coordinates": [ [ [ [ 1.4216263, 41.1607647 ], [ 1.4060783, 41.1596715 ], [ 1.395662, 41.16728 ], [ 1.3862321, 41.1424979 ], [ 1.3907074, 41.1371076 ], [ 1.390004, 41.1326445 ], [ 1.3978226, 41.133451799999989 ], [ 1.407628, 41.1408954 ], [ 1.440519, 41.155285 ], [ 1.4345875, 41.1610023 ], [ 1.424454, 41.164671 ], [ 1.4216263, 41.1607647 ] ] ] ] } },
{ "type": "Feature", "properties": { "codauto": "09", "ine.ccaa.name": "Cataluña", "cpro": "43", "ine.prov.name": "Tarragona", "cmun": "155", "name": "Tortosa", "LAU_CODE": "43155", "GISCO_ID": "ES_43155", "CNTR_CODE": "ES", "LAU_NAME": "Tortosa", "POP_2024": 0.0, "POP_DENS_2024": 0.0, "AREA_KM2": 219.19463905000001, "YEAR": 2024, "municipi": "Tortosa", "Preu_m2_2025": 878.98, "Preu_m2_2013": 697.9, "Ventas_2025": 339.0, "Ventas_2013": 159.0, "Inc_Preu_m2": 25.946410660553092 }, "geometry": { "type": "MultiPolygon", "coordinates": [ [ [ [ 0.3341315, 40.8024936 ], [ 0.3608041, 40.8192127 ], [ 0.4072202, 40.8260402 ], [ 0.4141821, 40.833061 ], [ 0.4177205, 40.845369 ], [ 0.3650888, 40.8277229 ], [ 0.352099, 40.8156975 ], [ 0.327598, 40.8042195 ], [ 0.3341315, 40.8024936 ] ] ], [ [ [ 0.4324401, 40.8429663 ], [ 0.4612099, 40.8305888 ], [ 0.4811096, 40.8266962 ], [ 0.5008437, 40.8267785 ], [ 0.5093334, 40.8215445 ], [ 0.5057631, 40.8121234 ], [ 0.5073654, 40.8074717 ], [ 0.4945323, 40.7904369 ], [ 0.4809975, 40.7858327 ], [ 0.4773032, 40.7815413 ], [ 0.4756923, 40.7568036 ], [ 0.4675608, 40.7452104 ], [ 0.468301, 40.737942 ], [ 0.5069934, 40.7388071 ], [ 0.5247065, 40.7457347 ], [ 0.541831, 40.7459715 ], [ 0.5518395, 40.7442055 ], [ 0.5588669, 40.7497761 ], [ 0.5648639, 40.7501772 ], [ 0.5730215, 40.7328875 ], [ 0.5866746, 40.7351155 ], [ 0.588594, 40.7520278 ], [ 0.610226, 40.7628674 ], [ 0.6096292, 40.77118 ], [ 0.6047858, 40.7791086 ], [ 0.6105159, 40.7884948 ], [ 0.6073735, 40.8067045 ], [ 0.614485, 40.81242 ], [ 0.6425415, 40.8214875 ], [ 0.64087, 40.8308214 ], [ 0.6354346, 40.8391281 ], [ 0.6429259, 40.8484418 ], [ 0.6513851, 40.8532109 ], [ 0.6527354, 40.8605423 ], [ 0.6617633, 40.8675209 ], [ 0.6620533, 40.8709184 ], [ 0.6584964, 40.8776757 ], [ 0.6511741, 40.883246 ], [ 0.6480296, 40.8938635 ], [ 0.6394148, 40.8947119 ], [ 0.6175425, 40.8897855 ], [ 0.6048745, 40.8964553 ], [ 0.5950729, 40.8972375 ], [ 0.5824078, 40.8917669 ], [ 0.5523106, 40.8885599 ], [ 0.5390447, 40.890971 ], [ 0.5067515, 40.884322 ], [ 0.5120972, 40.8567618 ], [ 0.4739196, 40.8528539 ], [ 0.4662991, 40.8488173 ], [ 0.4174765, 40.854609 ], [ 0.4177205, 40.845369 ], [ 0.4324401, 40.8429663 ] ] ], [ [ [ 0.3025113, 40.7806453 ], [ 0.2964126, 40.787654 ], [ 0.2857902, 40.7926401 ], [ 0.2837333, 40.7996186 ], [ 0.3045609, 40.8051739 ], [ 0.3204875, 40.812844 ], [ 0.3074835, 40.8167977 ], [ 0.2729588, 40.8068404 ], [ 0.2685005, 40.7988297 ], [ 0.2622462, 40.7977511 ], [ 0.2577625, 40.800226 ], [ 0.2498335, 40.7985225 ], [ 0.244032, 40.791832 ], [ 0.23357, 40.7869925 ], [ 0.23281, 40.779395 ], [ 0.2622247, 40.7815436 ], [ 0.271762, 40.7790329 ], [ 0.277427, 40.773082 ], [ 0.3025113, 40.7806453 ] ] ] ] } },
{ "type": "Feature", "properties": { "codauto": "09", "ine.ccaa.name": "Cataluña", "cpro": "43", "ine.prov.name": "Tarragona", "cmun": "156", "name": "Ulldecona", "LAU_CODE": "43156", "GISCO_ID": "ES_43156", "CNTR_CODE": "ES", "LAU_NAME": "Ulldecona", "POP_2024": 0.0, "POP_DENS_2024": 0.0, "AREA_KM2": 126.79908619, "YEAR": 2024, "municipi": "Ulldecona", "Preu_m2_2025": 613.49, "Preu_m2_2013": 724.9, "Ventas_2025": 115.0, "Ventas_2013": 39.0, "Inc_Preu_m2": -15.369016416057383 }, "geometry": { "type": "MultiPolygon", "coordinates": [ [ [ [ 0.4414882, 40.5779742 ], [ 0.434232, 40.5649003 ], [ 0.4380445, 40.547058 ], [ 0.4550042, 40.5543483 ], [ 0.4737302, 40.5546441 ], [ 0.4845023, 40.56795 ], [ 0.510016, 40.5636331 ], [ 0.5113834, 40.5688736 ], [ 0.5198978, 40.5777895 ], [ 0.5222811, 40.6041392 ], [ 0.542511, 40.631796 ], [ 0.5131964, 40.63847 ], [ 0.48929, 40.6512505 ], [ 0.477206, 40.636908 ], [ 0.4580635, 40.6275651 ], [ 0.4450089, 40.6249782 ], [ 0.4398907, 40.6327422 ], [ 0.4257622, 40.6388993 ], [ 0.4375179, 40.6570636 ], [ 0.4164098, 40.6697414 ], [ 0.4018532, 40.6741157 ], [ 0.4008456, 40.6779512 ], [ 0.404768, 40.6828765 ], [ 0.40224, 40.6838265 ], [ 0.399094, 40.6854705 ], [ 0.3953285, 40.688357 ], [ 0.3872725, 40.6935765 ], [ 0.3855115, 40.694845 ], [ 0.3518025, 40.659721499999989 ], [ 0.3580947, 40.6458109 ], [ 0.3388849, 40.6250517 ], [ 0.3298315, 40.611046 ], [ 0.392416, 40.604168 ], [ 0.4028461, 40.6012863 ], [ 0.4063502, 40.5941333 ], [ 0.417673, 40.5878145 ], [ 0.4202595, 40.585457 ], [ 0.424299, 40.583843 ], [ 0.4414882, 40.5779742 ] ] ] ] } },
{ "type": "Feature", "properties": { "codauto": "09", "ine.ccaa.name": "Cataluña", "cpro": "43", "ine.prov.name": "Tarragona", "cmun": "161", "name": "Valls", "LAU_CODE": "43161", "GISCO_ID": "ES_43161", "CNTR_CODE": "ES", "LAU_NAME": "Valls", "POP_2024": 0.0, "POP_DENS_2024": 0.0, "AREA_KM2": 55.53970731, "YEAR": 2024, "municipi": "Valls", "Preu_m2_2025": 1192.25, "Preu_m2_2013": 1199.1, "Ventas_2025": 228.0, "Ventas_2013": 37.0, "Inc_Preu_m2": -0.5712617796680769 }, "geometry": { "type": "MultiPolygon", "coordinates": [ [ [ [ 1.2419725, 41.3358279 ], [ 1.220995, 41.342562 ], [ 1.2125264, 41.3349346 ], [ 1.1963556, 41.3277976 ], [ 1.191035, 41.3154335 ], [ 1.1940115, 41.3054285 ], [ 1.1995028, 41.3013375 ], [ 1.2002943, 41.2955172 ], [ 1.1941635, 41.2911909 ], [ 1.1946743, 41.2851047 ], [ 1.215007, 41.2845507 ], [ 1.2145399, 41.2796128 ], [ 1.2078459, 41.2787157 ], [ 1.212848, 41.260459 ], [ 1.2185213, 41.2608477 ], [ 1.222163, 41.2487595 ], [ 1.226843, 41.249981 ], [ 1.2294825, 41.2443075 ], [ 1.230172, 41.242068 ], [ 1.2338039, 41.2456186 ], [ 1.2345126, 41.2574379 ], [ 1.2394596, 41.2660419 ], [ 1.255014, 41.2647299 ], [ 1.2560478, 41.2751316 ], [ 1.2681215, 41.276574499999988 ], [ 1.2729287, 41.275487 ], [ 1.2764431, 41.2782348 ], [ 1.281331, 41.2905225 ], [ 1.2802482, 41.296118 ], [ 1.2860166, 41.2992777 ], [ 1.288241, 41.313064 ], [ 1.2772925, 41.3187767 ], [ 1.2817394, 41.3276068 ], [ 1.2829165, 41.339641 ], [ 1.2419725, 41.3358279 ] ] ] ] } },
{ "type": "Feature", "properties": { "codauto": "09", "ine.ccaa.name": "Cataluña", "cpro": "43", "ine.prov.name": "Tarragona", "cmun": "162", "name": "Vandellòs i l'Hospitalet de l'Infant", "LAU_CODE": "43162", "GISCO_ID": "ES_43162", "CNTR_CODE": "ES", "LAU_NAME": "Vandellòs i l'Hospitalet de l'Infant", "POP_2024": 0.0, "POP_DENS_2024": 0.0, "AREA_KM2": 102.65222234, "YEAR": 2024, "municipi": "Vandellòs i l'Hospitalet de l'Infant", "Preu_m2_2025": 2065.51, "Preu_m2_2013": 1303.0, "Ventas_2025": 143.0, "Ventas_2013": 326.0, "Inc_Preu_m2": 58.519570222563331 }, "geometry": { "type": "MultiPolygon", "coordinates": [ [ [ [ 0.870096, 41.0272136 ], [ 0.8446537, 41.0323562 ], [ 0.8353056, 41.0401445 ], [ 0.835456, 41.052629 ], [ 0.8184812, 41.0614421 ], [ 0.8065546, 41.0544355 ], [ 0.797121, 41.0401731 ], [ 0.7824131, 41.029715 ], [ 0.7852206, 41.0248985 ], [ 0.7838994, 41.0154177 ], [ 0.7758155, 40.9965077 ], [ 0.7977191, 40.9684771 ], [ 0.803932, 40.9529357 ], [ 0.819036, 40.9407465 ], [ 0.857802, 40.934662 ], [ 0.8638131, 40.9473721 ], [ 0.875819, 40.9527683 ], [ 0.8982234, 40.9747409 ], [ 0.9166043, 40.9873125 ], [ 0.9319795, 40.9915045 ], [ 0.9244802, 40.9938921 ], [ 0.9223669, 41.0027624 ], [ 0.9166792, 41.0074478 ], [ 0.9146754, 41.0183507 ], [ 0.9059075, 41.0252415 ], [ 0.870096, 41.0272136 ] ] ] ] } },
{ "type": "Feature", "properties": { "codauto": "09", "ine.ccaa.name": "Cataluña", "cpro": "43", "ine.prov.name": "Tarragona", "cmun": "163", "name": "Vendrell, El", "LAU_CODE": "43163", "GISCO_ID": "ES_43163", "CNTR_CODE": "ES", "LAU_NAME": "Vendrell, El", "POP_2024": 0.0, "POP_DENS_2024": 0.0, "AREA_KM2": 36.57252648, "YEAR": 2024, "municipi": "Vendrell, el", "Preu_m2_2025": 1695.98, "Preu_m2_2013": 1304.1, "Ventas_2025": 767.0, "Ventas_2013": 581.0, "Inc_Preu_m2": 30.049842803466003 }, "geometry": { "type": "MultiPolygon", "coordinates": [ [ [ [ 1.5550825, 41.2211879 ], [ 1.5551659, 41.2275813 ], [ 1.54402, 41.2290765 ], [ 1.5381901, 41.2259454 ], [ 1.5323252, 41.2267389 ], [ 1.5325622, 41.232576699999989 ], [ 1.527573, 41.2406285 ], [ 1.5062978, 41.236993 ], [ 1.4954899, 41.2287437 ], [ 1.4931912, 41.2183261 ], [ 1.476771, 41.208533 ], [ 1.4826331, 41.1878903 ], [ 1.4956355, 41.1732675 ], [ 1.5269512, 41.1808056 ], [ 1.567315, 41.1859015 ], [ 1.5580829, 41.2005847 ], [ 1.5597105, 41.211518 ], [ 1.5550825, 41.2211879 ] ] ] ] } },
{ "type": "Feature", "properties": { "codauto": "09", "ine.ccaa.name": "Cataluña", "cpro": "43", "ine.prov.name": "Tarragona", "cmun": "171", "name": "Vila-seca", "LAU_CODE": "43171", "GISCO_ID": "ES_43171", "CNTR_CODE": "ES", "LAU_NAME": "Vila-seca", "POP_2024": 0.0, "POP_DENS_2024": 0.0, "AREA_KM2": 21.85048033, "YEAR": 2024, "municipi": "Vila-seca", "Preu_m2_2025": 2615.03, "Preu_m2_2013": 1672.6, "Ventas_2025": 454.0, "Ventas_2013": 250.0, "Inc_Preu_m2": 56.345211048666769 }, "geometry": { "type": "MultiPolygon", "coordinates": [ [ [ [ 1.1526006, 41.1220227 ], [ 1.1298889, 41.1306628 ], [ 1.1214157, 41.1301507 ], [ 1.1197388, 41.1248889 ], [ 1.1250673, 41.1185142 ], [ 1.127276, 41.1071727 ], [ 1.1256003, 41.1033929 ], [ 1.1145058, 41.1050344 ], [ 1.101283, 41.1136905 ], [ 1.0967315, 41.109958 ], [ 1.0938775, 41.108549 ], [ 1.0941825, 41.1042965 ], [ 1.0944652, 41.093081 ], [ 1.1004, 41.0866515 ], [ 1.1212366, 41.0951638 ], [ 1.1289978, 41.0952886 ], [ 1.1351788, 41.100434 ], [ 1.1382095, 41.096913 ], [ 1.1510993, 41.0943871 ], [ 1.1526576, 41.0894739 ], [ 1.1627088, 41.0902511 ], [ 1.1703216, 41.0825877 ], [ 1.1751557, 41.0675822 ], [ 1.179688, 41.066067 ], [ 1.1832949, 41.076244 ], [ 1.197774, 41.092911 ], [ 1.194088, 41.0956725 ], [ 1.19295, 41.0976565 ], [ 1.189335, 41.101042 ], [ 1.1721589, 41.0984747 ], [ 1.1683407, 41.1005041 ], [ 1.16472, 41.108749 ], [ 1.1526006, 41.1220227 ] ] ] ] } },
{ "type": "Feature", "properties": { "codauto": "09", "ine.ccaa.name": "Cataluña", "cpro": "43", "ine.prov.name": "Tarragona", "cmun": "901", "name": "Deltebre", "LAU_CODE": "43901", "GISCO_ID": "ES_43901", "CNTR_CODE": "ES", "LAU_NAME": "Deltebre", "POP_2024": 0.0, "POP_DENS_2024": 0.0, "AREA_KM2": 103.48986727, "YEAR": 2024, "municipi": "Deltebre", "Preu_m2_2025": 988.21, "Preu_m2_2013": 756.7, "Ventas_2025": 184.0, "Ventas_2013": 55.0, "Inc_Preu_m2": 30.594687458702257 }, "geometry": { "type": "MultiPolygon", "coordinates": [ [ [ [ 0.8608544, 40.7304812 ], [ 0.8533838, 40.7318613 ], [ 0.8605534, 40.7285204 ], [ 0.8652485, 40.7220718 ], [ 0.8665389, 40.7228195 ], [ 0.8608544, 40.7304812 ] ] ], [ [ [ 0.6881184, 40.7139047 ], [ 0.7045762, 40.7146536 ], [ 0.7532537, 40.7093841 ], [ 0.776844, 40.6970336 ], [ 0.7902685, 40.6945045 ], [ 0.8002299, 40.6961795 ], [ 0.8182023, 40.7066342 ], [ 0.863692, 40.721508 ], [ 0.8278462, 40.7358266 ], [ 0.7801333, 40.7844827 ], [ 0.7701462, 40.7908888 ], [ 0.7578906, 40.7930862 ], [ 0.7347693, 40.7892725 ], [ 0.773168, 40.778588 ], [ 0.7831695, 40.7716762 ], [ 0.7828961, 40.7692037 ], [ 0.770663, 40.7636621 ], [ 0.7617223, 40.7623683 ], [ 0.740522, 40.7655342 ], [ 0.7289955, 40.7704044 ], [ 0.720282, 40.778541499999989 ], [ 0.7134375, 40.7760397 ], [ 0.707929, 40.7682343 ], [ 0.7015305, 40.769852 ], [ 0.6680185, 40.750057 ], [ 0.6406305, 40.735607 ], [ 0.6131521, 40.7187474 ], [ 0.6125027, 40.7125488 ], [ 0.601184, 40.7124293 ], [ 0.598381, 40.7075245 ], [ 0.605974, 40.706545 ], [ 0.613043, 40.705707 ], [ 0.6162145, 40.7057565 ], [ 0.6183065, 40.7060965 ], [ 0.631825, 40.7105495 ], [ 0.63704, 40.7129375 ], [ 0.6494255, 40.716029 ], [ 0.6576035, 40.718447 ], [ 0.664838, 40.720291 ], [ 0.6704025, 40.720917 ], [ 0.6742145, 40.72112 ], [ 0.6881184, 40.7139047 ] ] ] ] } },
{ "type": "Feature", "properties": { "codauto": "09", "ine.ccaa.name": "Cataluña", "cpro": "43", "ine.prov.name": "Tarragona", "cmun": "905", "name": "Salou", "LAU_CODE": "43905", "GISCO_ID": "ES_43905", "CNTR_CODE": "ES", "LAU_NAME": "Salou", "POP_2024": 0.0, "POP_DENS_2024": 0.0, "AREA_KM2": 15.08539478, "YEAR": 2024, "municipi": "Salou", "Preu_m2_2025": 2535.99, "Preu_m2_2013": 1634.8, "Ventas_2025": 772.0, "Ventas_2013": 613.0, "Inc_Preu_m2": 55.125397602153157 }, "geometry": { "type": "MultiPolygon", "coordinates": [ [ [ [ 1.1425702, 41.0722365 ], [ 1.1489444, 41.0658353 ], [ 1.1588343, 41.0630884 ], [ 1.1638803, 41.0556325 ], [ 1.1723033, 41.0560051 ], [ 1.1804491, 41.0630875 ], [ 1.179688, 41.066067 ], [ 1.1751557, 41.0675822 ], [ 1.1703216, 41.0825877 ], [ 1.1627088, 41.0902511 ], [ 1.1526576, 41.0894739 ], [ 1.1510993, 41.0943871 ], [ 1.1382095, 41.096913 ], [ 1.1351788, 41.100434 ], [ 1.1289978, 41.0952886 ], [ 1.1212366, 41.0951638 ], [ 1.1004, 41.0866515 ], [ 1.117794, 41.0738565 ], [ 1.1425702, 41.0722365 ] ] ] ] } }
]
}
